StockCode,gap_start,gap_end,gap_weeks,weeks_before,weeks_after
10120,2010-04-05,2010-04-19,3,11,31
10120,2010-06-14,2010-06-28,3,14,28
10120,2010-07-12,2010-09-06,9,15,27
10120,2010-12-13,2011-02-07,9,24,18
10120,2011-04-04,2011-05-02,5,28,14
10120,2011-05-23,2011-06-27,6,30,12
10120,2011-07-11,2011-07-25,3,31,11
10123C,2010-07-19,2010-08-02,3,22,13
10124A,2010-10-25,2010-11-08,3,10,6
10124A,2010-12-13,2011-01-31,8,12,4
10125,2010-04-12,2010-05-03,4,14,57
10125,2010-05-17,2010-05-31,3,15,56
10125,2010-08-02,2010-08-23,4,23,48
10125,2011-01-24,2011-02-21,5,42,29
10134,2010-05-17,2010-05-31,3,16,13
10134,2010-08-16,2010-08-30,3,22,7
11001,2011-01-17,2011-01-31,3,48,39
15030,2010-08-09,2010-09-06,5,11,13
15030,2010-09-27,2010-10-18,4,13,11
15030,2010-11-01,2011-03-14,20,14,10
15030,2011-03-28,2011-06-20,13,15,9
15030,2011-07-25,2011-08-08,3,19,5
15030,2011-08-22,2011-09-19,5,20,4
15044A,2010-08-30,2010-09-13,3,34,47
15044A,2010-12-27,2011-01-10,3,44,37
15044A,2011-09-26,2011-10-10,3,74,7
15044B,2010-09-13,2010-10-04,4,36,33
15044B,2010-12-13,2011-01-10,5,44,25
15044C,2010-12-27,2011-01-10,3,48,36
15044C,2011-02-07,2011-02-21,3,50,34
15044D,2010-11-15,2010-11-29,3,46,37
15044D,2010-12-13,2011-01-10,5,47,36
15044D,2011-02-07,2011-02-21,3,50,33
15044D,2011-08-08,2011-08-22,3,70,13
15058A,2010-08-30,2010-11-29,14,22,32
15058A,2010-12-13,2011-02-21,11,23,31
15058B,2010-07-19,2010-08-02,3,22,33
15058B,2010-08-23,2010-11-08,12,24,31
15058B,2010-12-13,2011-01-17,6,28,27
15058B,2011-01-31,2011-02-21,4,29,26
15058C,2010-08-23,2010-09-13,4,22,29
15058C,2010-09-27,2010-11-01,6,23,28
15058C,2010-11-15,2011-01-24,11,24,27
15058C,2011-02-07,2011-02-21,3,25,26
15058C,2011-03-21,2011-04-04,3,27,24
16008,2010-12-20,2011-01-31,7,14,29
16008,2011-02-14,2011-02-28,3,15,28
16008,2011-03-14,2011-03-28,3,16,27
16008,2011-05-02,2011-05-23,4,18,25
16011,2010-08-30,2010-09-13,3,28,39
16011,2010-12-20,2011-01-03,3,40,27
16011,2011-02-14,2011-03-07,4,43,24
16012,2010-04-05,2010-05-17,7,10,41
16012,2010-05-31,2010-06-14,3,11,40
16012,2010-06-28,2010-07-12,3,12,39
16012,2010-08-02,2010-08-16,3,14,37
16012,2010-12-20,2011-01-03,3,29,22
16012,2011-08-01,2011-09-19,8,45,6
16012,2011-10-03,2011-10-24,4,46,5
16014,2010-04-26,2010-05-31,6,13,47
16014,2010-09-20,2010-10-04,3,24,36
16014,2010-12-20,2011-01-17,5,32,28
16014,2011-07-18,2011-08-01,3,47,13
16015,2010-04-26,2010-05-24,5,13,41
16015,2010-12-20,2011-01-17,5,35,19
16015,2011-06-20,2011-08-01,7,48,6
16015,2011-08-29,2011-09-26,5,50,4
16016,2010-12-20,2011-01-03,3,35,34
16020C,2010-07-12,2010-08-02,4,8,16
16020C,2010-11-15,2011-02-21,15,17,7
16020C,2011-03-07,2011-03-28,4,18,6
16020C,2011-04-11,2011-05-30,8,19,5
16045,2011-03-07,2011-03-21,3,8,28
16045,2011-04-04,2011-05-30,9,9,27
16046,2010-03-08,2010-04-05,5,11,31
16046,2010-05-10,2010-06-14,6,15,27
16046,2010-09-06,2010-09-20,3,21,21
16046,2010-12-13,2011-01-24,7,31,11
16046,2011-02-07,2011-03-07,5,32,10
16046,2011-04-11,2011-04-25,3,34,8
16046,2011-05-23,2011-06-13,4,36,6
16046,2011-07-11,2011-08-15,6,38,4
16047,2010-04-05,2010-04-19,3,10,12
16047,2010-05-10,2010-07-05,9,12,10
16048,2010-04-26,2010-05-10,3,11,47
16048,2010-09-06,2010-09-20,3,21,37
16048,2010-10-25,2010-11-08,3,23,35
16048,2011-01-10,2011-02-07,5,29,29
16048,2011-03-07,2011-03-21,3,31,27
16048,2011-05-09,2011-05-23,3,35,23
16049,2010-04-26,2010-05-17,4,12,8
16049,2010-05-31,2010-06-21,4,13,7
16049,2010-07-26,2010-08-30,6,15,5
16049,2010-09-13,2010-10-25,7,16,4
16052,2010-06-28,2010-07-12,3,10,17
16052,2010-09-20,2010-10-25,6,15,12
16052,2010-12-13,2011-01-03,4,19,8
16052,2011-01-31,2011-02-14,3,21,6
16052,2011-02-28,2011-04-11,7,22,5
16156L,2010-06-21,2010-07-12,4,9,24
16156L,2010-08-09,2010-09-06,5,11,22
16156L,2010-10-18,2010-11-08,4,15,18
16156L,2010-11-22,2010-12-27,6,16,17
16156L,2011-01-31,2011-02-14,3,18,15
16156L,2011-03-07,2011-03-21,3,20,13
16156L,2011-08-01,2011-08-29,5,29,4
16161G,2010-11-01,2010-11-22,4,10,18
16161G,2010-12-06,2011-03-07,14,11,17
16161G,2011-04-11,2011-05-02,4,13,15
16161G,2011-05-30,2011-06-13,3,16,12
16161G,2011-08-08,2011-08-29,4,21,7
16161M,2010-05-03,2010-06-07,6,16,14
16161M,2010-07-19,2010-08-02,3,19,11
16161P,2010-03-22,2010-05-17,9,12,77
16162L,2010-04-05,2010-05-10,6,12,13
16162L,2010-05-24,2010-06-14,4,13,12
16162L,2010-07-05,2010-08-02,5,15,10
16162L,2010-08-16,2010-09-20,6,16,9
16162L,2010-10-04,2011-01-03,14,17,8
16162L,2011-01-17,2011-05-30,20,18,7
16162L,2011-06-20,2011-07-11,4,20,5
16168M,2010-08-16,2010-09-20,6,28,36
16168M,2010-12-13,2010-12-27,3,38,26
16168M,2011-03-07,2011-03-28,4,44,20
16168M,2011-04-25,2011-05-09,3,46,18
16168M,2011-07-25,2011-08-22,5,55,9
16168M,2011-09-19,2011-10-10,4,58,6
16169K,2010-05-31,2010-06-14,3,10,24
16169K,2010-07-05,2010-07-26,4,12,22
16169K,2010-12-13,2010-12-27,3,28,6
16169M,2010-05-03,2010-05-24,4,11,32
16169M,2010-06-07,2010-06-28,4,12,31
16169M,2010-07-12,2010-07-26,3,13,30
16169M,2010-09-06,2010-09-20,3,18,25
16169M,2010-10-11,2010-12-27,12,20,23
16169M,2011-01-17,2011-01-31,3,22,21
16169M,2011-06-20,2011-08-08,8,34,9
16169M,2011-09-26,2011-10-24,5,39,4
16169N,2010-04-26,2010-05-10,3,13,16
16169N,2010-07-05,2010-07-26,4,17,12
16202A,2010-07-12,2010-07-26,3,10,8
16202A,2010-08-23,2010-09-20,5,13,5
16202B,2010-06-14,2010-06-28,3,9,11
16207A,2010-09-06,2010-10-04,5,20,19
16207A,2010-10-18,2010-12-06,8,21,18
16207A,2010-12-20,2011-01-31,7,22,17
16207B,2010-08-02,2010-11-01,14,8,12
16207B,2010-11-15,2011-01-03,8,9,11
16207B,2011-01-17,2011-03-28,11,10,10
16207B,2011-04-11,2011-04-25,3,11,9
16212,2010-05-31,2010-06-14,3,17,10
16212,2010-08-23,2010-09-06,3,21,6
16216,2010-04-05,2010-04-19,3,8,45
16216,2010-12-20,2011-01-24,6,30,23
16216,2011-07-25,2011-09-12,8,44,9
16218,2010-04-05,2010-05-17,7,8,44
16218,2010-07-19,2010-08-02,3,14,38
16218,2010-09-20,2010-10-04,3,18,34
16218,2010-10-18,2010-11-08,4,19,33
16218,2010-12-13,2011-01-31,8,23,29
16218,2011-02-14,2011-02-28,3,24,28
16218,2011-04-04,2011-04-18,3,26,26
16219,2010-05-24,2010-06-07,3,9,52
16219,2010-07-05,2010-08-02,5,12,49
16219,2010-12-20,2011-01-10,4,26,35
16219,2011-04-04,2011-04-18,3,35,26
16219,2011-05-02,2011-05-30,5,36,25
16225,2010-04-12,2010-04-26,3,12,49
16225,2010-06-21,2010-07-19,5,17,44
16225,2011-02-21,2011-04-11,8,38,23
16225,2011-04-25,2011-05-16,4,39,22
16236,2011-06-06,2011-06-20,3,67,23
16238,2010-07-26,2010-08-09,3,25,61
16244B,2010-03-22,2010-04-26,6,11,4
16254,2010-11-22,2011-06-06,29,10,14
16254,2011-06-27,2011-07-11,3,12,12
16254,2011-09-12,2011-09-26,3,17,7
16258A,2010-06-28,2010-07-26,5,14,38
16258A,2010-12-13,2010-12-27,3,27,25
16258A,2011-01-24,2011-02-21,5,30,22
16258A,2011-03-14,2011-03-28,3,32,20
16258A,2011-04-11,2011-05-02,4,33,19
16258A,2011-05-23,2011-06-13,4,35,17
16258A,2011-08-08,2011-08-22,3,40,12
16259,2010-05-17,2010-05-31,3,10,27
16259,2010-06-28,2010-08-09,7,12,25
16259,2010-08-23,2010-09-20,5,13,24
16259,2010-11-29,2011-03-07,15,18,19
16259,2011-04-25,2011-05-09,3,21,16
17001,2010-04-12,2010-05-31,8,8,8
17001,2010-06-14,2010-08-09,9,9,7
17001,2010-08-23,2010-09-27,6,10,6
17011F,2010-09-13,2010-10-04,4,9,10
17011F,2010-10-18,2010-11-08,4,10,9
17011F,2010-12-20,2011-01-10,4,14,5
17011F,2011-01-24,2011-03-28,10,15,4
17012A,2010-05-31,2010-07-05,6,8,45
17012A,2010-07-26,2010-08-09,3,10,43
17012A,2010-08-23,2010-10-04,7,11,42
17012A,2011-01-24,2011-02-21,5,25,28
17012A,2011-03-28,2011-04-11,3,29,24
17012B,2010-07-26,2010-08-09,3,9,49
17012B,2010-08-30,2010-09-20,4,11,47
17012C,2010-05-31,2010-07-12,7,8,52
17012C,2010-07-26,2010-08-09,3,9,51
17012C,2010-09-06,2010-09-20,3,11,49
17012C,2011-05-09,2011-05-30,4,37,23
17012D,2011-05-09,2011-06-06,5,27,23
17012F,2011-03-28,2011-04-11,3,23,26
17012F,2011-05-16,2011-05-30,3,27,22
17012F,2011-08-01,2011-08-15,3,34,15
17013D,2010-06-21,2010-07-19,5,10,17
17013D,2010-08-23,2010-10-04,7,12,15
17013D,2010-12-27,2011-01-10,3,19,8
17013D,2011-02-07,2011-02-28,4,22,5
17014A,2010-12-20,2011-02-21,10,8,6
17021,2010-05-17,2010-06-14,5,9,45
17021,2010-07-26,2010-08-16,4,13,41
17021,2011-02-28,2011-03-14,3,32,22
17021,2011-03-28,2011-04-11,3,33,21
17033,2010-05-17,2010-06-28,7,21,5
17033,2010-07-12,2010-08-09,5,22,4
17038,2010-07-19,2010-08-02,3,9,36
17038,2011-02-21,2011-03-21,5,24,21
17038,2011-04-04,2011-04-18,3,25,20
17038,2011-09-12,2011-10-03,4,38,7
17084A,2010-10-18,2010-11-01,3,8,9
17084A,2010-11-29,2011-01-24,9,10,7
17084A,2011-03-14,2011-04-11,5,13,4
17084J,2010-06-07,2010-08-16,11,8,11
17084J,2010-08-30,2010-10-11,7,9,10
17084J,2010-12-13,2011-01-24,7,13,6
17084J,2011-02-07,2011-02-21,3,14,5
17084P,2010-06-21,2010-09-06,12,14,32
17084P,2010-09-27,2010-10-25,5,16,30
17084P,2010-12-13,2011-01-03,4,22,24
17084P,2011-03-28,2011-04-11,3,28,18
17084P,2011-04-25,2011-05-30,6,29,17
17084R,2010-08-23,2010-09-06,3,24,23
17084R,2010-09-20,2010-10-25,6,25,22
17084R,2010-12-20,2011-01-24,6,30,17
17084R,2011-02-07,2011-02-21,3,31,16
17084R,2011-03-14,2011-03-28,3,33,14
17084R,2011-06-20,2011-07-04,3,38,9
17084R,2011-07-18,2011-08-22,6,39,8
17090A,2010-06-28,2010-08-30,10,8,16
17090A,2010-10-25,2010-11-08,3,13,11
17090A,2010-12-13,2011-01-10,5,17,7
17090A,2011-02-07,2011-04-25,12,19,5
17090A,2011-05-09,2011-05-23,3,20,4
17090D,2010-07-12,2010-08-16,6,9,16
17090D,2010-09-13,2010-09-27,3,11,14
17090D,2010-10-25,2010-11-08,3,14,11
17090D,2010-12-13,2011-02-14,10,18,7
17090D,2011-03-28,2011-04-25,5,21,4
17091A,2011-01-10,2011-02-07,5,51,8
17091A,2011-03-28,2011-04-11,3,54,5
17091B,2010-05-03,2010-05-17,3,15,15
17091J,2010-03-22,2010-04-05,3,14,67
17091J,2010-09-13,2010-09-27,3,33,48
17091J,2011-03-28,2011-04-11,3,52,29
17096,2010-05-03,2010-05-17,3,14,39
17096,2011-05-02,2011-05-16,3,49,4
17107D,2010-04-12,2010-05-17,6,11,40
17107D,2010-06-14,2010-06-28,3,14,37
17107D,2010-07-12,2010-07-26,3,15,36
17107D,2010-12-20,2011-01-03,3,28,23
17107D,2011-01-17,2011-01-31,3,29,22
17107D,2011-04-25,2011-05-09,3,37,14
17107D,2011-06-20,2011-08-15,9,41,10
17107D,2011-09-26,2011-10-10,3,45,6
17109D,2010-07-26,2010-08-09,3,19,10
17109D,2010-09-06,2010-10-11,6,21,8
17129F,2010-12-27,2011-01-10,3,47,34
17136A,2010-05-10,2010-07-19,11,9,19
17136A,2010-08-16,2010-11-01,12,12,16
17136A,2010-11-29,2011-01-24,9,14,14
17136A,2011-02-14,2011-02-28,3,16,12
17136A,2011-03-14,2011-03-28,3,17,11
17136A,2011-04-11,2011-04-25,3,18,10
17136A,2011-06-13,2011-06-27,3,21,7
17136A,2011-07-11,2011-08-15,6,22,6
17165B,2010-08-09,2010-08-23,3,25,5
17178,2010-06-14,2010-07-05,4,12,4
18007,2010-03-29,2010-04-19,4,8,35
18007,2010-07-19,2010-08-02,3,16,27
18094C,2010-05-10,2010-06-07,5,19,41
18094C,2010-07-19,2010-08-09,4,22,38
18094C,2011-06-13,2011-06-27,3,51,9
18097C,2011-05-23,2011-06-06,3,63,17
18098C,2011-03-21,2011-05-09,8,60,6
18098C,2011-05-23,2011-06-20,5,61,5
20615,2010-06-21,2010-07-05,3,23,57
20615,2011-04-18,2011-05-02,3,55,25
20616,2010-04-19,2010-05-03,3,14,49
20616,2010-05-17,2010-06-14,5,15,48
20616,2010-08-16,2010-08-30,3,20,43
20616,2010-09-13,2010-10-04,4,21,42
20616,2010-10-18,2010-11-01,3,22,41
20617,2010-08-16,2010-09-20,6,26,40
20617,2011-02-28,2011-03-28,5,44,22
20617,2011-09-12,2011-09-26,3,57,9
20618,2010-05-03,2010-05-31,5,17,57
20618,2010-08-23,2010-09-06,3,26,48
20618,2011-09-12,2011-10-24,7,68,6
20619,2010-03-29,2010-04-12,3,13,69
20619,2010-09-13,2010-09-27,3,32,50
20621,2010-03-22,2010-04-19,5,10,10
20622,2010-08-16,2010-08-30,3,27,41
20622,2011-02-14,2011-03-07,4,45,23
20622,2011-03-21,2011-04-04,3,46,22
20622,2011-08-15,2011-08-29,3,60,8
20652,2010-05-17,2010-05-31,3,19,56
20652,2011-04-11,2011-04-25,3,53,22
20652,2011-09-26,2011-10-10,3,67,8
20653,2010-03-29,2010-04-12,3,9,37
20653,2010-05-17,2010-06-07,4,11,35
20653,2010-08-16,2010-10-04,8,18,28
20653,2010-12-13,2010-12-27,3,27,19
20653,2011-03-21,2011-04-11,4,34,12
20653,2011-07-25,2011-09-26,10,42,4
20654,2010-08-23,2010-09-06,3,24,41
20654,2011-02-07,2011-02-28,4,42,23
20654,2011-05-09,2011-05-23,3,47,18
20654,2011-09-12,2011-09-26,3,58,7
20655,2010-05-03,2010-05-24,4,18,64
20655,2010-08-30,2010-09-13,3,29,53
20657,2010-02-22,2010-03-08,3,11,50
20657,2010-12-20,2011-01-03,3,36,25
20657,2011-03-14,2011-04-04,4,42,19
20657,2011-08-15,2011-08-29,3,54,7
20659,2010-03-29,2010-04-12,3,10,58
20659,2011-02-21,2011-03-07,3,44,24
20659,2011-05-02,2011-05-23,4,48,20
20661,2010-12-06,2011-05-30,26,40,18
20661,2011-09-26,2011-10-10,3,53,5
20662,2010-05-31,2010-06-28,5,9,24
20662,2010-08-16,2010-09-13,5,12,21
20662,2011-02-14,2011-03-28,7,26,7
20662,2011-04-25,2011-06-20,9,28,5
20663,2010-07-19,2010-08-02,3,10,20
20663,2010-12-13,2010-12-27,3,20,10
20663,2011-01-17,2011-02-21,6,22,8
20663,2011-03-28,2011-04-18,4,24,6
20663,2011-05-09,2011-06-20,7,26,4
20664,2010-09-20,2010-11-01,7,10,14
20664,2010-11-15,2010-11-29,3,11,13
20664,2010-12-27,2011-05-30,23,14,10
20666,2010-07-12,2010-08-02,4,13,15
20666,2010-08-16,2010-09-13,5,14,14
20666,2010-10-04,2010-11-01,5,16,12
20666,2010-12-13,2011-02-21,11,20,8
20666,2011-03-07,2011-03-28,4,21,7
20666,2011-04-11,2011-05-30,8,22,6
20668,2010-04-12,2010-05-17,6,9,65
20668,2010-07-05,2010-07-19,3,14,60
20669,2011-02-28,2011-04-25,9,52,26
20669,2011-05-16,2011-06-06,4,54,24
20670,2010-08-16,2010-09-13,5,18,14
20670,2010-10-11,2010-11-22,7,21,11
20670,2010-12-13,2011-04-04,17,23,9
20670,2011-05-09,2011-06-27,8,25,7
20670,2011-07-18,2011-08-01,3,27,5
20684,2010-12-13,2011-01-03,4,48,20
20686,2010-04-12,2010-05-03,4,17,67
20686,2011-01-17,2011-01-31,3,47,37
20694,2010-04-12,2010-05-24,7,10,27
20694,2010-07-19,2010-08-16,5,14,23
20694,2010-11-22,2010-12-06,3,22,15
20694,2010-12-27,2011-01-31,6,24,13
20694,2011-03-28,2011-04-18,4,29,8
20694,2011-05-02,2011-05-16,3,30,7
20694,2011-05-30,2011-06-13,3,31,6
20695,2010-05-17,2010-06-07,4,13,17
20695,2010-08-30,2010-09-13,3,19,11
20696,2010-03-29,2010-04-12,3,8,34
20696,2010-05-24,2010-06-07,3,13,29
20696,2010-07-12,2010-08-09,5,16,26
20696,2011-02-14,2011-04-11,9,32,10
20696,2011-04-25,2011-05-23,5,33,9
20696,2011-06-06,2011-07-11,6,34,8
20696,2011-07-25,2011-08-22,5,35,7
20697,2010-10-25,2010-11-22,5,8,9
20697,2010-12-06,2011-01-10,6,9,8
20697,2011-01-24,2011-05-16,17,10,7
20697,2011-05-30,2011-06-27,5,11,6
20697,2011-07-18,2011-08-22,6,13,4
20698,2010-05-17,2010-07-26,11,8,11
20698,2010-08-09,2010-10-11,10,9,10
20698,2010-11-08,2011-01-03,9,12,7
20698,2011-01-24,2011-05-16,17,14,5
20698,2011-05-30,2011-08-22,13,15,4
20699,2010-08-16,2010-08-30,3,24,24
20699,2011-01-24,2011-02-07,3,40,8
20699,2011-03-14,2011-06-06,13,43,5
20699,2011-06-20,2011-07-11,4,44,4
20700,2010-03-15,2010-04-12,5,8,43
20700,2010-09-06,2010-09-27,4,21,30
20700,2010-11-01,2010-11-22,4,23,28
20700,2011-01-17,2011-02-14,5,28,23
20700,2011-03-07,2011-03-21,3,30,21
20701,2010-07-26,2010-08-16,4,8,13
20701,2010-08-30,2010-09-27,5,9,12
20701,2010-10-18,2010-11-15,5,11,10
20701,2010-11-29,2010-12-13,3,12,9
20701,2010-12-27,2011-04-25,18,13,8
20702,2010-12-13,2010-12-27,3,52,26
20704,2010-03-29,2010-05-03,6,9,38
20704,2010-08-02,2010-08-30,5,15,32
20704,2010-11-22,2010-12-06,3,23,24
20704,2011-03-28,2011-04-18,4,32,15
20704,2011-05-02,2011-05-16,3,33,14
20704,2011-05-30,2011-06-13,3,34,13
20704,2011-06-27,2011-07-11,3,35,12
20705,2010-07-05,2010-08-09,6,12,28
20705,2010-08-23,2010-09-13,4,13,27
20705,2010-09-27,2010-10-11,3,14,26
20705,2011-01-24,2011-02-07,3,24,16
20705,2011-03-28,2011-04-11,3,27,13
20705,2011-04-25,2011-05-16,4,28,12
20705,2011-05-30,2011-06-13,3,29,11
20705,2011-07-25,2011-08-22,5,32,8
20705,2011-09-26,2011-10-10,3,34,6
20707,2010-08-09,2010-09-06,5,25,49
20707,2010-09-20,2010-10-04,3,26,48
20707,2010-10-18,2010-11-01,3,27,47
20707,2010-12-20,2011-01-10,4,32,42
20712,2010-07-12,2010-08-09,5,30,67
20713,2010-07-26,2010-08-09,3,33,58
20713,2011-04-04,2011-05-30,9,65,26
20729,2010-04-05,2010-04-19,3,16,8
20730,2010-05-24,2010-06-07,3,20,4
20731,2010-08-16,2010-08-30,3,27,15
20731,2010-09-13,2010-10-18,6,28,14
20731,2010-12-13,2011-01-17,6,33,9
20731,2011-01-31,2011-03-07,6,34,8
20731,2011-03-21,2011-04-04,3,35,7
20733,2010-04-26,2010-05-31,6,14,67
20733,2010-07-26,2010-08-09,3,18,63
20735,2010-05-03,2010-05-17,3,12,56
20735,2010-07-12,2010-08-02,4,17,51
20735,2011-06-27,2011-07-18,4,60,8
20735,2011-08-01,2011-09-05,6,61,7
20748,2010-03-22,2010-04-05,3,14,52
20748,2011-04-11,2011-05-09,5,52,14
20748,2011-06-27,2011-07-25,5,57,9
20748,2011-08-08,2011-08-22,3,58,8
20752,2010-06-28,2010-07-12,3,27,64
20755,2010-05-03,2010-05-24,4,10,43
20755,2010-06-28,2010-07-19,4,14,39
20755,2010-08-16,2010-09-06,4,16,37
20755,2010-12-27,2011-01-24,5,28,25
20755,2011-05-02,2011-05-16,3,36,17
20755,2011-06-27,2011-08-08,7,39,14
20756,2010-03-22,2010-04-19,5,8,24
20756,2010-05-03,2010-06-07,6,9,23
20756,2010-06-28,2010-09-06,11,11,21
20756,2010-09-20,2010-10-04,3,12,20
20756,2010-11-22,2011-01-10,8,17,15
20756,2011-01-24,2011-02-07,3,18,14
20756,2011-02-28,2011-03-28,5,20,12
20756,2011-04-18,2011-06-06,8,22,10
20756,2011-06-20,2011-07-04,3,23,9
20756,2011-07-25,2011-09-12,8,25,7
20757,2010-06-21,2010-07-12,4,11,29
20757,2010-07-26,2010-08-16,4,12,28
20757,2010-09-13,2010-09-27,3,14,26
20757,2010-10-11,2010-11-01,4,15,25
20757,2010-12-20,2011-01-24,6,21,19
20757,2011-03-21,2011-04-04,3,26,14
20757,2011-06-20,2011-07-04,3,31,9
20757,2011-07-18,2011-08-22,6,32,8
20757,2011-09-19,2011-10-10,4,34,6
20758,2010-03-08,2010-03-29,4,9,43
20758,2010-05-17,2010-06-14,5,12,40
20758,2010-06-28,2010-07-26,5,13,39
20758,2010-08-16,2010-08-30,3,15,37
20758,2010-12-13,2011-01-10,5,25,27
20758,2011-01-24,2011-02-07,3,26,26
20758,2011-06-20,2011-07-04,3,38,14
20758,2011-07-18,2011-08-15,5,39,13
20759,2010-05-17,2010-06-07,4,10,26
20759,2010-07-05,2010-07-26,4,12,24
20759,2010-08-23,2010-09-06,3,14,22
20759,2010-12-13,2011-01-10,5,23,13
20759,2011-01-24,2011-02-07,3,24,12
20759,2011-03-14,2011-03-28,3,26,10
20759,2011-04-11,2011-05-16,6,27,9
20759,2011-06-20,2011-09-05,12,29,7
20759,2011-10-17,2011-10-31,3,32,4
20760,2010-02-22,2010-03-08,3,8,36
20760,2010-05-17,2010-05-31,3,14,30
20760,2010-06-14,2010-07-12,5,15,29
20760,2010-12-13,2011-02-07,9,31,13
20760,2011-03-14,2011-03-28,3,33,11
20760,2011-04-18,2011-05-30,7,35,9
20760,2011-06-20,2011-09-05,12,37,7
20761,2010-12-20,2011-01-10,4,39,33
20761,2011-05-30,2011-06-13,3,54,18
20762,2010-12-20,2011-01-10,4,39,26
20762,2011-03-28,2011-05-02,6,47,18
20762,2011-07-25,2011-08-08,3,54,11
20763,2010-04-19,2010-05-10,4,12,35
20763,2010-06-07,2010-06-21,3,14,33
20763,2010-08-30,2010-09-20,4,20,27
20763,2011-01-24,2011-02-07,3,31,16
20763,2011-03-07,2011-04-18,7,33,14
20763,2011-05-02,2011-05-30,5,34,13
20763,2011-07-25,2011-08-08,3,38,9
20763,2011-09-26,2011-10-10,3,41,6
20764,2010-12-20,2011-01-10,4,49,30
20764,2011-03-14,2011-04-04,4,56,23
20765,2010-09-13,2010-10-04,4,28,39
20765,2010-12-27,2011-01-10,3,39,28
20765,2011-05-23,2011-06-20,5,51,16
20765,2011-09-05,2011-09-19,3,59,8
20766,2010-04-26,2010-05-10,3,17,54
20766,2011-08-22,2011-09-12,4,63,8
20767,2011-03-28,2011-04-11,3,56,25
20768,2010-12-20,2011-01-03,3,45,25
20768,2011-01-17,2011-01-31,3,46,24
20768,2011-03-28,2011-04-18,4,51,19
20768,2011-05-30,2011-06-13,3,54,16
20768,2011-08-22,2011-09-12,4,62,8
20769,2010-03-22,2010-04-12,4,11,36
20769,2010-08-30,2010-10-11,7,23,24
20769,2010-12-13,2011-01-10,5,29,18
20769,2011-04-04,2011-06-13,11,34,13
20769,2011-07-25,2011-09-12,8,39,8
20770,2011-06-06,2011-06-20,3,65,12
20770,2011-08-22,2011-09-19,5,72,5
20771,2010-12-20,2011-01-31,7,45,22
20771,2011-03-14,2011-04-18,6,48,19
20771,2011-08-01,2011-09-05,6,58,9
20771,2011-10-17,2011-10-31,3,62,5
20772,2011-01-24,2011-02-28,6,45,23
20772,2011-03-14,2011-04-11,5,46,22
20772,2011-05-30,2011-06-20,4,50,18
20773,2010-12-13,2011-01-17,6,42,15
20773,2011-03-28,2011-04-11,3,48,9
20774,2010-03-22,2010-04-19,5,14,40
20774,2010-08-09,2010-08-23,3,27,27
20774,2010-12-13,2011-01-17,6,38,16
20774,2011-04-04,2011-04-18,3,44,10
20774,2011-05-16,2011-06-13,5,46,8
20774,2011-07-11,2011-08-22,7,48,6
20775,2010-03-22,2010-04-05,3,13,42
20775,2010-05-03,2010-05-24,4,16,39
20775,2010-08-02,2010-08-23,4,22,33
20775,2010-09-27,2010-10-25,5,25,30
20775,2011-01-17,2011-02-14,5,31,24
20775,2011-03-28,2011-04-11,3,36,19
20775,2011-05-16,2011-05-30,3,38,17
20775,2011-06-27,2011-08-22,9,40,15
20777,2010-05-17,2010-05-31,3,19,49
20777,2010-12-20,2011-01-10,4,41,27
20777,2011-02-28,2011-03-14,3,45,23
20777,2011-05-30,2011-07-18,8,50,18
20778,2010-08-23,2010-09-06,3,28,14
20778,2010-12-13,2010-12-27,3,36,6
20780,2010-04-12,2010-05-10,5,14,27
20780,2010-06-14,2010-08-02,8,16,25
20780,2010-12-27,2011-02-14,8,30,11
20780,2011-03-07,2011-03-28,4,32,9
20780,2011-04-11,2011-05-30,8,33,8
20780,2011-06-13,2011-09-26,16,34,7
20780,2011-10-10,2011-10-24,3,35,6
20781,2010-04-05,2010-05-10,6,11,27
20781,2010-08-02,2010-08-16,3,16,22
20781,2010-09-27,2010-10-18,4,19,19
20781,2010-12-20,2011-01-10,4,24,14
20781,2011-02-28,2011-03-21,4,27,11
20781,2011-04-11,2011-05-16,6,29,9
20781,2011-06-20,2011-09-05,12,31,7
20781,2011-09-19,2011-10-10,4,32,6
20782,2010-03-08,2010-04-05,5,9,27
20782,2010-04-19,2010-05-10,4,10,26
20782,2010-06-28,2010-08-16,8,13,23
20782,2010-08-30,2010-09-27,5,14,22
20782,2010-12-20,2011-01-03,3,22,14
20782,2011-02-28,2011-03-28,5,27,9
20782,2011-04-11,2011-05-09,5,28,8
20782,2011-05-23,2011-06-06,3,29,7
20782,2011-07-04,2011-09-12,11,31,5
20782,2011-09-26,2011-11-07,7,32,4
20785,2010-09-06,2010-10-11,6,20,6
20785,2010-10-25,2010-12-27,10,21,5
20785,2011-01-10,2011-02-07,5,22,4
20793,2010-03-29,2010-04-12,3,8,12
20793,2010-07-05,2010-08-16,7,14,6
20793,2010-08-30,2010-11-01,10,15,5
20793,2010-11-15,2010-11-29,3,16,4
20794,2010-05-10,2010-05-24,3,8,33
20794,2010-06-14,2010-06-28,3,10,31
20794,2010-08-09,2010-09-13,6,13,28
20794,2010-10-04,2010-11-01,5,15,26
20794,2010-12-20,2011-01-03,3,19,22
20794,2011-05-23,2011-06-06,3,31,10
20794,2011-06-20,2011-07-18,5,32,9
20794,2011-08-01,2011-08-29,5,33,8
20794,2011-09-12,2011-09-26,3,34,7
20795,2010-07-19,2010-08-30,7,10,15
20795,2010-09-13,2010-10-25,7,11,14
20795,2010-11-29,2011-01-10,7,14,11
20795,2011-01-31,2011-05-09,15,16,9
20795,2011-05-23,2011-08-15,13,17,8
20795,2011-08-29,2011-09-12,3,18,7
20795,2011-10-03,2011-10-24,4,20,5
20796,2010-07-12,2010-09-27,12,8,11
20796,2010-10-11,2010-11-08,5,9,10
20796,2010-11-22,2011-02-21,14,10,9
20796,2011-03-07,2011-04-11,6,11,8
20796,2011-04-25,2011-05-09,3,12,7
20796,2011-05-23,2011-07-25,10,13,6
20801,2010-08-16,2010-08-30,3,18,27
20801,2010-11-15,2010-11-29,3,26,19
20801,2011-02-07,2011-02-21,3,34,11
20802,2010-09-20,2010-10-04,3,26,46
20802,2010-12-27,2011-01-10,3,34,38
20803,2010-03-08,2010-04-19,7,10,37
20803,2010-05-17,2010-05-31,3,13,34
20803,2010-09-27,2010-10-18,4,26,21
20803,2011-02-21,2011-03-07,3,40,7
20818,2010-04-12,2010-04-26,3,8,12
20818,2010-06-28,2010-08-09,7,13,7
20818,2010-08-23,2010-09-06,3,14,6
20818,2010-10-11,2010-12-06,9,16,4
20819,2010-07-26,2010-08-09,3,19,24
20819,2010-10-11,2010-11-15,6,23,20
20819,2010-12-13,2010-12-27,3,25,18
20819,2011-01-31,2011-02-21,4,29,14
20819,2011-03-07,2011-04-04,5,30,13
20819,2011-04-18,2011-05-23,6,31,12
20819,2011-08-01,2011-08-29,5,36,7
20821,2010-07-12,2010-08-09,5,15,8
20821,2010-08-23,2010-10-25,10,16,7
20821,2010-11-08,2011-03-21,20,17,6
20821,2011-04-11,2011-04-25,3,19,4
20823,2010-11-29,2011-04-11,20,8,5
20830,2010-04-26,2010-06-21,9,11,43
20831,2010-04-12,2010-04-26,3,8,45
20831,2010-06-07,2010-06-21,3,12,41
20831,2010-09-20,2010-10-04,3,21,32
20831,2010-12-13,2010-12-27,3,27,26
20831,2011-06-06,2011-06-27,4,41,12
20832,2010-05-17,2010-05-31,3,19,44
20832,2010-07-26,2010-08-09,3,24,39
20832,2010-08-23,2010-09-27,6,25,38
20832,2011-02-28,2011-03-14,3,42,21
20832,2011-03-28,2011-04-25,5,43,20
20832,2011-05-09,2011-05-23,3,44,19
20832,2011-06-06,2011-06-27,4,45,18
20836,2011-07-04,2011-08-15,7,11,8
20836,2011-10-03,2011-10-17,3,15,4
20837,2011-06-20,2011-07-18,5,8,6
20837,2011-08-01,2011-09-19,8,9,5
20837,2011-10-03,2011-10-17,3,10,4
20839,2010-12-13,2011-01-10,5,14,33
20839,2011-01-24,2011-02-28,6,15,32
20839,2011-03-14,2011-04-18,6,16,31
20840,2010-05-10,2010-06-07,5,8,37
20840,2010-06-28,2010-08-09,7,10,35
20840,2010-09-06,2010-09-27,4,13,32
20840,2010-10-11,2010-11-22,7,14,31
20840,2010-12-06,2011-04-18,20,15,30
20845,2010-05-31,2010-10-18,21,8,10
20845,2010-11-01,2011-01-10,11,9,9
20845,2011-01-31,2011-02-28,5,11,7
20846,2011-07-18,2011-08-08,4,65,13
20847,2010-12-20,2011-01-10,4,10,15
20847,2011-01-24,2011-02-07,3,11,14
20847,2011-03-07,2011-03-28,4,14,11
20847,2011-04-25,2011-06-13,8,16,9
20847,2011-07-18,2011-08-08,4,19,6
20848,2011-05-16,2011-08-08,13,8,4
20849,2010-04-12,2010-05-17,6,12,7
20850,2010-03-15,2010-03-29,3,8,7
20850,2010-04-12,2010-05-10,5,9,6
20850,2010-05-24,2010-06-21,5,10,5
20850,2010-07-05,2010-07-19,3,11,4
20851,2010-04-12,2010-05-10,5,9,14
20851,2010-06-14,2010-07-26,7,11,12
20851,2010-09-13,2010-10-11,5,14,9
20851,2010-11-22,2011-01-17,9,17,6
20851,2011-01-31,2011-02-14,3,18,5
20854,2010-04-19,2010-05-03,3,13,33
20855,2010-04-12,2010-05-03,4,14,12
20856,2010-04-19,2010-05-03,3,12,47
20856,2010-08-16,2010-08-30,3,23,36
20856,2011-03-14,2011-03-28,3,45,14
20857,2010-08-16,2010-09-13,5,29,13
20863,2010-04-05,2010-04-19,3,13,13
20864,2010-03-01,2010-03-22,4,10,8
20864,2010-04-05,2010-05-03,5,11,7
20864,2010-06-07,2010-06-21,3,13,5
20864,2010-07-05,2010-08-02,5,14,4
20866,2010-07-05,2010-07-19,3,22,48
20866,2011-01-24,2011-02-28,6,44,26
20866,2011-04-18,2011-05-02,3,49,21
20866,2011-07-18,2011-08-01,3,54,16
20867,2010-03-22,2010-04-19,5,10,46
20867,2010-07-05,2010-08-02,5,18,38
20867,2011-01-24,2011-02-07,3,39,17
20867,2011-04-18,2011-05-02,3,45,11
20867,2011-06-20,2011-09-19,14,49,7
20867,2011-10-17,2011-10-31,3,52,4
20868,2010-04-19,2010-06-21,10,9,33
20868,2010-07-05,2010-07-26,4,10,32
20868,2010-08-23,2010-09-06,3,12,30
20868,2010-10-25,2010-11-08,3,16,26
20868,2011-01-24,2011-02-28,6,24,18
20868,2011-03-14,2011-04-25,7,25,17
20868,2011-05-09,2011-05-30,4,26,16
20868,2011-07-25,2011-08-08,3,30,12
20868,2011-08-29,2011-09-19,4,32,10
20869,2010-03-29,2010-07-05,15,9,29
20869,2010-07-19,2010-08-09,4,10,28
20869,2010-08-23,2010-09-06,3,11,27
20869,2010-11-15,2010-12-06,4,17,21
20869,2011-01-24,2011-02-21,5,21,17
20869,2011-03-07,2011-05-30,13,22,16
20869,2011-07-11,2011-08-08,5,25,13
20869,2011-09-05,2011-09-19,3,28,10
20871,2010-06-28,2010-07-12,3,18,18
20892,2010-06-28,2010-07-12,3,17,12
20892,2010-10-04,2010-10-18,3,23,6
20893,2010-05-10,2010-05-31,4,13,35
20893,2010-12-20,2011-01-10,4,32,16
20893,2011-01-31,2011-02-21,4,34,14
20893,2011-03-21,2011-04-18,5,36,12
20893,2011-05-02,2011-05-30,5,37,11
20893,2011-06-13,2011-06-27,3,38,10
20893,2011-07-25,2011-08-22,5,40,8
20893,2011-09-12,2011-10-10,5,42,6
20894,2010-05-10,2010-05-24,3,14,29
20894,2010-12-06,2011-02-14,11,34,9
20894,2011-02-28,2011-05-02,10,35,8
20894,2011-05-16,2011-07-04,8,36,7
20894,2011-07-18,2011-08-22,6,37,6
20894,2011-09-12,2011-10-10,5,39,4
20897,2010-07-26,2010-08-09,3,21,23
20897,2010-08-23,2010-09-06,3,22,22
20897,2011-01-10,2011-01-31,4,33,11
20897,2011-02-28,2011-04-25,9,35,9
20897,2011-05-09,2011-05-30,4,36,8
20898,2010-05-10,2010-05-31,4,9,23
20898,2010-11-29,2011-01-17,8,24,8
20898,2011-01-31,2011-05-30,18,25,7
20901,2010-08-30,2011-05-30,40,29,5
20902,2010-03-29,2010-04-12,3,14,45
20902,2011-01-10,2011-01-24,3,40,19
20902,2011-04-18,2011-05-23,6,48,11
20903,2010-05-10,2010-05-24,3,9,38
20903,2010-07-12,2010-07-26,3,14,33
20903,2010-10-11,2010-11-01,4,21,26
20903,2010-12-20,2011-01-10,4,26,21
20903,2011-02-28,2011-03-21,4,29,18
20903,2011-05-09,2011-05-23,3,34,13
20906,2010-02-22,2010-03-15,4,8,18
20906,2010-05-17,2010-05-31,3,14,12
20906,2010-09-13,2010-10-04,4,20,6
20910,2010-04-05,2010-04-19,3,14,22
20931,2011-08-01,2011-08-29,5,62,10
20931,2011-09-26,2011-10-17,4,65,7
20932,2010-05-31,2010-07-12,7,20,36
20932,2010-08-23,2010-09-06,3,23,33
20932,2010-12-27,2011-01-17,4,36,20
20932,2011-03-07,2011-04-04,5,40,16
20932,2011-05-02,2011-05-16,3,43,13
20932,2011-07-25,2011-08-22,5,48,8
20932,2011-10-10,2011-10-24,3,52,4
20933,2010-02-08,2010-02-22,3,8,24
20933,2010-05-31,2010-06-21,4,17,15
20933,2010-08-09,2010-09-20,7,22,10
20933,2010-11-01,2010-12-27,9,25,7
20933,2011-01-10,2011-03-28,12,26,6
20933,2011-04-18,2011-08-08,17,28,4
20934,2010-04-12,2010-11-01,30,15,23
20934,2011-04-25,2011-05-23,5,27,11
20934,2011-06-06,2011-06-27,4,28,10
20934,2011-07-11,2011-08-01,4,29,9
20935,2010-03-08,2010-03-22,3,10,15
20935,2010-05-17,2010-05-31,3,14,11
20935,2010-06-14,2010-07-26,7,15,10
20935,2010-08-30,2010-09-13,3,17,8
20935,2010-10-11,2010-11-01,4,20,5
20936,2010-03-08,2010-03-22,3,10,43
20936,2010-06-07,2010-06-28,4,18,35
20936,2010-08-02,2010-08-30,5,21,32
20936,2010-12-27,2011-01-10,3,33,20
20936,2011-02-14,2011-03-28,7,35,18
20936,2011-05-30,2011-06-27,5,40,13
20936,2011-10-03,2011-10-24,4,47,6
20941,2010-12-27,2011-01-10,3,46,11
20941,2011-02-14,2011-02-28,3,49,8
20952,2010-05-17,2010-05-31,3,9,8
20952,2010-06-14,2010-08-02,8,10,7
20952,2010-08-23,2010-09-27,6,12,5
20956,2010-04-05,2010-04-26,4,11,59
20956,2011-02-21,2011-03-07,3,43,27
20956,2011-03-28,2011-04-11,3,45,25
20956,2011-05-16,2011-05-30,3,47,23
20956,2011-07-11,2011-07-25,3,51,19
20960,2010-12-27,2011-01-10,3,52,4
20966,2011-02-14,2011-02-28,3,60,12
20966,2011-04-11,2011-05-02,4,63,9
20966,2011-06-27,2011-07-11,3,68,4
20973,2011-07-18,2011-08-22,6,67,13
20975,2011-06-06,2011-09-12,15,77,12
20980,2010-05-31,2010-06-28,5,13,20
20980,2010-07-12,2010-07-26,3,14,19
20980,2010-08-09,2010-10-11,10,15,18
20980,2010-12-20,2011-01-03,3,22,11
20980,2011-01-31,2011-03-21,8,24,9
20980,2011-04-18,2011-05-02,3,27,6
20980,2011-05-16,2011-05-30,3,28,5
20984,2010-04-05,2010-04-19,3,13,60
20984,2010-08-02,2010-08-16,3,22,51
20984,2011-03-28,2011-04-11,3,46,27
20985,2011-04-25,2011-05-09,3,63,28
20986,2010-03-29,2010-04-12,3,15,63
20997,2010-07-12,2010-08-09,5,19,24
20997,2010-09-27,2010-11-08,7,22,21
20997,2010-11-22,2011-04-11,21,23,20
20997,2011-10-03,2011-10-24,4,38,5
21000,2010-03-15,2010-03-29,3,8,53
21000,2010-12-20,2011-01-03,3,33,28
21000,2011-04-04,2011-04-25,4,43,18
21000,2011-07-18,2011-08-08,4,49,12
21001,2010-05-17,2010-05-31,3,9,48
21001,2011-04-11,2011-04-25,3,38,19
21001,2011-07-18,2011-08-01,3,46,11
21003,2010-11-08,2010-12-27,8,8,26
21003,2011-01-10,2011-04-04,13,9,25
21003,2011-10-03,2011-10-24,4,28,6
21007,2010-05-17,2010-06-14,5,9,8
21009,2010-03-08,2010-07-05,18,8,16
21010,2010-04-26,2010-07-05,11,8,12
21010,2010-07-19,2010-08-02,3,9,11
21012,2010-06-07,2010-06-28,4,21,69
21014,2011-01-24,2011-02-07,3,26,19
21014,2011-02-21,2011-05-30,15,27,18
21014,2011-07-04,2011-07-25,4,29,16
21015,2011-01-24,2011-04-11,12,23,20
21015,2011-04-25,2011-05-09,3,24,19
21015,2011-05-23,2011-06-20,5,25,18
21017,2010-05-17,2010-07-05,8,8,16
21025,2010-09-20,2010-10-04,3,8,28
21025,2011-02-07,2011-03-14,6,20,16
21025,2011-03-28,2011-05-02,6,21,15
21025,2011-06-13,2011-06-27,3,26,10
21025,2011-07-11,2011-07-25,3,27,9
21025,2011-08-08,2011-08-22,3,28,8
21025,2011-09-12,2011-09-26,3,30,6
21025,2011-10-17,2011-11-07,4,32,4
21026,2010-03-29,2010-04-12,3,11,41
21026,2010-04-26,2010-05-24,5,12,40
21026,2010-06-07,2010-06-21,3,13,39
21026,2010-08-02,2010-08-23,4,16,36
21026,2011-01-24,2011-02-28,6,33,19
21026,2011-04-04,2011-04-25,4,35,17
21026,2011-07-11,2011-07-25,3,40,12
21026,2011-09-05,2011-09-26,4,43,9
21027,2010-03-29,2010-06-07,11,8,33
21027,2010-06-28,2010-07-12,3,10,31
21027,2010-10-25,2010-11-08,3,18,23
21027,2011-02-28,2011-03-14,3,29,12
21027,2011-03-28,2011-04-18,4,30,11
21027,2011-08-08,2011-08-22,3,36,5
21027,2011-09-05,2011-09-26,4,37,4
21028,2010-05-31,2010-06-14,3,11,42
21028,2010-08-09,2010-08-23,3,16,37
21028,2010-09-06,2010-09-20,3,17,36
21028,2011-02-21,2011-04-18,9,32,21
21028,2011-07-04,2011-07-18,3,39,14
21028,2011-08-08,2011-08-22,3,41,12
21030,2011-01-24,2011-04-11,12,19,12
21030,2011-04-25,2011-05-09,3,20,11
21030,2011-05-30,2011-06-13,3,22,9
21030,2011-07-11,2011-08-15,6,25,6
21030,2011-08-29,2011-09-19,4,26,5
21031,2010-06-28,2010-08-02,6,10,20
21031,2010-08-16,2010-09-20,6,11,19
21031,2010-10-25,2010-11-08,3,14,16
21031,2011-01-24,2011-02-14,4,23,7
21031,2011-02-28,2011-03-21,4,24,6
21031,2011-04-04,2011-05-09,6,25,5
21031,2011-05-23,2011-09-19,18,26,4
21032,2010-05-10,2010-06-14,6,9,24
21032,2010-06-28,2010-07-12,3,10,23
21032,2010-07-26,2010-09-06,7,11,22
21032,2010-09-20,2010-10-04,3,12,21
21032,2010-10-25,2010-11-08,3,14,19
21032,2011-01-24,2011-03-21,9,23,10
21032,2011-04-04,2011-05-16,7,24,9
21032,2011-05-30,2011-06-20,4,25,8
21032,2011-07-11,2011-09-19,11,27,6
21038,2010-05-10,2010-05-24,3,13,20
21038,2010-06-07,2010-08-16,11,14,19
21038,2010-12-27,2011-01-31,6,26,7
21038,2011-02-14,2011-02-28,3,27,6
21039,2011-07-11,2011-07-25,3,74,17
21040,2010-07-12,2010-09-06,9,24,8
21040,2010-09-20,2010-11-08,8,25,7
21041,2010-04-12,2010-09-20,24,18,59
21042,2011-09-19,2011-10-10,4,87,7
21043,2010-04-12,2010-04-26,3,11,38
21043,2010-08-09,2010-09-06,5,19,30
21043,2011-02-07,2011-02-28,4,35,14
21051,2011-03-21,2011-04-25,6,50,10
21051,2011-05-23,2011-06-06,3,53,7
21054,2011-04-04,2011-04-18,3,63,6
21055,2011-04-04,2011-04-18,3,64,22
21055,2011-08-29,2011-09-19,4,75,11
21056,2011-08-08,2011-09-12,6,73,7
21056,2011-09-26,2011-10-24,5,74,6
21060,2010-12-06,2010-12-27,4,39,36
21061,2010-12-13,2010-12-27,3,43,39
21063,2010-12-13,2010-12-27,3,49,42
21064,2010-09-27,2010-10-11,3,24,36
21064,2011-01-10,2011-01-24,3,35,25
21064,2011-03-21,2011-04-04,3,38,22
21064,2011-04-18,2011-05-02,3,39,21
21064,2011-05-16,2011-06-06,4,40,20
21064,2011-08-08,2011-08-22,3,46,14
21065,2010-05-10,2010-05-24,3,9,45
21065,2010-06-07,2010-06-21,3,10,44
21065,2010-07-26,2010-09-06,7,13,41
21065,2010-09-20,2010-10-11,4,14,40
21065,2011-04-11,2011-04-25,3,32,22
21065,2011-05-16,2011-06-06,4,34,20
21065,2011-08-08,2011-08-22,3,41,13
21066,2010-05-10,2010-05-24,3,18,53
21066,2011-04-11,2011-05-09,5,51,20
21082,2010-11-29,2011-01-03,6,45,20
21084,2010-09-27,2010-10-18,4,27,45
21084,2010-11-29,2010-12-27,5,30,42
21087,2010-04-12,2010-06-07,9,8,14
21087,2010-07-05,2010-07-19,3,10,12
21087,2010-08-16,2010-09-20,6,13,9
21087,2010-10-25,2011-02-07,16,15,7
21088,2010-09-06,2010-09-20,3,18,41
21088,2010-10-11,2010-12-27,12,20,39
21088,2011-01-24,2011-02-14,4,23,36
21089,2010-08-09,2010-10-25,12,12,17
21089,2010-11-08,2010-11-29,4,13,16
21089,2010-12-13,2011-02-14,10,14,15
21089,2011-02-28,2011-03-28,5,15,14
21089,2011-04-11,2011-04-25,3,16,13
21090,2010-09-20,2010-11-08,8,29,48
21090,2010-12-06,2010-12-27,4,32,45
21095,2010-08-16,2010-09-20,6,17,14
21095,2010-10-25,2010-11-22,5,21,10
21095,2010-12-06,2011-01-10,6,22,9
21095,2011-01-24,2011-02-07,3,23,8
21095,2011-03-07,2011-04-18,7,26,5
21096,2010-10-18,2010-12-27,11,23,36
21096,2011-01-24,2011-02-21,5,26,33
21098,2011-02-07,2011-05-23,16,33,24
21100,2010-12-27,2011-01-10,3,52,8
21106,2011-04-25,2011-05-09,3,58,16
21106,2011-05-23,2011-06-13,4,59,15
21106,2011-08-15,2011-08-29,3,65,9
21109,2011-01-31,2011-02-14,3,52,24
21109,2011-05-23,2011-06-20,5,63,13
21109,2011-07-04,2011-07-18,3,64,12
21109,2011-08-08,2011-08-29,4,66,10
21110,2011-08-01,2011-08-22,4,77,11
21111,2010-07-12,2010-07-26,3,26,45
21111,2011-04-25,2011-05-09,3,55,16
21111,2011-05-23,2011-06-13,4,56,15
21111,2011-08-01,2011-08-29,5,60,11
21112,2011-01-31,2011-02-14,3,52,24
21112,2011-04-25,2011-05-09,3,58,18
21112,2011-05-23,2011-06-06,3,59,17
21112,2011-06-27,2011-07-11,3,61,15
21112,2011-08-01,2011-08-22,4,63,13
21117,2010-09-27,2010-10-18,4,10,14
21117,2010-11-22,2011-01-03,7,12,12
21117,2011-01-17,2011-04-04,12,13,11
21117,2011-05-09,2011-06-13,6,15,9
21117,2011-06-27,2011-07-18,4,16,8
21117,2011-08-01,2011-09-05,6,17,7
21123,2010-11-08,2010-11-22,3,43,46
21125,2011-04-11,2011-04-25,3,63,27
21128,2010-07-12,2010-08-09,5,13,32
21128,2010-09-20,2010-10-11,4,16,29
21128,2010-12-13,2010-12-27,3,21,24
21128,2011-01-31,2011-02-21,4,23,22
21128,2011-05-30,2011-06-13,3,33,12
21128,2011-07-11,2011-07-25,3,35,10
21129,2010-05-31,2010-06-21,4,12,29
21129,2010-08-16,2010-08-30,3,16,25
21129,2010-09-13,2010-10-04,4,17,24
21129,2010-11-29,2010-12-27,5,21,20
21129,2011-01-10,2011-02-28,8,22,19
21129,2011-04-18,2011-05-16,5,26,15
21129,2011-09-05,2011-09-19,3,33,8
21131,2010-07-12,2010-08-09,5,11,29
21131,2010-09-06,2010-09-27,4,13,27
21131,2010-11-15,2010-11-29,3,17,23
21131,2010-12-13,2011-01-17,6,18,22
21131,2011-01-31,2011-03-14,7,19,21
21131,2011-04-25,2011-05-09,3,23,17
21131,2011-06-27,2011-07-25,5,29,11
21132,2010-07-12,2010-08-30,8,12,23
21132,2010-11-08,2010-11-29,4,18,17
21132,2010-12-13,2011-01-17,6,19,16
21132,2011-01-31,2011-02-21,4,20,15
21132,2011-04-11,2011-04-25,3,24,11
21132,2011-05-23,2011-06-06,3,27,8
21132,2011-07-11,2011-09-05,9,29,6
21132,2011-09-19,2011-10-03,3,30,5
21133,2010-06-14,2010-07-19,6,12,4
21134,2010-06-28,2010-07-19,4,12,8
21143,2010-12-27,2011-01-24,5,31,9
21143,2011-02-14,2011-02-28,3,33,7
21143,2011-04-11,2011-05-30,8,36,4
21144,2010-04-26,2010-06-14,8,9,15
21144,2010-06-28,2010-07-12,3,10,14
21144,2010-08-16,2010-09-06,4,13,11
21145,2010-04-12,2010-05-17,6,8,24
21145,2010-05-31,2010-07-19,8,9,23
21145,2010-12-20,2011-03-07,12,25,7
21145,2011-03-28,2011-04-25,5,27,5
21145,2011-05-09,2011-06-20,7,28,4
21147,2011-01-24,2011-02-21,5,23,16
21147,2011-03-07,2011-04-11,6,24,15
21147,2011-04-25,2011-06-27,10,25,14
21147,2011-07-11,2011-08-22,7,26,13
21155,2010-07-12,2010-09-13,10,31,63
21157,2010-12-13,2011-01-03,4,48,16
21157,2011-04-11,2011-04-25,3,58,6
21158,2011-04-11,2011-04-25,3,59,31
21159,2011-04-11,2011-04-25,3,56,31
21162,2011-02-21,2011-03-07,3,52,36
21163,2011-04-18,2011-05-02,3,59,24
21165,2010-07-12,2010-08-02,4,31,69
21166,2010-07-26,2010-08-09,3,32,64
21166,2011-08-08,2011-08-22,3,81,15
21167,2010-08-16,2010-08-30,3,22,45
21167,2011-03-21,2011-04-11,4,44,23
21169,2010-05-10,2010-06-28,8,16,67
21169,2010-07-19,2010-08-09,4,18,65
21169,2011-08-15,2011-08-29,3,69,14
21172,2010-12-27,2011-01-31,6,54,43
21175,2010-07-12,2010-08-09,5,31,68
21181,2010-05-10,2010-08-09,14,22,57
21181,2011-05-30,2011-07-04,6,62,17
21181,2011-08-08,2011-08-22,3,64,15
21187,2010-12-27,2011-01-10,3,40,18
21187,2011-01-31,2011-02-28,5,42,16
21187,2011-06-13,2011-06-27,3,53,5
21188,2010-12-20,2011-01-03,3,46,24
21189,2010-05-17,2010-05-31,3,10,48
21189,2011-01-10,2011-01-31,4,31,27
21189,2011-02-14,2011-03-07,4,32,26
21189,2011-09-26,2011-10-17,4,51,7
21190,2010-12-13,2011-01-03,4,37,4
21191,2010-04-19,2010-05-10,4,12,53
21191,2010-06-21,2010-07-05,3,15,50
21191,2010-07-19,2010-08-23,6,16,49
21191,2010-12-27,2011-01-10,3,32,33
21191,2011-08-01,2011-08-22,4,51,14
21192,2010-03-01,2010-04-05,6,9,58
21192,2010-07-19,2010-08-02,3,17,50
21192,2010-12-27,2011-01-10,3,35,32
21194,2010-04-26,2010-05-10,3,8,45
21194,2010-06-21,2010-07-19,5,11,42
21194,2010-08-02,2010-08-23,4,12,41
21194,2010-10-18,2010-11-01,3,16,37
21194,2011-05-02,2011-05-16,3,31,22
21194,2011-07-11,2011-07-25,3,37,16
21196,2010-08-23,2010-09-06,3,8,13
21196,2010-09-20,2010-12-06,12,9,12
21196,2010-12-20,2011-01-10,4,10,11
21196,2011-01-24,2011-03-21,9,11,10
21196,2011-05-30,2011-08-08,11,16,5
21197,2010-08-09,2010-08-23,3,10,22
21197,2010-10-11,2010-11-15,6,13,19
21197,2010-12-13,2011-01-10,5,16,16
21197,2011-01-24,2011-02-07,3,17,15
21197,2011-02-21,2011-03-21,5,18,14
21197,2011-04-11,2011-04-25,3,20,12
21197,2011-05-09,2011-06-06,5,21,11
21197,2011-08-29,2011-10-24,9,28,4
21198,2010-05-17,2010-05-31,3,17,49
21198,2010-09-06,2010-09-20,3,26,40
21198,2010-10-25,2010-11-08,3,30,36
21198,2010-11-22,2010-12-13,4,31,35
21198,2011-03-07,2011-03-21,3,40,26
21198,2011-10-17,2011-10-31,3,62,4
21199,2010-08-30,2010-09-13,3,34,37
21199,2010-11-22,2010-12-06,3,41,30
21199,2011-07-25,2011-08-08,3,65,6
21199,2011-08-29,2011-09-12,3,67,4
21200,2010-03-29,2010-04-12,3,11,60
21200,2011-04-25,2011-05-09,3,49,22
21200,2011-05-23,2011-06-06,3,50,21
21202,2010-07-26,2010-08-09,3,18,32
21202,2011-02-07,2011-02-21,3,35,15
21202,2011-04-18,2011-05-02,3,39,11
21202,2011-06-20,2011-07-18,5,44,6
21202,2011-08-01,2011-09-05,6,45,5
21207,2011-04-11,2011-04-25,3,62,32
21208,2010-04-26,2010-05-10,3,8,61
21208,2010-06-21,2010-07-05,3,12,57
21208,2010-09-20,2010-10-04,3,18,51
21209,2010-07-26,2010-08-23,5,21,48
21209,2010-09-13,2010-10-04,4,23,46
21209,2010-10-18,2010-11-01,3,24,45
21210,2011-04-11,2011-05-09,5,69,28
21216,2010-08-23,2010-09-27,6,37,61
21219,2010-06-07,2010-06-28,4,21,55
21219,2011-03-28,2011-04-11,3,52,24
21220,2011-02-21,2011-03-07,3,48,25
21220,2011-03-21,2011-04-11,4,49,24
21220,2011-05-23,2011-06-06,3,52,21
21221,2010-04-19,2010-05-03,3,11,47
21221,2010-08-09,2010-09-06,5,21,37
21221,2011-05-02,2011-05-16,3,44,14
21221,2011-09-26,2011-10-17,4,54,4
21222,2010-08-23,2010-09-06,3,26,42
21222,2011-03-21,2011-04-11,4,47,21
21222,2011-05-23,2011-06-20,5,51,17
21222,2011-07-18,2011-08-01,3,54,14
21226,2010-05-17,2010-05-31,3,9,14
21226,2010-07-05,2010-08-02,5,11,12
21226,2010-08-23,2010-10-04,7,13,10
21226,2010-10-18,2010-11-01,3,14,9
21226,2010-11-15,2010-11-29,3,15,8
21226,2010-12-13,2011-06-20,28,16,7
21228,2010-05-17,2010-05-31,3,9,15
21228,2010-06-21,2010-07-12,4,11,13
21228,2010-09-20,2010-10-04,3,17,7
21248,2011-04-11,2011-04-25,3,51,25
21248,2011-06-20,2011-07-04,3,57,19
21250,2010-06-14,2010-07-05,4,13,28
21250,2010-10-18,2010-11-01,3,23,18
21250,2010-12-06,2011-01-24,8,26,15
21250,2011-04-25,2011-05-09,3,33,8
21250,2011-06-06,2011-08-08,10,35,6
21250,2011-08-22,2011-10-03,7,36,5
21251,2011-01-31,2011-02-14,3,47,24
21251,2011-04-04,2011-04-18,3,51,20
21258,2011-02-21,2011-03-21,5,58,15
21258,2011-04-04,2011-08-29,22,59,14
21261,2011-01-17,2011-04-11,13,20,18
21261,2011-04-25,2011-06-20,9,21,17
21261,2011-07-04,2011-08-01,5,22,16
21262,2011-01-31,2011-03-21,8,23,25
21262,2011-04-11,2011-04-25,3,25,23
21262,2011-07-04,2011-07-18,3,31,17
21262,2011-08-01,2011-08-15,3,32,16
21263,2010-12-20,2011-05-02,20,10,15
21263,2011-05-16,2011-08-15,14,11,14
21264,2011-01-17,2011-05-02,16,15,18
21264,2011-05-16,2011-06-06,4,16,17
21264,2011-06-20,2011-07-11,4,17,16
21264,2011-08-01,2011-08-15,3,19,14
21265,2010-12-13,2011-01-24,7,12,13
21265,2011-02-07,2011-05-02,13,13,12
21265,2011-05-16,2011-07-04,8,14,11
21265,2011-07-18,2011-08-15,5,15,10
21269,2010-12-13,2010-12-27,3,28,14
21269,2011-01-24,2011-02-14,4,30,12
21269,2011-03-14,2011-04-25,7,32,10
21269,2011-07-18,2011-08-15,5,38,4
21270,2010-06-14,2010-09-06,13,8,19
21270,2010-09-20,2010-10-04,3,9,18
21270,2010-11-15,2010-12-13,5,12,15
21270,2011-01-24,2011-03-21,9,16,11
21270,2011-04-04,2011-05-09,6,17,10
21275,2010-05-24,2010-06-21,5,14,18
21275,2010-07-12,2010-08-02,4,16,16
21275,2010-08-23,2010-09-13,4,18,14
21275,2010-09-27,2010-10-11,3,19,13
21275,2011-01-24,2011-02-07,3,28,4
21277,2010-07-19,2010-08-16,5,15,25
21277,2010-10-18,2010-11-01,3,19,21
21277,2010-12-06,2010-12-27,4,22,18
21277,2011-01-17,2011-02-14,5,24,16
21277,2011-04-11,2011-05-23,7,29,11
21277,2011-06-27,2011-08-08,7,32,8
21278,2010-12-06,2010-12-27,4,44,5
21278,2011-01-10,2011-01-24,3,45,4
21279,2010-09-06,2010-09-20,3,32,27
21279,2011-02-07,2011-03-21,7,47,12
21279,2011-04-04,2011-05-02,5,48,11
21279,2011-05-16,2011-06-27,7,49,10
21280,2010-08-23,2010-09-06,3,30,18
21280,2010-11-29,2011-01-03,6,37,11
21280,2011-01-17,2011-03-21,10,38,10
21280,2011-05-16,2011-06-06,4,43,5
21280,2011-06-20,2011-07-18,5,44,4
21281,2010-08-23,2010-09-20,5,29,12
21281,2010-10-11,2010-11-08,5,31,10
21281,2010-12-27,2011-01-17,4,37,4
21282,2010-06-21,2010-07-05,3,25,13
21284,2010-08-09,2010-09-20,7,27,35
21284,2010-12-20,2011-01-03,3,38,24
21284,2011-02-21,2011-03-07,3,43,19
21284,2011-04-04,2011-04-25,4,45,17
21284,2011-08-08,2011-08-22,3,53,9
21285,2010-03-15,2010-03-29,3,11,38
21285,2010-06-07,2010-06-21,3,18,31
21285,2010-07-12,2010-08-30,8,20,29
21285,2010-12-20,2011-02-14,9,32,17
21285,2011-04-04,2011-05-02,5,36,13
21285,2011-06-13,2011-07-18,6,39,10
21285,2011-08-01,2011-09-12,7,40,9
21286,2010-03-22,2010-04-05,3,12,37
21286,2010-07-26,2010-08-23,5,24,25
21286,2011-01-24,2011-04-25,14,39,10
21286,2011-05-09,2011-06-06,5,40,9
21286,2011-06-20,2011-08-15,9,41,8
21286,2011-08-29,2011-10-03,6,42,7
21287,2010-04-05,2010-04-19,3,12,46
21287,2010-05-17,2010-05-31,3,14,44
21287,2010-08-09,2010-09-06,5,19,39
21287,2010-12-27,2011-01-17,4,32,26
21287,2011-02-21,2011-03-21,5,34,24
21287,2011-05-02,2011-05-30,5,37,21
21288,2010-07-05,2010-07-26,4,25,60
21288,2010-12-20,2011-01-03,3,44,41
21289,2010-04-26,2010-05-10,3,15,50
21289,2010-08-30,2010-09-13,3,22,43
21289,2010-12-13,2010-12-27,3,32,33
21289,2011-01-31,2011-02-21,4,36,29
21291,2011-03-14,2011-04-04,4,53,22
21292,2010-05-24,2010-06-07,3,18,38
21292,2010-07-05,2010-07-26,4,21,35
21292,2011-01-17,2011-02-28,7,40,16
21292,2011-03-21,2011-05-09,8,42,14
21292,2011-05-30,2011-07-04,6,44,12
21292,2011-10-03,2011-10-24,4,52,4
21293,2010-04-05,2010-04-26,4,16,29
21293,2010-05-10,2010-06-21,7,17,28
21293,2010-07-26,2010-09-20,9,20,25
21293,2010-12-20,2011-02-21,10,27,18
21293,2011-03-28,2011-04-25,5,29,16
21293,2011-06-06,2011-07-04,5,32,13
21293,2011-07-18,2011-08-08,4,33,12
21294,2010-04-12,2010-04-26,3,16,53
21294,2010-06-21,2010-07-12,4,20,49
21294,2011-08-08,2011-08-22,3,62,7
21306,2010-03-08,2010-03-22,3,8,37
21306,2010-04-19,2010-06-14,9,10,35
21306,2010-07-19,2010-08-30,7,12,33
21306,2010-09-13,2010-09-27,3,13,32
21306,2010-12-13,2011-01-03,4,21,24
21306,2011-01-17,2011-02-21,6,22,23
21306,2011-03-28,2011-05-30,10,24,21
21307,2010-05-10,2010-05-31,4,16,21
21307,2010-08-09,2010-09-13,6,24,13
21307,2010-10-18,2010-11-08,4,26,11
21307,2010-12-13,2011-01-03,4,30,7
21307,2011-01-17,2011-02-21,6,31,6
21311,2010-03-08,2010-04-05,5,9,43
21311,2010-06-21,2010-07-05,3,16,36
21311,2010-12-20,2011-03-14,13,31,21
21311,2011-04-11,2011-05-09,5,33,19
21311,2011-05-23,2011-06-06,3,34,18
21311,2011-09-12,2011-09-26,3,45,7
21312,2010-04-26,2010-06-07,7,9,8
21316,2010-10-04,2010-10-18,3,18,13
21316,2010-12-13,2011-01-03,4,23,8
21317,2010-04-26,2010-05-10,3,12,40
21317,2010-07-05,2010-08-09,6,18,34
21317,2010-08-30,2010-09-13,3,20,32
21317,2010-12-20,2011-01-10,4,32,20
21317,2011-04-04,2011-06-27,13,39,13
21317,2011-07-18,2011-08-08,4,41,11
21318,2010-09-20,2010-10-11,4,24,23
21319,2010-10-04,2010-10-25,4,27,15
21320,2010-03-29,2010-04-19,4,12,23
21320,2010-08-16,2010-08-30,3,23,12
21320,2010-09-20,2010-10-04,3,25,10
21320,2010-10-18,2010-11-01,3,26,9
21320,2010-11-15,2011-01-10,9,27,8
21324,2011-02-14,2011-02-28,3,54,7
21330,2010-08-02,2010-09-27,9,34,5
21331,2010-07-12,2010-09-06,9,13,12
21331,2010-10-11,2010-11-01,4,15,10
21331,2010-12-20,2011-05-09,21,19,6
21331,2011-06-06,2011-09-05,14,21,4
21332,2010-03-29,2010-04-26,5,10,22
21332,2010-06-14,2010-07-05,4,13,19
21332,2010-08-02,2010-09-13,7,16,16
21332,2010-11-01,2010-11-15,3,20,12
21332,2010-11-29,2010-12-27,5,21,11
21333,2010-12-20,2011-01-03,3,54,7
21336,2010-02-15,2010-03-22,6,8,20
21336,2010-04-05,2010-05-10,6,9,19
21336,2010-08-23,2010-09-06,3,17,11
21336,2010-10-11,2010-11-29,8,21,7
21336,2010-12-13,2011-04-18,19,22,6
21340,2010-03-29,2010-04-12,3,10,68
21340,2010-06-07,2010-09-13,15,17,61
21344,2010-06-07,2010-06-28,4,9,14
21344,2010-07-12,2010-08-09,5,10,13
21344,2010-08-23,2010-09-06,3,11,12
21344,2010-11-29,2011-01-17,8,17,6
21344,2011-01-31,2011-06-27,22,18,5
21344,2011-07-11,2011-10-10,14,19,4
21351,2010-12-20,2011-07-11,30,20,14
21351,2011-07-25,2011-08-15,4,21,13
21352,2011-02-21,2011-03-21,5,26,18
21352,2011-04-25,2011-06-13,8,28,16
21352,2011-06-27,2011-07-18,4,29,15
21354,2010-06-14,2010-07-05,4,20,48
21354,2010-07-26,2010-08-16,4,22,46
21354,2011-06-27,2011-07-11,3,55,13
21354,2011-07-25,2011-08-22,5,56,12
21355,2011-04-04,2011-04-25,4,61,16
21355,2011-06-06,2011-06-27,4,64,13
21356,2011-04-11,2011-04-25,3,64,24
21356,2011-08-01,2011-08-15,3,72,16
21358,2010-08-02,2010-08-16,3,30,57
21358,2011-05-23,2011-06-06,3,64,23
21358,2011-07-11,2011-07-25,3,68,19
21359,2010-07-26,2010-08-09,3,23,25
21359,2010-08-30,2010-09-13,3,25,23
21359,2010-10-18,2010-11-01,3,28,20
21359,2010-12-13,2010-12-27,3,32,16
21359,2011-02-21,2011-04-11,8,37,11
21359,2011-05-30,2011-06-20,4,41,7
21360,2011-01-31,2011-02-14,3,41,7
21361,2011-05-23,2011-06-06,3,63,4
21364,2010-05-17,2010-05-31,3,16,36
21364,2010-12-20,2011-01-24,6,39,13
21364,2011-02-28,2011-03-14,3,42,10
21364,2011-04-11,2011-05-02,4,44,8
21364,2011-05-30,2011-06-13,3,47,5
21364,2011-06-27,2011-07-11,3,48,4
21365,2010-06-07,2010-07-05,5,9,37
21365,2010-07-19,2010-08-30,7,10,36
21365,2010-12-20,2011-01-03,3,20,26
21365,2011-01-31,2011-02-28,5,23,23
21365,2011-04-04,2011-05-02,5,26,20
21365,2011-05-16,2011-05-30,3,27,19
21365,2011-07-18,2011-08-01,3,33,13
21366,2010-06-21,2010-07-05,3,15,33
21366,2010-07-26,2010-08-09,3,17,31
21366,2010-08-30,2010-09-13,3,19,29
21366,2010-10-11,2010-10-25,3,21,27
21366,2010-12-20,2011-01-03,3,26,22
21366,2011-01-24,2011-02-14,4,28,20
21366,2011-03-28,2011-04-11,3,31,17
21366,2011-07-25,2011-09-19,9,41,7
21367,2010-08-02,2010-08-16,3,8,28
21367,2010-08-30,2010-09-27,5,9,27
21367,2010-10-11,2010-11-01,4,10,26
21367,2010-12-20,2011-01-03,3,15,21
21367,2011-01-31,2011-03-28,9,17,19
21367,2011-04-11,2011-04-25,3,18,18
21367,2011-05-16,2011-06-06,4,20,16
21367,2011-09-12,2011-10-03,4,28,8
21368,2010-05-17,2010-07-19,10,8,27
21368,2010-08-02,2010-08-16,3,9,26
21368,2010-08-30,2010-09-13,3,10,25
21368,2010-10-11,2010-11-01,4,12,23
21368,2010-11-15,2011-01-03,8,13,22
21368,2011-01-31,2011-03-28,9,15,20
21368,2011-04-11,2011-04-25,3,16,19
21368,2011-05-16,2011-06-06,4,18,17
21369,2011-03-14,2011-05-09,9,8,11
21369,2011-05-23,2011-06-06,3,9,10
21369,2011-07-11,2011-08-01,4,12,7
21370,2010-05-10,2010-07-05,9,9,9
21370,2010-07-19,2010-09-27,11,10,8
21370,2010-11-08,2010-11-22,3,13,5
21370,2010-12-06,2011-11-07,49,14,4
21371,2010-03-15,2010-03-29,3,9,35
21371,2010-05-31,2010-06-14,3,14,30
21371,2010-07-12,2010-08-23,7,16,28
21371,2010-09-06,2010-09-27,4,17,27
21371,2010-12-06,2011-01-03,5,21,23
21371,2011-01-24,2011-02-14,4,23,21
21371,2011-02-28,2011-03-14,3,24,20
21371,2011-03-28,2011-04-11,3,25,19
21371,2011-05-16,2011-05-30,3,29,15
21371,2011-07-18,2011-08-01,3,34,10
21372,2010-11-01,2010-11-15,3,9,26
21372,2010-12-20,2011-01-17,5,12,23
21372,2011-01-31,2011-03-07,6,13,22
21372,2011-03-28,2011-05-30,10,15,20
21373,2010-11-01,2010-11-22,4,8,23
21373,2010-12-06,2011-05-30,26,9,22
21374,2010-07-05,2010-07-19,3,8,41
21374,2010-08-02,2010-08-23,4,9,40
21374,2010-12-27,2011-02-28,10,21,28
21374,2011-04-11,2011-04-25,3,26,23
21375,2010-05-31,2010-06-14,3,13,29
21375,2010-07-12,2010-07-26,3,16,26
21375,2010-09-06,2010-09-20,3,19,23
21375,2010-10-04,2010-11-08,6,20,22
21375,2010-12-13,2010-12-27,3,24,18
21375,2011-01-10,2011-02-21,7,25,17
21375,2011-04-25,2011-05-09,3,30,12
21375,2011-06-20,2011-07-11,4,34,8
21375,2011-07-25,2011-08-15,4,35,7
21376,2010-04-05,2010-04-19,3,8,27
21376,2010-07-12,2010-08-02,4,15,20
21376,2010-08-16,2010-09-20,6,16,19
21376,2010-10-04,2010-10-25,4,17,18
21376,2010-12-13,2010-12-27,3,21,14
21376,2011-01-17,2011-02-07,4,23,12
21376,2011-02-21,2011-03-14,4,24,11
21376,2011-04-04,2011-04-25,4,26,9
21376,2011-06-13,2011-09-12,14,30,5
21377,2010-06-14,2010-06-28,3,22,40
21377,2010-08-30,2010-09-20,4,28,34
21377,2011-01-17,2011-02-21,6,38,24
21377,2011-07-25,2011-08-15,4,52,10
21378,2010-04-05,2010-04-19,3,13,40
21378,2010-06-14,2010-06-28,3,18,35
21378,2010-07-12,2010-08-02,4,19,34
21378,2010-12-13,2010-12-27,3,32,21
21378,2011-01-24,2011-02-07,3,35,18
21378,2011-02-28,2011-03-14,3,37,16
21378,2011-03-28,2011-04-11,3,38,15
21378,2011-07-11,2011-08-22,7,45,8
21378,2011-09-05,2011-09-26,4,46,7
21379,2010-08-30,2010-09-20,4,32,37
21379,2010-12-13,2011-01-03,4,40,29
21379,2011-01-24,2011-02-14,4,42,27
21379,2011-07-18,2011-08-22,6,58,11
21379,2011-09-12,2011-09-26,3,60,9
21382,2010-08-30,2010-09-20,4,12,44
21382,2010-10-04,2010-10-25,4,13,43
21382,2010-12-13,2010-12-27,3,16,40
21382,2011-04-25,2011-05-09,3,31,25
21383,2010-05-31,2010-06-14,3,20,56
21383,2010-07-12,2010-07-26,3,22,54
21383,2011-09-26,2011-10-10,3,68,8
21385,2010-04-05,2010-04-26,4,15,83
21386,2010-04-26,2010-06-07,7,12,35
21386,2010-06-21,2010-07-05,3,13,34
21386,2010-07-19,2010-09-06,8,14,33
21386,2010-09-20,2010-10-04,3,15,32
21386,2010-12-27,2011-01-17,4,22,25
21386,2011-04-25,2011-05-30,6,34,13
21386,2011-07-25,2011-08-15,4,39,8
21386,2011-09-05,2011-09-26,4,41,6
21389,2011-08-22,2011-09-05,3,77,7
21391,2010-09-13,2010-09-27,3,33,42
21392,2010-05-17,2010-06-07,4,17,19
21392,2010-06-28,2010-07-19,4,19,17
21393,2010-03-22,2010-05-03,7,8,22
21393,2010-10-11,2010-10-25,3,22,8
21394,2010-05-17,2010-06-07,4,8,45
21394,2010-07-26,2010-08-09,3,12,41
21394,2010-08-23,2010-10-11,8,13,40
21394,2010-10-25,2010-11-15,4,14,39
21394,2010-11-29,2010-12-13,3,15,38
21394,2010-12-27,2011-01-24,5,16,37
21394,2011-02-07,2011-02-21,3,17,36
21395,2010-07-26,2010-08-09,3,15,32
21395,2010-08-23,2010-09-27,6,16,31
21395,2010-10-18,2010-11-15,5,18,29
21395,2010-11-29,2011-02-28,14,19,28
21398,2010-03-29,2010-04-19,4,15,39
21399,2010-03-22,2010-05-17,9,13,40
21400,2010-08-16,2010-09-20,6,9,45
21400,2010-12-20,2011-01-10,4,16,38
21400,2011-02-07,2011-02-28,4,19,35
21400,2011-04-11,2011-04-25,3,24,30
21401,2010-04-12,2010-05-03,4,10,55
21401,2010-05-17,2010-06-14,5,11,54
21401,2010-09-06,2010-09-27,4,18,47
21401,2010-12-20,2011-01-17,5,28,37
21401,2011-02-07,2011-02-21,3,30,35
21402,2010-05-17,2010-05-31,3,19,49
21402,2010-09-06,2010-09-27,4,27,41
21402,2010-12-20,2011-01-03,3,33,35
21402,2011-02-07,2011-02-28,4,36,32
21403,2010-08-30,2010-10-11,7,27,49
21408,2010-03-22,2010-04-05,3,15,71
21408,2010-07-19,2010-08-09,4,28,58
21412,2010-08-16,2010-08-30,3,9,11
21413,2010-03-08,2010-04-26,8,8,24
21413,2010-08-02,2010-09-20,8,17,15
21413,2010-10-25,2010-11-08,3,19,13
21413,2011-01-31,2011-03-14,7,27,5
21413,2011-03-28,2011-04-18,4,28,4
21414,2010-05-03,2010-05-17,3,11,14
21414,2010-08-16,2010-09-13,5,20,5
21415,2010-09-06,2010-09-20,3,21,38
21415,2010-12-13,2010-12-27,3,30,29
21415,2011-04-11,2011-04-25,3,39,20
21416,2010-05-31,2010-06-14,3,9,9
21416,2010-06-28,2010-08-16,8,10,8
21416,2010-08-30,2010-09-20,4,11,7
21416,2010-10-18,2010-11-22,6,14,4
21417,2010-08-30,2010-09-13,3,25,42
21417,2011-05-09,2011-05-23,3,47,20
21418,2010-03-01,2010-03-22,4,10,40
21418,2010-04-05,2010-04-19,3,11,39
21418,2010-07-26,2010-08-09,3,20,30
21418,2010-10-25,2010-11-08,3,28,22
21418,2010-12-13,2011-01-10,5,32,18
21418,2011-01-24,2011-02-14,4,33,17
21418,2011-05-09,2011-05-23,3,40,10
21418,2011-06-27,2011-08-08,7,42,8
21420,2010-10-04,2010-10-25,4,9,19
21420,2010-11-15,2010-11-29,3,11,17
21420,2010-12-13,2011-01-10,5,12,16
21420,2011-01-24,2011-03-07,7,13,15
21420,2011-05-09,2011-05-23,3,17,11
21420,2011-07-18,2011-08-08,4,21,7
21420,2011-09-19,2011-10-03,3,24,4
21421,2010-12-13,2010-12-27,3,41,7
21421,2011-01-24,2011-02-07,3,43,5
21422,2011-06-20,2011-07-04,3,59,15
21424,2010-03-08,2010-03-22,3,8,63
21424,2010-12-20,2011-01-03,3,39,32
21424,2011-04-18,2011-05-16,5,51,20
21425,2010-02-08,2010-03-08,5,9,47
21425,2010-05-31,2010-06-14,3,17,39
21425,2010-11-22,2010-12-06,3,33,23
21425,2011-01-24,2011-02-07,3,38,18
21425,2011-04-11,2011-05-02,4,42,14
21425,2011-05-23,2011-08-01,11,44,12
21426,2010-12-20,2011-01-03,3,38,31
21426,2011-04-11,2011-05-23,7,48,21
21427,2011-02-07,2011-03-28,8,46,16
21427,2011-04-11,2011-05-09,5,47,15
21427,2011-05-23,2011-07-11,8,48,14
21428,2010-03-15,2010-07-05,17,14,71
21429,2011-02-14,2011-04-18,10,59,28
21429,2011-05-02,2011-05-30,5,60,27
21441,2010-06-28,2010-07-12,3,24,45
21441,2010-12-27,2011-01-10,3,39,30
21441,2011-07-04,2011-07-25,4,59,10
21441,2011-08-08,2011-08-29,4,60,9
21441,2011-10-03,2011-10-17,3,64,5
21442,2010-12-27,2011-01-10,3,42,29
21442,2011-07-25,2011-08-22,5,63,8
21445,2010-12-13,2010-12-27,3,49,12
21454,2010-05-03,2010-05-31,5,14,46
21454,2010-06-14,2010-06-28,3,15,45
21454,2010-07-19,2010-08-16,5,17,43
21454,2010-09-20,2010-11-15,9,19,41
21455,2010-04-05,2010-04-19,3,9,48
21455,2010-05-17,2010-05-31,3,11,46
21455,2010-07-19,2010-08-02,3,14,43
21455,2010-09-27,2010-10-25,5,18,39
21455,2011-09-05,2011-09-19,3,53,4
21456,2010-04-05,2010-08-16,20,12,12
21456,2010-08-30,2011-01-10,20,13,11
21457,2010-04-05,2010-08-16,20,13,15
21457,2010-08-30,2010-11-01,10,14,14
21457,2010-11-15,2011-01-10,9,15,13
21458,2010-04-05,2010-08-16,20,14,17
21458,2010-08-30,2011-01-10,20,15,16
21459,2010-04-12,2011-01-03,39,11,13
21460,2010-04-12,2011-01-03,39,9,9
21461,2010-04-12,2010-09-27,25,8,6
21461,2010-10-11,2011-01-03,13,9,5
21461,2011-01-17,2011-02-28,7,10,4
21462,2010-12-13,2011-01-03,4,49,33
21462,2011-04-04,2011-04-25,4,58,24
21465,2010-12-13,2011-01-03,4,44,40
21467,2010-12-13,2010-12-27,3,46,38
21468,2011-08-01,2011-08-22,4,68,8
21469,2010-12-13,2011-01-03,4,46,33
21469,2011-10-10,2011-10-24,3,75,4
21473,2010-08-16,2010-08-30,3,25,20
21473,2010-09-13,2010-11-01,8,26,19
21473,2010-12-20,2011-02-14,9,29,16
21473,2011-02-28,2011-03-14,3,30,15
21473,2011-07-11,2011-07-25,3,40,5
21476,2010-08-23,2010-09-20,5,25,16
21476,2010-10-04,2010-11-08,6,26,15
21476,2010-11-22,2011-01-17,9,27,14
21476,2011-01-31,2011-02-14,3,28,13
21476,2011-06-27,2011-07-11,3,37,4
21478,2010-04-26,2010-05-10,3,13,16
21478,2010-05-24,2010-06-14,4,14,15
21479,2011-03-21,2011-04-04,3,28,31
21482,2010-06-28,2010-08-09,7,26,8
21486,2010-06-14,2010-07-12,5,23,20
21488,2010-05-03,2010-05-31,5,18,24
21488,2010-06-14,2010-07-12,5,19,23
21497,2010-12-13,2010-12-27,3,51,49
21499,2010-05-03,2010-05-17,3,21,76
21503,2010-05-03,2010-05-24,4,13,30
21503,2010-07-19,2010-08-02,3,19,24
21503,2010-10-25,2010-12-06,7,26,17
21503,2011-02-07,2011-05-16,15,30,13
21518,2011-01-31,2011-02-14,3,48,8
21520,2010-04-26,2010-05-10,3,16,43
21520,2010-06-21,2010-07-05,3,20,39
21520,2010-07-26,2010-09-06,7,22,37
21520,2011-01-31,2011-02-14,3,36,23
21520,2011-09-26,2011-10-10,3,54,5
21530,2010-12-20,2011-01-03,3,35,42
21530,2011-02-21,2011-03-07,3,41,36
21532,2010-07-19,2010-08-02,3,30,6
21537,2010-12-13,2010-12-27,3,52,31
21537,2011-08-08,2011-08-29,4,74,9
21537,2011-09-12,2011-10-03,4,75,8
21538,2010-03-22,2010-04-05,3,11,16
21538,2010-07-12,2010-08-02,4,21,6
21538,2010-08-16,2010-09-06,4,22,5
21547,2010-08-02,2010-08-16,3,28,25
21555,2010-07-26,2010-08-09,3,26,44
21555,2010-09-13,2010-10-04,4,29,41
21555,2011-01-24,2011-02-07,3,40,30
21555,2011-02-28,2011-03-14,3,42,28
21555,2011-08-08,2011-08-22,3,56,14
21556,2010-03-01,2010-05-03,10,10,68
21556,2011-08-22,2011-09-05,3,74,4
21562,2010-08-16,2010-08-30,3,17,34
21562,2010-12-20,2011-01-10,4,29,22
21562,2011-01-24,2011-02-21,5,30,21
21562,2011-07-18,2011-08-08,4,44,7
21562,2011-09-26,2011-10-17,4,47,4
21563,2011-07-25,2011-08-08,3,82,14
21576,2010-08-23,2010-09-06,3,35,47
21576,2011-05-02,2011-05-23,4,61,21
21577,2011-01-24,2011-02-07,3,57,42
21579,2011-04-25,2011-06-06,7,54,16
21580,2010-10-11,2010-10-25,3,32,35
21580,2010-12-13,2011-01-10,5,37,30
21580,2011-05-02,2011-06-13,7,47,20
21581,2011-02-28,2011-03-14,3,49,25
21581,2011-04-18,2011-05-02,3,52,22
21584,2011-05-16,2011-06-06,4,65,21
21584,2011-06-20,2011-07-11,4,66,20
21586,2010-12-20,2011-01-03,3,44,29
21587,2010-06-14,2010-06-28,3,14,26
21591,2010-03-08,2010-03-22,3,10,61
21591,2010-12-20,2011-02-07,8,38,33
21592,2010-12-20,2011-01-03,3,52,46
21613,2010-12-27,2011-01-10,3,47,25
21613,2011-05-23,2011-06-06,3,64,8
21613,2011-06-27,2011-07-11,3,66,6
21614,2010-12-06,2011-03-21,16,50,6
21615,2010-03-22,2010-04-05,3,8,43
21615,2010-06-28,2010-07-12,3,15,36
21615,2010-08-16,2010-09-06,4,17,34
21615,2010-10-25,2010-11-29,6,22,29
21615,2011-03-07,2011-04-11,6,31,20
21615,2011-05-23,2011-06-06,3,34,17
21615,2011-07-25,2011-08-15,4,39,12
21615,2011-09-19,2011-10-03,3,42,9
21616,2010-06-28,2010-07-12,3,21,39
21616,2011-02-07,2011-03-21,7,42,18
21616,2011-04-04,2011-05-16,7,43,17
21616,2011-08-08,2011-09-05,5,50,10
21616,2011-09-19,2011-10-03,3,51,9
21617,2011-04-18,2011-05-09,4,50,19
21617,2011-09-19,2011-10-03,3,62,7
21618,2011-04-18,2011-05-09,4,48,16
21618,2011-07-25,2011-08-22,5,56,8
21618,2011-09-05,2011-09-26,4,57,7
21619,2010-06-28,2010-07-19,4,16,42
21619,2010-08-23,2010-09-06,3,19,39
21619,2011-01-24,2011-02-07,3,33,25
21619,2011-04-11,2011-04-25,3,39,19
21619,2011-07-11,2011-08-15,6,45,13
21619,2011-09-12,2011-09-26,3,48,10
21620,2010-03-15,2010-03-29,3,8,59
21620,2011-04-04,2011-05-09,6,45,22
21624,2011-06-20,2011-07-04,3,74,17
21626,2010-07-26,2010-08-09,3,30,44
21626,2010-12-20,2011-01-03,3,44,30
21626,2011-07-11,2011-08-08,5,66,8
21626,2011-09-12,2011-09-26,3,70,4
21627,2010-10-18,2010-11-01,3,35,36
21627,2011-02-07,2011-02-21,3,44,27
21628,2010-04-05,2010-04-26,4,13,42
21628,2010-05-10,2010-05-31,4,14,41
21628,2010-08-09,2010-08-23,3,21,34
21628,2010-11-15,2010-11-29,3,30,25
21628,2011-01-17,2011-03-21,10,34,21
21628,2011-05-16,2011-05-30,3,40,15
21628,2011-08-29,2011-09-26,5,48,7
21629,2010-11-08,2010-11-22,3,35,27
21629,2011-01-17,2011-02-07,4,39,23
21629,2011-03-07,2011-04-18,7,41,21
21629,2011-06-13,2011-06-27,3,45,17
21630,2010-06-28,2010-07-19,4,21,38
21630,2010-08-30,2010-09-13,3,25,34
21630,2011-03-14,2011-04-18,6,43,16
21630,2011-06-27,2011-08-01,6,49,10
21630,2011-08-22,2011-09-19,5,51,8
21631,2010-04-19,2010-05-03,3,8,25
21631,2010-08-09,2010-09-06,5,18,15
21631,2010-11-22,2010-12-06,3,22,11
21631,2011-01-31,2011-03-14,7,28,5
21631,2011-03-28,2011-05-02,6,29,4
21632,2010-09-13,2010-10-18,6,20,8
21632,2010-11-15,2010-11-29,3,22,6
21633,2010-09-13,2010-10-25,7,19,24
21633,2010-11-15,2010-12-06,4,21,22
21633,2011-02-28,2011-03-28,5,29,14
21633,2011-04-25,2011-05-30,6,32,11
21634,2010-07-19,2010-08-09,4,21,25
21634,2010-12-20,2011-02-21,10,33,13
21634,2011-03-14,2011-04-18,6,35,11
21635,2010-04-05,2010-04-19,3,9,21
21635,2010-07-19,2010-08-30,7,15,15
21635,2010-09-13,2010-10-11,5,16,14
21635,2010-12-06,2011-01-24,8,21,9
21635,2011-02-07,2011-02-21,3,22,8
21635,2011-03-07,2011-03-21,3,23,7
21635,2011-04-04,2011-05-30,9,24,6
21636,2010-04-05,2010-04-19,3,9,39
21636,2010-05-31,2010-06-14,3,12,36
21636,2010-07-05,2010-08-02,5,14,34
21636,2010-08-16,2010-09-06,4,15,33
21636,2010-11-15,2011-01-31,12,21,27
21636,2011-02-14,2011-03-21,6,22,26
21636,2011-04-04,2011-05-30,9,23,25
21637,2010-11-29,2011-03-07,15,38,6
21637,2011-04-04,2011-05-02,5,40,4
21638,2010-12-20,2011-01-31,7,46,19
21638,2011-02-28,2011-03-14,3,48,17
21638,2011-03-28,2011-04-25,5,49,16
21638,2011-05-23,2011-07-04,7,51,14
21638,2011-08-15,2011-08-29,3,55,10
21640,2010-02-01,2010-02-15,3,8,72
21640,2011-06-27,2011-08-01,6,65,15
21641,2010-10-11,2010-10-25,3,30,29
21641,2011-01-10,2011-01-31,4,39,20
21641,2011-03-28,2011-04-11,3,44,15
21642,2010-12-20,2011-01-10,4,48,27
21642,2011-01-24,2011-03-07,7,49,26
21642,2011-04-04,2011-04-25,4,52,23
21642,2011-05-09,2011-05-30,4,53,22
21643,2011-02-28,2011-03-14,3,56,21
21643,2011-05-09,2011-05-23,3,61,16
21644,2011-05-30,2011-06-13,3,55,8
21644,2011-07-04,2011-08-01,5,57,6
21644,2011-08-15,2011-08-29,3,58,5
21644,2011-09-12,2011-10-17,6,59,4
21647,2010-08-23,2010-09-06,3,30,22
21647,2010-12-20,2011-03-14,13,41,11
21647,2011-03-28,2011-06-13,12,42,10
21647,2011-06-27,2011-07-18,4,43,9
21648,2010-12-27,2011-02-14,8,52,25
21648,2011-03-28,2011-04-11,3,55,22
21648,2011-04-25,2011-05-09,3,56,21
21650,2010-09-13,2010-09-27,3,29,41
21650,2011-01-31,2011-02-21,4,42,28
21650,2011-03-21,2011-04-25,6,44,26
21654,2010-05-03,2010-05-17,3,11,35
21654,2010-07-19,2010-09-06,8,15,31
21654,2010-09-20,2010-11-01,7,16,30
21658,2010-09-27,2010-10-11,3,41,39
21659,2010-07-12,2010-08-23,7,26,4
21662,2010-08-02,2010-08-16,3,29,27
21662,2010-12-20,2011-01-10,4,45,11
21664,2010-08-02,2010-08-16,3,22,24
21664,2011-01-24,2011-02-14,4,37,9
21666,2010-09-20,2010-10-11,4,22,34
21666,2011-01-10,2011-01-31,4,30,26
21666,2011-02-28,2011-03-14,3,33,23
21666,2011-06-27,2011-07-25,5,44,12
21666,2011-10-10,2011-10-24,3,50,6
21668,2010-04-05,2010-04-26,4,17,80
21668,2010-05-10,2010-05-24,3,18,79
21669,2010-03-15,2010-05-24,11,13,79
21671,2010-03-01,2010-05-24,13,12,79
21672,2010-05-10,2010-05-24,3,22,79
21675,2011-07-11,2011-08-22,7,74,14
21676,2011-03-28,2011-04-11,3,54,23
21676,2011-06-27,2011-08-08,7,63,14
21676,2011-08-22,2011-09-05,3,64,13
21677,2011-02-14,2011-02-28,3,53,33
21678,2010-12-13,2010-12-27,3,35,19
21678,2011-01-24,2011-02-28,6,38,16
21678,2011-03-14,2011-04-11,5,39,15
21678,2011-06-20,2011-07-04,3,44,10
21678,2011-08-15,2011-09-12,5,47,7
21678,2011-10-10,2011-10-24,3,50,4
21680,2011-06-13,2011-06-27,3,68,21
21681,2010-07-12,2010-08-02,4,24,14
21682,2011-04-25,2011-05-16,4,60,21
21683,2010-07-12,2010-07-26,3,28,48
21683,2010-08-23,2010-09-13,4,31,45
21683,2010-12-20,2011-01-10,4,43,33
21684,2010-08-23,2010-09-06,3,28,35
21684,2011-04-18,2011-05-16,5,45,18
21684,2011-06-27,2011-07-18,4,48,15
21686,2010-07-19,2010-10-04,12,8,20
21686,2010-10-18,2010-11-08,4,9,19
21686,2010-12-13,2011-01-03,4,12,16
21686,2011-02-14,2011-03-07,4,15,13
21686,2011-06-27,2011-08-08,7,23,5
21688,2010-03-15,2010-03-29,3,8,65
21688,2010-12-20,2011-01-03,3,41,32
21688,2011-04-18,2011-05-02,3,52,21
21689,2010-11-08,2010-11-29,4,21,21
21689,2010-12-20,2011-02-07,8,23,19
21689,2011-04-04,2011-04-18,3,28,14
21689,2011-07-04,2011-07-25,4,34,8
21689,2011-08-08,2011-09-12,6,35,7
21690,2010-08-16,2010-08-30,3,31,13
21691,2010-08-16,2010-09-06,4,30,5
21693,2010-12-20,2011-01-03,3,38,29
21693,2011-01-17,2011-01-31,3,39,28
21693,2011-07-04,2011-08-08,6,53,14
21694,2010-03-01,2010-04-05,6,8,39
21694,2010-08-23,2010-09-06,3,20,27
21694,2011-01-17,2011-03-07,8,33,14
21694,2011-04-11,2011-05-02,4,35,12
21694,2011-05-23,2011-06-13,4,37,10
21694,2011-07-25,2011-08-22,5,41,6
21694,2011-09-26,2011-10-17,4,43,4
21695,2010-03-15,2010-03-29,3,8,53
21695,2010-04-12,2010-04-26,3,9,52
21695,2010-07-19,2010-08-02,3,19,42
21695,2010-12-06,2010-12-27,4,33,28
21695,2011-05-16,2011-05-30,3,45,16
21695,2011-06-13,2011-07-11,5,46,15
21696,2010-02-15,2010-03-08,4,9,52
21696,2010-12-20,2011-01-10,4,40,21
21696,2011-05-23,2011-06-13,4,51,10
21696,2011-08-08,2011-09-12,6,56,5
21698,2010-12-20,2011-01-10,4,38,25
21698,2011-02-07,2011-03-07,5,40,23
21698,2011-04-04,2011-04-18,3,42,21
21698,2011-05-02,2011-05-30,5,43,20
21700,2011-09-12,2011-10-03,4,91,5
21706,2011-04-18,2011-05-02,3,63,30
21707,2010-05-31,2010-06-14,3,19,53
21707,2011-04-18,2011-05-30,7,49,23
21708,2010-06-07,2010-06-21,3,19,46
21708,2010-07-26,2010-08-09,3,22,43
21708,2011-02-28,2011-03-14,3,41,24
21708,2011-03-28,2011-05-23,9,42,23
21709,2010-05-03,2010-05-17,3,16,52
21709,2011-04-04,2011-05-02,5,46,22
21709,2011-05-16,2011-05-30,3,47,21
21710,2011-02-07,2011-02-21,3,41,22
21710,2011-04-18,2011-05-16,5,45,18
21710,2011-05-30,2011-06-13,3,46,17
21711,2010-04-26,2010-05-10,3,12,36
21711,2010-05-31,2010-07-12,7,14,34
21711,2010-07-26,2010-08-16,4,15,33
21711,2010-09-27,2010-11-01,6,18,30
21711,2010-12-13,2010-12-27,3,23,25
21711,2011-02-07,2011-02-21,3,27,21
21711,2011-03-28,2011-05-02,6,29,19
21713,2010-10-18,2010-11-01,3,39,49
21717,2010-05-10,2010-05-24,3,20,23
21717,2010-06-14,2010-06-28,3,22,21
21717,2010-09-06,2010-10-18,7,28,15
21717,2010-12-20,2011-01-03,3,33,10
21718,2010-12-20,2011-01-03,3,50,44
21719,2011-05-16,2011-05-30,3,56,20
21720,2010-08-09,2010-08-23,3,25,20
21720,2010-12-13,2011-01-03,4,39,6
21720,2011-01-17,2011-02-07,4,40,5
21720,2011-02-21,2011-03-21,5,41,4
21721,2010-08-09,2010-08-23,3,29,29
21721,2011-02-28,2011-03-21,4,49,9
21721,2011-04-04,2011-04-25,4,50,8
21721,2011-06-13,2011-07-04,4,54,4
21722,2010-03-08,2010-04-19,7,9,42
21722,2010-06-21,2010-07-05,3,15,36
21722,2010-08-16,2010-08-30,3,19,32
21722,2010-12-27,2011-01-31,6,32,19
21722,2011-02-28,2011-03-21,4,34,17
21722,2011-04-11,2011-05-02,4,36,15
21722,2011-05-16,2011-06-06,4,37,14
21722,2011-07-25,2011-08-15,4,43,8
21722,2011-09-05,2011-10-17,7,45,6
21723,2010-05-24,2010-06-07,3,18,53
21723,2011-08-01,2011-08-22,4,62,9
21723,2011-09-12,2011-09-26,3,64,7
21723,2011-10-10,2011-10-24,3,65,6
21724,2011-08-29,2011-09-12,3,67,9
21725,2011-09-05,2011-09-19,3,76,4
21726,2011-02-07,2011-02-21,3,48,15
21726,2011-04-18,2011-05-30,7,53,10
21726,2011-07-04,2011-07-25,4,57,6
21726,2011-08-08,2011-09-19,7,58,5
21730,2010-03-15,2010-06-21,15,13,57
21730,2010-07-05,2010-07-19,3,14,56
21735,2010-06-21,2010-09-13,13,28,45
21736,2010-05-31,2010-07-05,6,8,16
21736,2010-07-19,2010-08-02,3,9,15
21736,2010-12-13,2011-01-10,5,20,4
21738,2010-04-05,2010-05-03,5,11,33
21738,2010-05-31,2010-06-28,5,13,31
21738,2011-01-17,2011-02-07,4,35,9
21738,2011-03-14,2011-04-04,4,39,5
21738,2011-04-18,2011-07-18,14,40,4
21739,2010-04-05,2010-04-19,3,10,52
21739,2010-12-27,2011-01-24,5,35,27
21739,2011-03-07,2011-06-13,15,39,23
21741,2010-12-20,2011-01-03,3,45,18
21741,2011-02-28,2011-05-23,13,49,14
21741,2011-06-20,2011-07-04,3,51,12
21742,2011-06-13,2011-06-27,3,61,22
21743,2010-05-10,2010-05-24,3,9,46
21743,2010-12-27,2011-01-10,3,34,21
21743,2011-01-24,2011-02-07,3,35,20
21743,2011-03-14,2011-03-28,3,39,16
21744,2010-12-27,2011-01-24,5,25,19
21744,2011-02-07,2011-02-28,4,26,18
21744,2011-03-14,2011-06-27,16,27,17
21747,2010-08-23,2010-09-13,4,34,34
21747,2010-10-04,2010-11-01,5,36,32
21747,2010-12-20,2011-01-03,3,40,28
21749,2011-09-05,2011-09-19,3,82,8
21750,2010-07-05,2010-07-19,3,18,24
21750,2010-10-04,2010-11-01,5,23,19
21750,2010-11-15,2010-11-29,3,24,18
21750,2010-12-13,2011-03-07,13,25,17
21756,2010-06-07,2010-10-25,21,26,57
21757,2010-04-05,2010-11-01,31,15,5
21758,2010-08-09,2010-08-23,3,23,31
21758,2010-12-13,2011-01-17,6,33,21
21758,2011-03-28,2011-04-11,3,39,15
21758,2011-05-16,2011-05-30,3,41,13
21758,2011-08-15,2011-09-26,7,48,6
21761,2010-12-06,2011-01-10,6,12,8
21761,2011-02-07,2011-03-21,7,14,6
21761,2011-04-04,2011-05-02,5,15,5
21761,2011-05-16,2011-08-08,13,16,4
21763,2010-05-31,2010-08-02,10,9,6
21763,2010-08-30,2010-12-27,18,11,4
21768,2010-03-08,2010-07-05,18,13,18
21769,2010-05-17,2010-05-31,3,16,18
21770,2010-04-05,2010-07-05,14,17,48
21770,2010-09-06,2010-09-20,3,25,40
21770,2010-10-04,2010-11-15,7,26,39
21770,2010-11-29,2011-03-14,16,27,38
21777,2010-07-26,2010-08-09,3,33,17
21784,2011-04-18,2011-05-02,3,59,9
21788,2010-12-27,2011-01-10,3,51,34
21788,2011-04-04,2011-04-25,4,57,28
21789,2010-12-27,2011-01-10,3,49,33
21789,2011-03-07,2011-03-21,3,54,28
21789,2011-04-04,2011-04-25,4,55,27
21792,2010-08-09,2010-08-23,3,23,37
21792,2010-09-06,2010-09-20,3,24,36
21793,2010-05-10,2010-05-24,3,10,44
21793,2010-06-28,2010-09-13,12,14,40
21793,2010-10-11,2010-10-25,3,17,37
21793,2011-01-10,2011-02-07,5,23,31
21793,2011-03-07,2011-03-21,3,25,29
21794,2010-07-05,2010-07-26,4,20,50
21801,2010-06-07,2010-07-12,6,8,50
21801,2011-03-07,2011-03-28,4,36,22
21801,2011-05-09,2011-05-30,4,39,19
21802,2011-05-16,2011-05-30,3,42,23
21803,2011-03-07,2011-03-28,4,32,27
21803,2011-05-09,2011-05-30,4,35,24
21804,2010-12-27,2011-08-29,36,22,13
21806,2010-03-22,2010-05-03,7,8,24
21806,2010-05-17,2010-06-07,4,9,23
21807,2010-06-07,2010-06-28,4,8,34
21807,2010-12-27,2011-06-13,25,31,11
21807,2011-08-08,2011-08-29,4,34,8
21808,2010-08-16,2010-08-30,3,9,28
21808,2010-12-20,2011-01-31,7,23,14
21808,2011-02-14,2011-06-27,20,24,13
21808,2011-07-11,2011-09-05,9,25,12
21809,2011-01-17,2011-05-23,19,28,17
21809,2011-06-06,2011-07-11,6,29,16
21809,2011-08-08,2011-08-22,3,31,14
21810,2011-01-17,2011-04-25,15,25,18
21810,2011-05-23,2011-06-27,6,27,16
21810,2011-07-25,2011-08-22,5,29,14
21811,2010-03-08,2010-03-22,3,8,69
21811,2010-04-12,2010-05-03,4,10,67
21812,2010-03-15,2010-04-26,7,8,57
21812,2010-12-20,2011-01-03,3,35,30
21812,2011-05-16,2011-06-06,4,47,18
21812,2011-06-27,2011-07-11,3,49,16
21812,2011-07-25,2011-08-15,4,50,15
21813,2010-08-30,2010-09-13,3,9,34
21813,2010-12-27,2011-02-21,9,23,20
21813,2011-03-07,2011-05-02,9,24,19
21813,2011-05-23,2011-07-11,8,26,17
21813,2011-07-25,2011-08-08,3,27,16
21814,2010-03-08,2010-03-29,4,10,32
21814,2010-04-19,2010-05-17,5,12,30
21814,2010-05-31,2010-06-14,3,13,29
21814,2010-12-13,2011-01-24,7,34,8
21814,2011-02-07,2011-04-18,11,35,7
21814,2011-05-02,2011-09-05,19,36,6
21814,2011-10-10,2011-10-24,3,38,4
21815,2011-02-07,2011-04-18,11,28,8
21815,2011-05-02,2011-08-15,16,29,7
21815,2011-09-12,2011-09-26,3,31,5
21816,2010-12-06,2011-08-29,39,19,5
21816,2011-09-12,2011-09-26,3,20,4
21817,2010-12-27,2011-07-11,29,21,11
21817,2011-08-01,2011-09-05,6,23,9
21818,2010-04-12,2010-05-03,4,8,55
21818,2010-05-17,2010-05-31,3,9,54
21818,2010-06-14,2010-07-05,4,10,53
21818,2010-12-27,2011-01-10,3,32,31
21818,2011-04-25,2011-05-09,3,41,22
21818,2011-05-30,2011-06-27,5,43,20
21819,2011-01-10,2011-06-20,24,26,17
21819,2011-08-22,2011-09-05,3,30,13
21820,2010-05-17,2010-05-31,3,8,52
21820,2010-06-14,2010-07-05,4,9,51
21820,2011-04-25,2011-05-23,5,40,20
21820,2011-06-06,2011-06-27,4,41,19
21821,2011-01-17,2011-07-18,27,23,17
21822,2010-12-27,2011-09-05,37,20,13
21823,2010-12-20,2011-01-03,3,28,19
21823,2011-01-17,2011-02-14,5,29,18
21823,2011-02-28,2011-03-14,3,30,17
21823,2011-03-28,2011-05-09,7,31,16
21823,2011-05-23,2011-06-13,4,32,15
21823,2011-07-11,2011-07-25,3,34,13
21824,2010-12-20,2011-01-03,3,26,15
21824,2011-01-17,2011-06-27,24,27,14
21824,2011-07-11,2011-07-25,3,28,13
21824,2011-08-08,2011-08-22,3,29,12
21826,2010-12-20,2011-01-03,3,53,8
21828,2010-12-13,2010-12-27,3,42,39
21836,2010-04-12,2010-04-26,3,15,24
21836,2010-07-26,2010-08-09,3,24,15
21839,2010-02-08,2010-02-22,3,8,30
21839,2010-09-20,2010-10-04,3,34,4
21841,2010-06-14,2010-06-28,3,21,34
21841,2010-12-06,2011-02-28,13,42,13
21841,2011-03-14,2011-06-13,14,43,12
21841,2011-07-18,2011-08-22,6,45,10
21845,2010-10-11,2010-10-25,3,36,42
21846,2011-04-25,2011-05-30,6,64,18
21846,2011-09-26,2011-10-10,3,74,8
21847,2010-04-12,2010-06-07,9,9,31
21847,2010-07-19,2010-08-16,5,12,28
21847,2010-08-30,2010-09-13,3,13,27
21847,2011-01-24,2011-02-07,3,29,11
21847,2011-02-21,2011-03-21,5,30,10
21847,2011-04-11,2011-06-27,12,32,8
21847,2011-08-01,2011-08-29,5,36,4
21849,2010-04-12,2010-05-10,5,13,48
21849,2010-08-30,2010-09-27,5,26,35
21849,2011-02-21,2011-03-14,4,43,18
21849,2011-04-11,2011-04-25,3,46,15
21849,2011-05-09,2011-05-30,4,47,14
21849,2011-08-01,2011-08-22,4,54,7
21849,2011-09-12,2011-10-03,4,56,5
21849,2011-10-17,2011-10-31,3,57,4
21850,2010-04-12,2010-05-03,4,12,37
21850,2010-05-17,2010-05-31,3,13,36
21850,2010-06-28,2010-07-19,4,16,33
21850,2010-08-02,2010-08-16,3,17,32
21850,2010-12-20,2011-01-10,4,28,21
21850,2011-02-14,2011-02-28,3,31,18
21850,2011-04-04,2011-05-30,9,33,16
21850,2011-08-15,2011-08-29,3,39,10
21850,2011-09-12,2011-10-03,4,40,9
21851,2010-07-19,2010-08-16,5,22,39
21851,2010-12-20,2011-01-10,4,38,23
21851,2011-04-11,2011-05-09,5,46,15
21851,2011-05-23,2011-06-13,4,47,14
21851,2011-07-25,2011-08-08,3,52,9
21865,2010-12-27,2011-01-10,3,54,39
21867,2010-12-20,2011-01-10,4,50,42
21868,2011-08-15,2011-08-29,3,85,9
21868,2011-10-03,2011-10-24,4,88,6
21871,2010-06-07,2010-07-05,5,26,69
21871,2010-07-19,2010-08-02,3,27,68
21879,2010-02-15,2010-03-08,4,10,45
21879,2010-06-07,2010-06-28,4,18,37
21879,2010-07-26,2010-08-23,5,20,35
21879,2011-02-21,2011-03-07,3,39,16
21879,2011-03-21,2011-04-04,3,40,15
21879,2011-04-18,2011-05-02,3,41,14
21879,2011-05-16,2011-06-06,4,42,13
21879,2011-08-15,2011-08-29,3,48,7
21879,2011-09-12,2011-09-26,3,49,6
21880,2010-02-22,2010-03-08,3,11,83
21881,2010-03-15,2010-04-12,5,9,50
21881,2010-07-12,2010-08-02,4,17,42
21881,2010-08-30,2010-09-13,3,20,39
21881,2011-01-31,2011-02-14,3,35,24
21881,2011-02-28,2011-03-14,3,36,23
21881,2011-09-05,2011-09-26,4,50,9
21882,2010-04-12,2010-05-03,4,12,51
21882,2010-07-26,2010-09-13,8,21,42
21882,2011-01-24,2011-02-21,5,37,26
21882,2011-03-21,2011-04-11,4,39,24
21883,2010-03-22,2010-04-05,3,12,67
21883,2010-04-26,2010-05-10,3,14,65
21883,2011-06-27,2011-07-18,4,61,18
21884,2010-07-19,2010-08-09,4,28,48
21884,2011-09-12,2011-09-26,3,67,9
21891,2010-02-15,2010-03-15,5,10,84
21891,2010-03-29,2010-04-19,4,11,83
21895,2010-06-28,2010-07-12,3,24,12
21895,2010-08-23,2010-09-27,6,27,9
21896,2011-09-26,2011-10-17,4,86,6
21897,2010-08-23,2010-09-06,3,33,10
21898,2010-09-06,2010-09-20,3,32,12
21898,2010-11-15,2011-02-07,13,37,7
21904,2011-01-10,2011-01-31,4,46,11
21925,2010-08-23,2010-09-06,3,18,45
21925,2010-12-06,2011-01-10,6,27,36
21926,2010-07-19,2010-08-02,3,15,46
21926,2010-11-29,2011-01-10,7,26,35
21926,2011-10-03,2011-10-17,3,56,5
21927,2010-07-19,2010-08-02,3,15,51
21927,2010-08-23,2010-09-13,4,17,49
21927,2010-12-06,2011-01-10,6,26,40
21927,2011-03-07,2011-04-04,5,32,34
21929,2010-05-03,2010-05-31,5,21,78
21932,2010-12-13,2010-12-27,3,48,46
21937,2010-12-13,2011-01-03,4,51,26
21942,2010-04-12,2010-04-26,3,14,56
21942,2011-03-21,2011-04-11,4,49,21
21942,2011-08-01,2011-09-05,6,60,10
21943,2010-12-20,2011-01-03,3,40,26
21943,2011-03-28,2011-04-11,3,47,19
21943,2011-08-01,2011-09-19,8,57,9
21944,2010-03-29,2010-04-26,5,13,55
21944,2011-01-31,2011-02-14,3,39,29
21944,2011-04-04,2011-05-02,5,43,25
21944,2011-05-30,2011-06-13,3,46,22
21945,2010-12-27,2011-01-10,3,47,26
21945,2011-01-31,2011-02-14,3,49,24
21945,2011-04-11,2011-05-02,4,53,20
21945,2011-06-06,2011-06-20,3,56,17
21945,2011-07-25,2011-08-29,6,60,13
21946,2010-09-06,2010-09-27,4,17,24
21946,2011-01-31,2011-02-28,5,27,14
21946,2011-03-28,2011-05-16,8,29,12
21946,2011-07-25,2011-09-19,9,35,6
21947,2011-08-15,2011-08-29,3,78,14
21949,2011-02-28,2011-03-14,3,56,28
21972,2011-02-07,2011-02-21,3,54,31
21973,2010-12-13,2010-12-27,3,52,23
21973,2011-01-17,2011-02-07,4,54,21
21973,2011-02-21,2011-03-21,5,55,20
21990,2010-06-14,2010-06-28,3,23,70
21991,2010-02-22,2010-04-19,9,10,66
21991,2010-05-03,2010-05-24,4,11,65
21991,2010-08-09,2010-09-06,5,17,59
21993,2010-05-31,2010-06-21,4,23,73
22021,2010-04-12,2010-11-15,32,15,15
22028,2010-04-26,2010-05-17,4,19,76
22030,2011-09-19,2011-10-31,7,92,5
22031,2010-08-23,2010-09-06,3,27,40
22031,2010-09-27,2010-10-18,4,29,38
22031,2011-03-21,2011-04-11,4,43,24
22031,2011-10-03,2011-10-17,3,61,6
22032,2010-07-26,2010-08-09,3,23,34
22032,2010-08-23,2010-09-06,3,24,33
22032,2010-10-04,2010-10-18,3,27,30
22032,2010-11-15,2010-12-06,4,29,28
22032,2011-01-24,2011-02-21,5,34,23
22032,2011-03-07,2011-03-21,3,35,22
22033,2010-08-23,2010-09-06,3,35,24
22033,2010-11-15,2010-12-06,4,42,17
22033,2011-01-24,2011-02-14,4,47,12
22033,2011-04-04,2011-05-09,6,52,7
22037,2010-02-22,2010-04-05,7,11,83
22038,2010-04-26,2010-05-10,3,9,29
22038,2010-06-21,2010-07-12,4,13,25
22038,2010-08-16,2010-08-30,3,15,23
22038,2010-10-04,2010-11-01,5,18,20
22038,2010-11-29,2011-01-24,9,20,18
22038,2011-02-21,2011-03-28,6,23,15
22038,2011-04-25,2011-05-09,3,25,13
22038,2011-08-01,2011-08-29,5,32,6
22038,2011-09-26,2011-10-17,4,34,4
22039,2010-08-16,2010-09-06,4,13,10
22039,2010-09-27,2010-10-18,4,15,8
22039,2010-11-15,2011-03-28,20,17,6
22039,2011-04-11,2011-04-25,3,18,5
22039,2011-05-09,2011-08-15,15,19,4
22040,2010-04-19,2010-05-10,4,16,45
22040,2011-02-28,2011-04-04,6,43,18
22042,2011-01-10,2011-04-04,13,22,16
22042,2011-04-25,2011-06-06,7,24,14
22042,2011-08-01,2011-08-29,5,28,10
22043,2010-12-27,2011-01-10,3,21,19
22043,2011-01-24,2011-06-06,20,22,18
22043,2011-07-25,2011-08-08,3,25,15
22044,2010-12-13,2011-07-11,31,16,11
22044,2011-07-25,2011-08-08,3,17,10
22048,2011-02-28,2011-03-21,4,45,20
22048,2011-05-30,2011-06-13,3,52,13
22048,2011-08-01,2011-08-22,4,57,8
22049,2010-12-27,2011-07-11,29,20,7
22049,2011-07-25,2011-08-29,6,21,6
22050,2011-02-07,2011-02-21,3,48,21
22050,2011-03-07,2011-03-21,3,49,20
22050,2011-04-25,2011-05-16,4,52,17
22051,2010-08-16,2010-08-30,3,29,39
22051,2011-01-24,2011-02-07,3,44,24
22051,2011-08-22,2011-09-19,5,61,7
22053,2010-06-14,2010-06-28,3,23,30
22053,2010-07-26,2010-08-09,3,25,28
22053,2010-12-13,2011-01-10,5,34,19
22053,2011-05-23,2011-06-13,4,48,5
22053,2011-06-27,2011-08-08,7,49,4
22056,2010-03-29,2010-04-19,4,11,7
22057,2010-12-13,2011-01-03,4,50,31
22057,2011-08-15,2011-09-12,5,72,9
22060,2011-02-14,2011-03-07,4,55,9
22061,2011-08-01,2011-08-22,4,84,15
22062,2010-10-25,2010-11-08,3,33,34
22062,2010-11-22,2010-12-06,3,34,33
22062,2011-02-14,2011-03-07,4,40,27
22063,2010-12-27,2011-01-10,3,53,42
22065,2010-04-05,2010-05-31,9,8,52
22065,2010-06-14,2010-07-05,4,9,51
22065,2010-12-20,2011-01-03,3,32,28
22065,2011-01-24,2011-03-14,8,34,26
22065,2011-04-04,2011-05-30,9,36,24
22066,2010-11-29,2010-12-13,3,41,45
22067,2011-05-16,2011-05-30,3,70,24
22070,2011-04-25,2011-05-23,5,65,22
22071,2011-05-09,2011-05-30,4,63,19
22071,2011-06-20,2011-07-11,4,65,17
22071,2011-07-25,2011-08-15,4,66,16
22075,2010-03-15,2010-04-05,4,12,56
22075,2010-05-10,2010-06-14,6,15,53
22075,2011-01-24,2011-02-14,4,43,25
22075,2011-03-14,2011-04-04,4,45,23
22075,2011-06-13,2011-07-25,7,51,17
22078,2011-05-09,2011-07-25,12,69,19
22080,2011-02-14,2011-07-04,21,60,20
22086,2011-01-24,2011-02-07,3,47,37
22086,2011-05-16,2011-05-30,3,57,27
22087,2011-05-16,2011-10-31,25,71,4
22091,2011-01-31,2011-02-14,3,51,37
22092,2010-03-08,2010-03-22,3,8,52
22092,2010-05-03,2010-05-24,4,12,48
22092,2010-07-05,2010-07-19,3,16,44
22092,2010-12-20,2011-01-24,6,32,28
22092,2011-03-14,2011-04-18,6,36,24
22092,2011-05-16,2011-06-27,7,39,21
22093,2010-06-21,2010-07-05,3,25,51
22093,2010-12-20,2011-02-07,8,44,32
22093,2011-03-07,2011-04-11,6,47,29
22094,2010-06-21,2010-07-12,4,27,66
22095,2011-03-07,2011-03-28,4,50,26
22095,2011-05-16,2011-05-30,3,54,22
22096,2010-04-26,2010-05-10,3,14,55
22096,2010-12-27,2011-01-24,5,39,30
22096,2011-05-30,2011-06-20,4,46,23
22097,2010-12-27,2011-01-10,3,47,41
22099,2011-04-25,2011-05-09,3,64,27
22100,2010-06-28,2010-07-19,4,21,42
22100,2011-01-24,2011-02-21,5,40,23
22100,2011-03-21,2011-04-11,4,42,21
22100,2011-05-02,2011-06-27,9,44,19
22101,2010-05-17,2010-05-31,3,11,53
22101,2010-08-09,2010-08-23,3,18,46
22101,2011-02-14,2011-02-28,3,37,27
22102,2010-05-10,2010-05-24,3,8,36
22102,2010-07-12,2010-08-02,4,13,31
22102,2010-10-11,2010-11-08,5,19,25
22102,2010-12-13,2010-12-27,3,22,22
22102,2011-01-31,2011-02-14,3,25,19
22102,2011-07-18,2011-08-29,7,38,6
22102,2011-09-12,2011-10-03,4,39,5
22103,2010-03-01,2010-03-15,3,8,43
22103,2010-08-02,2010-08-16,3,23,28
22103,2010-08-30,2010-09-13,3,24,27
22103,2010-11-29,2011-01-03,6,33,18
22103,2011-03-14,2011-04-04,4,39,12
22103,2011-05-23,2011-06-06,3,44,7
22103,2011-07-11,2011-08-01,4,46,5
22104,2010-03-29,2010-04-26,5,10,55
22104,2010-07-05,2010-08-02,5,15,50
22104,2010-09-06,2010-09-20,3,19,46
22104,2011-02-14,2011-03-14,5,37,28
22104,2011-07-25,2011-08-22,5,51,14
22105,2010-04-05,2010-05-17,7,8,32
22105,2010-05-31,2010-06-28,5,9,31
22105,2010-07-12,2010-09-06,9,10,30
22105,2010-10-18,2010-11-08,4,14,26
22105,2010-12-20,2011-01-03,3,18,22
22105,2011-02-14,2011-02-28,3,21,19
22105,2011-03-14,2011-03-28,3,22,18
22105,2011-07-18,2011-08-22,6,33,7
22106,2010-05-17,2010-06-07,4,8,43
22106,2010-07-12,2010-08-02,4,11,40
22106,2011-02-14,2011-02-28,3,27,24
22106,2011-05-30,2011-06-13,3,35,16
22106,2011-07-25,2011-08-08,3,39,12
22106,2011-09-05,2011-09-26,4,41,10
22108,2010-05-10,2010-05-24,3,11,48
22108,2011-02-28,2011-03-14,3,38,21
22108,2011-05-16,2011-05-30,3,43,16
22108,2011-06-27,2011-08-01,6,45,14
22108,2011-08-15,2011-09-05,4,46,13
22110,2010-05-31,2010-06-14,3,21,68
22110,2011-06-20,2011-07-04,3,68,21
22114,2011-03-14,2011-08-08,22,61,17
22116,2010-03-15,2010-04-12,5,12,65
22116,2010-06-21,2010-07-05,3,19,58
22116,2010-07-19,2010-08-02,3,20,57
22118,2011-01-24,2011-02-28,6,47,25
22118,2011-04-18,2011-05-16,5,50,22
22118,2011-05-30,2011-06-27,5,51,21
22119,2011-01-10,2011-01-24,3,51,32
22120,2010-03-01,2010-07-05,19,10,71
22121,2011-02-28,2011-03-28,5,34,23
22121,2011-05-02,2011-06-06,6,36,21
22123,2010-03-22,2010-04-19,5,10,65
22123,2010-08-16,2010-09-06,4,22,53
22123,2011-01-31,2011-02-14,3,38,37
22124,2011-01-31,2011-02-14,3,41,26
22124,2011-03-07,2011-03-21,3,43,24
22124,2011-04-25,2011-05-30,6,46,21
22129,2010-09-06,2010-09-20,3,32,40
22129,2010-12-13,2010-12-27,3,40,32
22129,2011-01-10,2011-01-31,4,41,31
22129,2011-07-11,2011-07-25,3,55,17
22130,2010-12-27,2011-01-31,6,39,25
22130,2011-03-07,2011-04-18,7,41,23
22130,2011-05-02,2011-06-13,7,42,22
22137,2010-03-22,2010-04-26,6,9,23
22137,2010-05-24,2010-06-07,3,11,21
22137,2010-06-21,2010-07-05,3,12,20
22137,2010-07-19,2010-08-09,4,13,19
22137,2010-12-06,2011-01-17,7,21,11
22137,2011-02-07,2011-02-21,3,23,9
22137,2011-04-18,2011-05-09,4,27,5
22138,2010-11-08,2010-11-22,3,48,51
22139,2010-02-08,2010-02-22,3,9,92
22141,2011-01-31,2011-03-07,6,13,27
22141,2011-03-21,2011-04-18,5,14,26
22141,2011-05-09,2011-06-06,5,16,24
22142,2010-12-27,2011-01-24,5,13,29
22142,2011-02-14,2011-02-28,3,15,27
22142,2011-04-04,2011-05-30,9,17,25
22143,2010-03-01,2010-04-26,9,10,16
22143,2010-05-24,2010-06-07,3,12,14
22143,2010-06-21,2010-07-05,3,13,13
22144,2011-02-14,2011-03-07,4,19,29
22144,2011-03-28,2011-05-09,7,21,27
22145,2010-05-10,2010-06-21,7,8,21
22146,2010-04-05,2010-06-14,11,14,5
22148,2010-04-05,2010-04-19,3,16,34
22148,2010-05-03,2010-06-14,7,17,33
22148,2010-06-28,2010-07-26,5,18,32
22148,2010-08-09,2010-08-30,4,19,31
22148,2010-09-13,2010-11-01,8,20,30
22148,2010-11-22,2010-12-13,4,22,28
22148,2011-05-16,2011-05-30,3,40,10
22148,2011-06-13,2011-06-27,3,41,9
22148,2011-08-08,2011-09-19,7,44,6
22152,2010-05-03,2010-05-24,4,13,62
22152,2011-05-30,2011-06-20,4,55,20
22153,2010-03-29,2010-04-12,3,10,48
22153,2010-04-26,2010-05-10,3,11,47
22153,2010-05-24,2010-06-28,6,12,46
22153,2011-01-10,2011-06-06,22,34,24
22154,2010-04-26,2010-06-28,10,8,49
22154,2011-02-21,2011-04-11,8,34,23
22154,2011-04-25,2011-06-06,7,35,22
22155,2010-04-26,2010-05-10,3,9,52
22155,2010-05-24,2010-06-07,3,10,51
22155,2010-06-21,2010-07-05,3,11,50
22155,2011-01-10,2011-01-31,4,34,27
22155,2011-02-14,2011-03-14,5,35,26
22155,2011-03-28,2011-04-11,3,36,25
22155,2011-04-25,2011-05-16,4,37,24
22162,2011-02-28,2011-03-21,4,53,15
22162,2011-05-23,2011-06-13,4,59,9
22162,2011-07-11,2011-08-01,4,61,7
22162,2011-08-15,2011-09-26,7,62,6
22163,2011-02-28,2011-03-21,4,44,21
22163,2011-05-16,2011-06-06,4,47,18
22164,2010-08-30,2010-09-13,3,10,21
22164,2011-01-17,2011-06-06,21,25,6
22164,2011-06-20,2011-08-22,10,26,5
22164,2011-09-05,2011-10-10,6,27,4
22165,2010-08-23,2010-09-13,4,33,55
22165,2011-08-08,2011-08-22,3,73,15
22166,2010-08-23,2010-09-06,3,26,54
22167,2011-08-15,2011-08-29,3,82,12
22173,2010-03-08,2010-06-14,15,13,70
22173,2011-04-04,2011-05-09,6,53,30
22181,2010-07-05,2010-08-02,5,20,42
22181,2010-08-16,2010-08-30,3,21,41
22181,2010-12-27,2011-01-17,4,35,27
22181,2011-02-07,2011-02-21,3,37,25
22181,2011-08-01,2011-08-22,4,51,11
22182,2010-08-16,2010-09-13,5,17,52
22182,2011-08-08,2011-09-05,5,58,11
22183,2010-04-05,2010-05-03,5,12,49
22183,2010-08-23,2010-09-06,3,23,38
22184,2010-03-22,2010-04-05,3,11,36
22185,2010-12-20,2011-01-17,5,54,43
22186,2010-05-03,2010-05-24,4,8,45
22186,2010-12-20,2011-01-03,3,31,22
22186,2011-01-17,2011-02-07,4,32,21
22186,2011-02-28,2011-04-11,7,34,19
22186,2011-04-25,2011-07-18,13,35,18
22187,2010-03-22,2010-04-26,6,8,39
22187,2010-05-10,2010-07-05,9,9,38
22187,2010-08-16,2010-09-13,5,13,34
22187,2011-01-17,2011-04-04,12,28,19
22187,2011-04-18,2011-06-27,11,29,18
22187,2011-07-11,2011-08-01,4,30,17
22189,2010-05-31,2010-07-19,8,25,71
22190,2010-05-24,2010-06-07,3,21,58
22190,2011-08-08,2011-08-22,3,67,12
22191,2010-06-07,2010-09-13,15,24,63
22192,2010-05-24,2010-06-21,5,22,63
22192,2010-07-05,2010-09-13,11,23,62
22193,2010-04-05,2010-09-13,24,15,63
22201,2010-03-29,2010-04-12,3,12,60
22201,2011-10-17,2011-10-31,3,67,5
22204,2011-09-05,2011-09-26,4,66,6
22208,2011-02-14,2011-02-28,3,53,36
22209,2010-09-27,2010-10-11,3,32,53
22209,2011-04-18,2011-05-02,3,55,30
22210,2011-01-31,2011-02-14,3,51,30
22210,2011-04-18,2011-05-02,3,56,25
22210,2011-05-16,2011-05-30,3,57,24
22211,2010-07-12,2010-07-26,3,26,61
22211,2010-09-27,2010-10-11,3,34,53
22214,2010-03-08,2010-03-22,3,9,43
22214,2010-10-18,2010-11-08,4,25,27
22214,2010-11-22,2010-12-06,3,26,26
22214,2011-03-28,2011-04-11,3,37,15
22214,2011-07-18,2011-08-08,4,43,9
22214,2011-09-12,2011-09-26,3,47,5
22216,2010-04-12,2010-04-26,3,12,53
22216,2010-07-26,2010-08-09,3,20,45
22216,2011-05-02,2011-05-16,3,45,20
22216,2011-08-01,2011-08-15,3,53,12
22220,2011-04-04,2011-04-18,3,64,25
22221,2011-01-17,2011-01-31,3,50,30
22223,2011-04-04,2011-04-18,3,60,18
22223,2011-08-15,2011-09-12,5,70,8
22228,2010-05-10,2010-05-31,4,20,50
22228,2010-07-19,2010-08-09,4,24,46
22228,2010-09-20,2010-10-04,3,27,43
22228,2011-04-25,2011-05-23,5,50,20
22228,2011-07-25,2011-08-08,3,57,13
22229,2010-04-26,2010-05-24,5,17,39
22229,2010-06-07,2010-08-09,10,18,38
22229,2010-09-20,2010-11-01,7,21,35
22229,2010-12-13,2010-12-27,3,25,31
22229,2011-04-25,2011-05-23,5,40,16
22229,2011-07-25,2011-08-08,3,46,10
22229,2011-08-22,2011-09-12,4,47,9
22230,2010-12-13,2011-01-17,6,42,35
22231,2010-12-13,2010-12-27,3,51,41
22232,2010-09-20,2010-10-04,3,31,37
22232,2010-12-13,2011-01-10,5,37,31
22232,2011-04-18,2011-05-02,3,46,22
22232,2011-05-16,2011-05-30,3,47,21
22233,2010-04-05,2010-04-19,3,13,55
22233,2010-05-24,2010-06-21,5,16,52
22233,2010-12-13,2010-12-27,3,29,39
22233,2011-05-16,2011-05-30,3,46,22
22233,2011-08-01,2011-08-15,3,54,14
22241,2010-05-31,2010-06-14,3,21,44
22241,2010-07-12,2010-08-09,5,23,42
22241,2011-06-06,2011-06-20,3,56,9
22241,2011-07-04,2011-07-18,3,57,8
22241,2011-08-15,2011-08-29,3,59,6
22243,2010-06-21,2010-09-06,12,27,53
22244,2010-07-12,2010-09-06,9,30,54
22246,2010-07-19,2010-08-02,3,26,47
22246,2010-12-27,2011-01-10,3,43,30
22246,2011-05-09,2011-05-30,4,57,16
22246,2011-07-25,2011-08-08,3,62,11
22247,2010-04-26,2010-05-10,3,16,31
22247,2010-05-24,2010-08-16,13,17,30
22247,2010-08-30,2010-11-01,10,18,29
22247,2011-04-25,2011-05-30,6,39,8
22248,2010-09-20,2010-11-01,7,31,34
22248,2011-05-09,2011-05-23,3,53,12
22248,2011-07-25,2011-09-12,8,59,6
22249,2010-05-24,2010-06-21,5,21,40
22249,2010-08-23,2010-10-04,7,26,35
22249,2011-05-23,2011-06-06,3,52,9
22249,2011-07-25,2011-09-19,9,57,4
22250,2011-08-08,2011-08-29,4,75,6
22250,2011-09-26,2011-10-10,3,77,4
22251,2011-09-19,2011-10-03,3,76,6
22252,2010-09-27,2010-10-11,3,24,43
22252,2010-12-20,2011-01-03,3,30,37
22254,2010-06-14,2010-07-05,4,24,45
22254,2010-08-23,2010-09-13,4,28,41
22254,2011-05-09,2011-05-23,3,54,15
22254,2011-07-04,2011-07-18,3,58,11
22254,2011-08-08,2011-08-22,3,60,9
22255,2010-06-14,2010-07-05,4,22,45
22255,2010-08-30,2010-09-13,3,26,41
22255,2011-04-25,2011-05-09,3,48,19
22255,2011-09-19,2011-10-03,3,60,7
22256,2010-05-17,2010-06-21,6,19,24
22256,2010-07-26,2010-09-27,10,21,22
22256,2010-11-01,2010-11-15,3,23,20
22257,2010-04-05,2010-04-26,4,8,18
22257,2010-05-10,2010-12-06,31,9,17
22258,2010-05-03,2010-11-15,29,16,24
22258,2011-05-02,2011-06-13,7,36,4
22259,2010-04-12,2010-06-14,10,10,16
22259,2010-06-28,2010-07-12,3,11,15
22259,2010-07-26,2010-11-22,18,12,14
22260,2011-05-09,2011-05-23,3,58,14
22260,2011-06-06,2011-06-27,4,59,13
22260,2011-07-11,2011-07-25,3,60,12
22260,2011-08-15,2011-08-29,3,62,10
22260,2011-10-03,2011-10-17,3,65,7
22261,2010-05-24,2010-07-19,9,20,46
22261,2011-05-02,2011-05-16,3,53,13
22261,2011-06-06,2011-07-25,8,55,11
22261,2011-08-08,2011-08-29,4,56,10
22261,2011-10-03,2011-10-17,3,59,7
22262,2011-05-09,2011-05-23,3,64,20
22262,2011-06-06,2011-06-20,3,65,19
22263,2010-03-29,2010-04-19,4,13,44
22263,2010-05-03,2010-05-17,3,14,43
22263,2011-04-25,2011-05-23,5,44,13
22263,2011-06-06,2011-06-27,4,45,12
22264,2010-04-26,2010-05-17,4,16,38
22264,2010-05-31,2010-07-12,7,17,37
22264,2010-07-26,2010-08-16,4,18,36
22264,2010-08-30,2010-09-13,3,19,35
22264,2011-05-23,2011-06-06,3,49,5
22265,2011-05-23,2011-06-13,4,54,7
22265,2011-07-25,2011-08-29,6,57,4
22266,2010-05-31,2010-06-14,3,18,40
22266,2010-06-28,2010-12-27,27,19,39
22266,2011-08-08,2011-08-29,4,45,13
22267,2010-04-05,2010-12-27,39,13,35
22267,2011-07-25,2011-08-22,5,35,13
22268,2010-05-10,2010-06-14,6,16,46
22268,2010-06-28,2010-08-16,8,17,45
22268,2010-08-30,2010-09-13,3,18,44
22268,2010-10-25,2010-11-08,3,22,40
22268,2010-11-29,2010-12-27,5,24,38
22268,2011-04-25,2011-05-09,3,40,22
22269,2010-04-26,2010-05-17,4,17,60
22269,2011-05-16,2011-05-30,3,53,24
22270,2010-08-16,2010-08-30,3,28,29
22270,2010-10-04,2010-11-01,5,31,26
22270,2010-11-15,2010-12-06,4,32,25
22270,2011-04-25,2011-05-23,5,49,8
22270,2011-06-06,2011-06-20,3,50,7
22270,2011-07-04,2011-08-29,9,51,6
22277,2010-12-27,2011-01-10,3,49,38
22277,2011-02-07,2011-02-21,3,52,35
22278,2010-12-27,2011-01-10,3,55,45
22279,2010-02-22,2010-03-08,3,10,68
22280,2010-03-29,2010-04-12,3,11,56
22280,2010-05-31,2010-06-21,4,16,51
22280,2010-09-20,2010-10-04,3,25,42
22280,2011-03-28,2011-04-11,3,44,23
22280,2011-10-03,2011-10-17,3,60,7
22281,2010-04-12,2010-05-17,6,16,24
22281,2010-05-31,2010-10-04,19,17,23
22281,2010-10-18,2010-11-08,4,18,22
22281,2010-12-20,2011-01-03,3,21,19
22284,2011-07-11,2011-08-01,4,76,12
22285,2010-08-16,2010-09-06,4,33,46
22285,2011-06-13,2011-06-27,3,66,13
22285,2011-07-11,2011-07-25,3,67,12
22286,2010-04-05,2010-08-16,20,14,40
22286,2010-08-30,2010-11-15,12,15,39
22286,2011-04-25,2011-05-30,6,33,21
22287,2010-04-12,2010-05-24,7,15,32
22287,2010-06-07,2010-11-29,26,16,31
22287,2010-12-20,2011-01-03,3,18,29
22287,2011-04-25,2011-05-30,6,30,17
22287,2011-08-01,2011-08-15,3,37,10
22287,2011-08-29,2011-09-12,3,38,9
22288,2010-04-05,2010-04-19,3,12,31
22288,2010-05-03,2010-06-21,8,13,30
22288,2010-07-19,2010-08-09,4,15,28
22288,2010-08-23,2010-10-04,7,16,27
22288,2010-10-18,2010-11-01,3,17,26
22288,2010-12-13,2010-12-27,3,20,23
22288,2011-04-25,2011-06-20,9,35,8
22288,2011-07-04,2011-07-18,3,36,7
22288,2011-08-29,2011-09-12,3,39,4
22289,2010-04-05,2010-04-19,3,12,30
22289,2010-05-03,2010-05-31,5,13,29
22289,2010-08-16,2010-09-13,5,19,23
22289,2010-10-18,2010-11-01,3,21,21
22289,2010-11-22,2010-12-06,3,23,19
22289,2010-12-20,2011-01-10,4,24,18
22289,2011-04-18,2011-06-20,10,35,7
22291,2010-05-17,2010-05-31,3,18,47
22291,2010-06-14,2010-07-05,4,19,46
22291,2010-08-23,2010-09-06,3,24,41
22292,2010-09-20,2010-10-04,3,30,40
22292,2010-12-13,2010-12-27,3,38,32
22292,2011-07-25,2011-08-08,3,62,8
22293,2010-06-21,2010-07-26,6,24,47
22293,2010-08-30,2010-10-18,8,27,44
22293,2011-08-22,2011-09-05,3,64,7
22299,2010-07-26,2010-08-23,5,26,46
22299,2011-05-16,2011-06-13,5,54,18
22299,2011-07-04,2011-07-18,3,56,16
22299,2011-08-08,2011-08-22,3,58,14
22302,2010-10-18,2010-12-06,8,39,51
22303,2010-11-22,2010-12-06,3,48,51
22304,2010-12-20,2011-01-10,4,46,29
22304,2011-09-26,2011-10-24,5,70,5
22306,2010-12-27,2011-02-14,8,21,20
22306,2011-03-21,2011-07-04,16,23,18
22306,2011-07-18,2011-08-08,4,24,17
22307,2010-12-20,2011-01-10,4,24,16
22307,2011-01-24,2011-08-08,29,25,15
22309,2011-05-02,2011-05-23,4,66,24
22310,2010-03-29,2010-04-19,4,14,65
22310,2011-03-14,2011-03-28,3,55,24
22310,2011-04-25,2011-05-23,5,57,22
22311,2010-05-17,2010-05-31,3,17,65
22312,2010-07-19,2010-08-02,3,27,58
22312,2011-06-27,2011-07-11,3,67,18
22313,2010-03-22,2010-04-26,6,12,52
22313,2010-08-09,2010-08-23,3,20,44
22313,2011-02-21,2011-03-14,4,42,22
22313,2011-04-11,2011-05-09,5,45,19
22313,2011-06-27,2011-07-11,3,50,14
22313,2011-09-12,2011-10-03,4,55,9
22314,2010-08-09,2010-08-23,3,28,55
22316,2011-01-24,2011-02-14,4,41,28
22316,2011-08-22,2011-09-12,4,60,9
22317,2011-06-06,2011-06-20,3,59,17
22319,2011-05-02,2011-05-16,3,58,17
22319,2011-09-05,2011-09-19,3,67,8
22320,2010-12-06,2010-12-27,4,47,34
22320,2011-01-10,2011-01-24,3,48,33
22322,2011-09-05,2011-09-19,3,81,4
22324,2011-01-24,2011-02-07,3,44,28
22325,2010-03-29,2010-04-12,3,11,70
22325,2011-05-16,2011-05-30,3,59,22
22326,2010-08-23,2010-09-06,3,33,62
22336,2010-04-12,2010-05-03,4,8,53
22336,2011-03-07,2011-03-21,3,42,19
22336,2011-05-30,2011-06-13,3,48,13
22337,2010-12-20,2011-06-27,28,22,14
22337,2011-07-11,2011-08-01,4,23,13
22337,2011-08-15,2011-09-05,4,24,12
22338,2010-05-24,2010-07-05,7,8,43
22338,2010-12-20,2011-01-03,3,30,21
22338,2011-01-24,2011-04-25,14,32,19
22338,2011-05-09,2011-06-27,8,33,18
22338,2011-07-18,2011-08-08,4,35,16
22339,2010-03-15,2010-04-12,5,8,32
22339,2010-04-26,2010-07-12,12,9,31
22339,2010-12-20,2011-01-10,4,28,12
22339,2011-01-24,2011-07-11,25,29,11
22339,2011-07-25,2011-09-05,7,30,10
22340,2011-01-17,2011-08-15,31,23,13
22340,2011-08-29,2011-09-12,3,24,12
22343,2011-09-19,2011-10-03,3,75,5
22343,2011-10-17,2011-11-07,4,76,4
22344,2010-03-29,2010-04-12,3,11,51
22344,2011-02-14,2011-02-28,3,43,19
22344,2011-03-28,2011-04-11,3,46,16
22344,2011-05-02,2011-05-16,3,48,14
22344,2011-08-22,2011-09-05,3,56,6
22344,2011-09-26,2011-11-07,7,58,4
22345,2011-02-21,2011-03-07,3,43,20
22345,2011-04-04,2011-04-18,3,46,17
22345,2011-06-13,2011-07-04,4,52,11
22345,2011-08-22,2011-09-05,3,55,8
22345,2011-10-10,2011-10-24,3,57,6
22346,2010-03-29,2010-04-12,3,10,39
22346,2010-04-26,2010-05-10,3,11,38
22346,2011-01-31,2011-03-07,6,36,13
22346,2011-05-02,2011-05-23,4,40,9
22346,2011-06-13,2011-07-04,4,42,7
22346,2011-08-22,2011-11-07,12,45,4
22353,2010-11-15,2011-01-24,11,47,12
22354,2010-12-13,2010-12-27,3,49,40
22359,2010-12-13,2011-01-03,4,36,38
22363,2011-07-11,2011-07-25,3,59,18
22372,2011-02-14,2011-02-28,3,48,37
22389,2011-01-31,2011-02-28,5,33,19
22389,2011-05-23,2011-06-27,6,40,12
22389,2011-07-11,2011-07-25,3,41,11
22389,2011-08-08,2011-08-29,4,42,10
22390,2011-01-24,2011-02-21,5,32,18
22390,2011-05-09,2011-06-13,6,37,13
22390,2011-06-27,2011-07-18,4,38,12
22390,2011-08-15,2011-09-05,4,41,9
22391,2010-07-12,2010-07-26,3,13,28
22391,2010-10-18,2010-11-15,5,19,22
22391,2011-01-24,2011-02-07,3,25,16
22391,2011-02-21,2011-03-07,3,26,15
22391,2011-03-21,2011-04-04,3,27,14
22391,2011-05-02,2011-05-30,5,29,12
22391,2011-08-01,2011-09-05,6,33,8
22391,2011-10-10,2011-10-24,3,35,6
22393,2011-01-24,2011-02-14,4,32,29
22393,2011-06-13,2011-06-27,3,44,17
22393,2011-08-08,2011-08-22,3,48,13
22394,2010-07-12,2010-07-26,3,11,27
22394,2011-01-17,2011-02-28,7,26,12
22394,2011-04-11,2011-05-02,4,29,9
22394,2011-05-16,2011-05-30,3,30,8
22394,2011-06-13,2011-07-04,4,31,7
22394,2011-07-18,2011-09-05,8,32,6
22394,2011-09-19,2011-10-03,3,33,5
22395,2010-07-19,2010-08-09,4,8,25
22395,2010-08-23,2010-09-20,5,9,24
22395,2010-10-18,2010-11-01,3,11,22
22395,2011-01-10,2011-02-14,6,17,16
22395,2011-03-21,2011-04-04,3,20,13
22395,2011-04-25,2011-05-30,6,22,11
22395,2011-06-13,2011-07-04,4,23,10
22395,2011-07-25,2011-08-22,5,25,8
22395,2011-09-05,2011-09-26,4,26,7
22395,2011-10-17,2011-10-31,3,28,5
22398,2011-04-25,2011-05-09,3,54,29
22400,2010-12-27,2011-01-17,4,34,37
22400,2011-02-07,2011-02-21,3,36,35
22402,2010-12-20,2011-01-10,4,37,42
22406,2011-04-25,2011-05-09,3,50,22
22406,2011-06-13,2011-06-27,3,54,18
22406,2011-08-22,2011-09-05,3,59,13
22407,2010-12-20,2011-01-24,6,30,18
22407,2011-04-25,2011-05-16,4,37,11
22407,2011-05-30,2011-07-04,6,38,10
22407,2011-09-26,2011-10-24,5,44,4
22408,2011-03-28,2011-05-23,9,41,12
22408,2011-06-06,2011-06-27,4,42,11
22408,2011-07-18,2011-08-01,3,44,9
22408,2011-08-22,2011-09-05,3,46,7
22408,2011-09-19,2011-10-03,3,47,6
22409,2010-12-20,2011-01-17,5,35,34
22409,2011-06-06,2011-06-20,3,49,20
22410,2011-05-30,2011-06-20,4,54,17
22410,2011-07-25,2011-08-08,3,57,14
22420,2010-07-26,2010-08-16,4,12,57
22420,2010-12-20,2011-01-03,3,28,41
22427,2010-09-20,2010-10-18,5,18,52
22433,2010-08-30,2010-09-13,3,28,59
22438,2011-07-04,2011-07-18,3,52,12
22438,2011-08-29,2011-09-12,3,55,9
22438,2011-10-10,2011-10-24,3,58,6
22442,2010-07-26,2010-08-09,3,18,40
22442,2010-09-06,2010-09-20,3,20,38
22442,2010-12-13,2010-12-27,3,31,27
22442,2011-07-18,2011-09-26,11,50,8
22446,2010-10-18,2010-11-08,4,24,33
22446,2011-05-02,2011-06-13,7,39,18
22446,2011-07-25,2011-08-22,5,42,15
22447,2010-07-26,2010-08-09,3,12,32
22447,2010-10-25,2010-11-08,3,20,24
22447,2011-02-21,2011-03-07,3,30,14
22447,2011-04-18,2011-06-13,9,34,10
22447,2011-08-15,2011-09-19,6,38,6
22447,2011-10-03,2011-10-17,3,39,5
22448,2010-12-20,2011-01-03,3,36,23
22448,2011-04-25,2011-05-09,3,45,14
22448,2011-06-06,2011-06-27,4,47,12
22448,2011-08-08,2011-09-19,7,50,9
22450,2011-02-28,2011-04-04,6,45,16
22450,2011-05-16,2011-05-30,3,48,13
22450,2011-06-13,2011-06-27,3,49,12
22450,2011-08-01,2011-08-29,5,53,8
22451,2011-02-21,2011-03-07,3,46,5
22452,2011-04-04,2011-04-18,3,50,24
22453,2011-02-21,2011-03-14,4,38,21
22453,2011-04-18,2011-05-02,3,42,17
22453,2011-06-06,2011-06-27,4,44,15
22453,2011-10-10,2011-10-24,3,53,6
22454,2010-12-20,2011-01-17,5,39,18
22454,2011-03-14,2011-04-04,4,45,12
22454,2011-04-18,2011-06-13,9,46,11
22454,2011-08-01,2011-08-15,3,50,7
22454,2011-08-29,2011-09-12,3,51,6
22454,2011-09-26,2011-10-10,3,52,5
22456,2010-05-31,2010-06-14,3,13,76
22457,2010-05-10,2010-06-07,5,9,77
22461,2011-06-06,2011-06-20,3,52,7
22466,2010-07-19,2010-08-02,3,19,65
22467,2010-06-21,2010-07-05,3,14,63
22467,2010-07-19,2010-09-13,9,15,62
22469,2011-04-25,2011-05-09,3,48,30
22470,2011-03-14,2011-04-04,4,46,31
22470,2011-04-18,2011-05-09,4,47,30
22471,2011-03-28,2011-04-25,5,49,21
22471,2011-07-04,2011-07-25,4,55,15
22472,2011-05-23,2011-06-06,3,55,18
22472,2011-09-05,2011-09-19,3,63,10
22473,2011-05-09,2011-05-23,3,53,18
22473,2011-08-08,2011-09-12,6,59,12
22474,2011-07-11,2011-08-01,4,61,14
22479,2011-09-12,2011-10-03,4,63,9
22481,2011-05-09,2011-05-23,3,49,25
22482,2010-12-20,2011-01-03,3,41,17
22486,2010-06-21,2010-11-08,21,9,17
22486,2010-12-20,2011-01-10,4,13,13
22486,2011-02-14,2011-08-15,27,15,11
22495,2011-04-11,2011-05-02,4,52,22
22495,2011-08-08,2011-08-29,4,61,13
22496,2011-03-14,2011-03-28,3,53,27
22503,2010-07-12,2010-08-09,5,10,26
22503,2010-08-23,2010-09-06,3,11,25
22503,2010-10-04,2010-11-08,6,13,23
22503,2011-02-28,2011-04-11,7,24,12
22503,2011-04-25,2011-05-30,6,25,11
22503,2011-07-25,2011-08-15,4,31,5
22503,2011-08-29,2011-09-26,5,32,4
22504,2010-10-18,2010-11-01,3,16,31
22504,2011-01-31,2011-02-14,3,27,20
22504,2011-03-28,2011-04-25,5,30,17
22504,2011-08-01,2011-08-15,3,39,8
22504,2011-08-29,2011-09-26,5,40,7
22509,2011-04-18,2011-05-02,3,50,21
22509,2011-05-23,2011-06-06,3,52,19
22510,2010-09-27,2010-10-11,3,25,27
22510,2011-02-21,2011-05-09,12,39,13
22510,2011-06-20,2011-07-18,5,42,10
22510,2011-08-01,2011-09-19,8,43,9
22511,2011-02-21,2011-05-30,15,40,11
22511,2011-06-20,2011-07-11,4,42,9
22511,2011-07-25,2011-08-15,4,43,8
22511,2011-08-29,2011-09-19,4,44,7
22511,2011-10-03,2011-10-24,4,45,6
22512,2010-06-07,2010-07-05,5,8,33
22512,2010-07-26,2010-08-09,3,10,31
22512,2011-01-31,2011-06-06,19,27,14
22512,2011-06-20,2011-07-11,4,28,13
22512,2011-08-22,2011-09-12,4,32,9
22512,2011-10-17,2011-10-31,3,36,5
22513,2010-12-27,2011-01-17,4,39,26
22513,2011-04-04,2011-05-09,6,46,19
22514,2010-09-20,2010-10-04,3,24,48
22515,2011-05-30,2011-06-20,4,52,16
22515,2011-08-01,2011-08-22,4,57,11
22516,2011-01-24,2011-02-14,4,34,22
22516,2011-07-18,2011-08-08,4,51,5
22516,2011-08-22,2011-11-07,12,52,4
22517,2010-08-16,2010-08-30,3,19,41
22517,2010-11-01,2010-11-15,3,23,37
22517,2011-01-24,2011-02-07,3,30,30
22518,2010-08-23,2010-09-06,3,22,32
22529,2010-12-20,2011-01-03,3,34,31
22529,2011-05-16,2011-05-30,3,45,20
22532,2010-12-20,2011-01-10,4,36,31
22532,2011-02-07,2011-02-28,4,38,29
22532,2011-05-16,2011-05-30,3,43,24
22533,2011-02-07,2011-02-28,4,42,30
22538,2010-12-27,2011-01-31,6,30,25
22538,2011-10-17,2011-11-07,4,51,4
22541,2010-06-14,2010-07-26,7,10,36
22541,2010-08-09,2010-09-13,6,11,35
22541,2010-12-13,2010-12-27,3,20,26
22541,2011-01-10,2011-01-24,3,21,25
22541,2011-05-23,2011-06-13,4,30,16
22543,2011-04-25,2011-05-30,6,45,19
22546,2010-12-27,2011-01-17,4,36,32
22546,2011-02-07,2011-03-07,5,38,30
22546,2011-05-02,2011-05-16,3,44,24
22558,2010-07-26,2010-10-11,12,15,56
22558,2010-11-01,2010-11-15,3,17,54
22567,2011-04-25,2011-06-13,8,56,24
22571,2011-01-24,2011-05-30,19,26,24
22572,2011-01-24,2011-04-11,12,26,23
22572,2011-04-25,2011-05-30,6,27,22
22573,2010-12-27,2011-01-10,3,24,25
22573,2011-01-24,2011-02-21,5,25,24
22573,2011-03-07,2011-05-30,13,26,23
22574,2011-01-31,2011-02-21,4,27,25
22574,2011-03-28,2011-05-09,7,29,23
22574,2011-07-25,2011-08-08,3,35,17
22575,2011-01-17,2011-06-27,24,25,20
22576,2010-12-20,2011-01-03,3,23,24
22576,2011-01-24,2011-02-14,4,25,22
22576,2011-02-28,2011-06-20,17,26,21
22577,2011-04-25,2011-05-09,3,37,27
22578,2010-12-27,2011-01-10,3,24,21
22578,2011-01-24,2011-06-27,23,25,20
22578,2011-08-15,2011-08-29,3,31,14
22579,2010-12-27,2011-01-10,3,23,20
22579,2011-01-24,2011-02-28,6,24,19
22579,2011-03-14,2011-07-04,17,25,18
22579,2011-08-08,2011-08-22,3,29,14
22580,2010-12-20,2011-02-21,10,21,25
22580,2011-03-07,2011-05-16,11,22,24
22580,2011-05-30,2011-06-13,3,23,23
22581,2011-01-24,2011-07-04,24,25,19
22588,2011-02-07,2011-06-06,18,29,26
22589,2011-01-10,2011-07-04,26,23,15
22589,2011-08-08,2011-09-05,5,25,13
22591,2010-11-15,2010-11-29,3,17,19
22591,2010-12-20,2011-06-13,26,19,17
22591,2011-07-11,2011-08-22,7,21,15
22592,2011-01-17,2011-06-27,24,23,19
22592,2011-07-11,2011-08-01,4,24,18
22593,2011-01-24,2011-02-07,3,26,23
22593,2011-02-21,2011-05-02,11,27,22
22593,2011-05-16,2011-05-30,3,28,21
22593,2011-07-25,2011-08-15,4,33,16
22594,2011-02-21,2011-05-02,11,29,22
22594,2011-05-30,2011-06-13,3,31,20
22596,2010-11-22,2011-06-06,29,17,26
22597,2010-12-20,2011-01-10,4,21,33
22597,2011-03-07,2011-03-21,3,26,28
22597,2011-07-25,2011-08-15,4,39,15
22598,2010-12-20,2011-06-13,26,17,15
22598,2011-07-18,2011-09-05,8,19,13
22599,2010-12-13,2011-06-13,27,18,17
22599,2011-07-11,2011-08-22,7,20,15
22600,2011-02-21,2011-05-30,15,28,24
22601,2011-01-24,2011-02-07,3,27,24
22601,2011-02-21,2011-04-11,8,28,23
22601,2011-04-25,2011-06-20,9,29,22
22603,2011-01-24,2011-05-30,19,27,21
22603,2011-07-04,2011-07-18,3,29,19
22604,2011-07-04,2011-07-18,3,44,16
22607,2010-08-02,2010-10-04,10,17,54
22607,2010-10-18,2010-11-15,5,18,53
22608,2010-06-14,2010-07-05,4,8,48
22608,2010-09-06,2010-09-20,3,13,43
22608,2010-10-25,2010-11-08,3,16,40
22608,2011-01-31,2011-02-14,3,24,32
22608,2011-03-21,2011-04-25,6,27,29
22608,2011-05-09,2011-05-23,3,28,28
22609,2011-02-28,2011-04-04,6,37,27
22609,2011-05-09,2011-05-30,4,40,24
22610,2011-03-07,2011-03-21,3,43,35
22611,2011-04-25,2011-07-04,11,49,9
22611,2011-08-29,2011-09-26,5,54,4
22624,2011-04-18,2011-05-02,3,48,31
22625,2011-04-18,2011-05-09,4,48,30
22627,2011-02-21,2011-03-14,4,41,32
22627,2011-04-04,2011-05-09,6,43,30
22632,2010-12-20,2011-04-04,16,12,20
22632,2011-04-18,2011-05-16,5,13,19
22632,2011-06-06,2011-08-08,10,15,17
22633,2010-12-27,2011-02-21,9,11,24
22633,2011-03-28,2011-05-09,7,14,21
22633,2011-06-13,2011-07-11,5,18,17
22633,2011-07-25,2011-08-15,4,19,16
22638,2011-01-24,2011-02-07,3,17,18
22638,2011-04-11,2011-04-25,3,21,14
22638,2011-05-23,2011-06-20,5,23,12
22638,2011-07-04,2011-07-18,3,24,11
22638,2011-08-01,2011-09-05,6,25,10
22640,2011-07-25,2011-08-15,4,39,12
22641,2011-02-28,2011-03-21,4,23,16
22641,2011-04-04,2011-05-09,6,24,15
22641,2011-07-11,2011-07-25,3,28,11
22641,2011-08-08,2011-09-12,6,29,10
22642,2010-12-27,2011-01-24,5,23,21
22642,2011-02-14,2011-03-07,4,25,19
22642,2011-03-28,2011-04-11,3,27,17
22642,2011-05-23,2011-06-20,5,30,14
22642,2011-07-11,2011-09-05,9,32,12
22643,2011-03-14,2011-04-11,5,27,15
22643,2011-04-25,2011-05-09,3,28,14
22643,2011-06-27,2011-08-01,6,32,10
22643,2011-08-22,2011-09-05,3,34,8
22643,2011-09-19,2011-10-10,4,35,7
22647,2011-04-18,2011-06-13,9,35,10
22647,2011-06-27,2011-08-01,6,36,9
22647,2011-08-15,2011-08-29,3,37,8
22647,2011-10-24,2011-11-07,3,41,4
22655,2010-10-04,2010-10-25,4,9,22
22655,2010-11-08,2010-11-22,3,10,21
22655,2010-12-20,2011-01-03,3,12,19
22655,2011-03-14,2011-03-28,3,19,12
22655,2011-07-04,2011-08-29,9,26,5
22656,2010-10-25,2010-11-08,3,8,17
22656,2010-11-22,2010-12-06,3,9,16
22656,2011-01-17,2011-01-31,3,12,13
22656,2011-05-02,2011-05-16,3,20,5
22667,2011-05-02,2011-05-30,5,40,27
22687,2010-11-29,2011-03-07,15,17,17
22687,2011-03-21,2011-06-13,13,18,16
22687,2011-06-27,2011-07-25,5,19,15
22687,2011-10-10,2011-10-24,3,28,6
22688,2010-12-27,2011-01-17,4,19,14
22688,2011-01-31,2011-08-01,27,20,13
22689,2011-01-17,2011-04-11,13,24,23
22689,2011-04-25,2011-05-30,6,25,22
22689,2011-06-13,2011-06-27,3,26,21
22690,2010-09-06,2010-09-20,3,10,60
22691,2010-11-15,2010-11-29,3,20,44
22691,2010-12-27,2011-01-31,6,23,41
22694,2011-06-13,2011-06-27,3,45,22
22695,2011-04-11,2011-04-25,3,29,23
22695,2011-06-27,2011-07-25,5,35,17
22696,2011-04-18,2011-05-02,3,32,25
22696,2011-07-11,2011-07-25,3,39,18
22698,2010-12-20,2011-01-24,6,18,45
22700,2011-02-28,2011-03-14,3,29,15
22701,2011-04-04,2011-04-18,3,30,28
22701,2011-05-23,2011-06-06,3,34,24
22702,2011-02-28,2011-03-14,3,30,21
22702,2011-08-29,2011-09-12,3,46,5
22703,2011-02-21,2011-03-07,3,27,30
22703,2011-06-06,2011-06-20,3,35,22
22705,2010-12-13,2010-12-27,3,28,36
22705,2011-01-31,2011-02-14,3,32,32
22706,2010-08-16,2010-09-06,4,10,44
22706,2010-12-27,2011-01-17,4,25,29
22706,2011-07-25,2011-08-15,4,43,11
22707,2011-03-07,2011-03-21,3,28,26
22709,2010-08-09,2010-08-30,4,8,42
22709,2010-12-06,2010-12-27,4,19,31
22709,2011-03-07,2011-03-21,3,24,26
22712,2010-12-20,2011-01-24,6,30,39
22712,2011-02-07,2011-03-07,5,31,38
22715,2010-12-13,2010-12-27,3,27,40
22722,2011-06-20,2011-07-25,6,26,17
22726,2011-05-16,2011-06-06,4,33,26
22731,2011-01-24,2011-07-04,24,17,20
22732,2011-03-14,2011-05-16,10,20,22
22732,2011-05-30,2011-06-27,5,21,21
22733,2010-12-27,2011-02-07,7,15,25
22733,2011-03-14,2011-05-16,10,17,23
22733,2011-05-30,2011-06-27,5,18,22
22734,2011-02-21,2011-06-06,16,22,22
22734,2011-06-20,2011-07-04,3,23,21
22735,2011-01-24,2011-06-27,23,18,20
22735,2011-07-11,2011-07-25,3,19,19
22736,2011-03-07,2011-03-21,3,21,25
22736,2011-04-04,2011-04-25,4,22,24
22736,2011-05-09,2011-06-20,7,23,23
22737,2011-01-24,2011-02-21,5,18,28
22737,2011-03-07,2011-03-21,3,19,27
22737,2011-05-30,2011-06-20,4,25,21
22737,2011-07-11,2011-07-25,3,27,19
22738,2011-01-31,2011-02-28,5,19,26
22738,2011-04-11,2011-04-25,3,22,23
22738,2011-05-09,2011-06-27,8,23,22
22739,2011-04-11,2011-04-25,3,24,25
22739,2011-05-30,2011-06-20,4,26,23
22756,2011-02-28,2011-03-14,3,28,31
22761,2010-12-13,2010-12-27,3,8,17
22761,2011-01-17,2011-02-07,4,10,15
22761,2011-02-28,2011-04-11,7,12,13
22761,2011-04-25,2011-05-09,3,13,12
22761,2011-07-11,2011-08-15,6,18,7
22761,2011-09-12,2011-09-26,3,20,5
22770,2011-05-23,2011-06-06,3,24,18
22774,2011-04-25,2011-05-09,3,26,28
22782,2011-05-09,2011-05-23,3,20,19
22782,2011-08-29,2011-09-12,3,29,10
22783,2011-03-21,2011-05-09,8,15,4
22785,2011-04-18,2011-05-30,7,20,18
22785,2011-08-15,2011-09-12,5,27,11
22786,2011-04-11,2011-06-27,12,23,14
22786,2011-08-08,2011-08-22,3,26,11
22789,2011-06-20,2011-07-04,3,34,19
22791,2011-03-28,2011-04-25,5,22,31
22795,2011-02-21,2011-05-09,12,18,30
22797,2011-06-13,2011-06-27,3,31,17
22802,2010-12-27,2011-01-10,3,9,19
22802,2011-03-21,2011-05-16,9,14,14
22802,2011-06-13,2011-07-18,6,16,12
22802,2011-08-08,2011-08-22,3,18,10
22802,2011-09-12,2011-09-26,3,20,8
22803,2011-04-25,2011-05-09,3,12,7
22803,2011-06-13,2011-06-27,3,14,5
22806,2010-12-13,2011-01-17,6,10,23
22806,2011-05-23,2011-06-20,5,20,13
22806,2011-07-11,2011-07-25,3,22,11
22806,2011-09-19,2011-10-10,4,27,6
22808,2011-04-25,2011-05-23,5,25,4
22809,2010-12-27,2011-05-09,20,14,22
22809,2011-05-23,2011-06-27,6,15,21
22810,2011-01-10,2011-05-09,18,15,23
22810,2011-06-20,2011-07-18,5,18,20
22811,2011-02-21,2011-03-07,3,19,29
22811,2011-04-25,2011-05-16,4,25,23
22812,2011-01-17,2011-06-06,21,17,21
22816,2011-01-17,2011-03-07,8,17,22
22816,2011-03-21,2011-05-16,9,18,21
22816,2011-07-25,2011-08-08,3,22,17
22818,2010-12-27,2011-01-10,3,15,25
22818,2011-01-24,2011-04-11,12,16,24
22818,2011-04-25,2011-05-16,4,17,23
22821,2010-12-27,2011-01-10,3,14,43
22822,2011-09-05,2011-09-19,3,40,10
22823,2011-04-11,2011-04-25,3,8,7
22823,2011-05-09,2011-06-20,7,9,6
22823,2011-07-04,2011-08-08,6,10,5
22824,2011-08-22,2011-09-05,3,27,4
22825,2010-12-27,2011-01-17,4,9,19
22825,2011-02-21,2011-03-21,5,12,16
22825,2011-07-11,2011-08-08,5,23,5
22826,2011-06-13,2011-06-27,3,8,16
22827,2011-04-04,2011-04-18,3,13,10
22827,2011-05-30,2011-06-20,4,16,7
22827,2011-07-04,2011-08-15,7,17,6
22831,2011-08-08,2011-08-22,3,35,13
22832,2011-06-13,2011-06-27,3,25,15
22832,2011-10-03,2011-10-24,4,36,4
22834,2011-04-25,2011-05-09,3,28,20
22834,2011-08-01,2011-08-15,3,33,15
22837,2011-04-25,2011-05-09,3,25,6
22837,2011-05-30,2011-06-13,3,27,4
22838,2011-03-14,2011-04-25,7,21,29
22847,2011-02-28,2011-03-28,5,18,33
22847,2011-04-11,2011-04-25,3,19,32
22849,2011-07-11,2011-07-25,3,37,4
22856,2011-04-11,2011-08-08,18,16,5
22859,2011-05-30,2011-06-20,4,25,7
22859,2011-07-04,2011-08-01,5,26,6
22859,2011-08-15,2011-09-05,4,27,5
22859,2011-09-19,2011-10-03,3,28,4
22863,2011-10-03,2011-10-17,3,48,7
22865,2011-01-24,2011-02-21,5,18,29
22865,2011-04-25,2011-05-09,3,25,22
22865,2011-07-11,2011-08-15,6,31,16
22866,2010-12-13,2010-12-27,3,14,22
22866,2011-01-24,2011-02-28,6,16,20
22866,2011-04-18,2011-05-09,4,19,17
22866,2011-05-23,2011-08-15,13,20,16
22867,2010-12-27,2011-01-10,3,16,23
22867,2011-01-24,2011-02-07,3,17,22
22867,2011-04-11,2011-08-15,19,23,16
22868,2011-03-14,2011-04-04,4,10,12
22868,2011-06-13,2011-07-18,6,14,8
22868,2011-08-22,2011-09-12,4,17,5
22869,2011-03-21,2011-04-04,3,16,22
22870,2011-01-17,2011-01-31,3,8,25
22870,2011-05-16,2011-05-30,3,16,17
22871,2011-08-01,2011-08-15,3,22,4
22872,2011-01-17,2011-01-31,3,8,20
22872,2011-06-27,2011-07-18,4,20,8
22873,2011-05-23,2011-06-13,4,19,8
22874,2011-05-09,2011-05-23,3,9,8
22874,2011-06-13,2011-07-11,5,11,6
22875,2011-03-14,2011-04-04,4,12,11
22875,2011-06-13,2011-07-11,5,17,6
22876,2011-03-14,2011-04-04,4,10,9
22876,2011-04-18,2011-05-23,6,11,8
22877,2011-05-16,2011-07-18,10,14,5
22877,2011-08-01,2011-08-22,4,15,4
22879,2011-02-28,2011-03-14,3,9,10
22879,2011-03-28,2011-04-25,5,10,9
22879,2011-05-09,2011-06-13,6,11,8
22880,2011-01-24,2011-02-14,4,8,17
22880,2011-03-28,2011-04-11,3,11,14
22880,2011-04-25,2011-05-09,3,12,13
22880,2011-05-23,2011-06-13,4,13,12
22880,2011-09-05,2011-09-19,3,21,4
22881,2011-03-07,2011-04-11,6,10,20
22882,2011-03-28,2011-04-11,3,15,19
22882,2011-08-29,2011-09-19,4,29,5
22882,2011-10-03,2011-10-24,4,30,4
22883,2011-03-28,2011-04-18,4,12,15
22883,2011-05-23,2011-06-13,4,15,12
22884,2011-08-29,2011-09-19,4,29,4
22885,2011-01-24,2011-02-07,3,9,18
22885,2011-02-28,2011-04-11,7,11,16
22885,2011-05-23,2011-06-13,4,15,12
22885,2011-09-05,2011-09-19,3,21,6
22886,2011-04-11,2011-05-09,5,11,14
22887,2011-03-28,2011-04-11,3,11,14
22888,2011-08-29,2011-09-12,3,15,5
22889,2011-03-28,2011-04-11,3,12,14
22889,2011-04-25,2011-05-30,6,13,13
22889,2011-06-13,2011-06-27,3,14,12
22903,2010-12-20,2011-01-03,3,13,25
22903,2011-01-31,2011-04-25,13,15,23
22903,2011-05-16,2011-05-30,3,17,21
22905,2011-01-24,2011-02-07,3,17,32
22905,2011-06-27,2011-07-11,3,29,20
22909,2011-03-14,2011-03-28,3,22,30
22909,2011-04-25,2011-05-23,5,24,28
22910,2011-02-07,2011-02-21,3,20,30
22910,2011-03-07,2011-03-28,4,21,29
22910,2011-04-11,2011-04-25,3,22,28
22911,2011-08-01,2011-08-22,4,41,14
22922,2011-05-16,2011-06-06,4,20,22
22932,2011-06-20,2011-07-04,3,22,16
22933,2011-04-25,2011-05-09,3,19,7
22933,2011-05-23,2011-07-25,10,20,6
22933,2011-08-08,2011-09-05,5,21,5
22933,2011-09-19,2011-10-03,3,22,4
22934,2011-05-23,2011-06-06,3,20,5
22934,2011-06-20,2011-09-05,12,21,4
22936,2011-06-27,2011-07-11,3,19,10
22936,2011-08-08,2011-08-22,3,21,8
22936,2011-09-05,2011-10-03,5,22,7
22940,2011-01-17,2011-02-07,4,17,31
22940,2011-04-04,2011-04-18,3,22,26
22940,2011-06-06,2011-06-20,3,26,22
22941,2011-01-24,2011-03-21,9,12,20
22941,2011-05-02,2011-08-01,14,15,17
22942,2010-12-27,2011-07-25,31,10,15
22942,2011-08-08,2011-08-29,4,11,14
22943,2011-03-14,2011-03-28,3,14,26
22943,2011-04-11,2011-05-09,5,15,25
22944,2010-12-20,2011-01-10,4,14,16
22944,2011-01-24,2011-02-21,5,15,15
22944,2011-03-07,2011-04-11,6,16,14
22944,2011-04-25,2011-05-23,5,17,13
22944,2011-06-06,2011-09-12,15,18,12
22945,2011-01-24,2011-02-14,4,18,27
22945,2011-03-28,2011-05-09,7,21,24
22945,2011-06-06,2011-06-20,3,23,22
22946,2010-12-13,2010-12-27,3,13,31
22946,2011-02-21,2011-03-21,5,18,26
22946,2011-04-11,2011-05-23,7,20,24
22947,2011-01-17,2011-03-21,10,15,18
22947,2011-04-04,2011-08-01,18,16,17
22950,2010-11-22,2011-05-30,28,10,21
22952,2011-05-16,2011-06-06,4,25,26
22954,2011-03-14,2011-03-28,3,14,21
22954,2011-09-19,2011-10-17,5,30,5
22959,2010-12-20,2011-07-04,29,13,20
22966,2011-06-06,2011-06-27,4,29,23
22967,2011-04-25,2011-05-09,3,15,4
22968,2011-08-15,2011-08-29,3,40,10
22988,2011-04-25,2011-06-06,7,20,26
23019,2011-10-17,2011-11-07,4,14,4
23022,2011-08-08,2011-09-05,5,8,7
23022,2011-09-19,2011-10-10,4,9,6
23023,2011-09-26,2011-10-10,3,10,5
23042,2011-08-15,2011-09-05,4,8,10
23044,2011-08-15,2011-09-05,4,9,8
23055,2011-08-15,2011-08-29,3,11,10
23057,2011-07-04,2011-07-18,3,10,13
23060,2011-07-25,2011-08-08,3,10,12
23064,2011-08-08,2011-09-05,5,11,5
23072,2011-07-18,2011-08-01,3,8,8
23072,2011-08-15,2011-09-05,4,9,7
23099,2011-07-25,2011-08-08,3,10,15
23135,2011-06-27,2011-07-11,3,10,13
23135,2011-10-03,2011-10-17,3,19,4
23137,2011-09-05,2011-10-03,5,8,6
23149,2011-08-22,2011-09-12,4,8,6
23151,2011-09-12,2011-10-03,4,8,4
23178,2011-06-20,2011-07-11,4,12,17
23178,2011-08-08,2011-08-22,3,15,14
23179,2011-06-13,2011-07-04,4,13,14
23179,2011-08-08,2011-09-05,5,17,10
23180,2011-10-03,2011-10-17,3,22,6
23283,2011-08-15,2011-09-05,4,15,12
23284,2011-08-29,2011-09-12,3,16,12
35001G,2010-06-28,2010-07-19,4,24,31
35001G,2010-08-30,2010-09-13,3,29,26
35001G,2010-12-20,2011-01-10,4,37,18
35001G,2011-01-24,2011-02-21,5,38,17
35001G,2011-05-23,2011-06-13,4,44,11
35001G,2011-06-27,2011-08-15,8,45,10
35001G,2011-08-29,2011-09-19,4,46,9
35001W,2010-07-19,2010-08-02,3,32,14
35004B,2011-01-17,2011-01-31,3,50,36
35004G,2010-05-03,2010-05-17,3,15,35
35004G,2010-06-14,2010-06-28,3,18,32
35004G,2010-08-23,2010-09-13,4,22,28
35004G,2010-12-06,2011-01-24,8,32,18
35004G,2011-02-28,2011-03-21,4,35,15
35004G,2011-06-20,2011-08-01,7,42,8
35004G,2011-08-15,2011-08-29,3,43,7
35004G,2011-09-12,2011-10-03,4,44,6
35004P,2010-05-10,2010-07-05,9,14,4
35015,2010-07-19,2010-08-02,3,14,8
35095A,2010-04-12,2010-04-26,3,12,62
35095A,2011-08-15,2011-08-29,3,60,14
35095B,2011-07-11,2011-07-25,3,62,16
35241,2010-08-30,2010-09-13,3,32,27
35241,2010-12-13,2010-12-27,3,42,17
35265,2011-04-25,2011-06-20,9,9,4
35471A,2010-06-28,2010-07-12,3,19,13
35471A,2010-08-23,2010-09-06,3,23,9
35471D,2010-08-23,2010-09-06,3,32,57
35471D,2010-12-20,2011-01-03,3,46,43
35594,2010-05-03,2010-05-31,5,10,15
35594,2010-06-28,2010-07-12,3,12,13
35598B,2010-12-20,2011-04-25,19,17,12
35598B,2011-05-16,2011-08-01,12,19,10
35598B,2011-09-26,2011-10-10,3,23,6
35598D,2010-04-26,2010-06-21,9,8,36
35598D,2010-08-09,2010-08-23,3,11,33
35598D,2010-12-20,2011-01-10,4,24,20
35598D,2011-02-14,2011-04-25,11,27,17
35598D,2011-08-22,2011-09-05,3,35,9
35599B,2010-12-20,2011-08-22,36,16,13
35599D,2010-12-20,2011-03-28,15,22,15
35599D,2011-04-11,2011-04-25,3,23,14
35599D,2011-05-09,2011-07-11,10,24,13
35599D,2011-08-08,2011-08-29,4,27,10
35607A,2010-07-26,2010-08-09,3,8,12
35607A,2010-08-30,2010-09-27,5,10,10
35607B,2010-11-08,2011-02-21,16,8,7
35607B,2011-03-07,2011-04-25,8,9,6
35607B,2011-05-09,2011-05-30,4,10,5
35637A,2010-05-31,2010-06-21,4,9,26
35637A,2010-07-05,2010-07-19,3,10,25
35637A,2010-09-13,2010-11-08,9,14,21
35637A,2010-12-06,2011-02-07,10,17,18
35637A,2011-02-28,2011-05-02,10,19,16
35637A,2011-05-16,2011-06-20,6,20,15
35637A,2011-09-26,2011-10-10,3,30,5
35637C,2010-08-16,2010-10-25,11,8,10
35637C,2010-11-29,2011-01-24,9,10,8
35637C,2011-02-28,2011-06-13,16,12,6
35637C,2011-06-27,2011-07-11,3,13,5
35637C,2011-07-25,2011-08-29,6,14,4
35645,2010-05-17,2010-05-31,3,8,16
35645,2010-07-05,2010-07-26,4,11,13
35646,2011-01-24,2011-02-07,3,13,26
35646,2011-02-21,2011-04-18,9,14,25
35647,2010-09-27,2010-10-11,3,32,4
35648,2010-08-30,2010-09-20,4,8,46
35648,2010-11-08,2010-11-22,3,12,42
35648,2011-01-24,2011-03-21,9,19,35
35649,2010-06-21,2010-07-26,6,8,28
35649,2010-08-23,2010-09-06,3,10,26
35649,2010-10-18,2010-11-15,5,14,22
35649,2010-11-29,2011-03-21,17,15,21
35649,2011-05-02,2011-06-06,6,18,18
35649,2011-08-08,2011-08-22,3,24,12
35651,2011-01-24,2011-05-16,17,11,16
35651,2011-07-25,2011-08-08,3,18,9
35653,2010-03-08,2010-04-05,5,9,43
35653,2010-05-17,2010-05-31,3,14,38
35653,2010-12-20,2011-01-03,3,37,15
35653,2011-02-07,2011-03-07,5,40,12
35653,2011-03-21,2011-05-09,8,41,11
35810A,2010-11-08,2010-12-06,5,42,35
35810A,2010-12-20,2011-01-03,3,43,34
35810A,2011-08-08,2011-08-22,3,69,8
35810B,2010-05-17,2010-05-31,3,12,27
35810B,2010-08-30,2010-09-13,3,21,18
35810B,2010-11-08,2010-11-22,3,25,14
35810B,2010-12-06,2011-01-03,5,26,13
35818P,2011-02-14,2011-05-30,16,8,11
35818P,2011-06-20,2011-09-05,12,10,9
35819B,2010-11-15,2010-12-13,5,8,14
35819B,2010-12-27,2011-01-31,6,9,13
35819B,2011-02-14,2011-08-22,28,10,12
35833P,2011-01-24,2011-06-20,22,21,8
35833P,2011-07-11,2011-08-29,8,23,6
35833P,2011-09-12,2011-10-03,4,24,5
35910A,2010-06-28,2010-07-26,5,8,5
35910A,2010-08-09,2010-12-27,21,9,4
35911A,2010-04-05,2010-05-10,6,11,33
35911A,2010-05-24,2010-07-19,9,12,32
35911A,2010-08-02,2010-10-25,13,13,31
35911A,2010-11-15,2010-12-06,4,15,29
35911A,2011-02-14,2011-02-28,3,21,23
35911A,2011-08-01,2011-08-22,4,36,8
35911B,2010-11-01,2010-12-27,9,8,6
35911B,2011-01-24,2011-02-07,3,10,4
35912B,2010-07-26,2010-10-25,14,8,17
35912B,2010-11-29,2011-01-03,6,10,15
35912B,2011-04-25,2011-05-30,6,21,4
35913B,2010-07-26,2010-10-25,14,8,10
35913B,2010-11-08,2011-01-17,11,9,9
35914,2010-04-05,2010-07-12,15,9,17
35914,2010-08-02,2010-10-25,13,11,15
35914,2010-11-08,2010-11-22,3,12,14
35914,2010-12-20,2011-01-10,4,15,11
35915B,2010-03-29,2010-05-03,6,10,16
35915B,2010-05-24,2010-07-12,8,12,14
35915B,2010-07-26,2010-09-27,10,13,13
35915B,2010-10-11,2010-11-29,8,14,12
35915B,2010-12-13,2011-01-03,4,15,11
35915C,2010-03-29,2010-05-03,6,10,20
35915C,2010-05-24,2010-06-07,3,12,18
35915C,2010-06-21,2010-07-12,4,13,17
35915C,2010-08-09,2010-09-27,8,15,15
35915C,2010-10-11,2010-11-08,5,16,14
35915C,2010-11-22,2011-01-03,7,17,13
35916A,2010-07-19,2010-10-11,13,12,18
35916A,2010-11-15,2010-11-29,3,14,16
35916A,2010-12-13,2011-02-21,11,15,15
35916A,2011-03-14,2011-04-25,7,17,13
35916A,2011-05-09,2011-05-30,4,18,12
35916B,2010-04-05,2010-05-17,7,8,20
35916B,2010-06-21,2010-08-16,9,10,18
35916B,2010-08-30,2010-10-11,7,11,17
35916B,2010-10-25,2010-11-15,4,12,16
35916B,2010-12-06,2011-01-10,6,14,14
35916B,2011-01-24,2011-05-30,19,15,13
35916C,2010-04-12,2010-05-03,4,10,20
35916C,2010-05-31,2010-09-27,18,12,18
35916C,2010-10-25,2010-11-15,4,14,16
35916C,2010-12-13,2011-01-10,5,17,13
35916C,2011-01-24,2011-02-21,5,18,12
35916C,2011-04-18,2011-05-30,7,22,8
35921,2010-04-05,2010-06-14,11,11,13
35921,2010-06-28,2010-09-13,12,12,12
35921,2010-09-27,2011-01-03,15,13,11
35921,2011-01-17,2011-01-31,3,14,10
35922,2010-04-12,2010-06-07,9,13,10
35922,2010-06-21,2010-08-16,9,14,9
35922,2010-08-30,2011-01-03,19,15,8
35922,2011-02-14,2011-02-28,3,19,4
35923,2010-08-23,2010-09-20,5,24,33
35923,2010-12-06,2011-01-03,5,30,27
35923,2011-02-07,2011-03-07,5,33,24
35923,2011-03-28,2011-04-11,3,35,22
35923,2011-05-16,2011-05-30,3,38,19
35924,2011-04-18,2011-05-02,3,58,18
35933,2011-06-27,2011-07-18,4,8,10
35933,2011-08-01,2011-08-15,3,9,9
35951,2010-06-14,2010-07-12,5,10,12
35951,2010-08-23,2010-09-06,3,13,9
35953,2010-12-20,2011-05-23,23,17,18
35953,2011-06-06,2011-07-04,5,18,17
35953,2011-07-25,2011-08-08,3,20,15
35954,2010-12-20,2011-01-03,3,22,16
35954,2011-01-17,2011-01-31,3,23,15
35954,2011-02-14,2011-07-04,21,24,14
35957,2010-06-14,2010-07-12,5,9,23
35964,2011-02-14,2011-03-28,7,20,16
35964,2011-04-11,2011-06-27,12,21,15
35964,2011-07-25,2011-08-22,5,23,13
35967,2010-12-13,2010-12-27,3,27,23
35967,2011-01-17,2011-04-25,15,29,21
35967,2011-05-09,2011-05-30,4,30,20
35968,2010-02-22,2010-04-12,8,9,37
35968,2010-08-23,2010-09-06,3,21,25
35968,2010-12-13,2011-05-30,25,31,15
35968,2011-08-01,2011-08-15,3,36,10
35969,2010-03-22,2010-05-17,9,10,22
35970,2010-06-14,2010-07-05,4,8,67
35972,2010-05-31,2010-06-14,3,21,20
35972,2010-07-12,2010-08-23,7,23,18
35972,2010-09-20,2010-10-18,5,25,16
35972,2010-11-22,2010-12-27,6,28,13
35972,2011-01-10,2011-02-07,5,29,12
35972,2011-03-28,2011-04-25,5,33,8
35972,2011-06-06,2011-07-04,5,36,5
35972,2011-07-18,2011-09-05,8,37,4
37327,2011-01-24,2011-03-07,7,12,27
37330,2010-05-17,2010-06-28,7,11,9
37330,2010-07-19,2010-08-02,3,13,7
37330,2010-08-30,2010-09-13,3,15,5
37333,2010-03-29,2010-04-19,4,11,26
37333,2010-05-03,2010-07-12,11,12,25
37333,2010-12-13,2010-12-27,3,24,13
37340,2010-03-08,2010-03-22,3,10,74
37342,2010-09-20,2010-10-04,3,10,38
37370,2011-05-30,2011-08-01,10,76,9
37370,2011-09-12,2011-09-26,3,80,5
37423,2010-03-29,2010-04-19,4,11,28
37423,2010-08-23,2010-09-06,3,24,15
37444A,2010-04-05,2010-05-03,5,8,27
37444A,2010-05-24,2010-06-14,4,10,25
37444A,2010-06-28,2010-07-12,3,11,24
37444A,2010-08-16,2010-09-06,4,15,20
37444A,2010-12-20,2011-01-10,4,25,10
37444A,2011-02-14,2011-02-28,3,27,8
37444A,2011-04-04,2011-04-25,4,31,4
37444B,2010-08-23,2010-09-06,3,10,11
37444C,2010-08-16,2010-09-06,4,19,13
37444C,2010-10-25,2010-11-08,3,23,9
37444C,2010-12-13,2011-01-03,4,27,5
37446,2010-07-12,2010-11-15,19,24,53
37447,2010-12-20,2011-01-03,3,54,44
37448,2010-10-18,2010-11-15,5,45,52
37449,2010-08-09,2010-08-23,3,35,51
37449,2010-09-06,2010-11-15,11,36,50
37462B,2010-02-08,2010-05-31,17,9,12
37462E,2010-06-07,2010-06-21,3,8,15
37462E,2010-07-05,2010-08-23,8,9,14
37462E,2010-09-06,2010-09-27,4,10,13
37462E,2010-10-18,2010-11-15,5,12,11
37462E,2010-12-27,2011-01-24,5,15,8
37462E,2011-02-07,2011-05-02,13,16,7
37462E,2011-05-16,2011-06-06,4,17,6
37462E,2011-06-20,2011-07-18,5,18,5
37462E,2011-08-01,2011-09-26,9,19,4
37464,2010-05-10,2010-05-24,3,15,19
37467,2010-05-03,2010-05-24,4,11,30
37467,2010-06-07,2010-06-21,3,12,29
37467,2010-12-13,2011-01-10,5,28,13
37467,2011-01-31,2011-03-07,6,30,11
37467,2011-03-21,2011-04-04,3,31,10
37467,2011-05-09,2011-06-13,6,33,8
37468,2011-07-18,2011-08-29,7,8,4
37474,2010-03-22,2010-04-12,4,8,23
37474,2010-08-02,2010-08-23,4,20,11
37475,2010-06-28,2010-07-12,3,11,36
37475,2010-10-04,2010-10-18,3,19,28
37475,2011-01-24,2011-02-28,6,27,20
37475,2011-05-02,2011-05-23,4,33,14
37475,2011-08-22,2011-09-12,4,41,6
37475,2011-09-26,2011-10-10,3,42,5
37476,2010-05-10,2010-05-24,3,10,35
37476,2010-07-19,2010-08-02,3,17,28
37476,2010-12-13,2010-12-27,3,28,17
37476,2011-01-17,2011-02-28,7,30,15
37479B,2010-09-20,2010-10-25,6,8,18
37479B,2010-11-15,2010-11-29,3,10,16
37479B,2010-12-13,2011-01-17,6,11,15
37479B,2011-01-31,2011-02-21,4,12,14
37479P,2011-07-11,2011-08-22,7,18,9
37482P,2010-04-12,2010-05-10,5,9,27
37482P,2010-06-14,2010-06-28,3,11,25
37482P,2010-08-02,2010-08-16,3,14,22
37482P,2011-01-31,2011-02-28,5,30,6
37489A,2010-08-09,2010-11-15,15,8,15
37489A,2010-12-06,2011-04-11,19,10,13
37489A,2011-04-25,2011-05-09,3,11,12
37489A,2011-06-13,2011-06-27,3,14,9
37489A,2011-07-11,2011-08-15,6,15,8
37489B,2011-04-25,2011-05-09,3,8,9
37489B,2011-06-13,2011-06-27,3,11,6
37489B,2011-07-11,2011-08-22,7,12,5
37489D,2011-06-13,2011-06-27,3,9,10
37489D,2011-07-11,2011-08-15,6,10,9
37491A,2010-11-08,2010-11-22,3,8,4
37495,2010-12-13,2010-12-27,3,52,40
37500,2011-05-23,2011-06-13,4,67,21
37501,2010-12-13,2010-12-27,3,48,22
40001,2011-02-07,2011-02-21,3,46,24
40001,2011-05-02,2011-05-16,3,53,17
40003,2010-12-20,2011-01-10,4,32,10
40046A,2010-09-13,2010-10-18,6,31,7
40046A,2010-11-01,2011-01-10,11,32,6
40046A,2011-01-24,2011-06-06,20,33,5
44089C,2010-11-01,2011-01-31,14,10,5
44089C,2011-02-14,2011-03-14,5,11,4
44091C,2010-03-29,2010-04-12,3,9,5
44230,2010-02-01,2010-02-15,3,8,18
44234,2010-05-17,2010-05-31,3,10,32
44234,2010-06-21,2010-08-09,8,12,30
44234,2010-10-11,2010-11-08,5,18,24
44234,2010-12-13,2011-01-10,5,22,20
44234,2011-03-07,2011-03-21,3,26,16
44234,2011-05-09,2011-05-23,3,29,13
44234,2011-09-26,2011-10-24,5,38,4
44235,2010-12-13,2011-01-10,5,8,11
44235,2011-02-07,2011-03-21,7,10,9
44235,2011-04-04,2011-04-25,4,11,8
44235,2011-05-09,2011-05-30,4,12,7
44235,2011-06-13,2011-07-25,7,13,6
44235,2011-08-15,2011-10-03,8,15,4
45016,2010-04-26,2010-05-10,3,9,9
46000P,2010-05-17,2010-06-07,4,13,16
46000P,2010-07-12,2010-07-26,3,17,12
46000P,2010-09-06,2010-10-04,5,20,9
46000R,2010-06-14,2010-06-28,3,8,35
46000R,2010-07-19,2010-10-04,12,10,33
46000R,2010-12-13,2011-01-17,6,19,24
46000R,2011-02-14,2011-02-28,3,22,21
46000R,2011-04-18,2011-05-30,7,26,17
46000R,2011-06-13,2011-06-27,3,27,16
46000R,2011-08-01,2011-08-15,3,30,13
46000S,2010-12-20,2011-01-03,3,53,46
46000U,2010-03-08,2010-04-12,6,8,34
46000U,2010-05-17,2010-05-31,3,10,32
46000U,2010-07-19,2010-08-23,6,14,28
46000U,2010-11-08,2010-12-06,5,20,22
46000U,2010-12-20,2011-01-17,5,21,21
46000U,2011-02-21,2011-03-21,5,24,18
46000U,2011-04-04,2011-04-18,3,25,17
46000U,2011-06-13,2011-08-01,8,31,11
46115B,2010-08-23,2010-09-20,5,9,7
46118,2010-05-17,2010-05-31,3,11,32
46118,2010-07-12,2010-08-23,7,14,29
46118,2010-09-13,2010-09-27,3,16,27
46118,2010-10-11,2010-11-08,5,17,26
46118,2011-01-24,2011-02-21,5,24,19
46118,2011-03-28,2011-04-25,5,27,16
46118,2011-05-23,2011-07-11,8,29,14
46118,2011-08-01,2011-08-15,3,31,12
46126A,2010-08-30,2010-09-20,4,20,10
46126A,2010-11-29,2011-03-14,16,26,4
46138B,2010-08-30,2010-10-11,7,11,11
46138B,2010-11-15,2010-12-13,5,13,9
46138B,2010-12-27,2011-04-11,16,14,8
46138B,2011-05-30,2011-06-20,4,17,5
46775D,2010-05-10,2010-06-07,5,13,43
46775D,2010-06-28,2010-07-12,3,15,41
46775D,2010-08-09,2010-08-30,4,18,38
46775D,2010-12-06,2010-12-27,4,28,28
46775D,2011-03-28,2011-04-11,3,37,19
46775D,2011-05-09,2011-05-30,4,39,17
46776A,2010-05-10,2010-05-31,4,14,48
46776A,2010-07-12,2010-07-26,3,17,45
46776A,2010-10-11,2010-11-01,4,24,38
46776A,2010-12-13,2011-01-03,4,29,33
46776A,2011-02-14,2011-02-28,3,33,29
46776A,2011-03-14,2011-03-28,3,34,28
46776B,2010-04-12,2010-04-26,3,14,55
46776B,2010-06-07,2010-06-21,3,17,52
46776B,2010-09-20,2010-10-18,5,28,41
46776C,2010-07-05,2010-08-09,6,11,40
46776C,2011-03-07,2011-03-21,3,30,21
46776C,2011-04-11,2011-05-09,5,32,19
46776C,2011-05-23,2011-06-13,4,33,18
46776C,2011-08-01,2011-08-29,5,37,14
46776D,2010-05-10,2010-05-24,3,8,34
46776D,2010-06-07,2010-06-21,3,9,33
46776D,2010-09-06,2010-09-20,3,16,26
46776D,2010-10-04,2010-11-01,5,17,25
46776D,2010-12-13,2010-12-27,3,20,22
46776D,2011-03-14,2011-03-28,3,24,18
46776D,2011-04-18,2011-05-23,6,26,16
46776D,2011-08-01,2011-08-22,4,30,12
46776E,2010-05-10,2010-05-24,3,12,33
46776E,2010-07-12,2010-08-02,4,16,29
46776E,2010-08-16,2010-08-30,3,17,28
46776E,2010-10-11,2010-11-08,5,20,25
46776E,2010-12-13,2011-01-03,4,23,22
46776E,2011-01-17,2011-02-28,7,24,21
46776E,2011-03-21,2011-04-04,3,26,19
46776E,2011-05-30,2011-06-20,4,29,16
46776F,2010-06-07,2010-06-21,3,18,52
46776F,2010-10-11,2010-10-25,3,28,42
46776F,2010-12-13,2010-12-27,3,34,36
47013A,2010-11-29,2011-03-07,15,16,4
47013C,2010-08-09,2010-08-23,3,8,15
47013C,2010-09-27,2010-10-11,3,11,12
47013C,2010-11-29,2011-03-14,16,14,9
47021G,2010-07-05,2010-08-02,5,17,25
47021G,2011-01-24,2011-02-07,3,32,10
47021G,2011-02-21,2011-03-14,4,33,9
47310M,2010-04-05,2010-04-19,3,13,58
47310M,2010-07-12,2010-07-26,3,22,49
47310M,2010-09-27,2010-10-11,3,26,45
47341B,2011-07-11,2011-08-29,8,8,5
47341B,2011-09-12,2011-09-26,3,9,4
47343A,2010-12-06,2011-03-21,16,10,10
47343A,2011-04-04,2011-04-18,3,11,9
47348A,2011-05-23,2011-06-13,4,8,4
47351B,2011-03-14,2011-05-16,10,8,5
47351B,2011-05-30,2011-07-11,7,9,4
47369A,2010-12-20,2011-05-09,21,8,9
47369A,2011-05-23,2011-06-20,5,9,8
47369A,2011-07-25,2011-10-03,11,13,4
47369B,2010-12-06,2011-06-06,27,8,10
47369B,2011-07-25,2011-09-12,8,13,5
47420,2010-06-21,2010-08-16,9,8,19
47420,2010-08-30,2010-09-13,3,9,18
47420,2010-10-18,2010-11-08,4,12,15
47420,2010-12-20,2011-01-24,6,16,11
47420,2011-02-07,2011-04-18,11,17,10
47420,2011-05-02,2011-05-23,4,18,9
47420,2011-06-06,2011-07-11,6,19,8
47420,2011-08-08,2011-08-29,4,21,6
47421,2010-06-21,2010-08-16,9,11,41
47421,2010-10-04,2010-10-25,4,14,38
47421,2010-11-08,2010-11-22,3,15,37
47421,2010-12-13,2010-12-27,3,17,35
47421,2011-01-10,2011-01-24,3,18,34
47421,2011-06-13,2011-06-27,3,30,22
47422,2010-10-18,2010-11-08,4,13,36
47422,2010-12-06,2010-12-27,4,16,33
47422,2011-02-21,2011-03-14,4,23,26
47422,2011-05-09,2011-05-23,3,28,21
47422,2011-06-20,2011-07-18,5,31,18
47469,2010-11-29,2011-01-10,7,12,11
47469,2011-01-24,2011-03-07,7,13,10
47469,2011-04-04,2011-05-16,7,15,8
47469,2011-06-13,2011-08-01,8,17,6
47469,2011-08-15,2011-10-10,9,18,5
47471,2010-07-05,2010-08-09,6,13,36
47471,2011-01-24,2011-02-07,3,26,23
47471,2011-02-21,2011-03-14,4,27,22
47471,2011-05-16,2011-06-27,7,32,17
47480,2010-07-12,2010-07-26,3,20,53
47480,2011-07-04,2011-07-18,3,57,16
47481,2010-05-24,2010-06-07,3,9,27
47481,2010-06-28,2010-07-26,5,11,25
47481,2010-11-15,2010-11-29,3,18,18
47481,2010-12-20,2011-01-10,4,20,16
47481,2011-01-24,2011-02-14,4,21,15
47481,2011-04-18,2011-05-09,4,25,11
47481,2011-06-20,2011-08-22,10,28,8
47502,2010-04-05,2010-04-19,3,13,18
47503A,2010-08-23,2010-09-20,5,11,51
47503H,2010-07-05,2010-08-02,5,9,30
47503H,2010-09-13,2010-11-01,8,12,27
47503H,2010-12-13,2011-01-03,4,15,24
47503H,2011-03-07,2011-03-21,3,20,19
47503H,2011-04-04,2011-05-16,7,21,18
47503H,2011-06-13,2011-07-04,4,24,15
47504H,2010-05-03,2010-05-24,4,9,45
47504H,2010-06-07,2010-06-21,3,10,44
47504H,2010-07-12,2010-07-26,3,12,42
47504H,2010-08-09,2010-09-06,5,13,41
47504H,2010-10-18,2010-11-15,5,16,38
47504H,2011-02-28,2011-03-14,3,27,27
47504H,2011-04-04,2011-04-25,4,29,25
47504H,2011-05-23,2011-06-06,3,32,22
47504H,2011-06-20,2011-07-04,3,33,21
47518F,2010-11-01,2010-12-13,7,10,24
47518F,2011-02-28,2011-03-14,3,15,19
47518F,2011-08-08,2011-08-22,3,25,9
47563A,2010-02-15,2010-03-01,3,8,56
47563A,2010-03-29,2010-04-12,3,11,53
47563A,2010-05-17,2010-05-31,3,14,50
47563A,2010-06-14,2010-07-19,6,15,49
47563A,2011-01-24,2011-02-21,5,34,30
47563A,2011-03-21,2011-04-11,4,36,28
47566B,2010-07-05,2010-08-02,5,29,61
47566B,2010-08-16,2010-09-13,5,30,60
47567B,2011-04-18,2011-05-02,3,63,28
47570B,2010-12-20,2011-01-03,3,54,10
47574A,2010-10-11,2010-11-15,6,8,34
47574A,2011-01-10,2011-02-07,5,12,30
47574B,2010-08-09,2010-10-04,9,14,6
47574B,2010-10-25,2010-11-08,3,16,4
47578A,2010-03-22,2010-04-26,6,8,41
47578A,2010-06-14,2010-07-05,4,12,37
47578A,2010-08-02,2010-09-20,8,14,35
47578A,2010-12-13,2011-01-17,6,21,28
47578A,2011-03-07,2011-04-11,6,24,25
47578A,2011-08-08,2011-08-22,3,36,13
47579,2010-05-03,2010-05-24,4,17,16
47580,2011-07-18,2011-08-08,4,76,14
47585A,2010-05-10,2010-06-07,5,17,48
47585A,2010-10-11,2010-11-01,4,29,36
47585A,2011-04-18,2011-05-02,3,45,20
47585A,2011-10-17,2011-10-31,3,61,4
47586A,2010-07-05,2010-07-26,4,8,15
47586A,2010-08-09,2010-09-13,6,9,14
47586A,2010-10-04,2010-10-18,3,11,12
47586A,2010-12-27,2011-01-17,4,17,6
47586A,2011-01-31,2011-04-04,10,18,5
47586A,2011-04-18,2011-07-11,13,19,4
47589,2010-10-04,2010-11-01,5,30,5
47590A,2010-06-07,2010-06-21,3,25,64
47590A,2010-07-12,2010-09-13,10,27,62
47591D,2011-01-10,2011-01-24,3,55,45
47593A,2010-10-04,2010-10-18,3,30,14
47593A,2010-12-13,2010-12-27,3,37,7
47593A,2011-01-17,2011-01-31,3,39,5
47593A,2011-02-14,2011-02-28,3,40,4
47594A,2010-04-12,2010-04-26,3,12,45
47594A,2010-07-05,2010-07-26,4,19,38
47594A,2011-02-28,2011-04-04,6,43,14
47594A,2011-05-30,2011-07-25,9,48,9
47594A,2011-08-08,2011-09-05,5,49,8
47594B,2010-04-26,2010-05-10,3,16,41
47594B,2010-07-12,2010-08-02,4,22,35
47594B,2011-04-18,2011-05-02,3,48,9
47594B,2011-05-16,2011-06-13,5,49,8
47594B,2011-06-27,2011-07-11,3,50,7
47594B,2011-08-08,2011-08-29,4,52,5
47599A,2010-07-12,2010-09-13,10,30,60
48116,2010-08-23,2010-09-06,3,35,53
48116,2010-09-20,2010-10-18,5,36,52
48173C,2010-04-05,2010-04-19,3,16,83
48184,2010-08-09,2010-09-06,5,35,59
48184,2010-09-20,2010-10-18,5,36,58
48187,2010-08-30,2010-09-13,3,38,59
48187,2010-09-27,2010-10-18,4,39,58
51008,2010-03-29,2010-04-19,4,11,30
51008,2010-05-03,2010-05-24,4,12,29
51008,2010-06-07,2010-07-26,8,13,28
51008,2011-02-14,2011-04-25,11,34,7
51008,2011-05-09,2011-08-15,15,35,6
51008,2011-09-05,2011-09-26,4,37,4
51014L,2011-01-24,2011-02-07,3,44,37
51020A,2010-03-15,2010-03-29,3,10,28
51020A,2010-07-19,2010-08-23,6,19,19
51020A,2011-01-10,2011-01-31,4,29,9
51020B,2010-06-07,2010-06-28,4,21,20
51020B,2010-07-26,2010-08-23,5,23,18
51020B,2011-01-17,2011-03-07,8,36,5
62018,2011-08-29,2011-09-12,3,62,10
62086A,2010-11-29,2011-01-03,6,8,11
62086A,2011-02-07,2011-02-28,4,11,8
62086A,2011-04-18,2011-05-02,3,15,4
62096A,2010-10-25,2010-11-08,3,30,8
70006,2010-03-15,2010-03-29,3,14,47
70006,2010-04-12,2010-04-26,3,15,46
70006,2011-02-14,2011-03-14,5,45,16
70006,2011-04-04,2011-05-23,8,47,14
70006,2011-06-06,2011-06-27,4,48,13
70006,2011-07-11,2011-08-01,4,49,12
70006,2011-08-15,2011-09-05,4,50,11
70007,2010-03-01,2010-03-29,5,11,41
70007,2010-04-12,2010-05-24,7,12,40
70007,2010-06-07,2010-06-28,4,13,39
70007,2010-07-12,2010-08-23,7,14,38
70007,2011-01-31,2011-05-23,17,34,18
70007,2011-07-04,2011-07-18,3,37,15
71038,2010-12-13,2010-12-27,3,45,29
71038,2011-07-25,2011-09-05,7,64,10
71101E,2010-07-12,2010-08-16,6,14,23
71101E,2010-08-30,2010-09-27,5,15,22
71101E,2010-10-11,2010-10-25,3,16,21
71101E,2010-11-15,2011-01-10,9,18,19
71101E,2011-07-25,2011-09-05,7,32,5
71101E,2011-09-19,2011-10-17,5,33,4
71143,2010-03-29,2010-04-12,3,10,33
71143,2010-05-10,2010-05-24,3,12,31
71143,2010-06-28,2010-07-12,3,15,28
71143,2010-07-26,2010-08-09,3,16,27
71143,2011-01-24,2011-02-07,3,33,10
71143,2011-03-21,2011-05-02,7,36,7
71143,2011-05-16,2011-05-30,3,37,6
71270,2010-05-10,2010-05-24,3,12,45
71270,2010-06-14,2010-07-26,7,14,43
71270,2010-08-09,2010-08-30,4,15,42
71270,2011-04-25,2011-05-09,3,35,22
71279,2010-08-23,2010-09-06,3,23,30
71279,2010-09-20,2010-10-04,3,24,29
71279,2011-07-25,2011-09-12,8,46,7
71403,2010-07-12,2010-08-16,6,17,30
71403,2010-10-04,2010-11-08,6,23,24
71403,2010-12-13,2011-01-03,4,26,21
71403,2011-04-04,2011-04-18,3,32,15
71403,2011-05-09,2011-05-23,3,34,13
71403,2011-08-15,2011-08-29,3,39,8
71406C,2010-10-11,2010-11-01,4,9,20
71406C,2010-12-06,2011-01-03,5,11,18
71406C,2011-02-07,2011-03-07,5,13,16
71406C,2011-03-28,2011-05-09,7,15,14
71406C,2011-08-08,2011-08-22,3,22,7
71406C,2011-09-05,2011-09-19,3,23,6
71406C,2011-10-10,2011-10-31,4,25,4
71477,2010-12-27,2011-01-10,3,51,37
71477,2011-03-28,2011-05-02,6,57,31
71495A,2010-12-20,2011-04-11,17,11,6
71495A,2011-05-02,2011-05-16,3,13,4
71495B,2010-12-13,2011-01-24,7,10,7
71495B,2011-02-07,2011-04-18,11,11,6
71495B,2011-05-02,2011-06-13,7,12,5
71496A,2011-01-24,2011-04-11,12,8,8
71496A,2011-05-02,2011-05-16,3,10,6
71496A,2011-06-13,2011-06-27,3,12,4
71510,2010-11-22,2011-01-31,11,8,7
71510,2011-02-14,2011-04-18,10,9,6
71510,2011-05-02,2011-07-18,12,10,5
72051S,2010-08-30,2010-09-13,3,21,18
72051S,2011-01-31,2011-02-14,3,35,4
72122,2010-02-22,2010-03-22,5,10,54
72122,2010-04-05,2010-04-19,3,11,53
72122,2010-06-28,2010-07-12,3,17,47
72122,2010-12-20,2011-01-03,3,34,30
72122,2011-05-23,2011-06-06,3,47,17
72127,2010-06-14,2010-06-28,3,16,28
72127,2010-07-19,2010-08-16,5,18,26
72127,2010-10-25,2010-11-22,5,26,18
72127,2011-01-24,2011-02-21,5,31,13
72127,2011-03-21,2011-04-11,4,33,11
72127,2011-05-09,2011-05-30,4,35,9
72127,2011-06-13,2011-06-27,3,36,8
72127,2011-08-01,2011-08-22,4,39,5
72127,2011-09-05,2011-10-17,7,40,4
72128,2010-03-29,2010-04-12,3,9,48
72128,2011-01-24,2011-02-21,5,36,21
72128,2011-07-25,2011-09-05,7,49,8
72128,2011-09-26,2011-10-10,3,51,6
72129,2010-05-24,2010-06-14,4,8,7
72129,2010-08-02,2010-08-16,3,11,4
72130,2010-07-05,2010-07-26,4,8,34
72130,2010-12-13,2010-12-27,3,24,18
72130,2011-01-17,2011-02-21,6,26,16
72130,2011-04-25,2011-05-30,6,31,11
72130,2011-06-13,2011-08-15,10,32,10
72130,2011-09-26,2011-10-17,4,37,5
72131,2010-07-05,2010-07-26,4,9,25
72131,2010-12-27,2011-01-31,6,23,11
72131,2011-02-14,2011-03-07,4,24,10
72131,2011-03-21,2011-04-18,5,25,9
72131,2011-05-09,2011-08-15,15,27,7
72132,2010-12-13,2011-01-10,5,13,7
72132,2011-01-24,2011-07-04,24,14,6
72132,2011-07-18,2011-08-15,5,15,5
72132,2011-08-29,2011-09-12,3,16,4
72133,2010-12-06,2011-01-10,6,14,11
72133,2011-02-14,2011-03-07,4,16,9
72133,2011-03-21,2011-04-25,6,17,8
72133,2011-05-09,2011-08-29,17,18,7
72133,2011-10-03,2011-10-17,3,21,4
72134,2010-09-13,2010-11-01,8,11,13
72134,2010-12-06,2011-01-10,6,14,10
72134,2011-01-24,2011-02-21,5,15,9
72134,2011-03-07,2011-03-21,3,16,8
72134,2011-04-04,2011-04-25,4,17,7
72134,2011-05-09,2011-07-25,12,18,6
72134,2011-08-29,2011-09-12,3,20,4
72140E,2010-06-21,2010-08-09,8,12,13
72140E,2010-08-23,2010-09-13,4,13,12
72140E,2010-09-27,2010-10-25,5,14,11
72140E,2010-12-06,2011-02-14,11,17,8
72140E,2011-03-28,2011-05-02,6,20,5
72225C,2010-05-17,2010-07-05,8,10,23
72225C,2010-07-19,2010-08-02,3,11,22
72225C,2010-09-06,2010-09-27,4,15,18
72225C,2010-10-11,2010-11-15,6,16,17
72225C,2010-12-27,2011-01-17,4,19,14
72225C,2011-01-31,2011-02-28,5,20,13
72225C,2011-03-14,2011-04-18,6,21,12
72225C,2011-05-23,2011-06-27,6,23,10
72225C,2011-07-25,2011-08-08,3,25,8
72225C,2011-09-26,2011-10-10,3,28,5
72232,2010-06-07,2010-07-05,5,18,47
72232,2011-01-31,2011-02-14,3,39,26
72232,2011-03-21,2011-04-11,4,43,22
72349B,2011-05-23,2011-06-06,3,74,25
72369A,2010-11-08,2011-01-03,9,8,5
72369A,2011-01-17,2011-02-14,5,9,4
72586,2010-12-13,2010-12-27,3,31,30
72586,2011-01-24,2011-03-07,7,34,27
72586,2011-07-18,2011-08-01,3,46,15
72598,2010-03-29,2010-04-12,3,8,62
72598,2011-02-28,2011-03-14,3,42,28
72598,2011-03-28,2011-04-11,3,43,27
72750B,2010-06-07,2010-06-21,3,11,15
72760B,2010-03-15,2010-06-07,13,14,75
72780,2010-04-05,2010-04-26,4,12,25
72780,2010-05-10,2010-05-24,3,13,24
72780,2010-06-07,2010-08-16,11,14,23
72780,2010-11-22,2010-12-06,3,22,15
72780,2011-01-10,2011-01-24,3,24,13
72780,2011-02-21,2011-03-28,6,26,11
72780,2011-04-11,2011-05-09,5,27,10
72780,2011-06-13,2011-07-04,4,29,8
72780,2011-07-18,2011-08-15,5,30,7
72780,2011-08-29,2011-09-12,3,31,6
72780,2011-09-26,2011-10-17,4,32,5
72781,2010-06-28,2010-07-26,5,8,4
72798C,2010-03-29,2010-05-31,10,8,7
72798C,2010-06-14,2010-08-02,8,9,6
72798C,2010-08-16,2010-10-25,11,10,5
72799C,2010-03-15,2010-04-19,6,8,20
72799C,2010-05-03,2010-05-17,3,9,19
72799C,2010-07-05,2010-07-26,4,13,15
72799C,2010-08-09,2010-09-27,8,14,14
72799C,2010-11-29,2011-01-10,7,20,8
72799C,2011-01-24,2011-02-14,4,21,7
72799C,2011-02-28,2011-04-25,9,22,6
72799C,2011-05-09,2011-10-03,22,23,5
72799D,2010-05-03,2010-05-17,3,9,4
72799E,2010-05-03,2010-05-17,3,16,51
72799E,2010-07-05,2010-07-26,4,20,47
72799E,2011-02-14,2011-03-14,5,44,23
72799E,2011-04-11,2011-04-25,3,46,21
72799E,2011-06-06,2011-06-27,4,49,18
72799F,2010-04-05,2010-05-17,7,10,39
72799F,2010-06-14,2010-08-02,8,12,37
72799F,2011-03-28,2011-04-11,3,37,12
72799F,2011-04-25,2011-05-23,5,38,11
72799F,2011-06-06,2011-07-18,7,39,10
72799F,2011-08-01,2011-08-15,3,40,9
72800B,2010-03-22,2010-05-03,7,11,41
72800B,2010-08-09,2010-08-30,4,20,32
72800B,2011-01-31,2011-02-21,4,33,19
72800B,2011-03-07,2011-03-21,3,34,18
72800B,2011-07-11,2011-08-22,7,41,11
72800C,2010-06-14,2010-07-26,7,17,32
72800C,2010-08-16,2010-09-13,5,19,30
72800C,2010-12-20,2011-01-10,4,29,20
72800C,2011-02-28,2011-03-21,4,33,16
72800C,2011-04-04,2011-05-02,5,34,15
72800C,2011-08-01,2011-09-12,7,40,9
72800D,2010-06-28,2010-08-02,6,23,33
72800D,2010-09-27,2010-10-11,3,27,29
72800D,2010-12-20,2011-01-17,5,34,22
72800D,2011-01-31,2011-02-14,3,35,21
72800D,2011-06-20,2011-07-04,3,45,11
72800D,2011-07-18,2011-08-08,4,46,10
72800E,2010-07-12,2010-07-26,3,24,64
72800F,2010-07-12,2010-08-02,4,23,11
72801C,2010-06-14,2010-07-12,5,17,35
72801C,2010-09-06,2010-10-25,8,23,29
72801C,2010-12-06,2010-12-27,4,26,26
72801C,2011-05-16,2011-05-30,3,40,12
72801C,2011-07-11,2011-08-01,4,44,8
72801C,2011-08-29,2011-09-19,4,46,6
72801D,2010-05-17,2010-05-31,3,19,46
72801D,2010-06-14,2010-06-28,3,20,45
72801D,2010-10-04,2010-10-18,3,28,37
72801D,2011-04-04,2011-05-02,5,48,17
72801D,2011-07-25,2011-08-15,4,54,11
72801E,2010-05-24,2010-06-21,5,11,7
72801G,2010-04-12,2010-07-19,15,13,28
72801G,2011-01-10,2011-04-04,13,32,9
72801G,2011-04-25,2011-05-09,3,34,7
72801G,2011-05-23,2011-07-25,10,35,6
72802A,2011-05-16,2011-06-13,5,61,18
72802B,2010-06-14,2010-06-28,3,25,54
72802B,2011-05-16,2011-06-06,4,64,15
72803A,2010-05-03,2010-05-31,5,16,47
72803A,2010-12-20,2011-01-03,3,40,23
72803A,2011-05-02,2011-06-20,8,52,11
72803B,2010-03-29,2010-05-10,7,10,15
72803B,2010-06-21,2010-07-05,3,15,10
72803B,2010-07-19,2010-08-09,4,16,9
72807A,2011-09-26,2011-10-10,3,76,6
72807B,2010-03-29,2010-04-12,3,15,73
72811,2010-06-28,2010-07-19,4,9,11
72811,2010-08-02,2010-08-30,5,10,10
72811,2010-09-13,2010-10-18,6,11,9
72811,2010-11-22,2011-04-18,22,13,7
72811,2011-05-02,2011-06-27,9,14,6
72811,2011-07-11,2011-08-08,5,15,5
72811,2011-08-22,2011-10-24,10,16,4
72812,2010-07-05,2010-07-19,3,13,13
72812,2010-08-02,2010-08-23,4,14,12
72812,2010-10-11,2011-01-31,17,17,9
72812,2011-02-14,2011-05-02,12,18,8
72812,2011-05-16,2011-05-30,3,19,7
72812,2011-06-13,2011-08-01,8,20,6
72812,2011-08-15,2011-09-26,7,21,5
72812,2011-10-10,2011-10-31,4,22,4
72816,2011-01-31,2011-03-28,9,26,14
72816,2011-05-09,2011-05-23,3,29,11
72816,2011-06-06,2011-06-20,3,30,10
72816,2011-07-11,2011-08-22,7,32,8
72817,2011-01-31,2011-04-11,11,23,19
72817,2011-05-09,2011-05-23,3,26,16
72817,2011-06-06,2011-07-04,5,27,15
72817,2011-07-18,2011-08-15,5,28,14
72818,2011-01-24,2011-03-14,8,21,13
72818,2011-03-28,2011-04-11,3,22,12
72818,2011-04-25,2011-07-04,11,23,11
72818,2011-07-18,2011-08-22,6,24,10
72819,2010-09-27,2010-10-11,3,27,31
72819,2010-12-20,2011-01-03,3,35,23
72819,2011-02-07,2011-02-21,3,39,19
72819,2011-03-28,2011-04-11,3,42,16
72819,2011-06-20,2011-07-11,4,46,12
72819,2011-07-25,2011-08-29,6,47,11
75013B,2010-07-19,2010-09-06,8,26,13
75049L,2010-05-10,2010-09-13,19,22,59
75178,2010-10-04,2010-11-15,7,8,12
75178,2010-12-20,2011-01-31,7,10,10
77081,2010-04-12,2010-05-10,5,11,9
77101A,2010-08-09,2010-08-23,3,24,20
77101A,2010-12-20,2011-01-03,3,35,9
78033,2011-03-21,2011-04-04,3,8,6
78033,2011-04-18,2011-05-16,5,9,5
78124,2010-07-12,2010-07-26,3,9,17
78124,2010-08-09,2010-11-08,14,10,16
78124,2010-12-13,2011-05-09,22,12,14
78124,2011-05-30,2011-06-13,3,14,12
78124,2011-08-01,2011-09-12,7,17,9
79026B,2010-06-14,2010-08-02,8,9,10
79026B,2010-08-16,2010-10-11,9,10,9
79026B,2010-11-08,2011-02-21,16,12,7
79026B,2011-03-07,2011-03-28,4,13,6
79030D,2010-07-19,2010-08-09,4,8,30
79030D,2010-08-23,2010-09-20,5,9,29
79030D,2010-10-04,2010-10-25,4,10,28
79030D,2010-12-20,2011-01-17,5,15,23
79030D,2011-01-31,2011-03-07,6,16,22
79030G,2010-09-20,2010-10-11,4,28,22
79030G,2010-12-13,2011-01-03,4,36,14
79030G,2011-02-21,2011-03-07,3,39,11
79051A,2010-06-14,2010-08-02,8,9,30
79051A,2010-08-16,2010-09-20,6,10,29
79051A,2010-10-04,2010-10-25,4,11,28
79051A,2010-12-13,2011-01-24,7,15,24
79051A,2011-02-07,2011-02-21,3,16,23
79051A,2011-04-25,2011-05-09,3,21,18
79051A,2011-07-11,2011-07-25,3,27,12
79051A,2011-08-29,2011-09-19,4,29,10
79071B,2010-11-29,2010-12-27,5,28,10
79071B,2011-03-07,2011-03-28,4,33,5
79071B,2011-04-11,2011-04-25,3,34,4
79144B,2010-04-26,2010-06-07,7,8,48
79144B,2010-08-09,2010-08-23,3,13,43
79144B,2011-02-21,2011-03-07,3,31,25
79144B,2011-04-11,2011-05-02,4,34,22
79144C,2010-05-24,2010-06-07,3,13,47
79144C,2010-08-09,2010-08-23,3,19,41
79144C,2011-04-25,2011-05-16,4,42,18
79144C,2011-05-30,2011-06-13,3,43,17
79144C,2011-08-08,2011-08-29,4,49,11
79149B,2011-09-12,2011-11-07,9,8,4
79160,2011-04-04,2011-04-25,4,55,16
79160,2011-05-09,2011-05-30,4,56,15
79160,2011-08-15,2011-09-26,7,62,9
79161A,2010-06-14,2010-09-06,13,9,5
79163,2010-03-08,2010-04-12,6,8,33
79163,2010-06-14,2010-08-02,8,13,28
79163,2010-08-16,2010-09-06,4,14,27
79163,2010-12-27,2011-01-24,5,23,18
79163,2011-02-07,2011-03-21,7,24,17
79164,2010-06-14,2010-07-05,4,22,25
79164,2010-08-16,2010-09-06,4,26,21
79164,2010-12-13,2011-01-24,7,37,10
79164,2011-02-07,2011-03-14,6,38,9
79190A,2010-12-20,2011-01-10,4,41,34
79190B,2010-12-20,2011-01-03,3,44,31
79190B,2011-02-21,2011-03-07,3,49,26
79190B,2011-06-13,2011-07-04,4,58,17
79191B,2010-05-17,2010-06-07,4,9,36
79191B,2010-12-06,2010-12-27,4,26,19
79191B,2011-02-07,2011-03-07,5,30,15
79191B,2011-04-11,2011-05-02,4,33,12
79191B,2011-06-06,2011-07-04,5,36,9
79191B,2011-08-08,2011-09-12,6,38,7
79191C,2010-12-06,2011-01-03,5,43,33
79191C,2011-02-21,2011-03-07,3,48,28
79191C,2011-04-11,2011-05-02,4,51,25
79191D,2010-07-12,2010-07-26,3,18,22
79191D,2010-09-06,2010-09-20,3,21,19
79191D,2010-10-04,2010-10-18,3,22,18
79191D,2010-11-29,2010-12-13,3,26,14
79191D,2011-02-07,2011-02-28,4,30,10
79191D,2011-04-04,2011-05-30,9,33,7
79191D,2011-07-04,2011-09-19,12,35,5
79192A,2010-05-03,2010-05-17,3,11,14
79192A,2010-06-21,2010-08-02,7,14,11
79302M,2010-05-17,2010-05-31,3,16,49
79302M,2010-06-21,2010-07-19,5,18,47
79302M,2010-12-20,2011-01-03,3,33,32
79302M,2011-01-24,2011-02-14,4,35,30
79302M,2011-05-02,2011-05-30,5,43,22
79321,2010-03-08,2010-03-22,3,9,88
79336,2010-05-17,2010-07-12,9,12,7
79336,2010-08-09,2010-09-27,8,15,4
79337,2010-10-11,2010-10-25,3,8,11
79337,2010-11-08,2010-11-22,3,9,10
79337,2010-12-06,2010-12-27,4,10,9
79337,2011-01-10,2011-02-07,5,11,8
79337,2011-03-14,2011-03-28,3,14,5
79337,2011-04-11,2011-05-09,5,15,4
79403,2010-09-13,2010-10-18,6,10,17
79403,2010-12-20,2011-01-31,7,16,11
79403,2011-04-11,2011-05-02,4,21,6
79403,2011-05-16,2011-06-13,5,22,5
79406,2010-06-14,2010-08-16,10,8,12
79406,2010-09-06,2010-09-20,3,10,10
79406,2010-10-04,2010-11-15,7,11,9
79406,2010-11-29,2011-02-07,11,12,8
79406,2011-03-07,2011-04-18,7,14,6
79406,2011-05-02,2011-06-13,7,15,5
79406,2011-06-27,2011-07-18,4,16,4
79534,2010-04-19,2010-05-24,6,9,5
81950B,2010-06-07,2010-06-28,4,13,14
81950B,2010-07-12,2010-07-26,3,14,13
81950B,2010-09-13,2010-09-27,3,19,8
81950B,2010-11-01,2010-11-15,3,21,6
81950B,2010-11-29,2011-06-27,31,22,5
81952B,2010-08-30,2011-06-27,44,8,4
81952V,2010-04-05,2010-05-17,7,8,24
81952V,2010-07-26,2010-08-09,3,12,20
81952V,2010-09-06,2010-09-20,3,15,17
81952V,2010-10-04,2010-10-18,3,16,16
81952V,2010-11-22,2011-06-27,32,18,14
81952V,2011-08-22,2011-09-12,4,24,8
82001S,2010-04-05,2010-04-19,3,13,76
82011A,2010-09-20,2010-10-04,3,15,14
82011A,2010-10-25,2010-12-06,7,17,12
82011A,2010-12-20,2011-02-14,9,18,11
82011A,2011-04-25,2011-05-23,5,24,5
82011A,2011-06-06,2011-08-01,9,25,4
82011B,2010-03-29,2010-04-12,3,9,29
82011B,2010-08-09,2010-08-23,3,18,20
82011B,2010-09-06,2010-09-27,4,19,19
82011B,2010-12-06,2011-02-28,13,25,13
82011B,2011-05-16,2011-07-04,8,30,8
82011B,2011-07-18,2011-08-01,3,31,7
82011B,2011-08-15,2011-09-12,5,32,6
82011C,2010-03-15,2010-04-05,4,8,35
82011C,2010-07-26,2010-08-23,5,20,23
82011C,2010-09-13,2010-10-04,4,22,21
82011C,2010-12-20,2011-02-14,9,29,14
82011C,2011-04-25,2011-08-01,15,35,8
82011C,2011-09-12,2011-10-03,4,38,5
82095,2010-05-03,2010-05-17,3,8,25
82095,2010-05-31,2010-06-14,3,9,24
82095,2010-07-12,2010-07-26,3,12,21
82095,2010-08-16,2010-10-18,10,14,19
82095,2010-11-29,2011-02-07,11,18,15
82482,2010-02-01,2010-03-29,9,8,87
82483,2010-03-08,2010-03-29,4,13,82
82483,2011-05-02,2011-05-30,5,68,27
82494L,2011-05-09,2011-05-23,3,70,28
82552,2010-10-18,2010-11-08,4,45,55
82582,2010-10-04,2010-11-08,6,42,55
82583,2010-07-12,2010-08-09,5,31,68
82607E,2010-03-15,2010-05-10,9,10,4
82613A,2010-07-19,2010-08-09,4,28,24
82613A,2010-12-27,2011-01-10,3,39,13
82613A,2011-01-24,2011-02-07,3,40,12
82613C,2010-07-12,2010-07-26,3,26,57
82613D,2011-02-21,2011-03-14,4,57,29
82615,2010-04-26,2010-05-10,3,13,20
82616A,2010-03-29,2010-04-19,4,14,12
82616A,2010-06-14,2010-07-05,4,17,9
82616B,2010-05-03,2010-05-31,5,15,40
82616B,2010-06-14,2010-08-02,8,16,39
82616B,2010-12-20,2011-01-03,3,31,24
82616B,2011-01-31,2011-02-21,4,33,22
82616B,2011-03-07,2011-03-21,3,34,21
82616B,2011-04-18,2011-05-30,7,37,18
82616B,2011-06-13,2011-06-27,3,38,17
82616B,2011-07-11,2011-08-08,5,39,16
82616C,2010-04-26,2010-05-31,6,15,41
82616C,2010-06-14,2010-07-19,6,16,40
82616C,2010-12-20,2011-01-10,4,32,24
82616C,2011-01-24,2011-02-07,3,33,23
82616C,2011-03-07,2011-03-21,3,35,21
82616C,2011-04-04,2011-04-25,4,36,20
82616C,2011-05-09,2011-05-30,4,37,19
82616C,2011-06-13,2011-06-27,3,38,18
82616C,2011-08-01,2011-08-15,3,40,16
84006,2010-03-15,2010-04-05,4,10,64
84006,2011-03-28,2011-04-11,3,48,26
84006,2011-07-25,2011-08-08,3,59,15
84007,2010-04-05,2010-05-03,5,12,11
84007,2010-07-26,2010-08-09,3,19,4
84012,2010-07-26,2010-08-09,3,19,48
84012,2011-02-07,2011-02-28,4,42,25
84012,2011-05-09,2011-06-06,5,47,20
84031A,2010-02-08,2010-02-22,3,9,65
84031A,2010-05-31,2010-06-28,5,19,55
84031A,2011-05-30,2011-06-13,3,52,22
84031B,2010-04-12,2010-04-26,3,16,58
84031B,2010-06-21,2010-09-06,12,20,54
84032A,2010-04-05,2010-04-19,3,17,73
84032B,2011-02-21,2011-03-07,3,59,32
84033,2010-07-12,2010-11-08,18,18,8
84033,2010-11-22,2011-01-10,8,19,7
84033,2011-01-24,2011-02-07,3,20,6
84033,2011-02-21,2011-03-07,3,21,5
84051,2010-07-19,2010-08-02,3,9,33
84051,2010-12-27,2011-01-10,3,23,19
84051,2011-01-24,2011-03-21,9,24,18
84051,2011-04-04,2011-04-25,4,25,17
84051,2011-05-09,2011-05-23,3,26,16
84051,2011-07-18,2011-08-15,5,31,11
84086C,2010-06-07,2010-06-28,4,13,36
84086C,2010-08-16,2010-08-30,3,17,32
84086C,2011-02-07,2011-02-28,4,34,15
84086C,2011-04-18,2011-05-02,3,39,10
84086C,2011-06-06,2011-08-29,13,42,7
84086C,2011-10-03,2011-10-24,4,45,4
84192,2010-09-27,2010-11-08,7,8,20
84192,2010-12-13,2011-02-21,11,11,17
84192,2011-03-07,2011-04-04,5,12,16
84192,2011-06-13,2011-06-27,3,20,8
84192,2011-07-11,2011-07-25,3,21,7
84192,2011-08-08,2011-09-26,8,22,6
84199,2010-06-21,2010-07-05,3,9,30
84199,2010-11-22,2010-12-13,4,22,17
84199,2011-01-17,2011-02-07,4,24,15
84199,2011-04-11,2011-06-13,10,29,10
84199,2011-06-27,2011-08-15,8,30,9
84199,2011-08-29,2011-09-19,4,31,8
84199,2011-10-10,2011-10-24,3,33,6
84218,2010-04-05,2010-06-07,10,9,12
84218,2010-06-21,2010-12-27,28,10,11
84228,2010-04-05,2010-11-08,32,10,15
84228,2010-12-13,2010-12-27,3,13,12
84231,2010-04-05,2011-01-03,40,10,13
84247E,2010-12-20,2011-07-11,30,17,12
84247E,2011-07-25,2011-08-22,5,18,11
84247G,2011-02-21,2011-03-21,5,48,9
84247K,2010-04-12,2010-05-10,5,8,16
84247K,2010-05-24,2010-06-21,5,9,15
84247K,2010-07-05,2010-08-09,6,10,14
84247K,2010-10-04,2010-10-18,3,13,11
84247K,2010-11-01,2010-11-15,3,14,10
84247K,2010-12-06,2011-01-03,5,16,8
84247K,2011-01-17,2011-02-14,5,17,7
84247K,2011-02-28,2011-03-14,3,18,6
84247K,2011-04-04,2011-06-13,11,20,4
84247L,2010-07-26,2010-08-09,3,25,16
84247L,2010-08-30,2010-09-20,4,27,14
84247L,2010-11-15,2010-11-29,3,33,8
84247L,2010-12-20,2011-01-03,3,35,6
84247N,2010-05-24,2010-06-07,3,14,24
84247N,2010-07-05,2010-07-19,3,16,22
84247N,2010-08-02,2010-08-16,3,17,21
84247N,2010-09-13,2010-09-27,3,19,19
84247N,2010-11-08,2010-11-22,3,22,16
84247N,2011-01-17,2011-03-14,9,26,12
84247N,2011-04-04,2011-06-13,11,28,10
84247N,2011-06-27,2011-07-11,3,29,9
84247N,2011-08-08,2011-08-29,4,31,7
84249A,2011-04-11,2011-04-25,3,14,12
84249A,2011-07-04,2011-07-18,3,19,7
84249A,2011-08-08,2011-08-22,3,21,5
84251B,2010-11-01,2010-11-29,5,8,22
84251B,2011-01-24,2011-02-07,3,13,17
84251B,2011-05-30,2011-06-13,3,21,9
84251C,2010-08-16,2010-10-18,10,9,15
84251C,2010-11-29,2010-12-13,3,12,12
84251C,2011-01-24,2011-02-14,4,16,8
84251C,2011-02-28,2011-03-21,4,17,7
84251C,2011-04-04,2011-05-02,5,18,6
84251C,2011-05-16,2011-05-30,3,19,5
84251G,2010-06-28,2010-07-19,4,17,31
84251G,2010-09-06,2010-09-27,4,22,26
84251G,2010-11-08,2010-11-29,4,26,22
84251G,2011-01-24,2011-03-14,8,31,17
84251G,2011-04-11,2011-05-09,5,34,14
84251G,2011-05-23,2011-06-13,4,35,13
84251G,2011-07-25,2011-09-05,7,40,8
84279B,2010-07-05,2011-01-24,30,29,20
84292,2010-04-26,2010-05-10,3,8,4
84306,2010-05-03,2010-05-17,3,8,11
84306,2010-07-19,2010-08-09,4,13,6
84306,2010-08-23,2011-02-07,25,14,5
84313B,2010-03-01,2010-03-22,4,8,32
84313B,2010-07-05,2010-08-02,5,16,24
84313B,2011-02-07,2011-02-21,3,36,4
84313C,2011-02-14,2011-02-28,3,34,10
84341B,2010-12-20,2011-04-11,17,24,14
84341B,2011-04-25,2011-06-27,10,25,13
84347,2010-04-12,2010-05-24,7,9,68
84347,2010-06-07,2010-06-21,3,10,67
84352,2011-01-17,2011-05-02,16,26,8
84352,2011-05-23,2011-07-04,7,28,6
84356,2010-05-24,2010-06-07,3,17,50
84356,2010-08-23,2010-09-06,3,27,40
84356,2010-10-04,2010-11-01,5,29,38
84356,2011-03-14,2011-04-04,4,43,24
84356,2011-09-12,2011-09-26,3,59,8
84358,2010-08-09,2010-08-30,4,12,15
84358,2010-09-13,2010-11-08,9,13,14
84358,2010-12-20,2011-02-14,9,16,11
84358,2011-02-28,2011-03-14,3,17,10
84360,2010-07-05,2010-07-19,3,9,25
84360,2010-08-02,2010-08-16,3,10,24
84360,2010-12-20,2011-02-07,8,20,14
84360,2011-03-28,2011-04-11,3,24,10
84360,2011-05-02,2011-07-04,10,26,8
84360,2011-07-25,2011-09-19,9,28,6
84375,2010-08-02,2010-08-16,3,34,62
84375,2010-10-18,2010-11-08,4,41,55
84422,2010-07-05,2010-07-19,3,12,21
84422,2010-09-06,2010-10-11,6,16,17
84422,2010-12-20,2011-01-31,7,22,11
84422,2011-02-14,2011-02-28,3,23,10
84422,2011-04-18,2011-05-09,4,26,7
84429A,2010-09-06,2010-11-08,10,10,21
84429A,2010-12-20,2011-01-03,3,14,17
84429A,2011-03-28,2011-04-11,3,19,12
84429A,2011-06-20,2011-07-18,5,24,7
84429A,2011-08-29,2011-10-03,6,27,4
84452,2010-04-12,2010-05-24,7,11,12
84452,2010-06-07,2011-01-24,34,12,11
84457,2010-04-26,2010-08-23,18,12,16
84457,2010-09-06,2010-09-20,3,13,15
84457,2010-10-04,2010-12-06,10,14,14
84457,2010-12-20,2011-01-03,3,15,13
84459A,2010-08-09,2010-09-20,7,28,42
84461,2010-04-05,2011-01-03,40,10,8
84461,2011-01-17,2011-02-07,4,11,7
84465,2010-04-19,2010-06-14,9,9,7
84465,2010-06-28,2011-01-17,30,10,6
84465,2011-02-07,2011-02-21,3,12,4
84466,2010-04-26,2011-02-14,43,16,9
84466,2011-04-11,2011-04-25,3,19,6
84482,2010-03-22,2010-04-12,4,13,8
84497,2010-07-12,2010-08-02,4,14,13
84497,2010-12-13,2011-01-03,4,23,4
84499,2010-06-07,2010-06-28,4,13,12
84499,2010-08-30,2010-10-04,6,18,7
84507B,2010-12-20,2011-01-10,4,40,17
84507B,2011-01-24,2011-02-28,6,41,16
84507B,2011-04-25,2011-05-16,4,46,11
84507C,2010-03-22,2010-04-19,5,8,43
84507C,2010-12-20,2011-01-03,3,33,18
84507C,2011-01-17,2011-02-21,6,34,17
84508A,2010-12-20,2011-01-10,4,40,25
84508A,2011-03-21,2011-04-11,4,46,19
84508B,2010-07-26,2010-08-16,4,21,35
84508B,2010-12-13,2011-01-03,4,35,21
84508B,2011-01-24,2011-02-07,3,37,19
84508B,2011-05-02,2011-05-16,3,43,13
84508B,2011-08-01,2011-09-05,6,49,7
84508B,2011-09-19,2011-10-03,3,50,6
84508C,2010-04-19,2010-06-14,9,10,28
84508C,2010-07-26,2010-09-13,8,13,25
84508C,2010-10-18,2010-11-08,4,15,23
84508C,2010-12-13,2011-01-10,5,18,20
84508C,2011-01-24,2011-02-07,3,19,19
84508C,2011-05-02,2011-05-16,3,26,12
84508C,2011-06-20,2011-07-11,4,29,9
84508C,2011-08-15,2011-09-12,5,32,6
84509B,2010-06-21,2010-07-05,3,27,60
84509C,2010-04-05,2010-04-19,3,9,65
84509C,2011-05-16,2011-05-30,3,57,17
84509C,2011-08-22,2011-09-05,3,65,9
84509E,2010-10-04,2010-11-08,6,8,18
84509E,2011-02-28,2011-03-21,4,17,9
84509E,2011-04-04,2011-04-25,4,18,8
84509E,2011-05-09,2011-06-06,5,19,7
84509G,2010-06-21,2010-07-05,3,25,48
84509G,2011-05-30,2011-06-27,5,60,13
84509G,2011-07-18,2011-08-08,4,62,11
84510C,2010-03-29,2010-04-12,3,12,61
84510C,2010-10-04,2010-10-18,3,31,42
84510C,2011-05-16,2011-05-30,3,55,18
84510C,2011-07-11,2011-07-25,3,58,15
84510E,2010-08-16,2010-09-20,6,9,20
84510E,2010-10-18,2010-11-01,3,12,17
84510E,2010-11-15,2010-11-29,3,13,16
84510E,2010-12-13,2011-01-03,4,14,15
84510E,2011-02-21,2011-03-21,5,18,11
84510E,2011-04-18,2011-05-23,6,20,9
84510E,2011-06-20,2011-08-01,7,22,7
84510E,2011-08-15,2011-09-12,5,23,6
84522,2010-07-05,2010-08-02,5,8,14
84522,2010-08-16,2010-08-30,3,9,13
84522,2010-09-13,2010-09-27,3,10,12
84522,2010-10-25,2010-11-29,6,12,10
84522,2010-12-13,2011-03-21,15,13,9
84522,2011-04-11,2011-05-16,6,15,7
84522,2011-05-30,2011-06-20,4,16,6
84526,2010-08-23,2010-09-06,3,20,5
84526,2010-09-20,2010-10-11,4,21,4
84527,2010-11-22,2011-01-10,8,11,7
84527,2011-02-14,2011-03-07,4,13,5
84527,2011-03-21,2011-05-23,10,14,4
84531A,2010-07-26,2010-08-30,6,8,15
84531A,2010-10-11,2010-11-08,5,12,11
84531A,2010-12-06,2011-01-31,9,14,9
84531B,2010-05-24,2010-07-12,8,8,17
84531B,2010-07-26,2010-08-09,3,9,16
84531B,2010-08-23,2010-09-06,3,10,15
84531B,2010-10-11,2010-11-08,5,13,12
84531B,2010-12-06,2011-01-31,9,15,10
84535A,2010-02-15,2011-02-28,55,10,9
84548,2010-10-18,2010-11-01,3,8,5
84548,2010-11-15,2011-03-14,18,9,4
84549,2010-11-08,2010-11-22,3,8,7
84549,2010-12-06,2011-03-21,16,9,6
84549,2011-04-25,2011-05-16,4,11,4
84558A,2011-01-31,2011-02-14,3,45,30
84558A,2011-05-02,2011-05-23,4,53,22
84559A,2011-04-11,2011-04-25,3,64,28
84559B,2011-04-25,2011-05-09,3,63,17
84559D,2010-03-29,2010-04-19,4,10,12
84559D,2010-05-03,2010-07-05,10,11,11
84559D,2010-07-26,2010-08-16,4,13,9
84559D,2010-09-20,2010-10-04,3,16,6
84562A,2010-08-02,2010-08-23,4,29,13
84563A,2010-05-17,2010-05-31,3,9,25
84563A,2010-07-26,2010-08-09,3,12,22
84563A,2011-01-24,2011-02-21,5,26,8
84563B,2010-09-13,2010-10-25,7,13,21
84563B,2011-03-21,2011-04-04,3,25,9
84568,2010-12-20,2011-01-03,3,50,42
84569A,2010-05-17,2010-07-12,9,15,46
84569A,2010-08-09,2010-08-30,4,18,43
84569B,2010-05-17,2010-06-07,4,14,27
84569B,2010-06-21,2010-07-12,4,15,26
84569B,2010-08-02,2010-08-30,5,17,24
84569C,2010-06-28,2010-07-12,3,23,17
84569D,2011-04-18,2011-05-02,3,55,25
84569D,2011-10-03,2011-10-17,3,74,6
84576,2010-05-17,2010-09-27,20,9,13
84576,2010-10-18,2010-11-08,4,11,11
84576,2010-11-29,2011-03-28,18,13,9
84576,2011-05-09,2011-05-30,4,16,6
84580,2011-02-07,2011-02-21,3,60,38
84581,2011-02-14,2011-03-07,4,59,29
84581,2011-04-04,2011-04-18,3,62,26
84584,2011-01-10,2011-02-14,6,32,14
84592,2010-05-17,2010-07-26,11,9,29
84592,2010-12-06,2011-01-10,6,19,19
84592,2011-04-18,2011-05-02,3,27,11
84592,2011-06-20,2011-07-11,4,30,8
84592,2011-08-01,2011-09-05,6,32,6
84592,2011-09-19,2011-10-10,4,33,5
84595E,2010-05-31,2010-06-14,3,11,23
84595E,2010-08-02,2010-09-06,6,14,20
84595E,2010-10-11,2010-11-15,6,17,17
84595E,2010-12-13,2011-02-28,12,20,14
84595E,2011-03-28,2011-04-11,3,22,12
84595E,2011-04-25,2011-05-09,3,23,11
84596J,2010-02-22,2010-03-08,3,9,47
84596J,2010-09-06,2010-09-27,4,27,29
84596L,2010-07-19,2010-08-09,4,23,47
84596L,2010-09-06,2010-09-27,4,25,45
84597B,2010-05-10,2010-05-31,4,13,8
84597B,2010-07-05,2010-08-16,7,15,6
84597B,2010-08-30,2010-12-06,15,16,5
84597B,2010-12-20,2011-02-07,8,17,4
84597C,2010-05-10,2010-05-31,4,12,18
84597C,2010-07-19,2010-08-16,5,15,15
84597C,2010-08-30,2010-09-13,3,16,14
84597C,2010-10-11,2010-11-22,7,19,11
84597C,2010-12-20,2011-01-17,5,21,9
84597C,2011-03-07,2011-04-04,5,25,5
84600,2010-06-07,2010-07-12,6,8,28
84600,2010-09-27,2010-10-11,3,13,23
84600,2011-01-24,2011-02-21,5,20,16
84600,2011-03-07,2011-05-09,10,21,15
84600,2011-05-23,2011-06-06,3,22,14
84601A,2010-03-15,2010-03-29,3,8,5
84601A,2010-04-12,2010-04-26,3,9,4
84609,2010-06-21,2010-08-30,11,9,23
84609,2010-12-13,2011-04-25,20,17,15
84609,2011-05-16,2011-06-13,5,19,13
84609,2011-06-27,2011-08-08,7,20,12
84616,2010-07-12,2010-08-30,8,8,9
84616,2010-09-13,2010-11-01,8,9,8
84616,2010-11-15,2010-12-06,4,10,7
84616,2010-12-20,2011-05-09,21,11,6
84616,2011-05-23,2011-08-01,11,12,5
84616,2011-08-15,2011-09-12,5,13,4
84620,2010-08-23,2010-09-13,4,24,7
84625A,2010-05-10,2010-05-24,3,12,37
84625A,2010-07-26,2010-08-23,5,17,32
84625A,2011-04-04,2011-05-02,5,37,12
84625A,2011-05-16,2011-05-30,3,38,11
84625A,2011-06-13,2011-06-27,3,39,10
84625A,2011-07-11,2011-08-01,4,40,9
84625C,2010-08-02,2010-08-30,5,14,27
84625C,2010-09-20,2010-10-11,4,16,25
84625C,2010-12-20,2011-01-03,3,25,16
84625C,2011-01-31,2011-03-21,8,28,13
84625C,2011-04-04,2011-04-18,3,29,12
84625C,2011-06-06,2011-06-27,4,32,9
84625D,2010-04-12,2010-04-26,3,11,15
84625D,2010-06-14,2010-07-05,4,14,12
84627,2010-05-03,2010-05-24,4,11,4
84631,2010-05-31,2010-06-14,3,9,21
84631,2010-06-28,2010-08-02,6,10,20
84631,2010-09-06,2010-09-20,3,13,17
84631,2010-10-11,2010-11-08,5,15,15
84631,2011-01-31,2011-02-14,3,23,7
84637,2010-06-28,2010-07-12,3,14,38
84637,2010-07-26,2010-08-09,3,15,37
84637,2010-08-23,2010-09-20,5,16,36
84637,2010-10-25,2010-11-08,3,18,34
84637,2010-12-13,2010-12-27,3,22,30
84638,2010-07-26,2010-08-09,3,15,26
84638,2010-08-23,2010-10-11,8,16,25
84638,2010-12-13,2010-12-27,3,21,20
84658,2010-05-17,2010-06-21,6,13,32
84658,2010-12-13,2011-01-10,5,31,14
84658,2011-01-24,2011-04-04,11,32,13
84658,2011-06-20,2011-08-22,10,37,8
84659A,2011-03-28,2011-04-18,4,54,18
84660A,2010-10-11,2010-11-08,5,8,23
84660A,2011-02-07,2011-05-09,14,15,16
84660B,2010-05-31,2010-06-14,3,10,33
84660B,2010-08-02,2010-08-16,3,14,29
84660B,2010-09-13,2010-09-27,3,16,27
84660B,2011-02-21,2011-03-21,5,28,15
84660B,2011-05-16,2011-06-06,4,33,10
84660C,2010-09-06,2010-09-27,4,26,35
84661A,2010-05-17,2010-07-12,9,11,20
84661A,2010-09-06,2010-10-04,5,16,15
84661A,2010-10-25,2010-12-27,10,18,13
84661A,2011-01-24,2011-02-21,5,21,10
84661A,2011-03-07,2011-05-09,10,22,9
84661A,2011-06-20,2011-07-04,3,25,6
84661A,2011-07-18,2011-09-19,10,26,5
84661A,2011-10-03,2011-10-17,3,27,4
84661B,2010-03-15,2010-03-29,3,10,27
84661B,2010-04-26,2010-05-31,6,12,25
84661B,2010-06-14,2010-07-12,5,13,24
84661B,2010-09-06,2010-10-25,8,18,19
84661B,2011-01-31,2011-03-14,7,26,11
84661B,2011-03-28,2011-05-30,10,27,10
84661B,2011-06-13,2011-07-11,5,28,9
84661B,2011-08-01,2011-09-19,8,30,7
84661C,2010-09-06,2010-09-20,3,9,12
84661C,2010-10-04,2010-11-15,7,10,11
84661C,2010-11-29,2011-01-03,6,11,10
84661C,2011-01-24,2011-02-07,3,13,8
84661C,2011-02-28,2011-07-11,20,15,6
84661C,2011-08-01,2011-10-17,12,17,4
84663A,2010-05-10,2010-05-24,3,8,35
84663A,2010-08-16,2010-09-06,4,16,27
84663A,2010-10-11,2010-11-01,4,20,23
84663A,2011-01-17,2011-02-07,4,25,18
84663A,2011-02-28,2011-03-14,3,27,16
84663A,2011-03-28,2011-04-11,3,28,15
84663A,2011-07-25,2011-09-26,10,38,5
84665,2010-05-10,2010-06-21,7,9,25
84665,2010-08-23,2010-09-06,3,14,20
84665,2010-09-20,2010-11-01,7,15,19
84665,2010-12-20,2011-03-07,12,19,15
84665,2011-03-28,2011-04-25,5,21,13
84665,2011-08-01,2011-08-15,3,29,5
84666,2010-05-17,2010-07-05,8,8,8
84666,2010-07-26,2010-08-09,3,10,6
84666,2010-08-23,2010-09-06,3,11,5
84666,2010-09-20,2010-12-06,12,12,4
84673A,2010-08-02,2010-09-06,6,23,24
84673A,2010-10-11,2010-11-08,5,25,22
84673A,2010-12-20,2011-01-03,3,28,19
84673A,2011-01-17,2011-03-14,9,29,18
84673B,2010-03-22,2010-04-05,3,10,58
84673B,2010-04-26,2010-05-17,4,12,56
84673B,2010-09-06,2010-09-27,4,25,43
84673B,2010-10-18,2010-11-01,3,27,41
84673B,2011-01-24,2011-02-14,4,37,31
84673B,2011-08-29,2011-10-03,6,59,9
84674,2010-08-09,2010-08-30,4,26,43
84674,2010-10-04,2010-10-18,3,30,39
84674,2011-08-29,2011-09-19,4,60,9
84675,2010-06-14,2010-07-19,6,21,9
84675,2010-08-30,2010-09-13,3,24,6
84675,2010-10-04,2010-10-18,3,26,4
84678,2010-12-13,2011-01-17,6,40,7
84680,2010-03-01,2010-05-10,11,8,4
84683,2010-03-22,2010-04-12,4,10,23
84683,2010-06-21,2010-07-26,6,16,17
84683,2010-09-06,2010-10-18,7,20,13
84683,2010-12-27,2011-01-24,5,27,6
84683,2011-02-14,2011-02-28,3,29,4
84686,2010-10-18,2010-11-08,4,32,6
84686,2010-11-22,2011-03-28,19,33,5
84686,2011-04-11,2011-04-25,3,34,4
84687,2010-07-19,2010-08-02,3,22,25
84687,2010-08-16,2010-08-30,3,23,24
84687,2010-09-20,2010-10-04,3,25,22
84687,2010-12-06,2011-02-14,11,31,16
84687,2011-03-07,2011-04-04,5,33,14
84687,2011-08-08,2011-08-22,3,43,4
84688,2010-07-05,2010-07-19,3,25,20
84688,2010-09-20,2010-10-18,5,31,14
84688,2010-12-20,2011-01-10,4,37,8
84689,2010-06-28,2010-07-12,3,15,8
84689,2010-07-26,2010-08-16,4,16,7
84689,2010-10-11,2010-10-25,3,19,4
84691,2010-07-19,2010-08-23,6,32,7
84691,2010-09-20,2010-10-04,3,34,5
84691,2010-10-18,2011-02-14,18,35,4
84706D,2010-07-12,2010-08-09,5,10,4
84706F,2011-08-01,2011-08-29,5,9,8
84707A,2010-06-14,2010-07-05,4,9,29
84707A,2010-07-19,2010-09-06,8,10,28
84707A,2010-10-18,2010-11-15,5,14,24
84707A,2010-12-13,2010-12-27,3,16,22
84707A,2011-01-24,2011-02-07,3,19,19
84707A,2011-03-14,2011-03-28,3,22,16
84707A,2011-04-25,2011-05-09,3,24,14
84707A,2011-07-25,2011-09-19,9,29,9
84707B,2010-07-26,2010-08-16,4,20,17
84707B,2010-08-30,2010-10-04,6,21,16
84707B,2010-11-08,2010-11-22,3,24,13
84707B,2010-12-13,2010-12-27,3,26,11
84707B,2011-02-21,2011-07-04,20,31,6
84707B,2011-07-18,2011-08-22,6,32,5
84708B,2010-06-28,2010-07-19,4,17,25
84708B,2010-11-29,2011-01-24,9,27,15
84708B,2011-02-07,2011-03-28,8,28,14
84708B,2011-04-11,2011-05-02,4,29,13
84708B,2011-05-16,2011-05-30,3,30,12
84708B,2011-07-18,2011-08-08,4,34,8
84708B,2011-09-12,2011-10-03,4,36,6
84708B,2011-10-17,2011-10-31,3,37,5
84709A,2010-08-09,2010-08-23,3,8,4
84709B,2010-06-21,2010-07-05,3,25,23
84709B,2010-12-20,2011-01-17,5,42,6
84711A,2010-12-13,2010-12-27,3,8,11
84711A,2011-02-07,2011-04-18,11,12,7
84711A,2011-05-02,2011-05-23,4,13,6
84711A,2011-06-06,2011-07-11,6,14,5
84711A,2011-07-25,2011-09-12,8,15,4
84711B,2010-04-19,2010-08-09,17,9,16
84711B,2010-09-13,2010-10-11,5,11,14
84711B,2010-10-25,2010-11-15,4,12,13
84711B,2011-01-24,2011-05-23,18,17,8
84711B,2011-06-27,2011-07-11,3,19,6
84711B,2011-07-25,2011-08-29,6,20,5
84711B,2011-09-12,2011-10-03,4,21,4
84712B,2010-05-17,2010-06-14,5,17,23
84712B,2010-06-28,2010-08-09,7,18,22
84712B,2010-10-11,2010-11-01,4,23,17
84712B,2010-12-13,2011-01-24,7,26,14
84712B,2011-03-21,2011-04-11,4,30,10
84712B,2011-05-02,2011-06-06,6,32,8
84712B,2011-06-20,2011-07-18,5,33,7
84712B,2011-09-12,2011-10-03,4,36,4
84715,2010-08-23,2010-09-06,3,20,8
84715,2010-09-20,2010-10-18,5,21,7
84723,2011-04-25,2011-07-11,12,8,4
84725,2010-05-17,2010-10-25,24,8,14
84725,2010-12-13,2011-03-28,16,11,11
84725,2011-04-18,2011-05-09,4,13,9
84725,2011-06-13,2011-06-27,3,16,6
84725,2011-07-18,2011-08-01,3,18,4
84741C,2010-05-31,2010-07-05,6,18,12
84741C,2010-07-19,2010-08-09,4,19,11
84741C,2010-08-30,2010-12-27,18,21,9
84741C,2011-01-31,2011-02-14,3,23,7
84744,2011-01-31,2011-02-21,4,16,9
84744,2011-04-18,2011-07-18,14,20,5
84745A,2010-05-17,2010-07-12,9,9,6
84745A,2010-07-26,2011-01-03,24,10,5
84745B,2010-04-12,2010-05-03,4,8,9
84745B,2010-05-17,2010-05-31,3,9,8
84745B,2010-06-14,2010-07-12,5,10,7
84745B,2010-07-26,2010-09-13,8,11,6
84745B,2010-09-27,2011-01-03,15,12,5
84748,2010-05-03,2010-05-17,3,11,30
84748,2010-06-21,2010-07-26,6,13,28
84748,2010-10-18,2010-11-01,3,20,21
84748,2011-02-14,2011-03-21,6,29,12
84748,2011-04-18,2011-05-30,7,32,9
84748,2011-07-25,2011-09-12,8,37,4
84750A,2010-04-05,2010-05-03,5,17,7
84750A,2010-05-17,2010-10-04,21,18,6
84750B,2010-07-05,2010-07-19,3,18,22
84750B,2010-12-20,2011-01-03,3,34,6
84750B,2011-01-17,2011-02-28,7,35,5
84751B,2010-12-20,2011-01-24,6,11,4
84754,2010-12-20,2011-01-03,3,31,17
84754,2011-01-24,2011-03-21,9,33,15
84754,2011-04-11,2011-04-25,3,35,13
84760S,2010-08-09,2010-08-30,4,15,17
84760S,2010-12-06,2011-01-03,5,26,6
84760S,2011-01-24,2011-02-28,6,28,4
84766,2011-01-17,2011-02-21,6,15,6
84766,2011-03-07,2011-03-28,4,16,5
84766,2011-04-11,2011-04-25,3,17,4
84773,2010-08-16,2010-09-27,7,23,6
84789,2010-08-02,2010-08-16,3,24,31
84789,2010-12-13,2010-12-27,3,37,18
84795B,2010-09-20,2010-10-18,5,20,34
84795B,2010-12-27,2011-01-24,5,26,28
84796A,2010-11-22,2010-12-06,3,29,20
84796A,2010-12-20,2011-02-14,9,30,19
84796A,2011-05-02,2011-06-06,6,39,10
84796B,2010-08-09,2010-08-23,3,16,33
84796B,2010-09-06,2010-11-08,10,17,32
84796B,2010-12-06,2011-01-10,6,19,30
84799,2010-07-05,2010-07-19,3,12,13
84799,2010-08-02,2010-09-06,6,13,12
84799,2010-09-20,2010-10-11,4,14,11
84799,2010-10-25,2010-11-08,3,15,10
84799,2010-12-20,2011-01-10,4,19,6
84800L,2010-07-12,2010-07-26,3,8,23
84800L,2010-08-30,2010-09-27,5,10,21
84800L,2010-11-08,2010-11-22,3,13,18
84800M,2010-06-14,2010-09-13,14,8,13
84800M,2010-10-25,2010-11-22,5,11,10
84800M,2010-12-20,2011-01-10,4,13,8
84800M,2011-01-31,2011-02-14,3,15,6
84800M,2011-03-07,2011-07-04,18,17,4
84800S,2010-10-25,2011-01-10,12,8,9
84801A,2010-07-12,2010-10-11,14,8,6
84801A,2010-10-25,2011-01-10,12,9,5
84801B,2010-09-13,2010-10-04,4,9,6
84802A,2010-03-29,2010-04-12,3,8,12
84802A,2010-07-19,2010-09-06,8,16,4
84802B,2010-05-31,2010-06-14,3,10,4
84803A,2010-08-02,2010-09-06,6,10,4
84804A,2010-12-20,2011-01-10,4,8,7
84804A,2011-01-24,2011-02-21,5,9,6
84804A,2011-03-28,2011-04-11,3,11,4
84804B,2010-07-12,2010-08-30,8,8,6
84804B,2010-09-13,2011-05-09,35,9,5
84804B,2011-05-23,2011-06-27,6,10,4
84806A,2010-10-25,2010-12-06,7,8,8
84806A,2010-12-20,2011-01-17,5,9,7
84806B,2010-12-06,2011-01-10,6,10,18
84806B,2011-03-07,2011-04-11,6,14,14
84806B,2011-04-25,2011-05-09,3,15,13
84806B,2011-06-06,2011-06-27,4,17,11
84806B,2011-07-18,2011-08-15,5,19,9
84806B,2011-09-19,2011-10-03,3,23,5
84809A,2010-06-07,2010-07-19,7,9,10
84809A,2010-08-02,2010-08-23,4,10,9
84809A,2010-09-06,2010-10-11,6,11,8
84809A,2010-10-25,2010-11-22,5,12,7
84809A,2010-12-13,2011-02-07,9,14,5
84813,2010-04-12,2010-05-03,4,14,37
84813,2010-05-17,2010-06-28,7,15,36
84813,2011-01-31,2011-05-02,14,38,13
84816,2010-11-22,2010-12-06,3,9,9
84816,2011-01-10,2011-03-21,11,11,7
84816,2011-04-04,2011-05-09,6,12,6
84817,2010-08-23,2010-09-06,3,9,40
84817,2011-08-22,2011-09-12,4,42,7
84817,2011-10-24,2011-11-07,3,45,4
84818,2011-05-30,2011-06-13,3,63,16
84819,2010-05-03,2010-05-17,3,9,39
84819,2010-07-26,2010-08-09,3,17,31
84819,2010-08-23,2010-09-06,3,18,30
84819,2011-03-28,2011-05-09,7,37,11
84819,2011-05-30,2011-06-13,3,39,9
84819,2011-08-08,2011-09-19,7,42,6
84820,2010-05-31,2010-07-05,6,8,31
84820,2010-10-11,2010-10-25,3,15,24
84820,2011-03-21,2011-05-16,9,26,13
84820,2011-06-27,2011-08-01,6,29,10
84821,2011-04-18,2011-05-02,3,39,13
84821,2011-05-30,2011-06-13,3,41,11
84821,2011-08-08,2011-09-05,5,45,7
84821,2011-09-19,2011-10-03,3,46,6
84824,2010-04-19,2010-05-17,5,10,7
84824,2010-05-31,2010-06-14,3,11,6
84824,2010-06-28,2010-07-19,4,12,5
84826,2010-07-26,2010-09-06,7,10,25
84826,2010-11-08,2010-11-22,3,15,20
84826,2011-03-14,2011-04-18,6,25,10
84826,2011-05-02,2011-05-23,4,26,9
84826,2011-06-13,2011-07-04,4,28,7
84826,2011-08-29,2011-10-10,7,31,4
84827,2010-08-30,2010-09-20,4,9,14
84827,2011-01-10,2011-04-18,15,18,5
84827,2011-05-02,2011-06-20,8,19,4
84828,2010-12-20,2011-01-03,3,48,42
84839,2010-03-08,2010-04-19,7,13,27
84842,2010-05-24,2010-06-21,5,13,16
84842,2010-08-16,2010-09-20,6,17,12
84842,2010-10-04,2010-10-18,3,18,11
84842,2010-11-22,2011-03-07,16,21,8
84842,2011-03-21,2011-06-27,15,22,7
84843,2010-10-04,2010-10-18,3,31,37
84843,2011-01-10,2011-01-24,3,38,30
84843,2011-02-21,2011-03-07,3,40,28
84843,2011-05-30,2011-06-13,3,50,18
84843,2011-07-04,2011-07-18,3,52,16
84846A,2010-04-05,2010-04-19,3,8,29
84846A,2010-09-13,2010-09-27,3,20,17
84846A,2011-01-31,2011-07-04,23,33,4
84847,2010-06-14,2010-07-19,6,17,18
84847,2010-10-04,2010-11-01,5,22,13
84847,2010-11-29,2011-01-17,8,25,10
84847,2011-01-31,2011-02-14,3,26,9
84847,2011-03-21,2011-04-18,5,29,6
84847,2011-05-09,2011-05-30,4,31,4
84849A,2010-06-07,2010-06-21,3,16,48
84849A,2011-03-21,2011-04-11,4,42,22
84849A,2011-10-03,2011-10-24,4,60,4
84854,2010-03-08,2010-04-26,8,12,27
84856L,2010-03-29,2010-04-12,3,11,26
84856L,2010-10-11,2010-11-01,4,33,4
84857C,2011-05-02,2011-05-23,4,8,5
84858C,2010-07-19,2010-09-06,8,13,9
84858C,2010-10-04,2010-11-01,5,16,6
84858C,2010-11-22,2011-02-14,13,18,4
84859A,2010-07-12,2010-07-26,3,10,29
84859A,2010-10-04,2010-10-18,3,15,24
84859A,2010-11-01,2010-12-06,6,16,23
84859A,2010-12-20,2011-04-18,18,17,22
84859B,2011-07-11,2011-08-08,5,9,6
84859B,2011-08-22,2011-09-19,5,10,5
84859C,2010-10-04,2010-11-01,5,9,17
84859C,2010-11-22,2011-02-07,12,11,15
84859C,2011-02-21,2011-04-25,10,12,14
84859C,2011-05-09,2011-06-27,8,13,13
84865,2010-06-14,2010-06-28,3,11,18
84865,2010-08-02,2010-08-30,5,14,15
84865,2010-10-04,2010-10-18,3,17,12
84865,2010-12-13,2011-01-24,7,23,6
84865,2011-02-07,2011-02-21,3,24,5
84865,2011-03-07,2011-05-30,13,25,4
84870B,2010-07-12,2010-08-02,4,10,17
84870B,2010-08-30,2010-10-11,7,12,15
84870B,2010-10-25,2010-11-08,3,13,14
84870B,2011-01-24,2011-03-07,7,20,7
84870B,2011-03-21,2011-07-04,16,21,6
84870C,2010-08-16,2010-09-06,4,8,15
84870C,2010-09-20,2010-11-08,8,9,14
84870C,2011-01-24,2011-04-11,12,17,6
84870C,2011-04-25,2011-07-25,14,18,5
84872A,2010-10-11,2010-11-01,4,27,18
84872A,2010-12-27,2011-01-17,4,31,14
84873A,2010-06-07,2010-07-05,5,13,4
84874B,2010-07-12,2010-10-11,14,14,17
84874B,2010-12-06,2010-12-27,4,19,12
84874B,2011-01-24,2011-03-14,8,21,10
84874B,2011-03-28,2011-04-25,5,22,9
84875B,2011-08-29,2011-09-12,3,11,9
84875B,2011-10-03,2011-10-17,3,13,7
84875D,2010-11-29,2011-03-28,18,9,7
84875D,2011-04-11,2011-05-16,6,10,6
84875D,2011-05-30,2011-07-11,7,11,5
84876B,2010-12-20,2011-01-24,6,8,19
84876B,2011-02-28,2011-05-30,14,10,17
84876B,2011-07-25,2011-08-29,6,16,11
84876D,2010-12-20,2011-01-10,4,17,11
84876D,2011-01-24,2011-03-21,9,18,10
84876D,2011-04-18,2011-06-13,9,21,7
84877A,2010-10-04,2010-11-01,5,8,8
84877A,2010-12-06,2011-03-28,17,12,4
84877B,2010-05-03,2010-06-07,6,8,23
84877B,2010-06-21,2010-09-13,13,9,22
84877B,2010-12-20,2011-02-07,8,18,13
84877B,2011-02-28,2011-03-28,5,20,11
84877B,2011-04-11,2011-06-06,9,21,10
84877D,2010-04-12,2010-05-03,4,13,21
84877D,2010-06-07,2010-09-13,15,15,19
84877D,2010-10-18,2010-11-01,3,17,17
84877D,2010-12-20,2011-04-25,19,22,12
84877D,2011-05-16,2011-06-06,4,24,10
84880,2010-06-21,2010-07-05,3,28,59
84880,2010-12-27,2011-01-10,3,52,35
84880,2011-01-24,2011-02-07,3,53,34
84881,2010-06-21,2010-07-05,3,8,13
84881,2010-09-06,2010-10-04,5,13,8
84881,2010-10-25,2010-11-15,4,15,6
84882,2010-04-05,2010-04-19,3,8,24
84882,2010-05-03,2010-05-31,5,9,23
84882,2010-06-21,2010-08-02,7,11,21
84882,2010-09-13,2010-09-27,3,14,18
84882,2010-10-25,2010-11-08,3,16,16
84882,2010-12-13,2011-01-03,4,19,13
84882,2011-01-17,2011-02-14,5,20,12
84882,2011-03-14,2011-04-04,4,22,10
84882,2011-05-16,2011-07-11,9,26,6
84882,2011-07-25,2011-08-29,6,27,5
84884A,2011-04-18,2011-05-02,3,68,26
84898F,2010-10-04,2010-11-01,5,18,13
84898F,2011-01-10,2011-01-31,4,25,6
84905,2010-09-27,2010-10-11,3,31,13
84905,2010-11-15,2011-01-10,9,34,10
84905,2011-01-24,2011-04-04,11,35,9
84906,2010-10-25,2010-11-22,5,9,10
84906,2010-12-20,2011-01-03,3,11,8
84906,2011-01-24,2011-02-28,6,13,6
84907,2010-04-05,2010-04-19,3,8,19
84907,2010-05-03,2010-06-14,7,9,18
84907,2010-06-28,2010-07-19,4,10,17
84907,2010-08-02,2010-10-25,13,11,16
84907,2010-11-08,2011-01-17,11,12,15
84907,2011-01-31,2011-03-07,6,13,14
84907,2011-03-21,2011-04-18,5,14,13
84907,2011-05-02,2011-05-16,3,15,12
84910A,2010-06-14,2010-07-05,4,16,24
84910A,2010-08-23,2010-09-20,5,20,20
84910A,2010-12-20,2011-03-14,13,29,11
84910A,2011-03-28,2011-04-25,5,30,10
84912A,2010-12-20,2011-01-10,4,48,26
84912A,2011-03-14,2011-03-28,3,53,21
84913B,2011-05-30,2011-06-13,3,58,9
84913B,2011-08-01,2011-09-12,7,62,5
84915,2010-09-06,2010-10-04,5,10,18
84915,2011-01-24,2011-04-25,14,19,9
84915,2011-05-09,2011-06-06,5,20,8
84915,2011-06-20,2011-09-26,15,21,7
84916,2010-09-13,2010-10-25,7,18,17
84916,2011-01-31,2011-02-14,3,29,6
84917,2010-10-18,2010-11-01,3,18,13
84917,2010-12-20,2011-01-03,3,22,9
84919,2010-08-02,2010-09-20,8,10,22
84919,2010-10-11,2011-01-17,15,12,20
84919,2011-01-31,2011-02-21,4,13,19
84920,2010-04-19,2010-05-03,3,11,39
84920,2010-05-24,2010-06-07,3,13,37
84920,2010-07-05,2010-08-02,5,15,35
84920,2010-12-27,2011-01-10,3,28,22
84920,2011-01-24,2011-03-14,8,29,21
84920,2011-09-12,2011-09-26,3,44,6
84921,2010-08-16,2010-09-06,4,8,6
84921,2010-09-20,2010-11-22,10,9,5
84921,2010-12-06,2011-03-07,14,10,4
84922,2010-12-13,2011-05-02,21,10,5
84923,2010-08-02,2010-08-23,4,14,51
84923,2011-05-16,2011-06-13,5,45,20
84924A,2010-06-07,2010-07-05,5,8,31
84924A,2010-08-09,2010-09-27,8,10,29
84924A,2011-01-10,2011-03-07,9,20,19
84924A,2011-04-18,2011-05-02,3,24,15
84924A,2011-05-23,2011-07-11,8,26,13
84925D,2010-08-30,2010-09-13,3,9,11
84925D,2010-10-04,2010-11-15,7,11,9
84925D,2010-12-06,2011-02-14,11,13,7
84925D,2011-02-28,2011-03-21,4,14,6
84925F,2010-06-14,2010-07-26,7,9,18
84925F,2010-08-09,2010-09-20,7,10,17
84925F,2010-12-13,2011-01-17,6,16,11
84925F,2011-01-31,2011-03-07,6,17,10
84925F,2011-04-04,2011-04-25,4,20,7
84926A,2010-07-26,2010-08-16,4,8,27
84926A,2010-09-06,2010-10-11,6,10,25
84926A,2010-12-13,2011-01-24,7,14,21
84926A,2011-04-04,2011-05-02,5,18,17
84926A,2011-05-16,2011-06-27,7,19,16
84926A,2011-10-17,2011-10-31,3,31,4
84926C,2010-03-08,2010-03-22,3,10,4
84926D,2011-01-10,2011-03-21,11,14,20
84926D,2011-04-11,2011-05-16,6,16,18
84926D,2011-05-30,2011-06-27,5,17,17
84926E,2010-11-29,2010-12-27,5,12,22
84926E,2011-01-17,2011-02-07,4,14,20
84926E,2011-02-21,2011-03-21,5,15,19
84926E,2011-04-04,2011-05-02,5,16,18
84926E,2011-05-16,2011-06-20,6,17,17
84926E,2011-10-03,2011-10-17,3,29,5
84926F,2010-06-28,2010-08-16,8,9,24
84926F,2010-09-20,2010-10-18,5,11,22
84926F,2010-11-22,2010-12-06,3,13,20
84926F,2011-01-10,2011-04-18,15,15,18
84926F,2011-05-23,2011-06-20,5,18,15
84926F,2011-08-29,2011-09-12,3,23,10
84927A,2010-12-20,2011-01-03,3,14,13
84927A,2011-01-24,2011-02-07,3,16,11
84927A,2011-02-21,2011-03-07,3,17,10
84927D,2010-10-11,2010-11-08,5,10,10
84927D,2010-12-13,2011-01-10,5,12,8
84927D,2011-02-14,2011-04-11,9,14,6
84927E,2010-06-14,2010-08-02,8,8,16
84927E,2010-08-16,2010-09-06,4,9,15
84927E,2010-10-04,2010-11-01,5,12,12
84927E,2011-01-24,2011-03-21,9,18,6
84927E,2011-04-25,2011-05-30,6,20,4
84927F,2010-07-12,2010-08-30,8,8,34
84927F,2010-09-13,2010-10-04,4,9,33
84927F,2010-12-06,2010-12-27,4,15,27
84927F,2011-01-24,2011-03-21,9,17,25
84929,2010-05-17,2010-05-31,3,11,46
84929,2010-07-19,2010-08-23,6,15,42
84929,2010-12-20,2011-01-03,3,25,32
84929,2011-02-07,2011-03-07,5,28,29
84929,2011-05-30,2011-06-27,5,37,20
84931A,2010-04-12,2010-05-03,4,12,39
84931A,2010-05-31,2010-06-14,3,14,37
84931A,2010-06-28,2010-07-19,4,15,36
84931A,2010-09-13,2010-10-18,6,20,31
84931A,2011-01-24,2011-02-07,3,31,20
84931A,2011-03-14,2011-04-04,4,33,18
84931A,2011-07-25,2011-08-08,3,42,9
84931A,2011-10-10,2011-10-24,3,47,4
84931B,2010-04-12,2010-05-10,5,9,44
84931B,2010-08-23,2010-09-06,3,20,33
84931B,2010-09-20,2010-10-11,4,21,32
84931B,2011-02-07,2011-02-28,4,32,21
84931B,2011-05-09,2011-05-30,4,36,17
84931B,2011-07-18,2011-08-15,5,40,13
84944,2010-04-05,2010-05-10,6,8,40
84944,2010-06-07,2010-06-21,3,10,38
84944,2010-07-05,2010-07-19,3,11,37
84944,2010-12-20,2011-04-04,16,31,17
84944,2011-05-16,2011-05-30,3,34,14
84944,2011-08-08,2011-09-26,8,43,5
84948,2010-02-22,2010-03-15,4,9,4
84951A,2010-03-15,2010-04-12,5,8,52
84951A,2010-05-10,2010-05-24,3,11,49
84951A,2010-06-07,2010-06-28,4,12,48
84951A,2010-07-12,2010-08-02,4,13,47
84951A,2010-09-27,2010-10-11,3,17,43
84951A,2011-03-14,2011-03-28,3,31,29
84951B,2010-03-08,2010-04-19,7,11,42
84951B,2010-05-03,2010-06-14,7,12,41
84951B,2010-06-28,2010-08-09,7,13,40
84951B,2010-09-20,2010-10-11,4,16,37
84951B,2011-02-28,2011-03-14,3,28,25
84951B,2011-06-06,2011-06-20,3,35,18
84952A,2010-10-11,2010-11-08,5,9,13
84952A,2011-01-24,2011-05-09,16,15,7
84952A,2011-05-23,2011-08-22,14,16,6
84952B,2010-10-11,2010-11-01,4,8,18
84952B,2011-01-24,2011-02-14,4,16,10
84952B,2011-02-28,2011-04-04,6,17,9
84952B,2011-05-16,2011-09-12,18,20,6
84952C,2010-03-29,2010-04-26,5,8,15
84952C,2010-05-10,2010-08-09,14,9,14
84952C,2010-08-23,2010-09-27,6,10,13
84952C,2010-10-11,2010-11-01,4,11,12
84968B,2010-08-16,2010-08-30,3,35,4
84968C,2011-08-08,2011-08-22,3,68,8
84968D,2010-04-12,2010-04-26,3,8,41
84968D,2010-07-05,2010-07-26,4,15,34
84968D,2010-08-23,2010-09-20,5,18,31
84968D,2011-03-21,2011-05-30,11,36,13
84968D,2011-06-20,2011-07-18,5,38,11
84968D,2011-08-08,2011-08-22,3,40,9
84968E,2010-03-01,2010-03-15,3,9,49
84968E,2010-09-06,2010-09-20,3,25,33
84968E,2011-04-04,2011-04-25,4,43,15
84968E,2011-07-11,2011-08-01,4,49,9
84968F,2010-05-03,2010-05-17,3,12,46
84968F,2010-08-30,2010-09-20,4,24,34
84968F,2011-03-07,2011-03-21,3,40,18
84968F,2011-04-25,2011-05-09,3,43,15
84968F,2011-09-19,2011-10-03,3,54,4
84974,2010-03-29,2010-04-19,4,8,35
84974,2010-08-09,2010-09-06,5,18,25
84974,2010-10-11,2011-01-17,15,21,22
84974,2011-06-13,2011-07-04,4,34,9
84976,2010-05-24,2010-06-21,5,11,27
84976,2010-07-05,2010-07-19,3,12,26
84976,2010-08-09,2010-08-23,3,14,24
84976,2010-09-06,2010-10-18,7,15,23
84976,2010-12-06,2011-01-17,7,18,20
84976,2011-02-07,2011-03-07,5,20,18
84976,2011-03-21,2011-04-25,6,21,17
84976,2011-05-09,2011-06-27,8,22,16
84976,2011-08-29,2011-09-12,3,30,8
84977,2010-05-10,2010-05-31,4,17,15
84984A,2010-06-14,2010-08-09,9,8,6
84984A,2010-08-23,2011-05-09,38,9,5
84984A,2011-05-23,2011-07-18,9,10,4
84984B,2010-08-23,2011-05-09,38,9,4
84984D,2010-03-08,2010-03-22,3,9,8
84984D,2010-04-05,2010-11-01,31,10,7
84984D,2010-12-06,2011-07-18,33,13,4
84986B,2010-08-09,2010-08-30,4,27,5
84989A,2011-09-19,2011-10-03,3,80,4
84993B,2010-07-12,2010-08-02,4,24,23
84993B,2010-09-06,2010-09-27,4,27,20
84993B,2011-02-14,2011-03-21,6,40,7
84993B,2011-05-02,2011-06-06,6,43,4
84997D,2010-03-01,2010-03-29,5,12,87
85006,2010-04-12,2010-05-03,4,9,19
85006,2010-05-17,2010-06-21,6,10,18
85006,2010-10-04,2010-10-25,4,19,9
85006,2010-12-20,2011-01-03,3,24,4
85008,2010-12-13,2011-02-14,10,43,4
85015,2010-09-20,2010-10-04,3,34,54
85017A,2010-08-16,2010-09-27,7,33,12
85017C,2010-09-27,2010-10-18,4,36,12
85017C,2010-12-06,2011-01-31,9,41,7
85017C,2011-03-07,2011-04-04,5,44,4
85018D,2010-08-16,2010-09-06,4,8,15
85019A,2010-06-28,2010-09-20,13,10,31
85019A,2011-02-28,2011-03-21,4,22,19
85019A,2011-04-25,2011-05-09,3,24,17
85019A,2011-05-30,2011-06-13,3,26,15
85019A,2011-08-15,2011-09-12,5,33,8
85019B,2010-07-19,2010-10-11,13,8,26
85019B,2010-10-25,2010-11-15,4,9,25
85019B,2010-11-29,2011-01-03,6,10,24
85019B,2011-01-17,2011-03-21,10,11,23
85019B,2011-04-04,2011-05-02,5,12,22
85019B,2011-07-25,2011-08-08,3,20,14
85019C,2010-09-20,2010-10-11,4,8,13
85019C,2010-12-20,2011-01-03,3,14,7
85019C,2011-02-07,2011-03-21,7,16,5
85020,2010-04-26,2010-05-24,5,12,30
85020,2010-07-05,2010-08-02,5,16,26
85020,2010-08-30,2010-09-27,5,18,24
85020,2010-12-20,2011-01-10,4,26,16
85020,2011-02-14,2011-03-07,4,29,13
85020,2011-04-11,2011-05-02,4,32,10
85020,2011-05-30,2011-06-20,4,34,8
85020,2011-08-08,2011-10-24,12,38,4
85023B,2010-03-15,2010-05-17,10,8,23
85023B,2010-05-31,2010-08-02,10,9,22
85023B,2010-11-22,2010-12-06,3,19,12
85023B,2010-12-20,2011-01-10,4,20,11
85023B,2011-01-24,2011-03-07,7,21,10
85023B,2011-03-21,2011-06-20,14,22,9
85023B,2011-07-04,2011-08-15,7,23,8
85023B,2011-09-12,2011-10-03,4,25,6
85024B,2011-02-14,2011-04-18,10,9,10
85024B,2011-05-02,2011-05-16,3,10,9
85024B,2011-05-30,2011-06-20,4,11,8
85024C,2010-05-03,2010-05-17,3,9,24
85024C,2010-07-12,2010-08-30,8,14,19
85024C,2010-12-20,2011-06-20,27,27,6
85024C,2011-07-11,2011-08-29,8,29,4
85025B,2010-03-29,2010-04-19,4,10,44
85025B,2010-07-19,2010-08-09,4,18,36
85025B,2010-12-06,2010-12-27,4,29,25
85025B,2011-03-28,2011-04-11,3,37,17
85025B,2011-04-25,2011-06-06,7,38,16
85025B,2011-07-11,2011-08-15,6,42,12
85025C,2011-03-21,2011-04-11,4,50,14
85026B,2010-04-19,2010-05-03,3,9,18
85026B,2010-06-07,2010-09-20,16,11,16
85026B,2011-02-14,2011-04-11,9,22,5
85026B,2011-04-25,2011-06-20,9,23,4
85027L,2010-12-20,2011-01-24,6,18,7
85027L,2011-02-07,2011-03-07,5,19,6
85028L,2010-05-17,2010-07-26,11,10,10
85028S,2010-07-12,2010-07-26,3,8,11
85028S,2010-09-27,2010-10-11,3,15,4
85030,2010-09-13,2010-09-27,3,11,6
85030,2010-10-25,2010-11-15,4,13,4
85031A,2010-08-30,2010-10-11,7,34,10
85031C,2010-05-10,2010-05-24,3,20,18
85031C,2010-07-05,2010-07-19,3,23,15
85032A,2010-04-05,2010-04-26,4,9,47
85032A,2010-05-31,2010-06-14,3,11,45
85032A,2010-07-19,2010-08-02,3,14,42
85032A,2010-08-16,2010-08-30,3,15,41
85032A,2010-10-18,2010-11-08,4,19,37
85032A,2010-12-13,2010-12-27,3,22,34
85032A,2011-02-28,2011-03-14,3,27,29
85032A,2011-04-04,2011-05-30,9,29,27
85032B,2010-05-31,2010-06-14,3,8,45
85032B,2010-07-19,2010-08-02,3,11,42
85032B,2010-08-16,2010-08-30,3,12,41
85032B,2010-09-13,2010-10-11,5,13,40
85032B,2010-12-20,2011-01-24,6,18,35
85032B,2011-04-04,2011-05-09,6,23,30
85032C,2010-05-31,2010-06-14,3,8,49
85032C,2010-07-19,2010-08-02,3,11,46
85032C,2010-08-16,2010-09-27,7,12,45
85032C,2010-12-13,2011-01-10,5,20,37
85032C,2011-03-21,2011-04-04,3,26,31
85032C,2011-04-25,2011-05-09,3,28,29
85032D,2011-01-31,2011-03-28,9,25,21
85032D,2011-05-09,2011-05-23,3,28,18
85034A,2010-07-05,2010-07-26,4,21,37
85034A,2011-01-31,2011-02-14,3,39,19
85034A,2011-03-14,2011-05-09,9,42,16
85034A,2011-07-11,2011-08-01,4,47,11
85034B,2010-03-22,2010-05-03,7,8,39
85034B,2010-05-17,2010-06-21,6,9,38
85034B,2010-07-26,2010-08-16,4,11,36
85034B,2011-02-14,2011-05-09,13,29,18
85034B,2011-06-13,2011-07-18,6,33,14
85034B,2011-08-01,2011-08-22,4,34,13
85034C,2010-07-05,2010-07-19,3,19,36
85034C,2011-02-21,2011-04-11,8,40,15
85034C,2011-04-25,2011-05-30,6,41,14
85034C,2011-07-04,2011-07-18,3,43,12
85034C,2011-08-01,2011-08-22,4,44,11
85034C,2011-09-19,2011-10-03,3,46,9
85035A,2010-03-29,2010-04-12,3,14,53
85035A,2010-07-26,2010-08-09,3,25,42
85035A,2011-03-07,2011-03-28,4,47,20
85035A,2011-05-09,2011-05-30,4,51,16
85035B,2010-03-29,2010-04-12,3,13,41
85035B,2010-06-14,2010-07-19,6,19,35
85035B,2010-08-02,2010-08-16,3,20,34
85035B,2011-02-14,2011-02-28,3,39,15
85035B,2011-03-14,2011-04-18,6,40,14
85035B,2011-05-02,2011-06-06,6,41,13
85035B,2011-08-01,2011-08-22,4,46,8
85035C,2010-07-05,2010-07-26,4,22,42
85035C,2011-03-21,2011-04-04,3,47,17
85035C,2011-05-02,2011-05-23,4,49,15
85035C,2011-07-25,2011-08-08,3,53,11
85035C,2011-08-22,2011-09-12,4,54,10
85036B,2010-05-03,2010-05-31,5,9,34
85036B,2010-06-14,2010-07-05,4,10,33
85036B,2010-09-06,2010-10-04,5,15,28
85036B,2011-02-14,2011-03-07,4,29,14
85036B,2011-03-21,2011-04-11,4,30,13
85036B,2011-05-23,2011-06-20,5,33,10
85036B,2011-07-25,2011-09-05,7,36,7
85036B,2011-09-19,2011-10-03,3,37,6
85036C,2010-03-29,2010-04-12,3,11,42
85036C,2010-05-31,2010-06-14,3,17,36
85036C,2010-06-28,2010-08-16,8,18,35
85036C,2010-11-01,2010-11-15,3,26,27
85036C,2011-02-14,2011-02-28,3,36,17
85036C,2011-03-14,2011-04-04,4,37,16
85036C,2011-05-09,2011-06-20,7,41,12
85036C,2011-07-18,2011-08-01,3,43,10
85036C,2011-08-15,2011-09-12,5,44,9
85038,2011-04-11,2011-05-09,5,64,25
85039B,2011-08-08,2011-08-22,3,64,14
85039C,2010-05-03,2010-07-12,11,13,49
85039C,2010-08-09,2010-09-06,5,16,46
85039C,2011-02-07,2011-02-21,3,36,26
85039C,2011-04-11,2011-04-25,3,41,21
85039C,2011-06-27,2011-07-11,3,47,15
85039C,2011-08-08,2011-08-22,3,49,13
85040B,2010-12-20,2011-01-03,3,54,11
85045,2010-12-27,2011-06-13,25,22,7
85045,2011-06-27,2011-08-08,7,23,6
85048,2010-04-12,2010-05-03,4,9,51
85048,2010-05-24,2010-07-12,8,11,49
85048,2011-01-24,2011-05-09,16,36,24
85048,2011-05-23,2011-06-06,3,37,23
85049A,2010-04-19,2010-05-03,3,15,71
85049A,2011-05-02,2011-05-16,3,58,28
85049C,2010-02-01,2010-02-22,4,8,89
85049F,2010-12-06,2010-12-27,4,52,36
85049H,2011-04-11,2011-04-25,3,63,27
85053,2010-02-08,2010-03-01,4,8,64
85053,2010-06-14,2010-10-25,20,18,54
85059,2010-09-27,2010-10-11,3,36,51
85066,2010-03-29,2010-04-19,4,16,84
85071A,2010-05-24,2010-06-07,3,10,50
85071A,2011-03-28,2011-05-02,6,36,24
85071A,2011-05-30,2011-06-13,3,39,21
85071B,2010-04-12,2010-05-03,4,10,52
85071B,2010-05-17,2010-05-31,3,11,51
85071B,2010-08-30,2010-09-13,3,20,42
85071B,2011-02-21,2011-03-07,3,34,28
85071B,2011-03-28,2011-04-25,5,36,26
85071C,2010-04-12,2010-04-26,3,13,50
85071C,2010-06-14,2010-06-28,3,17,46
85071C,2010-07-12,2010-07-26,3,18,45
85071C,2010-08-30,2010-09-20,4,22,41
85071C,2010-10-25,2010-11-08,3,24,39
85071C,2011-01-24,2011-03-07,7,31,32
85071C,2011-03-21,2011-04-04,3,32,31
85071D,2010-04-12,2010-04-26,3,8,43
85071D,2010-05-10,2010-05-31,4,9,42
85071D,2010-06-14,2010-06-28,3,10,41
85071D,2010-07-12,2010-07-26,3,11,40
85071D,2011-02-07,2011-02-21,3,27,24
85071D,2011-03-21,2011-04-04,3,29,22
85071D,2011-04-18,2011-05-02,3,30,21
85071D,2011-05-16,2011-06-27,7,31,20
85078,2010-04-26,2010-05-31,6,10,53
85078,2010-07-05,2010-08-16,7,13,50
85078,2010-12-27,2011-01-24,5,29,34
85086A,2010-10-25,2010-11-08,3,40,16
85086A,2010-12-13,2011-02-14,10,42,14
85086A,2011-03-21,2011-05-16,9,45,11
85087,2010-05-17,2010-06-07,4,8,41
85087,2010-07-12,2010-08-02,4,10,39
85087,2010-09-20,2010-10-04,3,13,36
85087,2011-01-24,2011-02-21,5,22,27
85088,2010-04-05,2010-04-26,4,8,41
85088,2010-05-24,2010-06-07,3,10,39
85088,2010-06-21,2010-07-12,4,11,38
85088,2010-10-18,2010-11-01,3,18,31
85088,2011-01-31,2011-02-28,5,27,22
85088,2011-09-12,2011-09-26,3,42,7
85089,2010-04-19,2010-06-07,8,10,9
85089,2010-07-05,2010-11-15,20,13,6
85089,2010-11-29,2010-12-27,5,14,5
85089,2011-01-10,2011-07-04,26,15,4
85090,2010-06-14,2010-07-12,5,21,7
85090,2010-07-26,2010-08-30,6,22,6
85091,2010-04-26,2010-05-17,4,8,5
85092,2010-05-31,2010-07-19,8,9,6
85093,2010-06-07,2010-06-21,3,21,41
85093,2010-07-05,2010-07-26,4,22,40
85093,2010-09-13,2010-09-27,3,27,35
85093,2010-10-11,2010-11-29,8,28,34
85094,2010-08-30,2010-09-20,4,9,35
85094,2010-10-11,2010-11-01,4,11,33
85094,2010-11-15,2010-11-29,3,12,32
85094,2011-05-30,2011-06-13,3,28,16
85094,2011-07-18,2011-08-01,3,32,12
85095,2011-04-04,2011-05-02,5,9,13
85095,2011-08-08,2011-09-12,6,16,6
85095,2011-10-17,2011-10-31,3,18,4
85096,2010-05-24,2010-06-07,3,17,28
85096,2010-08-30,2010-09-20,4,25,20
85096,2010-12-13,2010-12-27,3,33,12
85096,2011-01-10,2011-02-28,8,34,11
85096,2011-03-28,2011-07-11,16,37,8
85096,2011-08-22,2011-09-26,6,41,4
85097B,2010-05-03,2010-05-31,5,14,5
85103,2010-04-05,2010-05-03,5,12,35
85103,2010-08-16,2010-08-30,3,22,25
85103,2011-01-24,2011-03-07,7,38,9
85104,2010-03-08,2010-03-22,3,8,28
85104,2010-04-05,2010-04-19,3,9,27
85104,2010-06-07,2010-06-21,3,12,24
85104,2010-07-05,2010-08-02,5,13,23
85104,2010-08-30,2010-09-13,3,15,21
85104,2010-12-27,2011-01-31,6,26,10
85104,2011-02-14,2011-03-21,6,27,9
85104,2011-04-04,2011-05-09,6,28,8
85104,2011-05-23,2011-06-13,4,29,7
85104,2011-06-27,2011-08-08,7,30,6
85104,2011-08-22,2011-09-26,6,31,5
85106,2010-07-12,2010-07-26,3,8,26
85106,2010-12-06,2010-12-27,4,23,11
85106,2011-01-24,2011-03-07,7,26,8
85106,2011-03-28,2011-05-30,10,28,6
85106,2011-06-13,2011-07-11,5,29,5
85107,2010-04-12,2010-05-17,6,11,32
85107,2010-05-31,2010-07-12,7,12,31
85107,2010-12-13,2011-03-14,14,26,17
85107,2011-04-11,2011-05-30,8,28,15
85107,2011-06-13,2011-06-27,3,29,14
85107,2011-07-11,2011-07-25,3,30,13
85107,2011-09-05,2011-09-19,3,35,8
85109,2010-06-28,2010-07-26,5,10,6
85110,2010-04-12,2010-05-03,4,11,7
85110,2010-05-17,2010-05-31,3,12,6
85110,2010-06-14,2010-07-12,5,13,5
85111,2011-02-21,2011-04-11,8,20,24
85111,2011-04-25,2011-05-30,6,21,23
85114A,2011-07-11,2011-07-25,3,45,15
85114C,2010-03-29,2010-04-12,3,11,63
85114C,2010-04-26,2010-05-17,4,12,62
85114C,2010-05-31,2010-06-14,3,13,61
85114C,2010-08-16,2010-08-30,3,20,54
85118,2010-07-19,2010-08-02,3,21,18
85119,2010-06-21,2010-09-20,14,21,5
85124B,2011-04-11,2011-05-02,4,50,14
85124B,2011-06-13,2011-06-27,3,53,11
85124B,2011-08-15,2011-08-29,3,57,7
85124B,2011-09-19,2011-10-10,4,59,5
85124C,2010-12-27,2011-01-17,4,44,19
85124C,2011-04-11,2011-05-02,4,53,10
85124C,2011-06-13,2011-06-27,3,56,7
85124C,2011-08-01,2011-08-29,5,59,4
85125,2010-03-22,2010-04-05,3,9,33
85125,2010-05-31,2010-07-05,6,15,27
85125,2010-08-02,2010-09-27,9,17,25
85125,2010-10-11,2010-10-25,3,18,24
85125,2011-01-24,2011-02-07,3,26,16
85125,2011-05-30,2011-06-13,3,34,8
85125,2011-06-27,2011-09-12,12,35,7
85126,2010-10-04,2010-10-18,3,24,5
85127,2010-03-15,2010-03-29,3,8,44
85127,2010-05-03,2010-05-31,5,11,41
85127,2010-07-05,2010-08-02,5,13,39
85127,2010-08-16,2010-08-30,3,14,38
85127,2011-04-25,2011-05-16,4,39,13
85127,2011-06-06,2011-06-27,4,41,11
85127,2011-07-11,2011-08-01,4,42,10
85127,2011-08-15,2011-08-29,3,43,9
85127,2011-09-19,2011-10-10,4,45,7
85129B,2010-07-12,2010-08-23,7,13,29
85129B,2010-09-20,2010-10-04,3,15,27
85129B,2010-12-20,2011-01-03,3,23,19
85129B,2011-05-30,2011-06-20,4,35,7
85129B,2011-07-11,2011-08-22,7,37,5
85129B,2011-09-05,2011-09-19,3,38,4
85129C,2010-03-15,2010-04-19,6,8,35
85129C,2010-07-12,2010-08-02,4,18,25
85129C,2010-12-13,2010-12-27,3,32,11
85129C,2011-02-21,2011-03-14,4,36,7
85129C,2011-03-28,2011-09-19,26,37,6
85129D,2010-07-12,2010-07-26,3,27,49
85129D,2011-04-04,2011-04-25,4,58,18
85129D,2011-07-18,2011-08-01,3,63,13
85130A,2010-12-06,2011-01-24,8,39,5
85130A,2011-02-07,2011-03-07,5,40,4
85130B,2010-05-31,2010-07-05,6,10,41
85130B,2010-07-26,2010-08-30,6,12,39
85130B,2010-12-20,2011-01-17,5,21,30
85130B,2011-01-31,2011-03-07,6,22,29
85130B,2011-05-16,2011-06-06,4,28,23
85130C,2010-07-05,2010-08-23,8,11,34
85130C,2010-11-22,2011-01-10,8,19,26
85130C,2011-03-07,2011-03-28,4,24,21
85130C,2011-04-11,2011-05-02,4,25,20
85130C,2011-05-16,2011-06-27,7,26,19
85130D,2010-03-22,2010-04-12,4,11,56
85130D,2010-08-30,2010-09-13,3,25,42
85130D,2010-12-20,2011-01-03,3,34,33
85131A,2010-05-31,2010-06-14,3,12,54
85131A,2010-09-13,2010-09-27,3,22,44
85131C,2010-06-28,2010-07-26,5,8,41
85131C,2010-09-06,2010-10-04,5,12,37
85131C,2010-11-15,2010-11-29,3,15,34
85131C,2011-05-23,2011-06-06,3,33,16
85131C,2011-07-04,2011-07-18,3,35,14
85131D,2010-06-28,2010-07-19,4,8,64
85131D,2010-09-06,2010-09-20,3,14,58
85132A,2010-03-22,2010-04-05,3,13,47
85132A,2010-05-10,2010-05-31,4,17,43
85132B,2010-03-22,2010-05-31,11,9,32
85132B,2010-06-14,2010-07-05,4,10,31
85132B,2010-07-26,2010-08-09,3,12,29
85132B,2010-09-06,2010-09-27,4,14,27
85132B,2010-12-13,2011-01-03,4,23,18
85132B,2011-02-07,2011-03-07,5,26,15
85132C,2010-05-10,2010-05-31,4,13,53
85132C,2010-07-19,2010-08-02,3,18,48
85135A,2010-03-08,2010-04-05,5,10,24
85135A,2010-07-05,2010-07-26,4,17,17
85135A,2010-11-29,2010-12-13,3,28,6
85135A,2010-12-27,2011-04-18,17,29,5
85135A,2011-05-02,2011-10-31,27,30,4
85135B,2010-05-24,2010-06-07,3,12,30
85135B,2010-06-21,2010-07-05,3,13,29
85135B,2010-07-19,2010-08-09,4,14,28
85135B,2010-08-23,2010-09-20,5,15,27
85135B,2010-12-27,2011-02-28,10,27,15
85135B,2011-03-14,2011-03-28,3,28,14
85135B,2011-05-16,2011-05-30,3,32,10
85135C,2010-06-07,2010-06-21,3,8,40
85135C,2010-07-05,2010-07-19,3,9,39
85135C,2010-08-16,2010-09-06,4,12,36
85135C,2011-02-07,2011-02-21,3,30,18
85135C,2011-03-07,2011-04-04,5,31,17
85135C,2011-05-16,2011-05-30,3,34,14
85135C,2011-07-18,2011-08-01,3,38,10
85136A,2010-04-05,2010-07-26,17,11,38
85136A,2010-08-16,2010-08-30,3,13,36
85136A,2011-03-14,2011-04-04,4,31,18
85136A,2011-05-30,2011-06-20,4,36,13
85136A,2011-07-18,2011-08-15,5,38,11
85136A,2011-09-05,2011-09-26,4,40,9
85136B,2010-04-12,2010-05-31,8,10,18
85136C,2010-04-05,2010-04-26,4,10,38
85136C,2010-07-05,2010-07-19,3,15,33
85136C,2010-12-27,2011-02-07,7,36,12
85136C,2011-02-21,2011-04-25,10,37,11
85136C,2011-05-23,2011-07-11,8,39,9
85136C,2011-07-25,2011-08-08,3,40,8
85136C,2011-08-29,2011-10-10,7,42,6
85141,2010-09-20,2010-10-04,3,21,21
85141,2010-12-20,2011-01-10,4,27,15
85141,2011-02-07,2011-02-21,3,30,12
85142,2010-03-15,2010-04-12,5,12,11
85144,2010-07-26,2010-08-16,4,12,24
85144,2010-11-01,2010-11-15,3,20,16
85144,2010-12-06,2010-12-27,4,22,14
85144,2011-02-21,2011-03-07,3,28,8
85145,2010-08-16,2010-08-30,3,10,11
85145,2010-10-25,2010-11-08,3,14,7
85145,2010-11-22,2011-03-14,17,15,6
85146,2010-12-20,2011-01-24,6,14,5
85150,2011-05-30,2011-08-08,11,74,15
85159A,2010-08-23,2010-09-20,5,19,34
85159A,2010-11-08,2010-11-22,3,24,29
85159A,2011-01-24,2011-02-07,3,29,24
85159A,2011-04-18,2011-05-02,3,37,16
85159A,2011-07-25,2011-08-08,3,46,7
85159B,2010-04-26,2010-05-10,3,12,49
85159B,2010-08-30,2010-09-27,5,22,39
85159B,2010-10-11,2010-11-22,7,23,38
85159B,2011-01-24,2011-02-07,3,28,33
85160A,2010-05-03,2010-05-24,4,11,14
85160A,2010-06-28,2010-07-19,4,15,10
85160A,2010-10-11,2010-11-08,5,21,4
85160B,2010-06-28,2010-07-19,4,10,18
85160B,2010-10-11,2011-01-03,13,16,12
85160B,2011-01-31,2011-03-07,6,18,10
85160B,2011-04-18,2011-06-06,8,22,6
85161,2010-08-02,2010-09-13,7,8,17
85161,2010-10-18,2010-11-15,5,10,15
85161,2011-01-24,2011-03-07,7,16,9
85161,2011-03-28,2011-07-11,16,18,7
85163A,2010-07-26,2010-08-09,3,15,24
85163A,2010-09-27,2010-11-15,8,18,21
85163A,2011-02-07,2011-02-28,4,25,14
85163A,2011-04-25,2011-05-23,5,28,11
85163A,2011-06-20,2011-07-25,6,30,9
85163A,2011-09-05,2011-10-03,5,34,5
85163B,2010-06-14,2010-07-12,5,12,30
85163B,2010-11-22,2010-12-06,3,23,19
85163B,2011-03-14,2011-04-11,5,30,12
85166B,2010-05-24,2010-06-21,5,21,6
85166B,2010-07-05,2010-07-19,3,22,5
85166B,2010-08-02,2010-09-06,6,23,4
85167B,2010-05-24,2010-06-07,3,14,20
85168B,2010-06-21,2010-07-05,3,8,23
85168B,2010-07-26,2010-08-16,4,10,21
85168B,2010-10-11,2010-11-15,6,15,16
85168B,2010-11-29,2010-12-27,5,16,15
85168B,2011-01-24,2011-05-23,18,19,12
85168B,2011-06-27,2011-07-11,3,21,10
85168B,2011-07-25,2011-08-22,5,22,9
85169A,2010-04-19,2010-05-03,3,13,55
85169A,2010-10-04,2010-10-18,3,29,39
85169B,2010-07-05,2010-08-09,6,11,39
85169B,2011-01-24,2011-02-07,3,28,22
85169B,2011-04-04,2011-05-02,5,32,18
85169B,2011-09-26,2011-10-10,3,44,6
85169C,2010-06-07,2010-06-21,3,10,36
85169C,2010-07-26,2010-08-23,5,13,33
85169C,2011-01-24,2011-02-07,3,27,19
85169C,2011-06-20,2011-07-11,4,41,5
85169C,2011-07-25,2011-08-22,5,42,4
85169D,2010-04-05,2010-04-19,3,9,46
85169D,2011-01-24,2011-02-07,3,35,20
85169D,2011-06-20,2011-07-11,4,46,9
85169D,2011-08-15,2011-09-12,5,48,7
85169D,2011-10-03,2011-10-17,3,50,5
85170B,2010-04-26,2010-06-07,7,8,33
85170B,2010-07-12,2010-08-02,4,11,30
85170B,2010-08-16,2010-11-01,12,12,29
85170B,2011-03-14,2011-04-25,7,24,17
85170B,2011-05-09,2011-05-23,3,25,16
85170B,2011-07-18,2011-08-08,4,31,10
85170C,2010-05-03,2010-05-17,3,15,45
85170C,2010-08-16,2010-08-30,3,22,38
85170C,2010-09-20,2010-10-11,4,24,36
85170C,2010-11-15,2010-11-29,3,26,34
85170C,2011-05-23,2011-06-20,5,43,17
85170C,2011-10-03,2011-10-17,3,54,6
85170D,2010-09-13,2010-11-01,8,28,47
85170D,2011-06-06,2011-06-20,3,54,21
85172,2010-08-02,2010-08-16,3,31,41
85172,2010-12-13,2011-01-10,5,46,26
85172,2011-01-24,2011-02-07,3,47,25
85172,2011-04-04,2011-04-18,3,54,18
85172,2011-06-27,2011-07-11,3,58,14
85172,2011-08-15,2011-08-29,3,62,10
85172,2011-09-12,2011-09-26,3,63,9
85173,2011-02-21,2011-03-07,3,49,25
85173,2011-03-21,2011-04-04,3,50,24
85173,2011-07-11,2011-08-01,4,58,16
85174,2011-07-04,2011-07-18,3,76,15
85174,2011-08-22,2011-09-05,3,79,12
85177,2011-04-11,2011-05-09,5,53,20
85177,2011-09-05,2011-09-19,3,64,9
85179A,2011-01-24,2011-03-21,9,16,11
85179A,2011-04-04,2011-07-18,16,17,10
85179A,2011-08-01,2011-09-26,9,18,9
85179B,2010-05-10,2010-05-31,4,15,7
85179B,2010-07-05,2010-08-09,6,18,4
85179C,2011-01-24,2011-07-18,26,8,8
85179C,2011-08-01,2011-10-10,11,9,7
85180A,2010-02-15,2010-03-15,5,8,29
85180A,2010-05-31,2010-06-28,5,13,24
85180A,2010-07-12,2010-09-06,9,14,23
85180A,2010-10-11,2010-11-08,5,16,21
85180A,2011-03-14,2011-03-28,3,27,10
85180A,2011-04-25,2011-06-13,8,29,8
85180A,2011-06-27,2011-07-18,4,30,7
85180A,2011-08-01,2011-09-12,7,31,6
85180B,2010-04-26,2010-06-14,8,10,27
85180B,2010-07-05,2010-08-02,5,12,25
85180B,2010-10-11,2010-11-29,8,17,20
85180B,2011-01-31,2011-04-11,11,24,13
85180B,2011-04-25,2011-05-09,3,25,12
85180B,2011-05-23,2011-06-13,4,26,11
85180B,2011-06-27,2011-07-18,4,27,10
85180B,2011-08-15,2011-09-26,7,29,8
85183A,2010-08-09,2010-08-30,4,26,42
85183A,2010-12-20,2011-01-03,3,36,32
85183A,2011-01-31,2011-04-11,11,39,29
85183B,2010-02-08,2010-02-22,3,8,65
85183B,2010-08-09,2010-08-30,4,23,50
85183B,2011-02-07,2011-03-14,6,41,32
85184C,2010-06-07,2010-06-21,3,24,70
85184D,2010-05-17,2010-05-31,3,19,15
85185B,2011-09-12,2011-09-26,3,73,7
85185C,2010-03-22,2010-04-19,5,10,8
85185C,2010-05-24,2010-06-07,3,13,5
85185D,2010-08-02,2010-08-16,3,21,17
85186A,2010-05-10,2010-05-24,3,18,21
85186A,2010-06-28,2010-09-13,12,20,19
85186A,2010-09-27,2010-11-22,9,21,18
85186C,2010-04-26,2010-06-14,8,17,22
85186C,2010-06-28,2010-09-13,12,18,21
85186C,2010-09-27,2010-11-01,6,19,20
85186C,2010-11-15,2010-12-27,7,20,19
85187,2010-04-05,2010-07-12,15,11,27
85187,2010-07-26,2010-11-08,16,12,26
85187,2010-12-06,2010-12-27,4,15,23
85187,2011-04-25,2011-05-30,6,31,7
85188A,2010-04-12,2011-01-10,40,13,13
85188B,2010-04-26,2010-10-04,24,14,7
85188B,2010-10-18,2010-12-06,8,15,6
85188B,2010-12-20,2011-01-10,4,16,5
85189,2010-04-12,2010-04-26,3,13,8
85189,2010-05-10,2010-05-24,3,14,7
85189,2010-07-12,2010-11-01,17,17,4
85194L,2010-04-26,2010-05-10,3,16,22
85194L,2010-05-24,2010-10-11,21,17,21
85194S,2010-04-26,2010-05-10,3,15,39
85194S,2010-05-31,2010-06-14,3,17,37
85194S,2010-06-28,2010-09-06,11,18,36
85194S,2010-09-20,2010-10-25,6,19,35
85194S,2010-12-06,2010-12-27,4,22,32
85194S,2011-05-02,2011-05-30,5,37,17
85194S,2011-08-01,2011-08-15,3,44,10
85195,2010-06-14,2010-07-05,4,11,4
85197,2010-03-29,2010-06-07,11,13,14
85197,2010-06-21,2010-09-06,12,14,13
85197,2010-09-20,2010-11-15,9,15,12
85197,2010-11-29,2011-01-03,6,16,11
85198,2010-05-17,2010-07-05,8,16,10
85198,2010-08-02,2010-09-27,9,18,8
85198,2010-10-11,2010-11-08,5,19,7
85198,2010-11-22,2011-01-10,8,20,6
85198,2011-01-24,2011-02-07,3,21,5
85198,2011-02-21,2011-03-28,6,22,4
85199L,2010-06-21,2010-07-05,3,26,66
85200,2010-04-05,2011-01-03,40,12,14
85202,2011-07-25,2011-08-08,3,61,12
85203,2011-07-25,2011-08-08,3,72,14
85205B,2010-04-05,2010-11-01,31,11,13
85205B,2010-11-15,2010-12-06,4,12,12
85205B,2010-12-20,2011-01-17,5,13,11
85206A,2010-04-12,2010-05-03,4,14,19
85206A,2010-06-14,2010-09-06,13,17,16
85206A,2010-09-20,2010-10-25,6,18,15
85208,2010-05-10,2010-05-31,4,14,35
85208,2010-07-05,2010-08-30,9,16,33
85208,2011-02-07,2011-02-21,3,29,20
85208,2011-07-25,2011-08-22,5,41,8
85211,2010-07-19,2010-09-20,10,21,26
85211,2011-01-17,2011-02-21,6,31,16
85211,2011-06-13,2011-06-27,3,41,6
85212,2010-07-05,2010-08-09,6,22,46
85212,2010-08-30,2010-10-04,6,24,44
85212,2011-01-24,2011-02-07,3,34,34
85212,2011-05-09,2011-05-23,3,44,24
85213,2010-06-28,2010-07-12,3,19,28
85213,2010-08-02,2010-08-16,3,21,26
85213,2010-08-30,2010-09-13,3,22,25
85213,2010-12-20,2011-01-10,4,29,18
85213,2011-05-09,2011-05-23,3,41,6
85214,2010-10-25,2010-11-15,4,37,27
85214,2010-12-20,2011-01-03,3,41,23
85215,2010-08-23,2010-09-06,3,19,24
85215,2010-12-20,2011-01-03,3,29,14
85215,2011-04-25,2011-05-30,6,39,4
85216,2010-12-06,2011-01-10,6,50,6
85216,2011-02-14,2011-06-27,20,52,4
85224,2010-09-20,2010-10-04,3,34,4
85226C,2010-07-12,2010-08-09,5,26,9
85230A,2010-03-22,2010-04-05,3,8,29
85230A,2010-05-10,2010-05-31,4,11,26
85230A,2010-07-12,2010-08-09,5,14,23
85230A,2010-09-06,2010-09-27,4,17,20
85230A,2010-10-25,2010-11-08,3,19,18
85230A,2010-11-29,2010-12-13,3,21,16
85230A,2010-12-27,2011-01-24,5,22,15
85230A,2011-03-28,2011-04-18,4,26,11
85230A,2011-05-02,2011-05-23,4,27,10
85230A,2011-07-04,2011-07-25,4,30,7
85230B,2010-05-10,2010-06-28,8,8,38
85230B,2010-07-12,2010-08-09,5,9,37
85230B,2010-10-11,2010-10-25,3,14,32
85230B,2010-12-27,2011-01-10,3,21,25
85230B,2011-06-06,2011-07-25,8,31,15
85230E,2010-07-19,2010-08-09,4,17,30
85230F,2010-07-12,2010-08-09,5,21,19
85230F,2010-10-11,2010-10-25,3,26,14
85230F,2011-02-07,2011-03-28,8,36,4
85230G,2010-07-12,2010-08-09,5,11,27
85230G,2010-09-06,2010-09-27,4,13,25
85230G,2010-10-11,2010-10-25,3,14,24
85230G,2011-01-10,2011-01-24,3,20,18
85230G,2011-03-28,2011-04-18,4,25,13
85230G,2011-06-27,2011-07-25,5,30,8
85231B,2011-05-09,2011-05-30,4,67,23
85232D,2011-06-27,2011-09-12,12,73,9
90000A,2010-11-22,2011-02-07,12,11,8
90000A,2011-03-07,2011-05-09,10,13,6
90000A,2011-05-23,2011-06-06,3,14,5
90000B,2010-09-13,2010-10-04,4,9,10
90000B,2010-10-18,2010-11-01,3,10,9
90000B,2010-12-13,2011-01-17,6,13,6
90000B,2011-02-21,2011-03-14,4,15,4
90000D,2010-12-20,2011-01-03,3,18,9
90000D,2011-01-17,2011-02-07,4,19,8
90000D,2011-02-21,2011-03-21,5,20,7
90000D,2011-04-04,2011-05-09,6,21,6
90000D,2011-05-23,2011-06-06,3,22,5
90000D,2011-06-20,2011-07-11,4,23,4
90002C,2010-05-10,2010-05-24,3,8,5
90002D,2010-03-29,2010-04-12,3,8,18
90002D,2010-04-26,2010-05-10,3,9,17
90002D,2010-06-28,2010-08-09,7,13,13
90002D,2010-08-23,2010-10-04,7,14,12
90002D,2010-12-13,2011-01-10,5,22,4
90003B,2010-04-26,2010-05-17,4,9,12
90003B,2010-05-31,2010-08-23,13,10,11
90003B,2010-09-06,2010-11-01,9,11,10
90003B,2010-12-13,2011-01-03,4,14,7
90003B,2011-01-17,2011-02-21,6,15,6
90003B,2011-03-07,2011-07-04,18,16,5
90003B,2011-07-18,2011-08-22,6,17,4
90003C,2010-05-10,2010-09-13,19,8,21
90003C,2010-09-27,2010-11-15,8,9,20
90003C,2010-12-13,2011-01-03,4,12,17
90003C,2011-01-24,2011-02-21,5,14,15
90003C,2011-03-14,2011-03-28,3,16,13
90003C,2011-04-11,2011-04-25,3,17,12
90003C,2011-05-09,2011-07-04,9,18,11
90003C,2011-08-01,2011-08-15,3,20,9
90003C,2011-10-10,2011-10-24,3,25,4
90003D,2010-04-05,2010-05-24,8,8,16
90003D,2010-06-07,2010-10-04,18,9,15
90003D,2010-10-18,2010-11-29,7,10,14
90003D,2010-12-27,2011-01-17,4,12,12
90003D,2011-01-31,2011-03-28,9,13,11
90003D,2011-04-11,2011-06-20,11,14,10
90003D,2011-07-18,2011-08-22,6,17,7
90003D,2011-10-17,2011-10-31,3,20,4
90003E,2010-12-06,2010-12-27,4,8,10
90003E,2011-01-24,2011-05-30,19,10,8
90003E,2011-06-13,2011-07-04,4,11,7
90003E,2011-07-18,2011-08-15,5,12,6
90005A,2010-07-12,2010-08-02,4,18,16
90010A,2010-04-26,2010-06-07,7,8,17
90010A,2010-06-21,2010-11-15,22,9,16
90010A,2010-12-06,2011-01-31,9,11,14
90010A,2011-02-14,2011-03-28,7,12,13
90010A,2011-04-11,2011-05-23,7,13,12
90010A,2011-06-06,2011-06-20,3,14,11
90010A,2011-09-19,2011-11-07,8,21,4
90010B,2010-03-29,2010-05-10,7,8,15
90010B,2010-06-07,2010-07-19,7,10,13
90010B,2010-08-23,2010-09-27,6,13,10
90010B,2010-10-18,2010-11-08,4,15,8
90010E,2010-04-26,2010-08-09,16,12,17
90010E,2010-09-13,2010-11-29,12,14,15
90010E,2010-12-20,2011-01-03,3,16,13
90010E,2011-02-07,2011-03-28,8,19,10
90010E,2011-05-02,2011-07-04,10,21,8
90010E,2011-07-18,2011-08-29,7,22,7
90013A,2010-07-05,2010-08-02,5,22,31
90013A,2011-01-24,2011-02-14,4,37,16
90013A,2011-02-28,2011-03-14,3,38,15
90013A,2011-03-28,2011-06-20,13,39,14
90013A,2011-09-26,2011-10-31,6,49,4
90013B,2010-05-17,2010-06-07,4,16,37
90013B,2010-07-12,2010-08-23,7,18,35
90013B,2011-03-28,2011-04-18,4,40,13
90013B,2011-05-02,2011-06-20,8,41,12
90013B,2011-08-08,2011-09-12,6,45,8
90013C,2010-05-31,2010-07-05,6,14,28
90013C,2010-07-19,2010-08-02,3,15,27
90013C,2010-09-27,2010-10-11,3,18,24
90013C,2011-03-21,2011-04-11,4,31,11
90013C,2011-04-25,2011-05-09,3,32,10
90013C,2011-05-23,2011-07-11,8,33,9
90013C,2011-08-01,2011-08-29,5,35,7
90013C,2011-09-12,2011-10-24,7,36,6
90013D,2010-03-29,2010-04-26,5,8,8
90013D,2010-05-10,2010-06-14,6,9,7
90013D,2010-06-28,2010-09-13,12,10,6
90013D,2010-10-04,2010-11-08,6,12,4
90014A,2010-06-28,2010-09-13,12,9,25
90014A,2010-10-18,2010-11-01,3,13,21
90014A,2011-01-24,2011-02-07,3,20,14
90014A,2011-04-11,2011-05-30,8,26,8
90014A,2011-06-13,2011-07-11,5,27,7
90014A,2011-08-08,2011-09-12,6,29,5
90014B,2010-05-31,2010-06-14,3,8,18
90014B,2010-06-28,2010-07-19,4,9,17
90014B,2010-08-02,2010-11-01,14,10,16
90014B,2010-12-20,2011-01-03,3,15,11
90014B,2011-01-17,2011-02-07,4,16,10
90014B,2011-03-28,2011-04-25,5,19,7
90014B,2011-05-23,2011-07-11,8,21,5
90014C,2010-09-20,2010-11-08,8,12,5
90016A,2010-09-27,2010-11-01,6,8,8
90016A,2010-11-15,2011-01-17,10,9,7
90016A,2011-01-31,2011-02-21,4,10,6
90016A,2011-03-07,2011-05-16,11,11,5
90016B,2010-06-28,2010-09-06,11,8,16
90016B,2010-10-11,2010-11-15,6,10,14
90016B,2010-11-29,2011-01-17,8,11,13
90016B,2011-04-18,2011-07-11,13,16,8
90016B,2011-08-08,2011-09-19,7,18,6
90018A,2010-06-28,2010-08-09,7,10,29
90018A,2010-08-23,2010-09-06,3,11,28
90018A,2010-09-27,2010-10-25,5,13,26
90018A,2011-01-24,2011-02-07,3,22,17
90018A,2011-03-28,2011-05-23,9,25,14
90018B,2010-05-03,2010-05-17,3,8,21
90018B,2010-06-21,2010-09-06,12,10,19
90018B,2010-09-20,2010-11-15,9,11,18
90018B,2010-12-13,2011-02-07,9,14,15
90018B,2011-02-21,2011-04-04,7,15,14
90018B,2011-05-23,2011-07-11,8,18,11
90018B,2011-08-08,2011-08-22,3,20,9
90018B,2011-09-19,2011-10-17,5,22,7
90018C,2010-10-25,2011-05-16,30,9,9
90018C,2011-06-20,2011-08-15,9,12,6
90019A,2010-05-03,2010-06-14,7,9,33
90019A,2010-08-09,2010-09-13,6,13,29
90019A,2010-10-11,2010-10-25,3,16,26
90019A,2010-12-27,2011-01-10,3,22,20
90019A,2011-02-14,2011-02-28,3,24,18
90019A,2011-03-28,2011-05-16,8,26,16
90019B,2010-10-11,2010-11-08,5,8,16
90019B,2010-12-06,2011-01-03,5,11,13
90019B,2011-01-31,2011-06-06,19,13,11
90019B,2011-06-20,2011-07-04,3,14,10
90019B,2011-08-08,2011-09-19,7,17,7
90019B,2011-10-10,2011-10-31,4,19,5
90019C,2010-03-15,2010-04-12,5,9,19
90019C,2010-05-31,2010-06-28,5,12,16
90019C,2010-09-06,2010-09-27,4,16,12
90019C,2010-10-11,2010-11-01,4,17,11
90019C,2010-12-27,2011-05-16,21,21,7
90019C,2011-06-20,2011-08-01,7,23,5
90019C,2011-08-15,2011-08-29,3,24,4
90022,2010-09-13,2010-10-11,5,9,14
90022,2010-11-08,2010-11-22,3,11,12
90022,2010-12-27,2011-02-21,9,14,9
90022,2011-04-11,2011-07-11,14,17,6
90022,2011-08-15,2011-09-12,5,19,4
90023,2010-10-18,2010-11-01,3,8,11
90023,2010-12-20,2011-01-03,3,13,6
90023,2011-01-17,2011-02-07,4,14,5
90023,2011-02-21,2011-04-25,10,15,4
90024B,2010-07-12,2010-07-26,3,10,9
90024B,2010-08-09,2010-10-18,11,11,8
90024B,2010-11-08,2011-02-07,14,13,6
90024B,2011-02-21,2011-08-15,26,14,5
90024B,2011-08-29,2011-09-12,3,15,4
90024D,2010-06-21,2010-08-09,8,8,4
90027C,2011-01-24,2011-03-28,10,8,4
90027D,2010-12-27,2011-07-18,30,8,4
90028,2010-10-25,2010-11-08,3,8,12
90028,2010-12-13,2011-01-03,4,12,8
90028,2011-01-17,2011-02-21,6,13,7
90030B,2010-06-28,2010-10-04,15,9,20
90030B,2010-10-18,2010-11-29,7,10,19
90030B,2011-01-10,2011-02-21,7,14,15
90030B,2011-04-04,2011-06-27,13,18,11
90030B,2011-08-29,2011-09-12,3,22,7
90030B,2011-10-03,2011-10-17,3,24,5
90030C,2011-07-25,2011-08-08,3,8,5
90032,2010-09-13,2010-10-25,7,8,10
90032,2010-12-20,2011-01-17,5,12,6
90033,2010-11-15,2010-11-29,3,8,8
90033,2010-12-20,2011-01-10,4,10,6
90033,2011-01-24,2011-02-21,5,11,5
90033,2011-03-07,2011-03-28,4,12,4
90035A,2010-06-28,2010-10-25,18,8,5
90036A,2010-07-19,2010-10-11,13,9,6
90036C,2010-11-15,2011-04-11,22,8,5
90036D,2010-08-23,2010-11-01,11,8,7
90036D,2010-12-13,2011-01-31,8,11,4
90036E,2010-06-14,2010-07-19,6,8,15
90036E,2010-08-16,2010-09-20,6,10,13
90036E,2010-12-13,2011-01-10,5,15,8
90036E,2011-01-24,2011-02-21,5,16,7
90036E,2011-03-28,2011-04-25,5,18,5
90036E,2011-05-09,2011-07-04,9,19,4
90036F,2010-09-06,2010-11-01,9,8,5
90037C,2010-10-25,2011-01-03,11,8,4
90038A,2010-06-14,2010-08-23,11,8,13
90038A,2010-09-06,2010-09-20,3,9,12
90038A,2010-10-18,2010-11-01,3,11,10
90038A,2010-11-15,2011-01-03,8,12,9
90038A,2011-01-17,2011-03-21,10,13,8
90038A,2011-04-11,2011-06-20,11,15,6
90038A,2011-07-04,2011-07-18,3,16,5
90038A,2011-08-01,2011-08-22,4,17,4
90039D,2010-03-08,2010-04-12,6,8,14
90039D,2010-04-26,2010-06-07,7,9,13
90039D,2010-07-12,2010-11-01,17,12,10
90039D,2010-11-15,2010-11-29,3,13,9
90039D,2010-12-13,2011-01-03,4,14,8
90039D,2011-01-17,2011-05-02,16,15,7
90039D,2011-05-16,2011-05-30,3,16,6
90039D,2011-06-13,2011-07-18,6,17,5
90040A,2010-03-15,2010-04-26,7,9,16
90040A,2010-06-21,2010-07-05,3,12,13
90040A,2010-07-19,2010-08-09,4,13,12
90040A,2010-08-23,2010-09-06,3,14,11
90040B,2010-03-15,2010-03-29,3,12,19
90040B,2010-04-26,2010-05-31,6,14,17
90040B,2010-06-28,2010-08-09,7,17,14
90040B,2010-09-13,2010-10-25,7,19,12
90040C,2010-12-13,2011-02-28,12,12,6
90040C,2011-04-04,2011-09-19,25,14,4
90040D,2010-04-05,2010-05-31,9,10,7
90042A,2010-04-12,2010-04-26,3,8,13
90042A,2010-07-12,2010-08-02,4,13,8
90042A,2010-08-16,2010-08-30,3,14,7
90042A,2010-09-27,2010-11-01,6,16,5
90054,2010-12-06,2011-01-03,5,8,6
90054,2011-01-17,2011-05-30,20,9,5
90054,2011-06-13,2011-09-26,16,10,4
90057,2010-06-21,2010-11-15,22,8,13
90057,2011-02-28,2011-10-10,33,14,7
90058B,2010-08-30,2010-09-13,3,9,13
90058B,2010-10-18,2010-12-06,8,12,10
90058B,2010-12-20,2011-04-25,19,13,9
90058B,2011-05-23,2011-06-20,5,15,7
90058B,2011-07-04,2011-10-03,14,16,6
90059A,2010-06-14,2010-06-28,3,8,27
90059A,2010-07-12,2010-08-02,4,9,26
90059A,2010-08-16,2010-08-30,3,10,25
90059A,2010-09-13,2010-09-27,3,11,24
90059A,2010-10-18,2010-11-01,3,13,22
90059A,2011-02-21,2011-03-07,3,23,12
90059A,2011-03-21,2011-05-23,10,24,11
90059A,2011-06-20,2011-07-04,3,26,9
90059A,2011-08-01,2011-09-12,7,28,7
90059A,2011-09-26,2011-10-24,5,29,6
90059B,2010-12-13,2010-12-27,3,8,7
90059B,2011-01-24,2011-07-04,24,10,5
90059B,2011-07-18,2011-09-12,9,11,4
90059C,2010-10-18,2010-11-08,4,9,12
90059C,2010-12-06,2011-01-03,5,12,9
90059C,2011-01-17,2011-03-07,8,13,8
90059C,2011-03-21,2011-05-02,7,14,7
90059C,2011-05-16,2011-09-12,18,15,6
90059C,2011-09-26,2011-10-24,5,16,5
90059D,2010-04-12,2010-05-10,5,8,24
90059D,2010-05-24,2010-06-07,3,9,23
90059D,2010-07-05,2010-08-09,6,11,21
90059D,2010-09-13,2010-10-04,4,13,19
90059D,2010-11-15,2010-11-29,3,16,16
90059D,2011-01-24,2011-03-28,10,21,11
90059D,2011-05-16,2011-06-13,5,24,8
90059D,2011-07-11,2011-08-22,7,26,6
90059E,2010-05-03,2010-06-07,6,9,19
90059E,2010-06-28,2010-08-30,10,11,17
90059E,2010-10-04,2010-10-18,3,14,14
90059E,2010-12-13,2011-04-11,18,19,9
90059E,2011-04-25,2011-06-20,9,20,8
90059E,2011-07-18,2011-09-12,9,22,6
90059F,2010-07-12,2010-08-30,8,9,16
90059F,2010-09-13,2010-10-04,4,10,15
90059F,2010-10-18,2010-11-15,5,11,14
90059F,2010-11-29,2011-01-03,6,12,13
90059F,2011-01-24,2011-04-11,12,14,11
90059F,2011-04-25,2011-05-23,5,15,10
90059F,2011-06-06,2011-06-27,4,16,9
90059F,2011-08-01,2011-09-12,7,18,7
90059F,2011-10-17,2011-10-31,3,20,5
90060F,2010-07-19,2010-08-02,3,9,7
90060F,2010-08-16,2010-11-22,15,10,6
90060F,2010-12-06,2010-12-27,4,11,5
90060F,2011-01-10,2011-04-11,14,12,4
90062,2010-03-29,2010-05-03,6,14,34
90062,2010-10-18,2010-11-01,3,31,17
90063A,2011-05-16,2011-07-25,11,8,5
90063A,2011-08-08,2011-09-19,7,9,4
90064A,2011-02-21,2011-05-02,11,8,4
90064B,2011-06-20,2011-08-08,8,8,4
90067A,2010-08-23,2010-11-29,15,8,6
90067A,2010-12-13,2011-04-11,18,9,5
90067A,2011-04-25,2011-06-13,8,10,4
90070,2010-04-26,2010-05-24,5,12,19
90070,2010-06-14,2010-07-05,4,14,17
90070,2010-08-02,2010-11-01,14,17,14
90070,2010-11-15,2010-11-29,3,18,13
90070,2010-12-20,2011-01-31,7,20,11
90070,2011-02-14,2011-03-07,4,21,10
90070,2011-04-04,2011-05-16,7,23,8
90070,2011-05-30,2011-06-27,5,24,7
90071,2010-06-07,2010-08-02,9,18,32
90071,2010-09-06,2010-09-27,4,20,30
90071,2011-03-28,2011-04-11,3,36,14
90071,2011-05-02,2011-06-20,8,38,12
90071,2011-07-18,2011-08-01,3,41,9
90071,2011-08-15,2011-08-29,3,42,8
90071,2011-09-12,2011-09-26,3,43,7
90071,2011-10-17,2011-10-31,3,45,5
90072,2010-07-19,2010-08-09,4,8,19
90072,2010-08-23,2010-09-20,5,9,18
90072,2011-01-24,2011-03-21,9,18,9
90072,2011-04-04,2011-05-09,6,19,8
90072,2011-05-23,2011-07-18,9,20,7
90072,2011-08-01,2011-09-12,7,21,6
90072,2011-09-26,2011-10-24,5,22,5
90073,2010-06-07,2010-07-05,5,9,20
90073,2010-07-19,2010-08-09,4,10,19
90073,2010-09-06,2010-10-11,6,12,17
90073,2010-10-25,2010-11-29,6,13,16
90073,2011-01-24,2011-03-07,7,18,11
90073,2011-03-21,2011-04-11,4,19,10
90073,2011-04-25,2011-05-30,6,20,9
90073,2011-07-11,2011-08-29,8,24,5
90073,2011-09-12,2011-10-03,4,25,4
90079,2010-10-25,2010-11-08,3,8,5
90079,2010-11-22,2011-01-03,7,9,4
90081A,2010-06-07,2010-07-12,6,8,14
90081A,2010-08-16,2010-08-30,3,11,11
90081A,2010-09-13,2010-10-11,5,12,10
90081A,2010-12-13,2011-04-25,20,16,6
90081A,2011-05-09,2011-07-11,10,17,5
90081A,2011-07-25,2011-08-08,3,18,4
90081C,2010-03-22,2010-05-24,10,8,21
90081C,2010-06-14,2010-07-12,5,10,19
90081C,2010-08-16,2010-08-30,3,13,16
90081C,2010-10-04,2010-11-01,5,16,13
90081C,2010-12-13,2011-01-03,4,19,10
90081C,2011-01-17,2011-04-11,13,20,9
90081C,2011-05-23,2011-06-20,5,23,6
90081C,2011-07-04,2011-08-08,6,24,5
90081C,2011-08-22,2011-10-10,8,25,4
90082A,2010-07-19,2010-08-02,3,8,19
90082A,2010-08-16,2010-10-04,8,9,18
90082A,2010-12-13,2011-01-10,5,14,13
90082A,2011-01-24,2011-02-07,3,15,12
90082A,2011-02-21,2011-03-07,3,16,11
90082A,2011-04-04,2011-04-25,4,18,9
90082A,2011-05-23,2011-06-27,6,20,7
90082A,2011-07-11,2011-08-15,6,21,6
90082A,2011-09-05,2011-10-10,6,23,4
90082B,2010-08-23,2010-10-04,7,10,12
90082B,2010-12-20,2011-02-07,8,16,6
90082B,2011-02-21,2011-04-25,10,17,5
90082D,2010-03-22,2010-04-12,4,9,25
90083,2011-07-04,2011-10-31,18,8,5
90085,2010-04-26,2010-10-04,24,8,12
90085,2010-12-13,2011-01-24,7,12,8
90085,2011-02-07,2011-04-25,12,13,7
90085,2011-05-23,2011-06-06,3,16,4
90086,2011-01-10,2011-02-07,5,17,17
90086,2011-02-28,2011-04-11,7,19,15
90086,2011-04-25,2011-05-09,3,20,14
90086,2011-05-23,2011-06-06,3,21,13
90086,2011-06-20,2011-08-01,7,22,12
90086,2011-08-15,2011-09-05,4,23,11
90087,2010-05-10,2010-06-14,6,12,26
90087,2010-07-26,2010-08-09,3,15,23
90087,2010-09-06,2010-10-04,5,17,21
90087,2010-12-13,2011-01-03,4,22,16
90087,2011-01-17,2011-04-11,13,23,15
90087,2011-05-23,2011-06-06,3,26,12
90087,2011-07-11,2011-08-22,7,29,9
90089,2010-04-26,2010-05-24,5,8,15
90089,2010-06-28,2010-07-26,5,12,11
90089,2010-08-09,2010-09-13,6,13,10
90089,2010-09-27,2010-10-25,5,14,9
90089,2010-11-08,2010-11-29,4,15,8
90089,2010-12-20,2011-01-10,4,17,6
90089,2011-01-24,2011-06-27,23,18,5
90089,2011-07-11,2011-10-10,14,19,4
90090,2010-05-03,2010-06-14,7,9,4
90093,2010-12-13,2011-04-11,18,12,8
90093,2011-04-25,2011-05-09,3,13,7
90093,2011-05-23,2011-06-06,3,14,6
90093,2011-07-11,2011-08-22,7,16,4
90094,2010-12-13,2011-02-14,10,14,9
90094,2011-02-28,2011-05-02,10,15,8
90094,2011-05-16,2011-06-20,6,16,7
90094,2011-07-04,2011-07-25,4,17,6
90094,2011-08-22,2011-10-31,11,19,4
90096,2010-10-25,2010-11-08,3,10,24
90096,2010-12-13,2010-12-27,3,14,20
90096,2011-03-28,2011-04-11,3,22,12
90096,2011-05-30,2011-06-20,4,28,6
90098,2010-06-14,2010-06-28,3,8,21
90098,2010-07-12,2010-08-23,7,9,20
90098,2010-11-22,2011-01-24,10,20,9
90098,2011-02-07,2011-06-13,19,21,8
90098,2011-07-04,2011-08-01,5,23,6
90099,2010-12-13,2011-03-21,15,9,9
90099,2011-04-04,2011-05-02,5,10,8
90099,2011-05-23,2011-09-26,19,12,6
90099,2011-10-10,2011-10-31,4,13,5
90101,2010-09-06,2010-10-25,8,8,18
90101,2011-01-24,2011-04-25,14,15,11
90101,2011-05-09,2011-06-20,7,16,10
90101,2011-08-08,2011-09-12,6,19,7
90103,2010-07-19,2010-09-27,11,9,13
90103,2010-10-25,2010-11-08,3,11,11
90103,2010-11-22,2010-12-13,4,12,10
90103,2011-01-31,2011-04-25,13,16,6
90103,2011-05-09,2011-07-11,10,17,5
90103,2011-07-25,2011-10-24,14,18,4
90108,2010-12-27,2011-01-10,3,9,9
90108,2011-01-24,2011-04-11,12,10,8
90108,2011-04-25,2011-05-09,3,11,7
90108,2011-05-23,2011-07-04,7,12,6
90108,2011-07-18,2011-08-08,4,13,5
90108,2011-08-22,2011-09-12,4,14,4
90112,2010-05-31,2010-06-14,3,8,9
90112,2010-08-09,2010-10-04,9,12,5
90114,2011-10-10,2011-10-24,3,46,5
90116,2011-01-24,2011-02-28,6,19,25
90116,2011-04-04,2011-04-18,3,23,21
90116,2011-10-10,2011-10-24,3,39,5
90118,2011-01-17,2011-02-21,6,8,14
90118,2011-03-28,2011-04-11,3,10,12
90118,2011-04-25,2011-06-06,7,11,11
90118,2011-09-26,2011-10-24,5,17,5
90119,2011-01-24,2011-03-07,7,9,25
90119,2011-04-04,2011-05-02,5,11,23
90119,2011-06-20,2011-07-11,4,17,17
90120A,2010-05-17,2010-05-31,3,15,12
90120A,2010-09-06,2010-10-11,6,23,4
90120B,2010-03-15,2010-03-29,3,9,23
90120B,2010-04-12,2010-04-26,3,10,22
90120B,2010-05-10,2010-06-07,5,11,21
90120B,2010-08-09,2010-08-23,3,16,16
90120B,2010-09-06,2010-11-01,9,17,15
90120B,2010-12-06,2011-01-03,5,20,12
90120B,2011-02-14,2011-02-28,3,23,9
90120B,2011-03-14,2011-06-06,13,24,8
90120B,2011-06-20,2011-07-04,3,25,7
90120B,2011-07-18,2011-08-15,5,26,6
90120B,2011-08-29,2011-09-19,4,27,5
90120C,2010-02-15,2010-03-01,3,8,32
90120C,2010-05-03,2010-05-17,3,12,28
90120C,2010-07-05,2010-07-19,3,17,23
90120C,2010-08-02,2010-10-11,11,18,22
90120C,2011-03-14,2011-06-06,13,32,8
90120C,2011-06-20,2011-07-04,3,33,7
90120C,2011-07-18,2011-08-29,7,34,6
90120D,2010-03-15,2010-04-05,4,9,19
90120D,2010-04-19,2010-05-24,6,10,18
90120D,2010-07-19,2010-08-23,6,15,13
90120D,2010-09-06,2010-09-27,4,16,12
90120D,2010-12-20,2011-01-03,3,24,4
90122A,2010-07-12,2010-07-26,3,11,15
90122A,2010-08-09,2010-11-01,13,12,14
90122A,2011-02-14,2011-05-02,12,19,7
90122A,2011-05-16,2011-06-20,6,20,6
90122B,2010-07-05,2010-07-19,3,11,12
90122B,2010-08-09,2010-09-27,8,13,10
90122B,2010-11-29,2011-01-03,6,17,6
90122B,2011-01-17,2011-01-31,3,18,5
90122C,2010-06-28,2010-07-19,4,9,15
90122C,2010-08-02,2010-08-16,3,10,14
90122C,2010-08-30,2010-10-25,9,11,13
90122C,2010-11-29,2010-12-27,5,15,9
90122C,2011-01-17,2011-01-31,3,17,7
90122C,2011-02-14,2011-06-06,17,18,6
90122C,2011-06-20,2011-07-04,3,19,5
90122C,2011-07-18,2011-08-22,6,20,4
90123A,2010-11-29,2011-01-17,8,8,8
90123A,2011-02-14,2011-03-28,7,10,6
90123A,2011-04-11,2011-05-02,4,11,5
90123C,2011-01-17,2011-04-11,13,8,4
90123D,2010-11-29,2011-01-17,8,9,5
90123D,2011-01-31,2011-03-28,9,10,4
90124A,2010-07-19,2010-11-01,16,9,9
90124A,2010-11-29,2011-02-21,13,12,6
90124A,2011-03-07,2011-03-21,3,13,5
90124B,2010-07-19,2010-08-02,3,11,12
90124B,2010-08-16,2010-10-11,9,12,11
90124B,2010-10-25,2010-11-08,3,13,10
90124B,2010-12-06,2011-01-03,5,15,8
90124B,2011-01-31,2011-02-21,4,17,6
90124B,2011-03-07,2011-03-21,3,18,5
90124C,2010-12-06,2011-03-14,15,8,8
90124C,2011-04-04,2011-05-09,6,10,6
90124C,2011-05-23,2011-08-08,12,11,5
90124C,2011-08-22,2011-09-05,3,12,4
90125D,2010-09-20,2010-10-04,3,8,14
90125D,2011-01-31,2011-04-18,12,18,4
90129A,2010-04-12,2010-05-03,4,11,32
90129A,2010-05-17,2010-06-07,4,12,31
90129A,2010-12-20,2011-01-03,3,32,11
90129A,2011-01-17,2011-02-28,7,33,10
90129A,2011-03-14,2011-06-13,14,34,9
90129B,2010-04-12,2010-04-26,3,10,32
90129B,2010-05-10,2010-05-24,3,11,31
90129B,2010-06-07,2010-06-21,3,12,30
90129B,2010-07-05,2010-07-26,4,13,29
90129B,2011-01-17,2011-04-11,13,30,12
90129B,2011-04-25,2011-05-23,5,31,11
90129B,2011-07-25,2011-08-22,5,35,7
90129C,2010-05-17,2010-05-31,3,11,24
90129C,2010-06-14,2010-07-19,6,12,23
90129C,2010-12-20,2011-02-21,10,24,11
90129C,2011-03-07,2011-05-23,12,25,10
90129C,2011-07-25,2011-08-29,6,29,6
90129D,2010-05-10,2010-06-07,5,10,15
90129D,2010-07-05,2010-07-19,3,12,13
90129D,2010-09-13,2010-10-04,4,17,8
90129D,2010-10-18,2010-11-15,5,18,7
90129D,2010-12-13,2011-07-11,31,20,5
90129D,2011-07-25,2011-08-29,6,21,4
90129E,2010-03-29,2010-04-12,3,10,33
90129E,2010-12-27,2011-03-07,11,34,9
90129E,2011-03-21,2011-07-11,17,35,8
90129E,2011-07-25,2011-08-22,5,36,7
90129F,2010-03-29,2010-04-19,4,8,23
90129F,2010-05-03,2010-06-14,7,9,22
90129F,2010-06-28,2010-07-26,5,10,21
90129F,2010-09-27,2010-10-11,3,14,17
90129F,2010-12-27,2011-03-14,12,22,9
90129F,2011-03-28,2011-06-13,12,23,8
90129F,2011-06-27,2011-07-11,3,24,7
90129F,2011-07-25,2011-08-22,5,25,6
90130A,2010-10-11,2010-10-25,3,8,6
90130A,2010-11-15,2011-07-11,35,10,4
90130B,2010-03-22,2010-04-12,4,8,28
90130B,2010-04-26,2010-08-09,16,9,27
90130B,2010-09-13,2010-10-11,5,11,25
90130B,2011-01-24,2011-02-21,5,20,16
90130B,2011-03-28,2011-04-25,5,22,14
90130B,2011-05-30,2011-06-20,4,24,12
90130B,2011-09-19,2011-10-17,5,31,5
90130C,2010-09-13,2010-11-01,8,8,13
90130C,2010-11-15,2010-11-29,3,9,12
90130C,2011-01-10,2011-03-28,12,12,9
90130C,2011-04-11,2011-07-11,14,13,8
90130C,2011-08-08,2011-10-17,11,15,6
90133,2010-05-24,2010-06-14,4,10,12
90133,2010-06-28,2010-07-12,3,11,11
90133,2010-08-09,2010-11-15,15,13,9
90133,2010-12-20,2011-02-14,9,15,7
90133,2011-03-07,2011-06-27,17,17,5
90133,2011-07-11,2011-10-24,16,18,4
90134,2010-03-15,2010-03-29,3,8,52
90134,2010-08-23,2010-09-20,5,23,37
90134,2011-05-02,2011-05-30,5,45,15
90134,2011-08-15,2011-09-12,5,52,8
90138,2010-03-22,2010-06-21,14,8,9
90138,2010-07-05,2010-11-15,20,9,8
90138,2010-12-06,2011-01-03,5,11,6
90138,2011-01-24,2011-04-18,13,13,4
90141A,2010-12-06,2011-01-17,7,8,8
90141A,2011-03-07,2011-07-11,19,12,4
90143,2010-03-08,2010-04-12,6,8,24
90143,2010-04-26,2010-05-24,5,9,23
90143,2010-06-07,2010-08-16,11,10,22
90143,2010-08-30,2010-09-20,4,11,21
90143,2010-12-20,2011-02-07,8,18,14
90143,2011-05-23,2011-06-27,6,25,7
90143,2011-07-25,2011-08-15,4,27,5
90144,2010-03-22,2010-04-19,5,9,19
90144,2010-05-03,2010-06-07,6,10,18
90144,2010-06-21,2010-08-09,8,11,17
90144,2010-08-23,2010-09-06,3,12,16
90144,2010-09-20,2010-10-04,3,13,15
90144,2010-11-15,2010-12-06,4,16,12
90144,2010-12-20,2011-01-03,3,17,11
90144,2011-01-17,2011-03-07,8,18,10
90144,2011-03-21,2011-05-09,8,19,9
90144,2011-06-06,2011-08-22,12,22,6
90144,2011-09-12,2011-10-17,6,24,4
90145,2010-03-22,2010-04-19,5,8,30
90145,2010-06-28,2010-07-12,3,14,24
90145,2010-08-02,2010-10-04,10,16,22
90145,2010-12-20,2011-01-10,4,23,15
90145,2011-01-24,2011-02-07,3,24,14
90145,2011-02-21,2011-03-14,4,25,13
90145,2011-03-28,2011-05-23,9,26,12
90145,2011-06-06,2011-06-27,4,27,11
90145,2011-07-25,2011-08-15,4,30,8
90146,2010-11-22,2010-12-06,3,10,7
90146,2010-12-20,2011-01-17,5,11,6
90147,2010-02-15,2010-05-03,12,8,34
90147,2010-06-14,2010-08-02,8,13,29
90147,2010-08-23,2010-09-13,4,15,27
90147,2010-12-20,2011-01-03,3,25,17
90147,2011-01-17,2011-01-31,3,26,16
90147,2011-04-11,2011-04-25,3,33,9
90147,2011-06-27,2011-08-29,10,37,5
90148,2010-08-02,2010-09-27,9,8,9
90148,2010-10-18,2010-11-08,4,10,7
90148,2010-11-22,2011-01-17,9,11,6
90148,2011-02-21,2011-03-28,6,13,4
90155,2010-09-06,2010-10-04,5,9,9
90155,2010-10-18,2010-11-01,3,10,8
90155,2010-11-22,2010-12-27,6,12,6
90155,2011-01-10,2011-07-11,27,13,5
90155,2011-07-25,2011-08-22,5,14,4
90157,2010-05-03,2010-06-07,6,8,12
90157,2010-07-05,2010-07-19,3,11,9
90157,2010-08-23,2010-11-15,13,14,6
90157,2010-11-29,2011-02-21,13,15,5
90157,2011-03-07,2011-04-18,7,16,4
90158,2010-05-03,2010-05-24,4,10,36
90158,2010-08-09,2010-09-20,7,18,28
90158,2011-01-24,2011-02-21,5,27,19
90158,2011-03-28,2011-04-11,3,31,15
90158,2011-05-02,2011-06-13,7,33,13
90158,2011-07-18,2011-08-08,4,35,11
90159,2010-05-03,2010-05-17,3,8,12
90159,2010-05-31,2010-06-14,3,9,11
90159,2010-07-05,2010-07-19,3,11,9
90159,2010-08-23,2010-11-01,11,14,6
90159,2010-11-15,2011-04-11,22,15,5
90160A,2010-10-25,2010-11-29,6,8,14
90160A,2010-12-13,2011-01-17,6,9,13
90160A,2011-03-07,2011-04-11,6,13,9
90160A,2011-05-16,2011-06-13,5,16,6
90160A,2011-06-27,2011-07-11,3,17,5
90160B,2010-05-24,2010-06-14,4,8,17
90160B,2010-06-28,2010-07-19,4,9,16
90160B,2010-08-16,2010-08-30,3,11,14
90160B,2010-09-13,2010-10-11,5,12,13
90160B,2010-11-15,2010-11-29,3,14,11
90160B,2010-12-13,2011-01-03,4,15,10
90160B,2011-01-31,2011-02-21,4,18,7
90160B,2011-03-07,2011-04-11,6,19,6
90160B,2011-05-02,2011-07-11,11,21,4
90160C,2010-05-31,2010-06-14,3,9,32
90160C,2010-08-16,2010-08-30,3,15,26
90160C,2010-09-13,2010-11-01,8,16,25
90160C,2010-11-15,2010-11-29,3,17,24
90160C,2011-03-07,2011-03-21,3,26,15
90160C,2011-05-02,2011-06-13,7,29,12
90160C,2011-06-27,2011-07-11,3,30,11
90160C,2011-08-08,2011-08-29,4,32,9
90160D,2010-05-03,2010-06-14,7,9,14
90160D,2010-06-28,2010-08-02,6,10,13
90160D,2010-08-16,2010-11-29,16,11,12
90160D,2010-12-13,2011-01-17,6,12,11
90160D,2011-02-21,2011-04-11,8,14,9
90160D,2011-05-30,2011-06-13,3,18,5
90160D,2011-06-27,2011-07-11,3,19,4
90161A,2010-05-24,2010-06-07,3,10,25
90161A,2010-07-12,2010-08-02,4,13,22
90161A,2010-09-13,2010-11-01,8,16,19
90161A,2011-03-07,2011-05-16,11,27,8
90161A,2011-05-30,2011-06-27,5,28,7
90161A,2011-07-18,2011-08-29,7,30,5
90161A,2011-09-12,2011-10-24,7,31,4
90161B,2011-03-07,2011-03-28,4,36,15
90161B,2011-04-11,2011-06-20,11,37,14
90161B,2011-08-01,2011-08-22,4,41,10
90161C,2010-04-05,2010-04-19,3,12,49
90161C,2010-08-16,2010-08-30,3,23,38
90161C,2011-02-21,2011-04-25,10,40,21
90161C,2011-05-09,2011-05-30,4,41,20
90161C,2011-08-08,2011-08-22,3,48,13
90161D,2010-08-23,2010-09-13,4,22,25
90161D,2010-10-18,2010-11-08,4,25,22
90161D,2011-03-07,2011-05-02,9,35,12
90161D,2011-05-16,2011-06-27,7,36,11
90161D,2011-07-25,2011-08-29,6,39,8
90162B,2010-12-20,2011-02-07,8,8,7
90162B,2011-02-21,2011-05-09,12,9,6
90162B,2011-06-06,2011-09-12,15,11,4
90162C,2010-10-25,2010-11-15,4,8,8
90162C,2010-12-20,2011-02-07,8,10,6
90162C,2011-02-21,2011-03-14,4,11,5
90162C,2011-03-28,2011-04-25,5,12,4
90163A,2010-06-14,2010-08-02,8,12,10
90163A,2010-08-16,2010-11-01,12,13,9
90163A,2010-11-15,2010-12-27,7,14,8
90163A,2011-01-17,2011-04-11,13,16,6
90163A,2011-05-02,2011-06-27,9,18,4
90164A,2010-07-19,2010-09-20,10,8,12
90164A,2010-10-04,2010-11-15,7,9,11
90164A,2011-01-10,2011-03-21,11,12,8
90164A,2011-04-04,2011-04-18,3,13,7
90164A,2011-05-02,2011-06-27,9,14,6
90164A,2011-07-11,2011-08-15,6,15,5
90164A,2011-08-29,2011-09-26,5,16,4
90164B,2010-03-29,2010-04-12,3,9,23
90164B,2010-05-17,2010-06-07,4,11,21
90164B,2010-08-02,2010-08-16,3,15,17
90164B,2010-08-30,2010-09-20,4,16,16
90164B,2010-10-04,2010-11-22,8,17,15
90164B,2011-02-14,2011-04-18,10,23,9
90164B,2011-05-02,2011-07-11,11,24,8
90164B,2011-07-25,2011-10-10,12,25,7
90165A,2010-08-16,2010-10-04,8,9,13
90165A,2010-10-18,2010-12-06,8,10,12
90165A,2011-01-10,2011-03-14,10,13,9
90165A,2011-03-28,2011-05-23,9,14,8
90165A,2011-06-06,2011-06-20,3,15,7
90165B,2010-05-03,2010-05-24,4,8,20
90165B,2010-06-28,2010-08-09,7,10,18
90165B,2010-08-23,2010-11-01,11,11,17
90165B,2011-01-24,2011-04-11,12,19,9
90165B,2011-04-25,2011-07-18,13,20,8
90165B,2011-08-15,2011-09-12,5,22,6
90165B,2011-09-26,2011-10-24,5,23,5
90166,2010-06-21,2010-08-23,10,8,16
90166,2010-09-06,2010-09-27,4,9,15
90166,2010-10-18,2010-11-01,3,11,13
90166,2010-12-06,2011-01-10,6,13,11
90166,2011-01-24,2011-02-21,5,14,10
90166,2011-03-07,2011-07-11,19,15,9
90166,2011-08-15,2011-09-12,5,17,7
90168,2010-09-13,2010-11-15,10,8,11
90168,2010-12-13,2011-03-21,15,10,9
90168,2011-04-04,2011-06-27,13,11,8
90168,2011-08-01,2011-09-12,7,13,6
90168,2011-10-17,2011-11-07,4,15,4
90169,2010-06-21,2010-11-01,20,8,10
90169,2010-11-15,2010-11-29,3,9,9
90169,2010-12-13,2011-01-03,4,10,8
90169,2011-01-17,2011-03-21,10,11,7
90169,2011-04-04,2011-04-18,3,12,6
90169,2011-05-02,2011-06-27,9,13,5
90170,2010-04-05,2010-04-19,3,12,32
90170,2010-05-03,2010-05-17,3,13,31
90170,2010-06-28,2010-07-12,3,17,27
90170,2010-07-26,2010-08-09,3,18,26
90170,2010-09-13,2010-09-27,3,20,24
90170,2010-10-18,2010-11-29,7,22,22
90170,2010-12-27,2011-01-17,4,25,19
90170,2011-01-31,2011-03-07,6,26,18
90170,2011-04-04,2011-05-09,6,28,16
90170,2011-08-08,2011-09-05,5,37,7
90170,2011-09-26,2011-10-31,6,39,5
90173,2010-05-03,2010-05-17,3,11,24
90173,2010-07-12,2010-08-02,4,17,18
90173,2010-09-27,2010-11-01,6,21,14
90173,2011-02-14,2011-02-28,3,30,5
90173,2011-03-14,2011-05-09,9,31,4
90174,2010-06-21,2010-08-02,7,9,18
90174,2010-08-16,2010-11-29,16,10,17
90174,2010-12-13,2011-01-10,5,11,16
90174,2011-02-14,2011-05-23,15,13,14
90174,2011-08-01,2011-09-05,6,19,8
90174,2011-10-10,2011-10-31,4,22,5
90175A,2010-03-08,2010-03-22,3,9,36
90175A,2010-04-26,2010-05-10,3,11,34
90175A,2010-09-20,2010-10-18,5,23,22
90175A,2010-12-13,2010-12-27,3,29,16
90175A,2011-01-10,2011-02-07,5,30,15
90175A,2011-03-14,2011-03-28,3,33,12
90175A,2011-05-02,2011-05-23,4,36,9
90175A,2011-06-06,2011-06-27,4,37,8
90175A,2011-07-18,2011-08-22,6,39,6
90175A,2011-09-05,2011-09-19,3,40,5
90175A,2011-10-03,2011-10-24,4,41,4
90175B,2010-05-10,2010-07-05,9,9,15
90175B,2010-09-13,2010-11-15,10,14,10
90175B,2010-12-13,2010-12-27,3,16,8
90175B,2011-01-31,2011-07-11,24,19,5
90175B,2011-07-25,2011-08-29,6,20,4
90175C,2010-08-30,2010-10-04,6,11,6
90175C,2010-10-18,2010-11-22,6,12,5
90175C,2010-12-06,2011-04-18,20,13,4
90175D,2010-03-22,2010-04-05,3,9,25
90175D,2010-04-19,2010-07-12,13,10,24
90175D,2010-08-16,2010-08-30,3,13,21
90175D,2010-09-13,2010-09-27,3,14,20
90175D,2010-10-11,2010-11-08,5,15,19
90175D,2010-12-13,2010-12-27,3,18,16
90175D,2011-01-10,2011-01-31,4,19,15
90175D,2011-03-14,2011-03-28,3,22,12
90175D,2011-04-25,2011-05-30,6,24,10
90175D,2011-07-18,2011-09-05,8,28,6
90175D,2011-10-03,2011-10-31,5,30,4
90177A,2011-08-15,2011-09-12,5,10,4
90177B,2010-07-12,2010-07-26,3,8,9
90177B,2010-08-23,2010-09-06,3,10,7
90177B,2010-09-20,2010-11-15,9,11,6
90177B,2010-12-20,2011-01-10,4,13,4
90177C,2010-06-21,2010-11-22,23,8,12
90177C,2010-12-13,2010-12-27,3,10,10
90177C,2011-01-10,2011-02-21,7,11,9
90177C,2011-03-07,2011-03-28,4,12,8
90177C,2011-04-11,2011-06-06,9,13,7
90177C,2011-08-01,2011-08-22,4,16,4
90177D,2010-12-20,2011-01-03,3,10,9
90177D,2011-01-17,2011-04-25,15,11,8
90177D,2011-05-09,2011-06-13,6,12,7
90177D,2011-06-27,2011-07-11,3,13,6
90177D,2011-07-25,2011-09-12,8,14,5
90177E,2010-10-25,2010-11-15,4,10,10
90177E,2010-12-13,2011-01-03,4,13,7
90177E,2011-01-17,2011-02-28,7,14,6
90177E,2011-03-14,2011-04-25,7,15,5
90178A,2010-05-31,2010-07-26,9,8,8
90178A,2010-08-16,2010-11-22,15,10,6
90179C,2010-11-15,2010-11-29,3,8,5
90179C,2010-12-13,2011-07-04,30,9,4
90180A,2010-09-06,2010-11-01,9,9,12
90180A,2010-12-06,2011-01-17,7,13,8
90180A,2011-03-28,2011-08-01,19,17,4
90180B,2010-11-22,2011-02-07,12,9,4
90181A,2011-07-04,2011-08-22,8,8,4
90181B,2010-08-16,2010-10-11,9,8,13
90181B,2010-10-25,2010-11-22,5,9,12
90181B,2010-12-13,2011-01-10,5,11,10
90181B,2011-02-21,2011-06-06,16,14,7
90181B,2011-07-25,2011-10-03,11,17,4
90182C,2011-08-15,2011-09-12,5,8,4
90183A,2011-01-31,2011-04-25,13,11,13
90183A,2011-05-09,2011-06-20,7,12,12
90183A,2011-10-10,2011-10-24,3,20,4
90183B,2011-01-24,2011-03-28,10,11,10
90183B,2011-04-11,2011-06-20,11,12,9
90183B,2011-07-04,2011-07-18,3,13,8
90183B,2011-08-01,2011-08-22,4,14,7
90183B,2011-09-05,2011-09-26,4,15,6
90183B,2011-10-10,2011-10-24,3,16,5
90184A,2010-04-12,2010-08-30,21,9,13
90184A,2010-10-18,2010-11-01,3,12,10
90184A,2010-12-13,2010-12-27,3,15,7
90184B,2010-05-17,2010-08-30,16,10,25
90184B,2010-09-13,2010-09-27,3,11,24
90184B,2011-02-14,2011-03-14,5,23,12
90184B,2011-04-11,2011-08-01,17,25,10
90184B,2011-10-03,2011-10-31,5,30,5
90184C,2010-04-05,2010-05-31,9,10,27
90184C,2010-07-12,2010-10-04,13,14,23
90184C,2010-12-13,2010-12-27,3,22,15
90184C,2011-04-11,2011-06-13,10,29,8
90184C,2011-06-27,2011-08-29,10,30,7
90184C,2011-09-12,2011-09-26,3,31,6
90184C,2011-10-10,2011-10-24,3,32,5
90185A,2010-12-20,2011-01-17,5,14,9
90185A,2011-01-31,2011-02-21,4,15,8
90185A,2011-03-07,2011-03-28,4,16,7
90185A,2011-05-02,2011-09-12,20,19,4
90185B,2010-06-28,2010-10-04,15,9,15
90185B,2010-12-20,2011-01-17,5,16,8
90185B,2011-01-31,2011-03-28,9,17,7
90185B,2011-05-02,2011-08-01,14,19,5
90185B,2011-08-15,2011-09-12,5,20,4
90185C,2010-06-28,2010-08-09,7,9,14
90185C,2010-08-23,2010-09-06,3,10,13
90185C,2010-09-20,2010-10-04,3,11,12
90185C,2010-12-13,2011-01-17,6,17,6
90185C,2011-01-31,2011-04-04,10,18,5
90185D,2010-06-28,2010-08-23,9,9,14
90185D,2010-09-20,2010-10-25,6,12,11
90185D,2010-12-27,2011-01-31,6,18,5
90186A,2010-03-15,2010-03-29,3,8,14
90186A,2010-05-03,2010-05-17,3,10,12
90186A,2010-05-31,2010-10-11,20,11,11
90186A,2010-12-20,2011-01-10,4,17,5
90186A,2011-01-24,2011-04-25,14,18,4
90186B,2010-05-03,2010-05-24,4,8,16
90186B,2010-06-07,2010-08-09,10,9,15
90186B,2010-08-23,2010-11-01,11,10,14
90186B,2010-11-15,2010-11-29,3,11,13
90186B,2011-01-10,2011-02-14,6,14,10
90186B,2011-02-28,2011-04-11,7,15,9
90186B,2011-05-09,2011-08-01,13,17,7
90186B,2011-08-15,2011-10-17,10,18,6
90187B,2010-12-13,2011-01-10,5,8,6
90187B,2011-01-24,2011-04-11,12,9,5
90187B,2011-04-25,2011-06-06,7,10,4
90188,2010-09-13,2010-11-01,8,8,7
90188,2010-11-15,2010-11-29,3,9,6
90188,2010-12-13,2010-12-27,3,10,5
90188,2011-01-10,2011-06-20,24,11,4
90190A,2010-02-22,2010-04-26,10,8,12
90190A,2010-05-10,2010-07-19,11,9,11
90190A,2010-08-16,2010-11-22,15,11,9
90190A,2010-12-06,2011-01-03,5,12,8
90190A,2011-02-21,2011-03-14,4,15,5
90190A,2011-03-28,2011-06-06,11,16,4
90190B,2010-10-18,2010-12-06,8,8,7
90190B,2010-12-20,2011-01-03,3,9,6
90190B,2011-01-17,2011-02-21,6,10,5
90190B,2011-03-07,2011-05-16,11,11,4
90190C,2010-09-13,2010-10-04,4,8,16
90190C,2010-10-18,2010-11-15,5,9,15
90190C,2010-12-20,2011-01-17,5,13,11
90190C,2011-01-31,2011-02-21,4,14,10
90190C,2011-03-28,2011-05-30,10,16,8
90190C,2011-07-04,2011-08-22,8,18,6
90190C,2011-09-26,2011-10-31,6,20,4
90191,2010-11-29,2011-01-10,7,10,9
90191,2011-01-24,2011-02-07,3,11,8
90191,2011-02-21,2011-03-21,5,12,7
90191,2011-04-04,2011-07-04,14,13,6
90191,2011-07-18,2011-08-22,6,14,5
90191,2011-09-05,2011-09-19,3,15,4
90192,2010-07-12,2010-09-20,11,12,24
90192,2010-12-27,2011-02-07,7,22,14
90192,2011-03-21,2011-04-25,6,25,11
90192,2011-05-09,2011-06-20,7,26,10
90192,2011-07-18,2011-08-01,3,29,7
90192,2011-08-15,2011-08-29,3,30,6
90194,2010-11-08,2010-11-22,3,10,8
90194,2010-12-20,2011-01-10,4,12,6
90194,2011-01-24,2011-04-04,11,13,5
90194,2011-04-18,2011-05-09,4,14,4
90195A,2010-03-08,2010-03-29,4,8,17
90195A,2010-05-03,2010-06-21,8,11,14
90195A,2010-07-26,2010-09-20,9,13,12
90195A,2010-10-11,2010-10-25,3,15,10
90195A,2010-12-13,2010-12-27,3,19,6
90195A,2011-01-31,2011-08-29,31,21,4
90195B,2010-05-03,2010-06-21,8,8,10
90195B,2010-07-05,2010-07-26,4,9,9
90195B,2010-08-09,2010-08-30,4,10,8
90195B,2010-09-13,2010-10-04,4,11,7
90196B,2010-10-18,2010-11-22,6,8,5
90197B,2010-04-05,2010-05-24,8,8,26
90197B,2010-06-28,2010-08-23,9,11,23
90197B,2011-02-07,2011-02-28,4,22,12
90197B,2011-03-28,2011-06-20,13,24,10
90197B,2011-08-01,2011-08-22,4,28,6
90197B,2011-09-05,2011-10-24,8,29,5
90198A,2011-03-21,2011-05-09,8,38,15
90198A,2011-06-20,2011-07-04,3,41,12
90198A,2011-10-10,2011-10-31,4,48,5
90198B,2010-04-05,2010-04-26,4,8,28
90198B,2010-05-10,2010-05-24,3,9,27
90198B,2010-06-28,2010-07-19,4,13,23
90198B,2010-09-06,2010-10-04,5,16,20
90198B,2010-10-18,2010-11-01,3,17,19
90198B,2010-12-06,2011-01-31,9,21,15
90198B,2011-02-14,2011-02-28,3,22,14
90198B,2011-03-14,2011-03-28,3,23,13
90198B,2011-04-11,2011-05-09,5,24,12
90198B,2011-08-08,2011-08-22,3,30,6
90198B,2011-09-12,2011-10-24,7,32,4
90199A,2010-09-06,2010-11-22,12,8,6
90199A,2010-12-13,2011-03-14,14,10,4
90199B,2010-06-28,2010-07-26,5,11,11
90199B,2010-08-09,2010-09-20,7,12,10
90199B,2010-10-04,2010-11-01,5,13,9
90199B,2010-12-27,2011-09-26,40,18,4
90199C,2010-06-28,2010-08-09,7,10,14
90199C,2010-10-18,2010-11-01,3,14,10
90199C,2010-12-06,2011-04-18,20,16,8
90199C,2011-05-02,2011-05-16,3,17,7
90199C,2011-05-30,2011-08-22,13,18,6
90199D,2010-10-11,2010-11-01,4,8,7
90199D,2010-12-20,2011-01-10,4,11,4
90200A,2010-04-19,2010-05-10,4,8,45
90200A,2010-08-23,2010-09-27,6,16,37
90200A,2011-01-17,2011-01-31,3,29,24
90200A,2011-03-07,2011-04-11,6,32,21
90200A,2011-09-05,2011-09-19,3,44,9
90200B,2010-04-05,2010-04-26,4,11,44
90200B,2010-05-10,2010-05-24,3,12,43
90200B,2010-06-28,2010-07-19,4,16,39
90200B,2010-08-23,2010-09-06,3,18,37
90200B,2011-01-10,2011-01-31,4,29,26
90200B,2011-03-14,2011-04-11,5,33,22
90200D,2010-03-22,2010-04-12,4,12,59
90200D,2010-05-03,2010-05-31,5,14,57
90200E,2010-08-23,2010-09-06,3,23,34
90200E,2011-01-24,2011-02-07,3,35,22
90200E,2011-02-21,2011-03-28,6,36,21
90200E,2011-04-11,2011-05-02,4,37,20
90200E,2011-07-18,2011-08-08,4,44,13
90200E,2011-09-05,2011-09-19,3,47,10
90201A,2010-07-05,2010-07-19,3,15,28
90201A,2010-08-30,2010-09-13,3,18,25
90201A,2010-09-27,2010-11-08,7,19,24
90201A,2010-12-20,2011-01-17,5,22,21
90201A,2011-01-31,2011-02-21,4,23,20
90201A,2011-05-23,2011-06-06,3,32,11
90201A,2011-06-27,2011-07-11,3,34,9
90201A,2011-07-25,2011-08-29,6,35,8
90201B,2010-03-08,2010-03-22,3,9,37
90201B,2010-06-28,2010-07-19,4,17,29
90201B,2010-09-13,2010-09-27,3,21,25
90201B,2010-12-20,2011-01-03,3,27,19
90201B,2011-01-31,2011-02-28,5,29,17
90201B,2011-05-23,2011-06-06,3,35,11
90201B,2011-06-27,2011-07-11,3,37,9
90201B,2011-07-25,2011-08-22,5,38,8
90201B,2011-10-10,2011-10-24,3,42,4
90201C,2010-08-30,2010-09-20,4,15,21
90201C,2010-12-13,2011-01-03,4,21,15
90201C,2011-01-31,2011-02-28,5,23,13
90201C,2011-03-21,2011-04-18,5,25,11
90201C,2011-05-23,2011-06-06,3,28,8
90201C,2011-06-27,2011-07-11,3,30,6
90201C,2011-07-25,2011-09-12,8,31,5
90201D,2010-05-10,2010-05-31,4,8,35
90201D,2010-06-28,2010-07-19,4,10,33
90201D,2010-09-13,2010-09-27,3,14,29
90201D,2010-12-13,2011-01-03,4,20,23
90201D,2011-01-31,2011-02-14,3,22,21
90201D,2011-03-14,2011-03-28,3,25,18
90201D,2011-06-27,2011-07-11,3,33,10
90201D,2011-07-25,2011-08-22,5,34,9
90201D,2011-10-10,2011-10-24,3,38,5
90202A,2011-02-07,2011-02-21,3,12,7
90202A,2011-03-07,2011-06-20,16,13,6
90202A,2011-07-04,2011-09-12,11,14,5
90202A,2011-09-26,2011-10-31,6,15,4
90202B,2011-02-14,2011-06-20,19,9,6
90202B,2011-07-04,2011-09-12,11,10,5
90202B,2011-09-26,2011-10-24,5,11,4
90202C,2010-06-28,2010-08-30,10,9,13
90202C,2010-09-13,2010-11-22,11,10,12
90202C,2011-02-14,2011-03-14,5,17,5
90202C,2011-03-28,2011-07-25,18,18,4
90202D,2010-04-12,2010-06-21,11,8,14
90202D,2010-07-12,2010-08-09,5,10,12
90202D,2010-08-23,2010-10-25,10,11,11
90202D,2010-11-08,2010-12-06,5,12,10
90202D,2010-12-20,2011-01-10,4,13,9
90202D,2011-02-14,2011-05-09,13,15,7
90202D,2011-05-23,2011-08-22,14,16,6
90202D,2011-09-26,2011-10-31,6,18,4
90203,2010-03-15,2010-05-10,9,10,12
90203,2010-06-28,2010-07-19,4,14,8
90204,2010-06-07,2010-07-05,5,9,17
90204,2010-07-19,2010-11-08,17,10,16
90204,2011-01-17,2011-02-28,7,15,11
90204,2011-03-14,2011-05-30,12,16,10
90204,2011-08-01,2011-09-12,7,20,6
90204,2011-10-10,2011-10-31,4,22,4
90205A,2011-01-17,2011-04-11,13,11,11
90205A,2011-04-25,2011-06-20,9,12,10
90205A,2011-07-11,2011-07-25,3,14,8
90205A,2011-08-29,2011-09-12,3,17,5
90205C,2010-11-08,2010-12-13,6,8,12
90205C,2011-02-07,2011-05-02,13,11,9
90205C,2011-05-16,2011-06-20,6,12,8
90205C,2011-07-11,2011-07-25,3,14,6
90205C,2011-08-08,2011-09-12,6,15,5
90206C,2010-03-22,2010-05-24,10,9,30
90206C,2010-06-07,2010-08-09,10,10,29
90206C,2010-09-13,2010-10-25,7,13,26
90206C,2011-01-24,2011-02-07,3,23,16
90206C,2011-04-04,2011-04-25,4,28,11
90206C,2011-05-09,2011-05-23,3,29,10
90206C,2011-06-06,2011-06-27,4,30,9
90206C,2011-07-11,2011-07-25,3,31,8
90206C,2011-08-22,2011-10-03,7,33,6
90208,2010-05-03,2010-05-24,4,12,32
90208,2010-06-07,2010-07-19,7,13,31
90208,2010-08-02,2010-08-16,3,14,30
90208,2010-09-20,2010-10-25,6,17,27
90208,2011-02-07,2011-02-21,3,28,16
90208,2011-03-07,2011-05-23,12,29,15
90208,2011-07-25,2011-09-12,8,35,9
90209B,2010-03-08,2010-03-29,4,8,41
90209B,2010-05-17,2010-06-07,4,13,36
90209B,2011-01-24,2011-02-14,4,31,18
90209B,2011-03-28,2011-04-11,3,35,14
90209C,2010-05-10,2010-05-31,4,12,34
90209C,2010-07-12,2010-08-02,4,15,31
90209C,2011-01-24,2011-02-14,4,29,17
90209C,2011-03-21,2011-04-11,4,33,13
90209C,2011-05-02,2011-05-23,4,35,11
90210A,2010-09-27,2010-11-08,7,8,8
90210A,2010-12-20,2011-01-03,3,11,5
90210A,2011-01-17,2011-02-28,7,12,4
90210B,2010-05-10,2010-08-02,13,8,12
90210B,2010-08-23,2010-09-13,4,10,10
90210B,2010-10-11,2010-11-08,5,12,8
90210D,2010-08-23,2010-09-13,4,9,7
90210D,2010-09-27,2010-11-08,7,10,6
90210D,2010-11-22,2010-12-06,3,11,5
90210D,2010-12-20,2011-06-27,28,12,4
90211A,2010-05-31,2010-09-06,15,8,10
90211A,2010-10-18,2010-11-22,6,11,7
90211A,2010-12-20,2011-08-15,35,14,4
90211B,2010-04-12,2010-07-05,13,8,12
90211B,2010-07-19,2010-08-02,3,9,11
90211B,2010-09-06,2010-09-20,3,12,8
90211B,2010-11-01,2010-11-29,5,15,5
90212B,2010-05-03,2010-05-31,5,8,14
90212B,2010-06-14,2010-08-02,8,9,13
90212B,2010-08-23,2010-09-20,5,11,11
90212B,2010-10-18,2010-11-01,3,13,9
90212B,2010-12-27,2011-01-10,3,18,4
90214A,2010-03-15,2010-05-17,10,9,50
90214A,2010-07-26,2010-09-06,7,16,43
90214A,2010-09-20,2010-10-04,3,17,42
90214A,2011-03-07,2011-03-28,4,34,25
90214A,2011-08-08,2011-08-22,3,48,11
90214B,2010-06-28,2010-09-13,12,9,22
90214B,2010-12-20,2011-01-03,3,16,15
90214B,2011-01-31,2011-02-21,4,19,12
90214B,2011-05-16,2011-05-30,3,25,6
90214B,2011-06-13,2011-07-18,6,26,5
90214C,2010-04-19,2010-05-24,6,9,34
90214C,2010-07-05,2010-08-09,6,14,29
90214C,2010-08-23,2010-10-04,7,15,28
90214C,2011-03-07,2011-03-21,3,30,13
90214C,2011-04-04,2011-05-09,6,31,12
90214C,2011-08-01,2011-08-22,4,37,6
90214C,2011-09-05,2011-09-19,3,38,5
90214D,2010-08-09,2010-09-20,7,8,31
90214D,2011-03-07,2011-03-21,3,27,12
90214D,2011-05-16,2011-06-06,4,30,9
90214D,2011-07-18,2011-08-22,6,34,5
90214D,2011-09-05,2011-09-19,3,35,4
90214E,2010-05-03,2010-05-24,4,10,32
90214E,2010-06-28,2010-07-12,3,14,28
90214E,2010-07-26,2010-08-23,5,15,27
90214E,2010-09-20,2010-10-04,3,17,25
90214E,2010-12-27,2011-01-17,4,26,16
90214E,2011-01-31,2011-02-14,3,27,15
90214E,2011-03-21,2011-05-23,10,29,13
90214E,2011-08-01,2011-08-22,4,35,7
90214F,2010-12-13,2011-01-03,4,11,11
90214F,2011-01-17,2011-02-14,5,12,10
90214F,2011-03-14,2011-04-11,5,15,7
90214F,2011-05-16,2011-07-18,10,17,5
90214F,2011-08-01,2011-08-29,5,18,4
90214G,2010-06-28,2010-08-09,7,9,25
90214G,2010-08-23,2010-10-04,7,10,24
90214G,2010-10-25,2010-11-08,3,12,22
90214G,2011-03-28,2011-04-11,3,23,11
90214G,2011-05-16,2011-05-30,3,25,9
90214G,2011-08-01,2011-08-22,4,30,4
90214H,2010-06-28,2010-07-12,3,9,27
90214H,2010-07-26,2010-08-09,3,10,26
90214H,2010-08-23,2010-10-11,8,11,25
90214H,2010-12-27,2011-01-10,3,20,16
90214H,2011-01-31,2011-02-14,3,22,14
90214H,2011-03-14,2011-05-30,12,24,12
90214H,2011-08-08,2011-08-22,3,29,7
90214I,2010-10-18,2010-11-01,3,8,14
90214I,2010-12-20,2011-01-17,5,14,8
90214I,2011-01-31,2011-02-21,4,15,7
90214I,2011-03-07,2011-05-30,13,16,6
90214I,2011-06-13,2011-07-04,4,17,5
90214J,2010-04-12,2010-05-24,7,9,41
90214J,2010-06-28,2010-07-12,3,13,37
90214J,2010-07-26,2010-09-13,8,14,36
90214J,2010-12-27,2011-01-10,3,25,25
90214J,2011-04-04,2011-04-25,4,31,19
90214K,2010-03-22,2010-04-19,5,8,42
90214K,2010-08-02,2010-08-16,3,17,33
90214K,2010-09-20,2010-10-04,3,20,30
90214K,2011-03-21,2011-04-11,4,36,14
90214K,2011-06-13,2011-06-27,3,40,10
90214K,2011-08-08,2011-08-22,3,44,6
90214L,2010-06-28,2010-08-09,7,10,37
90214L,2010-10-25,2010-11-08,3,16,31
90214L,2011-03-28,2011-04-11,3,32,15
90214L,2011-05-02,2011-05-23,4,34,13
90214L,2011-08-08,2011-08-22,3,41,6
90214L,2011-09-05,2011-09-19,3,42,5
90214M,2010-06-28,2010-07-19,4,12,30
90214M,2010-08-09,2010-08-23,3,14,28
90214M,2010-09-06,2010-10-04,5,15,27
90214M,2011-01-31,2011-02-21,4,28,14
90214M,2011-03-28,2011-04-18,4,31,11
90214M,2011-05-02,2011-06-27,9,32,10
90214M,2011-08-08,2011-08-22,3,36,6
90214N,2010-05-03,2010-05-31,5,8,29
90214N,2010-06-28,2010-07-26,5,11,26
90214N,2010-08-09,2010-10-11,10,12,25
90214N,2011-01-31,2011-02-21,4,24,13
90214N,2011-03-14,2011-04-11,5,26,11
90214N,2011-05-16,2011-05-30,3,28,9
90214N,2011-07-11,2011-08-01,4,31,6
90214N,2011-08-15,2011-08-29,3,32,5
90214O,2010-06-28,2010-10-11,16,8,8
90214P,2010-06-28,2010-09-06,11,9,17
90214P,2010-10-18,2010-11-15,5,12,14
90214P,2010-12-20,2011-01-03,3,15,11
90214P,2011-02-14,2011-02-28,3,19,7
90214P,2011-03-14,2011-03-28,3,20,6
90214P,2011-04-11,2011-05-16,6,21,5
90214P,2011-05-30,2011-06-20,4,22,4
90214R,2010-06-28,2010-09-06,11,12,27
90214R,2011-02-07,2011-02-28,4,26,13
90214R,2011-03-21,2011-04-18,5,28,11
90214R,2011-05-02,2011-06-27,9,29,10
90214S,2010-06-28,2010-10-04,15,14,35
90214S,2011-06-13,2011-07-11,5,37,12
90214S,2011-08-01,2011-08-22,4,39,10
90214T,2010-07-26,2010-10-04,11,8,13
90214T,2010-11-22,2010-12-06,3,11,10
90214T,2010-12-20,2011-01-31,7,12,9
90214T,2011-03-07,2011-03-21,3,14,7
90214T,2011-05-09,2011-05-30,4,17,4
90214V,2010-12-13,2011-01-03,4,11,12
90214V,2011-01-31,2011-02-21,4,13,10
90214V,2011-03-07,2011-05-02,9,14,9
90214V,2011-06-13,2011-06-27,3,17,6
90214Z,2010-12-20,2011-02-21,10,9,7
90214Z,2011-03-07,2011-04-11,6,10,6
90214Z,2011-04-25,2011-05-30,6,11,5
90214Z,2011-06-13,2011-07-18,6,12,4
DCGS0058,2010-03-22,2010-04-12,4,8,11
DCGS0058,2010-05-24,2010-06-07,3,11,8
DCGS0076,2010-05-31,2010-08-23,13,8,4
DCGSSBOY,2011-03-28,2011-04-11,3,11,6
DCGSSBOY,2011-05-09,2011-07-04,9,13,4
DCGSSGIRL,2011-04-11,2011-04-25,3,10,6
DCGSSGIRL,2011-05-09,2011-07-18,11,11,5
