antecedent support,consequent support,support,confidence,lift,representativity,leverage,conviction,zhangs_metric,jaccard,certainty,kulczynski,A,B,A_name,B_name
0.029368750932696613,0.025100731234144157,0.019429935830473064,0.6615853658536586,26.357214842956992,1.0,0.018692758706628926,2.8807834248216286,0.9911691233328568,0.5545144804088586,0.6528722043511765,0.7178319219280184,21094,21086,SET/6 RED SPOTTY PAPER PLATES,SET/6 RED SPOTTY PAPER CUPS
0.025100731234144157,0.029368750932696613,0.019429935830473064,0.7740784780023782,26.357214842956992,1.0,0.018692758706628926,4.29632042350317,0.9868298757013174,0.5545144804088586,0.7672426864324492,0.7178319219280184,21086,21094,SET/6 RED SPOTTY PAPER CUPS,SET/6 RED SPOTTY PAPER PLATES
0.030681987763020446,0.040352186240859574,0.025787195940904343,0.8404669260700389,20.828287247024154,1.0,0.024549110656451167,6.015353369173149,0.9821218206844958,0.5699208443271768,0.8337587272720012,0.7397600902539544,22698,22697,PINK REGENCY TEACUP AND SAUCER,GREEN REGENCY TEACUP AND SAUCER
0.040352186240859574,0.030681987763020446,0.025787195940904343,0.6390532544378699,20.828287247024154,1.0,0.024549110656451167,2.6854876076729437,0.9920184856893718,0.5699208443271768,0.6276281457628731,0.7397600902539544,22697,22698,GREEN REGENCY TEACUP AND SAUCER,PINK REGENCY TEACUP AND SAUCER
0.03047306372183256,0.034770929711983284,0.021310252201164004,0.6993143976493633,20.112041968448,1.0,0.020250675444383377,3.2100940741500485,0.9801466147350456,0.485054347826087,0.6884826497601088,0.656094967065025,84997C,84997D,BLUE 3 PIECE MINI DOTS CUTLERY SET,PINK 3 PIECE MINI DOTS CUTLERY SET
0.034770929711983284,0.03047306372183256,0.021310252201164004,0.6128755364806867,20.112041968448,1.0,0.020250675444383377,2.504432108124313,0.984510903928671,0.485054347826087,0.60070788233547,0.656094967065025,84997D,84997C,PINK 3 PIECE MINI DOTS CUTLERY SET,BLUE 3 PIECE MINI DOTS CUTLERY SET
0.03289061334129235,0.03047306372183256,0.019071780331293836,0.5798548094373865,19.02843818824646,1.0,0.018069502575094477,2.307599748981729,0.9796689935344285,0.43059299191374667,0.5666492855005429,0.6028559061878411,84997B,84997C,RED 3 PIECE MINI DOTS CUTLERY SET,BLUE 3 PIECE MINI DOTS CUTLERY SET
0.03047306372183256,0.03289061334129235,0.019071780331293836,0.6258570029382958,19.02843818824646,1.0,0.018069502575094477,2.5848656643417294,0.9772261543373995,0.43059299191374667,0.6131327001650342,0.6028559061878411,84997C,84997B,BLUE 3 PIECE MINI DOTS CUTLERY SET,RED 3 PIECE MINI DOTS CUTLERY SET
0.030681987763020446,0.04238173406954186,0.024235188777794358,0.7898832684824902,18.637351345426644,1.0,0.022934832931697086,4.557553598965328,0.9762991042846387,0.49633251833740827,0.7805840395981248,0.6808571271989916,22698,22699,PINK REGENCY TEACUP AND SAUCER,ROSES REGENCY TEACUP AND SAUCER
0.04238173406954186,0.030681987763020446,0.024235188777794358,0.5718309859154929,18.63735134542664,1.0,0.022934832931697086,2.2638677259482085,0.9882270846143747,0.49633251833740827,0.5582780793514976,0.6808571271989916,22699,22698,ROSES REGENCY TEACUP AND SAUCER,PINK REGENCY TEACUP AND SAUCER
0.027219817937621252,0.03987464557528727,0.019758245038054022,0.7258771929824561,18.203978556045804,1.0,0.01867286444516753,3.502537292941352,0.9715113146364441,0.41740226986128637,0.7144926901948209,0.6106930875091922,82581,82580,TOILET METAL SIGN,BATHROOM METAL SIGN
0.03987464557528727,0.027219817937621252,0.019758245038054022,0.4955089820359282,18.203978556045804,1.0,0.01867286444516753,1.928240835660739,0.984316213682291,0.41740226986128637,0.48139258255189077,0.6106930875091922,82580,82581,BATHROOM METAL SIGN,TOILET METAL SIGN
0.040352186240859574,0.04238173406954186,0.03086106551261006,0.764792899408284,18.04534232019335,1.0,0.02915086988622532,4.071383319301821,0.9843028084832066,0.5949367088607593,0.754383234990636,0.7464809567463955,22697,22699,GREEN REGENCY TEACUP AND SAUCER,ROSES REGENCY TEACUP AND SAUCER
0.04238173406954186,0.040352186240859574,0.03086106551261006,0.728169014084507,18.04534232019335,1.0,0.02915086988622532,3.5303106102020183,0.9863889107421081,0.5949367088607593,0.7167388056138279,0.7464809567463955,22699,22697,ROSES REGENCY TEACUP AND SAUCER,GREEN REGENCY TEACUP AND SAUCER
0.0322638412177287,0.036143859125503656,0.019370243247276524,0.6003700277520814,16.61056794371056,1.0,0.01820410351545532,2.411871500660487,0.9711297382106201,0.39500912964090085,0.5853842131613763,0.5681453772121265,22866,22865,HAND WARMER SCOTTY DOG DESIGN,HAND WARMER OWL DESIGN
0.036143859125503656,0.0322638412177287,0.019370243247276524,0.5359207266721717,16.610567943710556,1.0,0.01820410351545532,2.085282007625143,0.9750390360977623,0.39500912964090085,0.5204485549947913,0.5681453772121265,22865,22866,HAND WARMER OWL DESIGN,HAND WARMER SCOTTY DOG DESIGN
0.031398298761378896,0.036143859125503656,0.018594239665721535,0.5922053231939165,16.38467328952285,1.0,0.017459383978509782,2.3635819585080897,0.969405020293825,0.3798780487804878,0.5769133385028852,0.5533280951229698,22867,22865,HAND WARMER BIRD DESIGN,HAND WARMER OWL DESIGN
0.036143859125503656,0.031398298761378896,0.018594239665721535,0.5144508670520231,16.384673289522848,1.0,0.017459383978509782,1.994858265646208,0.9741779006501365,0.3798780487804878,0.4987112532147424,0.5533280951229698,22865,22867,HAND WARMER OWL DESIGN,HAND WARMER BIRD DESIGN
0.031398298761378896,0.0322638412177287,0.016564691837039246,0.5275665399239544,16.351634523729967,1.0,0.01555166211129531,2.048407322009959,0.9692777052774589,0.3517110266159696,0.5118158438240838,0.5204900229684526,22867,22866,HAND WARMER BIRD DESIGN,HAND WARMER SCOTTY DOG DESIGN
0.0322638412177287,0.031398298761378896,0.016564691837039246,0.5134135060129509,16.351634523729963,1.0,0.01555166211129531,1.990605397412451,0.9701446264917769,0.3517110266159696,0.4976402649666878,0.5204900229684526,22866,22867,HAND WARMER SCOTTY DOG DESIGN,HAND WARMER BIRD DESIGN
0.040650649156842265,0.03778540516340845,0.024951499776152814,0.6138032305433186,16.244452795698177,1.0,0.023415498527605962,2.4915138368202236,0.9782052005340369,0.46651785714285704,0.5986375892352086,0.6370753909430653,22727,22726,ALARM CLOCK BAKELIKE RED,ALARM CLOCK BAKELIKE GREEN
0.03778540516340845,0.040650649156842265,0.024951499776152814,0.660347551342812,16.244452795698173,1.0,0.023415498527605962,2.824502972482413,0.9752923403568831,0.46651785714285704,0.6459554088834557,0.6370753909430653,22726,22727,ALARM CLOCK BAKELIKE GREEN,ALARM CLOCK BAKELIKE RED
0.026234890314878377,0.03671093866587077,0.01540068646470676,0.5870307167235495,15.990621271400427,1.0,0.014437579015451412,2.33259252042066,0.9627202017509219,0.32391713747645945,0.5712924605367165,0.5032714559227504,23202,23203,JUMBO BAG VINTAGE LEAF,JUMBO BAG VINTAGE DOILY
0.03671093866587077,0.026234890314878377,0.01540068646470676,0.4195121951219512,15.990621271400427,1.0,0.014437579015451412,1.677494516684453,0.9731900635887089,0.32391713747645945,0.40387286512477705,0.5032714559227504,23203,23202,JUMBO BAG VINTAGE DOILY,JUMBO BAG VINTAGE LEAF
0.03289061334129235,0.034770929711983284,0.018027160125354425,0.5480943738656987,15.763006005468014,1.0,0.01688352292068033,2.1359085049345268,0.9684119878524861,0.3631990378833434,0.5318151514029139,0.5332746547440081,84997B,84997D,RED 3 PIECE MINI DOTS CUTLERY SET,PINK 3 PIECE MINI DOTS CUTLERY SET
0.034770929711983284,0.03289061334129235,0.018027160125354425,0.5184549356223176,15.763006005468013,1.0,0.01688352292068033,2.0083465872680826,0.970298504711939,0.3631990378833434,0.5020779748179413,0.5332746547440081,84997D,84997B,PINK 3 PIECE MINI DOTS CUTLERY SET,RED 3 PIECE MINI DOTS CUTLERY SET
0.03978510670049246,0.040799880614833604,0.024742575734964932,0.6219054763690923,15.242825885696005,1.0,0.023119348131336422,2.5369320617865614,0.9731106790746421,0.4430785676109033,0.6058231061592644,0.6141714653242683,22630,22629,DOLLY GIRL LUNCH BOX,SPACEBOY LUNCH BOX
0.040799880614833604,0.03978510670049246,0.024742575734964932,0.6064374542794441,15.242825885696003,1.0,0.023119348131336422,2.439802526283321,0.9741401694937266,0.4430785676109033,0.590130762950167,0.6141714653242683,22629,22630,SPACEBOY LUNCH BOX,DOLLY GIRL LUNCH BOX
0.02889121026712431,0.040650649156842265,0.017728697209371737,0.6136363636363636,15.09536443732479,1.0,0.016554250757086306,2.4830218492411142,0.9615343899082411,0.34216589861751157,0.5972649212468146,0.5248798558269924,22728,22727,ALARM CLOCK BAKELIKE PINK,ALARM CLOCK BAKELIKE RED
0.040650649156842265,0.02889121026712431,0.017728697209371737,0.43612334801762115,15.09536443732479,1.0,0.016554250757086306,1.722200744291897,0.9733206124022163,0.34216589861751157,0.41934759736086286,0.5248798558269924,22727,22728,ALARM CLOCK BAKELIKE RED,ALARM CLOCK BAKELIKE PINK
0.03778540516340845,0.02889121026712431,0.015908073421877333,0.4210110584518168,14.572288753541448,1.0,0.014816407336272815,1.6772492875877498,0.9679510215302722,0.31334509112286896,0.4037857059172057,0.4858154465812803,22726,22728,ALARM CLOCK BAKELIKE GREEN,ALARM CLOCK BAKELIKE PINK
0.02889121026712431,0.03778540516340845,0.015908073421877333,0.5506198347107438,14.572288753541446,1.0,0.014816407336272815,2.1412039719582086,0.9590857480134752,0.31334509112286896,0.5329730314830942,0.4858154465812803,22728,22726,ALARM CLOCK BAKELIKE PINK,ALARM CLOCK BAKELIKE GREEN
0.03784509774660499,0.033427846590061185,0.01841516191613192,0.48659305993690843,14.556518279630462,1.0,0.017150081794472537,1.8826628118645194,0.9679338030748664,0.3483907396950875,0.4688374393449472,0.5187429585398827,82486,82483,WOOD S/3 CABINET ANT WHITE FINISH,WOOD 2 DRAWER CABINET WHITE FINISH
0.033427846590061185,0.03784509774660499,0.01841516191613192,0.5508928571428571,14.556518279630462,1.0,0.017150081794472537,2.1423727445801237,0.9635103291562288,0.3483907396950875,0.5332278183010648,0.5187429585398827,82483,82486,WOOD 2 DRAWER CABINET WHITE FINISH,WOOD S/3 CABINET ANT WHITE FINISH
0.032413072675720044,0.033994926130428295,0.015788688255484257,0.48710865561694294,14.328863482393041,1.0,0.014686808244212951,1.8834497490527018,0.9613718086741241,0.3119103773584906,0.46905936805430615,0.47577557451610974,22909,22952,SET OF 20 VINTAGE CHRISTMAS NAPKINS,60 CAKE CASES VINTAGE CHRISTMAS
0.033994926130428295,0.032413072675720044,0.015788688255484257,0.4644424934152766,14.32886348239304,1.0,0.014686808244212951,1.8066910003645165,0.962946075060447,0.3119103773584906,0.4465019199197644,0.47577557451610974,22952,22909,60 CAKE CASES VINTAGE CHRISTMAS,SET OF 20 VINTAGE CHRISTMAS NAPKINS
0.03411431129682137,0.04160573048798687,0.0194896284136696,0.5713035870516185,13.731367779171077,1.0,0.018070277572070765,2.235601326637206,0.9599210898381282,0.3466029723991507,0.5526930548461424,0.5198698710007017,20971,20972,PINK BLUE FELT CRAFT TRINKET BOX,PINK CREAM FELT CRAFT TRINKET BOX
0.04160573048798687,0.03411431129682137,0.0194896284136696,0.4684361549497848,13.731367779171077,1.0,0.018070277572070765,1.8170643050637396,0.967424443628087,0.3466029723991507,0.4496617443789797,0.5198698710007017,20972,20971,PINK CREAM FELT CRAFT TRINKET BOX,PINK BLUE FELT CRAFT TRINKET BOX
0.04536636322936875,0.0340844650052231,0.020325324578421133,0.4480263157894737,13.1445899391649,1.0,0.018779036358515473,1.7499304090489403,0.9678300010765876,0.3437657748611813,0.4285487040919049,0.5221742787353674,84970S,84970L,HANGING HEART ZINC T-LIGHT HOLDER,SINGLE HEART ZINC T-LIGHT HOLDER
0.0340844650052231,0.04536636322936875,0.020325324578421133,0.596322241681261,13.1445899391649,1.0,0.018779036358515473,2.3648408095272475,0.9565257418791415,0.3437657748611813,0.577138555808368,0.5221742787353674,84970L,84970S,SINGLE HEART ZINC T-LIGHT HOLDER,HANGING HEART ZINC T-LIGHT HOLDER
0.033218922548873306,0.03718847933144307,0.015758841963885988,0.4743935309973045,12.756464892507774,1.0,0.014523480749264404,1.8318106367591516,0.9532751493073486,0.28836701256144176,0.4540920442687215,0.44907477512947086,84380,84378,SET OF 3 BUTTERFLY COOKIE CUTTERS,SET OF 3 HEART COOKIE CUTTERS
0.03718847933144307,0.033218922548873306,0.015758841963885988,0.4237560192616372,12.756464892507774,1.0,0.014523480749264404,1.6777287221505623,0.9572053887709983,0.28836701256144176,0.4039560825315249,0.44907477512947086,84378,84380,SET OF 3 HEART COOKIE CUTTERS,SET OF 3 BUTTERFLY COOKIE CUTTERS
0.03877033278615132,0.038054021787792866,0.018534547082524996,0.4780600461893764,12.562668115745144,1.0,0.017059179993960814,1.84302039188445,0.9575225428334083,0.3179723502304148,0.45741240606810596,0.4825594348593941,22551,22554,PLASTERS IN TIN SPACEBOY,PLASTERS IN TIN WOODLAND ANIMALS
0.038054021787792866,0.03877033278615132,0.018534547082524996,0.48705882352941177,12.562668115745144,1.0,0.017059179993960814,1.8739569200269988,0.9568095257366663,0.3179723502304148,0.46636980321533067,0.4825594348593941,22554,22551,PLASTERS IN TIN WOODLAND ANIMALS,PLASTERS IN TIN SPACEBOY
0.03671093866587077,0.03271153559170273,0.015042530965527533,0.4097560975609756,12.52634858465373,1.0,0.013841659788754086,1.63879450581571,0.9552358821142709,0.2766190998902305,0.38979536699004863,0.4348050560797579,23203,23209,JUMBO BAG VINTAGE DOILY,LUNCH BAG VINTAGE DOILY
0.03271153559170273,0.03671093866587077,0.015042530965527533,0.4598540145985402,12.52634858465373,1.0,0.013841659788754086,1.783386505442915,0.9512863122971426,0.2766190998902305,0.43926905527882537,0.4348050560797579,23209,23203,LUNCH BAG VINTAGE DOILY,JUMBO BAG VINTAGE DOILY
0.032801074466497535,0.04676913893448739,0.018743471123712878,0.5714285714285715,12.21806910383809,1.0,0.017209393114788786,2.2242053424861963,0.9492917978152193,0.30814524043179586,0.5504012237996834,0.4860971829701887,22381,22379,TOY TIDY PINK POLKADOT,RECYCLING BAG RETROSPOT
0.04676913893448739,0.032801074466497535,0.018743471123712878,0.40076579451180594,12.218069103838088,1.0,0.017209393114788786,1.6140582708317341,0.9632021416494457,0.30814524043179586,0.380443681574957,0.4860971829701887,22379,22381,RECYCLING BAG RETROSPOT,TOY TIDY PINK POLKADOT
0.03877033278615132,0.035696164751529626,0.016863154753021938,0.43494996150885296,12.184781321366318,1.0,0.01547920256641585,1.7065813106100316,0.9549543068707584,0.29274611398963735,0.41403319385787607,0.4536789941323529,22551,22556,PLASTERS IN TIN SPACEBOY,PLASTERS IN TIN CIRCUS PARADE
0.035696164751529626,0.03877033278615132,0.016863154753021938,0.4724080267558528,12.184781321366318,1.0,0.01547920256641585,1.8219186719298939,0.9519099448166035,0.29274611398963735,0.4511280797508181,0.4536789941323529,22556,22551,PLASTERS IN TIN CIRCUS PARADE,PLASTERS IN TIN SPACEBOY
0.051126697507834655,0.030144754514251606,0.018265930458140577,0.3572679509632224,11.851745244576996,1.0,0.016724728712642502,1.5089573437939028,0.9649594299219435,0.2899099952629086,0.3372907430996389,0.48160427251131416,22112,22835,CHOCOLATE HOT WATER BOTTLE,HOT WATER BOTTLE I AM SO POORLY
0.030144754514251606,0.051126697507834655,0.018265930458140577,0.6059405940594059,11.851745244576996,1.0,0.016724728712642502,2.4079448128570027,0.9440834034798716,0.2899099952629086,0.5847080902101283,0.48160427251131416,22835,22112,HOT WATER BOTTLE I AM SO POORLY,CHOCOLATE HOT WATER BOTTLE
0.03438292792120579,0.041486345321593794,0.016893001044620205,0.49131944444444436,11.842919414468422,1.0,0.015466579023713591,1.8843135327466278,0.9481619445561816,0.2864372469635627,0.4693027552891518,0.4492568445243804,22328,22326,ROUND SNACK BOXES SET OF 4 FRUITS,ROUND SNACK BOXES SET OF4 WOODLAND
0.041486345321593794,0.03438292792120579,0.016893001044620205,0.40719424460431647,11.842919414468422,1.0,0.015466579023713591,1.6288928764435966,0.9551886468076022,0.2864372469635627,0.3860860867761142,0.4492568445243804,22326,22328,ROUND SNACK BOXES SET OF4 WOODLAND,ROUND SNACK BOXES SET OF 4 FRUITS
0.035696164751529626,0.038054021787792866,0.0159379197134756,0.4464882943143812,11.733012000786935,1.0,0.014579537082280249,1.7378963594287002,0.9486329512665793,0.27568404749612796,0.4245916941049749,0.43265591186307295,22556,22554,PLASTERS IN TIN CIRCUS PARADE,PLASTERS IN TIN WOODLAND ANIMALS
0.038054021787792866,0.035696164751529626,0.0159379197134756,0.4188235294117647,11.733012000786935,1.0,0.014579537082280249,1.65922724688502,0.9509581763100189,0.27568404749612796,0.3973098007657673,0.43265591186307295,22554,22556,PLASTERS IN TIN WOODLAND ANIMALS,PLASTERS IN TIN CIRCUS PARADE
0.04727652589165796,0.041158036114012836,0.021907178033129384,0.4633838383838384,11.25864793694743,1.0,0.019961369073135463,1.7868302009357693,0.9563943922526039,0.3292956482727681,0.440349732461262,0.49782679953999753,22356,20723,CHARLOTTE BAG PINK POLKADOT,STRAWBERRY CHARLOTTE BAG
0.041158036114012836,0.04727652589165796,0.021907178033129384,0.5322697606961566,11.258647936947428,1.0,0.019961369073135463,2.0369080167370597,0.9502915207338407,0.3292956482727681,0.5090598142954396,0.49782679953999753,20723,22356,STRAWBERRY CHARLOTTE BAG,CHARLOTTE BAG PINK POLKADOT
0.06073720340247724,0.04727652589165796,0.03214445605133562,0.5292383292383291,11.194526654753925,1.0,0.029273012082091508,2.023791513372104,0.9695589290946057,0.42368214004720683,0.5058779556132394,0.6045812858312858,20724,22356,RED RETROSPOT CHARLOTTE BAG,CHARLOTTE BAG PINK POLKADOT
0.04727652589165796,0.06073720340247724,0.03214445605133562,0.6799242424242423,11.194526654753925,1.0,0.029273012082091508,2.934501518363857,0.9558603896684704,0.42368214004720683,0.6592266203503094,0.6045812858312858,22356,20724,CHARLOTTE BAG PINK POLKADOT,RED RETROSPOT CHARLOTTE BAG
0.029368750932696613,0.06324429189673184,0.020444709744814205,0.6961382113821137,11.007131086530306,1.0,0.018587303888184324,3.0828348387077447,0.9366582895229741,0.2832919768403639,0.6756232324080074,0.5097019513729822,21094,21080,SET/6 RED SPOTTY PAPER PLATES,SET/20 RED RETROSPOT PAPER NAPKINS
0.06324429189673184,0.029368750932696613,0.020444709744814205,0.3232656913638508,11.007131086530306,1.0,0.018587303888184324,1.4342870409857849,0.9705303075758823,0.2832919768403639,0.3027894895343262,0.5097019513729822,21080,21094,SET/20 RED RETROSPOT PAPER NAPKINS,SET/6 RED SPOTTY PAPER PLATES
0.041158036114012836,0.04691837039247874,0.020683480077600357,0.5025380710659898,10.710902080830781,1.0,0.018752412094576086,1.9158885819661395,0.9455543418999809,0.3069087688219663,0.47804897977221017,0.4716888828612391,20723,20719,STRAWBERRY CHARLOTTE BAG,WOODLAND CHARLOTTE BAG
0.04691837039247874,0.041158036114012836,0.020683480077600357,0.4408396946564885,10.71090208083078,1.0,0.018752412094576086,1.714789041215895,0.9512691819709637,0.3069087688219663,0.41683788736430444,0.4716888828612391,20719,20723,WOODLAND CHARLOTTE BAG,STRAWBERRY CHARLOTTE BAG
0.041158036114012836,0.06073720340247724,0.026742277272048948,0.649746192893401,10.697663976851793,1.0,0.024242453260945644,2.6816633468074196,0.9454338483626968,0.35583796664019063,0.6270971144866031,0.5450205165941207,20723,20724,STRAWBERRY CHARLOTTE BAG,RED RETROSPOT CHARLOTTE BAG
0.06073720340247724,0.041158036114012836,0.026742277272048948,0.4402948402948403,10.697663976851793,1.0,0.024242453260945644,1.7131197511044636,0.9651416527645376,0.35583796664019063,0.4162696452741898,0.5450205165941207,20724,20723,RED RETROSPOT CHARLOTTE BAG,STRAWBERRY CHARLOTTE BAG
0.056588568870317865,0.02808536039397105,0.016982539919415014,0.30010548523206754,10.685477452391522,1.0,0.015393229568513085,1.3886587465659614,0.9607844554516934,0.2508818342151676,0.27988067444725534,0.4523906809794769,22138,22617,BAKING SET 9 PIECE RETROSPOT,BAKING SET SPACEBOY DESIGN
0.02808536039397105,0.056588568870317865,0.016982539919415014,0.6046758767268863,10.68547745239152,1.0,0.015393229568513085,2.3864251524006206,0.9326076603725766,0.2508818342151676,0.5809631829458168,0.4523906809794769,22617,22138,BAKING SET SPACEBOY DESIGN,BAKING SET 9 PIECE RETROSPOT
0.06324429189673184,0.025100731234144157,0.016624384420235786,0.2628598395469561,10.47219848278331,1.0,0.01503690644724216,1.3225426059634113,0.965576253795189,0.23179359134415312,0.2438806920163104,0.46258330859630803,21080,21086,SET/20 RED RETROSPOT PAPER NAPKINS,SET/6 RED SPOTTY PAPER CUPS
0.025100731234144157,0.06324429189673184,0.016624384420235786,0.6623067776456599,10.47219848278331,1.0,0.01503690644724216,2.7739843327987623,0.9277974620871845,0.23179359134415312,0.6395076972222594,0.46258330859630803,21086,21080,SET/6 RED SPOTTY PAPER CUPS,SET/20 RED RETROSPOT PAPER NAPKINS
0.03915833457692881,0.05626025966273691,0.02286225936427399,0.5838414634146342,10.377510998253218,1.0,0.020659201293015645,2.2677409145100533,0.940464815705602,0.31509666803784453,0.5590325183968159,0.4951037555799961,21791,21790,VINTAGE HEADS AND TAILS CARD GAME,VINTAGE SNAP CARDS
0.05626025966273691,0.03915833457692881,0.02286225936427399,0.40636604774535806,10.377510998253218,1.0,0.020659201293015645,1.6185759958199188,0.9575073944342329,0.31509666803784453,0.38217297020185204,0.4951037555799961,21790,21791,VINTAGE SNAP CARDS,VINTAGE HEADS AND TAILS CARD GAME
0.041158036114012836,0.051783315922996564,0.022116102074317266,0.5373459028281363,10.376815258937585,1.0,0.01998480248745524,2.0495153720096986,0.9424194528242078,0.3122629582806574,0.5120797757084264,0.48221762000196444,20723,22355,STRAWBERRY CHARLOTTE BAG,CHARLOTTE BAG SUKI DESIGN
0.051783315922996564,0.041158036114012836,0.022116102074317266,0.42708933717579256,10.376815258937585,1.0,0.01998480248745524,1.6736326029599475,0.9529797715275575,0.3122629582806574,0.402497299448264,0.48221762000196444,22355,20723,CHARLOTTE BAG SUKI DESIGN,STRAWBERRY CHARLOTTE BAG
0.04417251156543799,0.07240710341740039,0.033099537382480226,0.7493243243243244,10.348768131280497,1.0,0.029901133769355243,3.7003705847499937,0.9451183947392316,0.39649624597783334,0.7297567967594353,0.6032277021456741,21231,21232,SWEETHEART CERAMIC TRINKET BOX,STRAWBERRY CERAMIC TRINKET BOX
0.07240710341740039,0.04417251156543799,0.033099537382480226,0.45713107996702385,10.348768131280496,1.0,0.029901133769355243,1.7606966491588816,0.9738864375148459,0.39649624597783334,0.4320429924838449,0.6032277021456741,21232,21231,STRAWBERRY CERAMIC TRINKET BOX,SWEETHEART CERAMIC TRINKET BOX
0.051783315922996564,0.04691837039247874,0.02501119235934935,0.48299711815561963,10.294413768323178,1.0,0.022581603562723457,1.84347450096884,0.952166263635633,0.3394086674767112,0.4575460634392019,0.5080379992813722,22355,20719,CHARLOTTE BAG SUKI DESIGN,WOODLAND CHARLOTTE BAG
0.04691837039247874,0.051783315922996564,0.02501119235934935,0.5330788804071246,10.294413768323176,1.0,0.022581603562723457,2.030785595870639,0.9473059905334312,0.3394086674767112,0.5075797257803182,0.5080379992813722,20719,22355,WOODLAND CHARLOTTE BAG,CHARLOTTE BAG SUKI DESIGN
0.04691837039247874,0.04727652589165796,0.022802566781077453,0.4860050890585242,10.280050826329452,1.0,0.020584429228423032,1.8535659669533584,0.9471635884229463,0.3193979933110368,0.4604993737322093,0.48416416069087825,20719,22356,WOODLAND CHARLOTTE BAG,CHARLOTTE BAG PINK POLKADOT
0.04727652589165796,0.04691837039247874,0.022802566781077453,0.4823232323232323,10.280050826329452,1.0,0.020584429228423032,1.8410747576808701,0.947519653805017,0.3193979933110368,0.45683900350702716,0.48416416069087825,22356,20719,CHARLOTTE BAG PINK POLKADOT,WOODLAND CHARLOTTE BAG
0.04811222205640949,0.04590359647813759,0.02259364273988957,0.4696029776674938,10.230200108419623,1.0,0.0203851187129456,1.7988343888622718,0.9478535414880694,0.31633932302549106,0.44408445480493575,0.4809003184826416,21929,21928,JUMBO BAG PINK VINTAGE PAISLEY,JUMBO BAG SCANDINAVIAN PAISLEY
0.04590359647813759,0.04811222205640949,0.02259364273988957,0.4921976592977894,10.230200108419623,1.0,0.0203851187129456,1.8745242029158036,0.9456593674313822,0.31633932302549106,0.46653129447754793,0.4809003184826416,21928,21929,JUMBO BAG SCANDINAVIAN PAISLEY,JUMBO BAG PINK VINTAGE PAISLEY
0.04727652589165796,0.051783315922996564,0.024861960901358008,0.5258838383838385,10.15546859080721,1.0,0.022413825625368557,1.9999670140851846,0.9462671068239332,0.33507642799678206,0.4999917533852851,0.5029995560795273,22356,22355,CHARLOTTE BAG PINK POLKADOT,CHARLOTTE BAG SUKI DESIGN
0.051783315922996564,0.04727652589165796,0.024861960901358008,0.4801152737752162,10.155468590807208,1.0,0.022413825625368557,1.8325667711507465,0.9507646306870247,0.33507642799678206,0.4543172910572544,0.5029995560795273,22355,22356,CHARLOTTE BAG SUKI DESIGN,CHARLOTTE BAG PINK POLKADOT
0.04232204148634532,0.05969258319653783,0.02504103865094762,0.5916784203102962,9.912092736248237,1.0,0.022514726668476627,2.302859960323505,0.9388470551587752,0.3253198914307871,0.5657573551022528,0.5055892101551481,22910,22086,PAPER CHAIN KIT VINTAGE CHRISTMAS,PAPER CHAIN KIT 50'S CHRISTMAS
0.05969258319653783,0.04232204148634532,0.02504103865094762,0.41950000000000004,9.912092736248237,1.0,0.022514726668476627,1.6497466985592673,0.9561906192312211,0.3253198914307871,0.3938463396391062,0.5055892101551481,22086,22910,PAPER CHAIN KIT 50'S CHRISTMAS,PAPER CHAIN KIT VINTAGE CHRISTMAS
0.04691837039247874,0.06073720340247724,0.027637666019997016,0.589058524173028,9.698479534357396,1.0,0.02478797541415627,2.2856364028657983,0.9410432710117477,0.3453935098843715,0.5624850922280681,0.5220476896049415,20719,20724,WOODLAND CHARLOTTE BAG,RED RETROSPOT CHARLOTTE BAG
0.06073720340247724,0.04691837039247874,0.027637666019997016,0.45503685503685504,9.698479534357396,1.0,0.02478797541415627,1.7488918992347213,0.9548882991171955,0.3453935098843715,0.42820937049478053,0.5220476896049415,20724,20719,RED RETROSPOT CHARLOTTE BAG,WOODLAND CHARLOTTE BAG
0.04709744814206835,0.051126697507834655,0.023160722280256677,0.49176172370088717,9.618491857909062,1.0,0.02075278529570622,1.866985126349921,0.9403202828359412,0.3085487077534791,0.4643770933756361,0.4723840725918329,22114,22112,HOT WATER BOTTLE TEA AND SYMPATHY,CHOCOLATE HOT WATER BOTTLE
0.051126697507834655,0.04709744814206835,0.023160722280256677,0.4530064214827787,9.618491857909062,1.0,0.02075278529570622,1.7420726481671682,0.9443132130757137,0.3085487077534791,0.42597112637518403,0.4723840725918329,22112,22114,CHOCOLATE HOT WATER BOTTLE,HOT WATER BOTTLE TEA AND SYMPATHY
0.04238173406954186,0.049425458886733324,0.019638859871660946,0.46338028169014084,9.375335952915561,1.0,0.01754412321685834,1.7714118745155365,0.9328739722043412,0.272125723738627,0.4354785499710562,0.4303616384296115,21166,21175,COOK WITH WINE METAL SIGN,GIN + TONIC DIET METAL SIGN
0.049425458886733324,0.04238173406954186,0.019638859871660946,0.3973429951690821,9.37533595291556,1.0,0.01754412321685834,1.5889938360529445,0.9397865364117017,0.272125723738627,0.370670938230952,0.4303616384296115,21175,21166,GIN + TONIC DIET METAL SIGN,COOK WITH WINE METAL SIGN
0.04354573944187435,0.03885987166094613,0.015699149380689448,0.36052090472926657,9.277459994588384,1.0,0.01400696753459721,1.503004766609517,0.932832769623704,0.23534675615212525,0.33466611536049673,0.3822573801680127,84992,21975,72 SWEETHEART FAIRY CAKE CASES,PACK OF 60 DINOSAUR CAKE CASES
0.03885987166094613,0.04354573944187435,0.015699149380689448,0.40399385560675877,9.277459994588384,1.0,0.01400696753459721,1.6047724835653088,0.928284909336435,0.23534675615212525,0.3768587072366115,0.3822573801680127,21975,84992,PACK OF 60 DINOSAUR CAKE CASES,72 SWEETHEART FAIRY CAKE CASES
0.04208327115355917,0.03891956424414267,0.015191762423518877,0.3609929078014184,9.275358417090892,1.0,0.013553899848254254,1.5040215476312528,0.9313831022893416,0.2308390022675737,0.3351159086949636,0.3756651655571509,20712,20713,JUMBO BAG WOODLAND ANIMALS,JUMBO BAG OWLS
0.03891956424414267,0.04208327115355917,0.015191762423518877,0.3903374233128834,9.275358417090892,1.0,0.013553899848254254,1.5712244206487531,0.9283171537522569,0.2308390022675737,0.36355368026478135,0.3756651655571509,20713,20712,JUMBO BAG OWLS,JUMBO BAG WOODLAND ANIMALS
0.051783315922996564,0.06073720340247724,0.028652439934338157,0.553314121037464,9.10997033187235,1.0,0.025507266142268375,2.1027367123828413,0.9388467566362396,0.34163701067615665,0.5244292858392193,0.5125292963909679,22355,20724,CHARLOTTE BAG SUKI DESIGN,RED RETROSPOT CHARLOTTE BAG
0.06073720340247724,0.051783315922996564,0.028652439934338157,0.4717444717444717,9.109970331872349,1.0,0.025507266142268375,1.7949962345085597,0.9477966780531722,0.34163701067615665,0.44289576725837343,0.5125292963909679,20724,22355,RED RETROSPOT CHARLOTTE BAG,CHARLOTTE BAG SUKI DESIGN
0.05966273690493956,0.06133412923444262,0.03324876884047157,0.5572786393196598,9.085946866377228,1.0,0.02958940682466346,2.1202181645879654,0.9464050391473126,0.37891156462585035,0.5283504232243308,0.5496855483702923,82482,82494L,WOODEN PICTURE FRAME WHITE FINISH,WOODEN FRAME ANTIQUE WHITE
0.06133412923444262,0.05966273690493956,0.03324876884047157,0.5420924574209246,9.085946866377228,1.0,0.02958940682466346,2.053552684017374,0.9480902118720262,0.37891156462585035,0.5130390333869129,0.5496855483702923,82494L,82482,WOODEN FRAME ANTIQUE WHITE,WOODEN PICTURE FRAME WHITE FINISH
0.04238173406954186,0.04342635427548127,0.016385614087449634,0.38661971830985914,8.902882241905038,1.0,0.014545129888936475,1.5595115693786645,0.9269631298693446,0.2360275150472915,0.358773593197249,0.3819696529693626,21166,85152,COOK WITH WINE METAL SIGN,HAND OVER THE CHOCOLATE   SIGN
0.04342635427548127,0.04238173406954186,0.016385614087449634,0.37731958762886597,8.902882241905038,1.0,0.014545129888936475,1.5378968840273914,0.9279754140985311,0.2360275150472915,0.349761345909464,0.3819696529693626,85152,21166,HAND OVER THE CHOCOLATE   SIGN,COOK WITH WINE METAL SIGN
0.03885987166094613,0.044082972690643187,0.015012684673929265,0.3863287250384025,8.763672262973376,1.0,0.013299626012737879,1.5577020895579254,0.9217101206072883,0.22100175746924428,0.35802872275545383,0.3634419522280706,21975,21213,PACK OF 60 DINOSAUR CAKE CASES,PACK OF 72 SKULL CAKE CASES
0.044082972690643187,0.03885987166094613,0.015012684673929265,0.34055517941773866,8.763672262973374,1.0,0.013299626012737879,1.4574989420500846,0.9267463161582522,0.22100175746924428,0.3138931554945606,0.3634419522280706,21213,21975,PACK OF 72 SKULL CAKE CASES,PACK OF 60 DINOSAUR CAKE CASES
0.029637367557081032,0.06425906581107298,0.016415460379047904,0.5538771399798591,8.619439653982898,1.0,0.014510990826730475,2.0974960443557666,0.9109822946492484,0.211864406779661,0.5232410555953425,0.4046673205705148,22662,22382,LUNCH BAG DOLLY GIRL DESIGN,LUNCH BAG SPACEBOY DESIGN
0.06425906581107298,0.029637367557081032,0.016415460379047904,0.25545750116117044,8.619439653982896,1.0,0.014510990826730475,1.3033005287895223,0.9446879421930455,0.211864406779661,0.23271726059316608,0.4046673205705148,22382,22662,LUNCH BAG SPACEBOY DESIGN,LUNCH BAG DOLLY GIRL DESIGN
0.04127742128040591,0.050231308759886587,0.01754961945978212,0.42516268980477223,8.464097398638676,1.0,0.015476200566634138,1.652239119478084,0.9198217827695176,0.2372881355932203,0.3947607291153571,0.38726940194338433,21485,22111,RETROSPOT HEART HOT WATER BOTTLE,SCOTTIE DOG HOT WATER BOTTLE
0.050231308759886587,0.04127742128040591,0.01754961945978212,0.3493761140819964,8.464097398638676,1.0,0.015476200566634138,1.4735434703060062,0.928493347562141,0.2372881355932203,0.32136376011198836,0.38726940194338433,22111,21485,SCOTTIE DOG HOT WATER BOTTLE,RETROSPOT HEART HOT WATER BOTTLE
0.050499925384271005,0.06151320698403223,0.02584688852410088,0.5118203309692672,8.320494997149586,1.0,0.022740476161260032,1.9224208883571638,0.926608502965765,0.2999653619674403,0.47982254767603666,0.46600235374276067,21755,21754,LOVE BUILDING BLOCK WORD,HOME BUILDING BLOCK WORD
0.06151320698403223,0.050499925384271005,0.02584688852410088,0.42018437651625423,8.320494997149584,1.0,0.022740476161260032,1.6375896684376716,0.9374823910714248,0.2999653619674403,0.3893464160933297,0.46600235374276067,21754,21755,HOME BUILDING BLOCK WORD,LOVE BUILDING BLOCK WORD
0.03885987166094613,0.06345321593791971,0.02008655424563498,0.5168970814132104,8.1461132233065,1.0,0.01762077041781312,1.9386071746404268,0.9127098575395988,0.2442831215970962,0.48416573863888646,0.4167269979032186,21975,84991,PACK OF 60 DINOSAUR CAKE CASES,60 TEATIME FAIRY CAKE CASES
0.06345321593791971,0.03885987166094613,0.02008655424563498,0.31655691439322675,8.1461132233065,1.0,0.01762077041781312,1.4063206557803363,0.9366772536520506,0.2442831215970962,0.28892461623901694,0.4167269979032186,84991,21975,60 TEATIME FAIRY CAKE CASES,PACK OF 60 DINOSAUR CAKE CASES
0.049425458886733324,0.04342635427548127,0.01737054171019251,0.35144927536231885,8.092995169082126,1.0,0.015224174222348993,1.4749403699439507,0.922006970391535,0.23013048635824435,0.3220064889552104,0.37572463768115943,21175,85152,GIN + TONIC DIET METAL SIGN,HAND OVER THE CHOCOLATE   SIGN
0.04342635427548127,0.049425458886733324,0.01737054171019251,0.4,8.092995169082126,1.0,0.015224174222348993,1.5842909018554445,0.9162246489859595,0.23013048635824435,0.36880278815661405,0.37572463768115943,85152,21175,HAND OVER THE CHOCOLATE   SIGN,GIN + TONIC DIET METAL SIGN
0.05811072974182958,0.06390091031189375,0.029876137889867184,0.5141242937853108,8.045648978644016,1.0,0.026162809360475835,1.9266225450557537,0.9297369086329097,0.32426303854875277,0.4809569717917624,0.4908314135904601,22470,22469,HEART OF WICKER LARGE,HEART OF WICKER SMALL
0.06390091031189375,0.05811072974182958,0.029876137889867184,0.46753853339560947,8.045648978644014,1.0,0.026162809360475835,1.7689341470374935,0.9354877363422192,0.32426303854875277,0.43468783070599837,0.4908314135904601,22469,22470,HEART OF WICKER SMALL,HEART OF WICKER LARGE
0.04354573944187435,0.06345321593791971,0.021847485449932844,0.5017135023989033,7.906825445849133,1.0,0.019084368241951203,1.879534742705055,0.9132971933446762,0.25657202944269186,0.46795343694430214,0.4230110315381158,84992,84991,72 SWEETHEART FAIRY CAKE CASES,60 TEATIME FAIRY CAKE CASES
0.06345321593791971,0.04354573944187435,0.021847485449932844,0.34430856067732835,7.906825445849133,1.0,0.019084368241951203,1.458695665671862,0.9327104706307879,0.25657202944269186,0.3144560421111492,0.4230110315381158,84991,84992,60 TEATIME FAIRY CAKE CASES,72 SWEETHEART FAIRY CAKE CASES
0.04238173406954186,0.053603939710490975,0.017430234293389045,0.41126760563380277,7.672339157439065,1.0,0.015158406375499261,1.6075148392477305,0.9081506529103984,0.22188449848024314,0.37792176122742943,0.36821732174785904,21166,21181,COOK WITH WINE METAL SIGN,PLEASE ONE PERSON METAL SIGN
0.053603939710490975,0.04238173406954186,0.017430234293389045,0.3251670378619153,7.6723391574390645,1.0,0.015158406375499261,1.4190448891180716,0.9189193509297088,0.22188449848024314,0.29530065773923864,0.36821732174785904,21181,21166,PLEASE ONE PERSON METAL SIGN,COOK WITH WINE METAL SIGN
0.059453812863751676,0.03885987166094613,0.017519773168183855,0.2946787148594378,7.583110861263797,1.0,0.015209405630544556,1.3626983171896054,0.9230041132263578,0.2168452161063909,0.26616185887542976,0.37276178446504915,21977,21975,PACK OF 60 PINK PAISLEY CAKE CASES,PACK OF 60 DINOSAUR CAKE CASES
0.03885987166094613,0.059453812863751676,0.017519773168183855,0.45084485407066055,7.583110861263797,1.0,0.015209405630544556,1.7127148750369168,0.9032272962178125,0.2168452161063909,0.41613165473415675,0.37276178446504915,21975,21977,PACK OF 60 DINOSAUR CAKE CASES,PACK OF 60 PINK PAISLEY CAKE CASES
0.03930756603492016,0.0694224742575735,0.020534248619609015,0.5223993925588459,7.52493192075844,1.0,0.0178054201284219,1.9484429275083877,0.90258692752752,0.23282571912013533,0.48676967342391136,0.40909307547116847,21930,21931,JUMBO STORAGE BAG SKULLS,JUMBO STORAGE BAG SUKI
0.0694224742575735,0.03930756603492016,0.020534248619609015,0.29578675838349094,7.52493192075844,1.0,0.0178054201284219,1.364206716363111,0.9317960172954814,0.23282571912013533,0.26697326145268,0.40909307547116847,21931,21930,JUMBO STORAGE BAG SUKI,JUMBO STORAGE BAG SKULLS
0.03718847933144307,0.06688553947172064,0.018594239665721535,0.5,7.475457385095939,1.0,0.016106868163505032,1.8662289210565588,0.8996869090796367,0.21752793296089384,0.4641600562947799,0.3890004462293619,22385,22386,JUMBO BAG SPACEBOY DESIGN,JUMBO BAG PINK POLKADOT
0.06688553947172064,0.03718847933144307,0.018594239665721535,0.2780008924587238,7.475457385095939,1.0,0.016106868163505032,1.3335356105180693,0.9283201125895598,0.21752793296089384,0.2501137636575697,0.3890004462293619,22386,22385,JUMBO BAG PINK POLKADOT,JUMBO BAG SPACEBOY DESIGN
0.03289061334129235,0.06345321593791971,0.015520071631099835,0.4718693284936479,7.436491933762782,1.0,0.013433056440424189,1.7733239794440077,0.8949639041019469,0.19202363367799113,0.4360872510653518,0.3582300546513395,22417,84991,PACK OF 60 SPACEBOY CAKE CASES,60 TEATIME FAIRY CAKE CASES
0.06345321593791971,0.03289061334129235,0.015520071631099835,0.24459078080903107,7.436491933762782,1.0,0.013433056440424189,1.2802456762368695,0.9241695205269571,0.19202363367799113,0.21889992010019402,0.3582300546513395,84991,22417,60 TEATIME FAIRY CAKE CASES,PACK OF 60 SPACEBOY CAKE CASES
0.04354573944187435,0.059453812863751676,0.0190120877480973,0.43660041124057575,7.343522479224644,1.0,0.016423127504306412,1.6694122713282071,0.9031540806088107,0.22636815920398015,0.4009867920736042,0.3781897638532196,84992,21977,72 SWEETHEART FAIRY CAKE CASES,PACK OF 60 PINK PAISLEY CAKE CASES
0.059453812863751676,0.04354573944187435,0.0190120877480973,0.3197791164658635,7.343522479224644,1.0,0.016423127504306412,1.406093643565894,0.9184297168530432,0.22636815920398015,0.2888098139296248,0.3781897638532196,21977,84992,PACK OF 60 PINK PAISLEY CAKE CASES,72 SWEETHEART FAIRY CAKE CASES
0.031398298761378896,0.0694224742575735,0.01599761229667214,0.5095057034220534,7.339204038330136,1.0,0.013817864709178711,1.8972239478314592,0.8917447091109025,0.18859957776213934,0.47291409580666144,0.36997211224413074,20711,21931,JUMBO BAG TOYS,JUMBO STORAGE BAG SUKI
0.0694224742575735,0.031398298761378896,0.01599761229667214,0.23043852106620807,7.339204038330135,1.0,0.013817864709178711,1.258641093341359,0.9281821432623278,0.18859957776213934,0.2054923319361323,0.36997211224413074,21931,20711,JUMBO STORAGE BAG SUKI,JUMBO BAG TOYS
0.049425458886733324,0.053603939710490975,0.019429935830473064,0.39311594202898553,7.333713606726704,1.0,0.016780536512145262,1.5594347023277884,0.9085488797729726,0.23241699393073903,0.35874198611375824,0.3777940511926665,21175,21181,GIN + TONIC DIET METAL SIGN,PLEASE ONE PERSON METAL SIGN
0.053603939710490975,0.049425458886733324,0.019429935830473064,0.36247216035634744,7.333713606726703,1.0,0.016780536512145262,1.4910322059732986,0.9125602596073481,0.23241699393073903,0.3293236752406487,0.3777940511926665,21181,21175,PLEASE ONE PERSON METAL SIGN,GIN + TONIC DIET METAL SIGN
0.059453812863751676,0.06345321593791971,0.027637666019997016,0.4648594377510041,7.326018561546281,1.0,0.023865130394020714,1.7500949285662888,0.9180837912619833,0.29010025062656647,0.4286024239729562,0.45020958717277393,21977,84991,PACK OF 60 PINK PAISLEY CAKE CASES,60 TEATIME FAIRY CAKE CASES
0.06345321593791971,0.059453812863751676,0.027637666019997016,0.4355597365945438,7.32601856154628,1.0,0.023865130394020714,1.6663343282097203,0.9220043504904196,0.29010025062656647,0.3998803342937895,0.45020958717277393,84991,21977,60 TEATIME FAIRY CAKE CASES,PACK OF 60 PINK PAISLEY CAKE CASES
0.051126697507834655,0.050231308759886587,0.018504700790926726,0.36193812025685923,7.205428828999446,1.0,0.01593653986253736,1.4885212882839105,0.9076193341396497,0.223342939481268,0.3281923423796766,0.3651639502056726,22112,22111,CHOCOLATE HOT WATER BOTTLE,SCOTTIE DOG HOT WATER BOTTLE
0.050231308759886587,0.051126697507834655,0.018504700790926726,0.368389780154486,7.205428828999446,1.0,0.01593653986253736,1.5023083425158177,0.9067636814457842,0.223342939481268,0.33435768696766643,0.3651639502056726,22111,22112,SCOTTIE DOG HOT WATER BOTTLE,CHOCOLATE HOT WATER BOTTLE
0.03718847933144307,0.0694224742575735,0.018594239665721535,0.5,7.202278589853826,1.0,0.016012523416656124,1.861155051484853,0.8944170619052046,0.2112580535774839,0.46269925270213924,0.38392089423903697,22385,21931,JUMBO BAG SPACEBOY DESIGN,JUMBO STORAGE BAG SUKI
0.0694224742575735,0.03718847933144307,0.018594239665721535,0.26784178847807394,7.202278589853826,1.0,0.016012523416656124,1.3150320593511822,0.9253985054042785,0.2112580535774839,0.23956226550599422,0.38392089423903697,21931,22385,JUMBO STORAGE BAG SUKI,JUMBO BAG SPACEBOY DESIGN
0.0694224742575735,0.03891956424414267,0.019370243247276524,0.27901977644024073,7.169139271188853,1.0,0.016668350800421554,1.333019137488446,0.9247088151614832,0.21771217712177118,0.24982322318034425,0.38835958147165406,21931,20713,JUMBO STORAGE BAG SUKI,JUMBO BAG OWLS
0.03891956424414267,0.0694224742575735,0.019370243247276524,0.4976993865030674,7.169139271188853,1.0,0.016668350800421554,1.8526306772032428,0.895360272908291,0.21771217712177118,0.46022700999984845,0.38835958147165406,20713,21931,JUMBO BAG OWLS,JUMBO STORAGE BAG SUKI
0.06270705864796298,0.06157289956722877,0.026861662438442024,0.4283674440742504,6.957077660546661,1.0,0.023000607014154673,1.6416613971767298,0.9135473541940871,0.27573529411764713,0.3908609889227072,0.43231266047629147,22384,20728,LUNCH BAG PINK POLKADOT,LUNCH BAG CARS BLUE
0.06157289956722877,0.06270705864796298,0.026861662438442024,0.4362578768783325,6.95707766054666,1.0,0.023000607014154673,1.6626271178067518,0.9124432641406752,0.27573529411764713,0.39854222916853044,0.43231266047629147,20728,22384,LUNCH BAG CARS BLUE,LUNCH BAG PINK POLKADOT
0.057364572451872854,0.06157289956722877,0.02453365169377705,0.4276795005202914,6.945904830311374,1.0,0.021001548635480864,1.6396880791198056,0.9081244468192681,0.2598798608915587,0.39012790741467984,0.4130641807012509,20726,20728,LUNCH BAG WOODLAND,LUNCH BAG CARS BLUE
0.06157289956722877,0.057364572451872854,0.02453365169377705,0.3984488608822104,6.945904830311373,1.0,0.021001548635480864,1.5670079669877406,0.9121968832737404,0.2598798608915587,0.3618411513744248,0.4130641807012509,20728,20726,LUNCH BAG CARS BLUE,LUNCH BAG WOODLAND
0.04208327115355917,0.0694224742575735,0.020176093120429787,0.4794326241134752,6.9060146478598385,1.0,0.01725456831209734,1.7876216775161053,0.8927693395439389,0.22091503267973855,0.4405975198345677,0.3850301555649061,20712,21931,JUMBO BAG WOODLAND ANIMALS,JUMBO STORAGE BAG SUKI
0.0694224742575735,0.04208327115355917,0.020176093120429787,0.290627687016337,6.906014647859838,1.0,0.01725456831209734,1.3503723098768614,0.9189977854537581,0.22091503267973855,0.2594634881907578,0.3850301555649061,21931,20712,JUMBO STORAGE BAG SUKI,JUMBO BAG WOODLAND ANIMALS
0.06536337860020892,0.04590359647813759,0.020713326369198627,0.31689497716894977,6.903489083254657,1.0,0.017712912213486903,1.396705296599518,0.9149499300820289,0.22874093605800921,0.28402934933042395,0.38406517389006656,22411,21928,JUMBO SHOPPER VINTAGE RED PAISLEY,JUMBO BAG SCANDINAVIAN PAISLEY
0.04590359647813759,0.06536337860020892,0.020713326369198627,0.45123537061118335,6.903489083254657,1.0,0.017712912213486903,1.703164838522368,0.8962885807400987,0.22874093605800921,0.4128577707912406,0.38406517389006656,21928,22411,JUMBO BAG SCANDINAVIAN PAISLEY,JUMBO SHOPPER VINTAGE RED PAISLEY
0.053603939710490975,0.04342635427548127,0.0159379197134756,0.2973273942093541,6.8467040157968455,1.0,0.01361009603704628,1.3613361867838636,0.9023117882740553,0.19654030180345972,0.2654275926048178,0.3321688517438523,21181,85152,PLEASE ONE PERSON METAL SIGN,HAND OVER THE CHOCOLATE   SIGN
0.04342635427548127,0.053603939710490975,0.0159379197134756,0.3670103092783505,6.846704015796845,1.0,0.01361009603704628,1.4951208118580193,0.8927115286858665,0.19654030180345972,0.33115772847996255,0.3321688517438523,85152,21181,HAND OVER THE CHOCOLATE   SIGN,PLEASE ONE PERSON METAL SIGN
0.04811222205640949,0.055335024623190565,0.017967467542157885,0.3734491315136476,6.748874407424361,1.0,0.015305176549990054,1.5077227131756603,0.8948819000576366,0.21019553072625696,0.3367480696143807,0.34907623781723374,21929,85099F,JUMBO BAG PINK VINTAGE PAISLEY,JUMBO BAG STRAWBERRY
0.055335024623190565,0.04811222205640949,0.017967467542157885,0.32470334412081986,6.748874407424361,1.0,0.015305176549990054,1.409584616858959,0.901724066807943,0.21019553072625696,0.29057114554190794,0.34907623781723374,85099F,21929,JUMBO BAG STRAWBERRY,JUMBO BAG PINK VINTAGE PAISLEY
0.06425906581107298,0.057364572451872854,0.024832114609759738,0.3864375290292615,6.73651894387378,1.0,0.021145920773350778,1.5363316241567884,0.9100332668017745,0.25655257477644156,0.34909886363313825,0.4096599715905933,22382,20726,LUNCH BAG SPACEBOY DESIGN,LUNCH BAG WOODLAND
0.057364572451872854,0.06425906581107298,0.024832114609759738,0.4328824141519251,6.73651894387378,1.0,0.021145920773350778,1.6499945646890988,0.903377227646811,0.25655257477644156,0.393937397491715,0.4096599715905933,20726,22382,LUNCH BAG WOODLAND,LUNCH BAG SPACEBOY DESIGN
0.04590359647813759,0.05572302641396806,0.01707207879420982,0.3719115734720416,6.674288842624936,1.0,0.014514191475162428,1.5034140635355249,0.8910748431347799,0.20190610660077657,0.3348472491681128,0.3391427176412163,21928,85099C,JUMBO BAG SCANDINAVIAN PAISLEY,JUMBO  BAG BAROQUE BLACK WHITE
0.05572302641396806,0.04590359647813759,0.01707207879420982,0.306373861810391,6.674288842624936,1.0,0.014514191475162428,1.3755196798265,0.9003410301058699,0.20190610660077657,0.27300204085329094,0.3391427176412163,85099C,21928,JUMBO  BAG BAROQUE BLACK WHITE,JUMBO BAG SCANDINAVIAN PAISLEY
0.03930756603492016,0.06688553947172064,0.017519773168183855,0.4457099468488991,6.663771427564642,1.0,0.014890665408617937,1.6834407459119782,0.8847106511595315,0.19757657354426122,0.4059784982463013,0.3538232911397552,21930,22386,JUMBO STORAGE BAG SKULLS,JUMBO BAG PINK POLKADOT
0.06688553947172064,0.03930756603492016,0.017519773168183855,0.26193663543061135,6.663771427564642,1.0,0.014890665408617937,1.3016395069623605,0.9108580616531154,0.19757657354426122,0.23173813129435297,0.3538232911397552,22386,21930,JUMBO BAG PINK POLKADOT,JUMBO STORAGE BAG SKULLS
0.06425906581107298,0.07154156096105059,0.030592448888225637,0.47607988852763583,6.654591850278864,1.0,0.0259952550142026,1.772137428413881,0.9080802096104656,0.2907801418439716,0.4357096780608988,0.45184887209026764,22382,22383,LUNCH BAG SPACEBOY DESIGN,LUNCH BAG SUKI  DESIGN
0.07154156096105059,0.06425906581107298,0.030592448888225637,0.42761785565289945,6.654591850278864,1.0,0.0259952550142026,1.6348185271507711,0.9152028652342586,0.2907801418439716,0.3883113119944627,0.45184887209026764,22383,22382,LUNCH BAG SUKI  DESIGN,LUNCH BAG SPACEBOY DESIGN
0.06345321593791971,0.044082972690643187,0.01841516191613192,0.2902163687676388,6.5834119401216915,1.0,0.01561795553080712,1.346772432113779,0.9055640294175207,0.20663094440723376,0.25748405880978326,0.3539775141062297,84991,21213,60 TEATIME FAIRY CAKE CASES,PACK OF 72 SKULL CAKE CASES
0.044082972690643187,0.06345321593791971,0.01841516191613192,0.4177386594448206,6.583411940121691,1.0,0.01561795553080712,1.6084646512322005,0.8872141151209061,0.20663094440723376,0.3782891036903252,0.3539775141062297,21213,84991,PACK OF 72 SKULL CAKE CASES,60 TEATIME FAIRY CAKE CASES
0.04590359647813759,0.055335024623190565,0.016684077003432322,0.3634590377113134,6.5683360617678295,1.0,0.014144000362021576,1.4840599919607078,0.8885416999518679,0.1973173314507589,0.3261727925979449,0.3324846429117516,21928,85099F,JUMBO BAG SCANDINAVIAN PAISLEY,JUMBO BAG STRAWBERRY
0.055335024623190565,0.04590359647813759,0.016684077003432322,0.30151024811218985,6.5683360617678295,1.0,0.014144000362021576,1.3659418780923034,0.8974127996701955,0.1973173314507589,0.26790442841051465,0.3324846429117516,85099F,21928,JUMBO BAG STRAWBERRY,JUMBO BAG SCANDINAVIAN PAISLEY
0.09300104462020593,0.02835397701835547,0.017281002835397703,0.1858151476251605,6.5534068644010555,1.0,0.014644053353553333,1.1933973226688233,0.9342983334518316,0.16604531115572127,0.16205610570360937,0.39764441591784344,21212,21976,PACK OF 72 RETROSPOT CAKE CASES,PACK OF 60 MUSHROOM CAKE CASES
0.02835397701835547,0.09300104462020593,0.017281002835397703,0.6094736842105264,6.5534068644010555,1.0,0.014644053353553333,2.3225040636409826,0.8721361405396316,0.16604531115572127,0.5694302474406425,0.39764441591784344,21976,21212,PACK OF 60 MUSHROOM CAKE CASES,PACK OF 72 RETROSPOT CAKE CASES
0.04811222205640949,0.06536337860020892,0.020444709744814205,0.4249379652605459,6.501162797285201,1.0,0.017299932359243788,1.6252796480004996,0.8889507593936934,0.21976259223612446,0.38472126859506917,0.3688616766941999,21929,22411,JUMBO BAG PINK VINTAGE PAISLEY,JUMBO SHOPPER VINTAGE RED PAISLEY
0.06536337860020892,0.04811222205640949,0.020444709744814205,0.31278538812785384,6.5011627972852,1.0,0.017299932359243788,1.3851390257119356,0.9053586641974473,0.21976259223612446,0.27805080830350687,0.3688616766941999,22411,21929,JUMBO SHOPPER VINTAGE RED PAISLEY,JUMBO BAG PINK VINTAGE PAISLEY
0.06270705864796298,0.06998955379794061,0.028473362184748545,0.4540694907187054,6.487675175492632,1.0,0.024084523129996323,1.703532648187033,0.9024516699524451,0.2731958762886598,0.41298454064602774,0.4304462592186277,22384,20727,LUNCH BAG PINK POLKADOT,LUNCH BAG  BLACK SKULL.
0.06998955379794061,0.06270705864796298,0.028473362184748545,0.40682302771855006,6.487675175492632,1.0,0.024084523129996323,1.5801236142850659,0.9095183646722267,0.2731958762886598,0.3671381207397153,0.4304462592186277,20727,22384,LUNCH BAG  BLACK SKULL.,LUNCH BAG PINK POLKADOT
0.07154156096105059,0.06157289956722877,0.028115206685569317,0.392991239048811,6.382535852801945,1.0,0.023710185337631775,1.5459860891665655,0.9083039445891814,0.26776577600909607,0.35316364939668,0.4248039084240662,22383,20728,LUNCH BAG SUKI  DESIGN,LUNCH BAG CARS BLUE
0.06157289956722877,0.07154156096105059,0.028115206685569317,0.45661657779932135,6.3825358528019445,1.0,0.023710185337631775,1.708661694680957,0.8986552734648005,0.26776577600909607,0.41474663877993645,0.4248039084240662,20728,22383,LUNCH BAG CARS BLUE,LUNCH BAG SUKI  DESIGN
0.06688553947172064,0.04208327115355917,0.017728697209371737,0.26506024096385544,6.298470477655303,1.0,0.014913934915531233,1.3033948933484358,0.9015306597189914,0.19430814524043183,0.23277281113861897,0.34316841835426815,22386,20712,JUMBO BAG PINK POLKADOT,JUMBO BAG WOODLAND ANIMALS
0.04208327115355917,0.06688553947172064,0.017728697209371737,0.42127659574468085,6.298470477655302,1.0,0.014913934915531233,1.6123668987069535,0.8781883329320626,0.19430814524043183,0.37979376728587294,0.34316841835426815,20712,22386,JUMBO BAG WOODLAND ANIMALS,JUMBO BAG PINK POLKADOT
0.09300104462020593,0.044082972690643187,0.025727503357707803,0.2766367137355584,6.2753643153079794,1.0,0.021627740847513975,1.321489555055881,0.9268441787956153,0.2310372554274993,0.24327816578337347,0.4301260752157819,21212,21213,PACK OF 72 RETROSPOT CAKE CASES,PACK OF 72 SKULL CAKE CASES
0.044082972690643187,0.09300104462020593,0.025727503357707803,0.5836154366960054,6.275364315307979,1.0,0.021627740847513975,2.1782722879609033,0.8794138800243522,0.2310372554274993,0.5409205701569535,0.4301260752157819,21213,21212,PACK OF 72 SKULL CAKE CASES,PACK OF 72 RETROSPOT CAKE CASES
0.06688553947172064,0.04590359647813759,0.019221011789285182,0.28737170905845605,6.260331022108954,1.0,0.016150724975152773,1.3388416031887875,0.9004940693401653,0.20542264752791067,0.25308565433114055,0.35304866337188084,22386,21928,JUMBO BAG PINK POLKADOT,JUMBO BAG SCANDINAVIAN PAISLEY
0.04590359647813759,0.06688553947172064,0.019221011789285182,0.41872561768530564,6.260331022108954,1.0,0.016150724975152773,1.6052908728103956,0.8806909182547917,0.20542264752791067,0.3770599354064152,0.35304866337188084,21928,22386,JUMBO BAG SCANDINAVIAN PAISLEY,JUMBO BAG PINK POLKADOT
0.06536337860020892,0.03718847933144307,0.015191762423518877,0.2324200913242009,6.249787447686478,1.0,0.01276099776941172,1.2543469543510646,0.8987391883036525,0.17389818927229245,0.20277240955446083,0.32046365721908276,22411,22385,JUMBO SHOPPER VINTAGE RED PAISLEY,JUMBO BAG SPACEBOY DESIGN
0.03718847933144307,0.06536337860020892,0.015191762423518877,0.40850722311396465,6.249787447686478,1.0,0.01276099776941172,1.5801319270883847,0.8724392473954209,0.17389818927229245,0.36714145011762367,0.32046365721908276,22385,22411,JUMBO BAG SPACEBOY DESIGN,JUMBO SHOPPER VINTAGE RED PAISLEY
0.06270705864796298,0.057364572451872854,0.022474257573496494,0.35840076154212286,6.24777186028555,1.0,0.01887709396444158,1.469196612224492,0.8961370583559702,0.23027522935779818,0.31935590398216845,0.3750900790020708,22384,20726,LUNCH BAG PINK POLKADOT,LUNCH BAG WOODLAND
0.057364572451872854,0.06270705864796298,0.022474257573496494,0.39177939646201876,6.24777186028555,1.0,0.01887709396444158,1.5410410892032635,0.8910581065956651,0.23027522935779818,0.3510880358699509,0.3750900790020708,20726,22384,LUNCH BAG WOODLAND,LUNCH BAG PINK POLKADOT
0.06270705864796298,0.06425906581107298,0.025130577525742426,0.4007615421227987,6.236653724488792,1.0,0.02110108051726416,1.5615502007394246,0.8958326336932735,0.24677608440797186,0.3596107255940409,0.3959218764956771,22384,22382,LUNCH BAG PINK POLKADOT,LUNCH BAG SPACEBOY DESIGN
0.06425906581107298,0.06270705864796298,0.025130577525742426,0.3910822108685555,6.236653724488792,1.0,0.02110108051726416,1.539276661121995,0.8973184494929689,0.24677608440797186,0.35034420695296625,0.3959218764956771,22382,22384,LUNCH BAG SPACEBOY DESIGN,LUNCH BAG PINK POLKADOT
0.055335024623190565,0.05572302641396806,0.019161319206088642,0.34627831715210355,6.214276923503605,1.0,0.01607788416739302,1.444463291277643,0.8882304880594639,0.20850925625202987,0.3077013406720156,0.34507274186475023,85099F,85099C,JUMBO BAG STRAWBERRY,JUMBO  BAG BAROQUE BLACK WHITE
0.05572302641396806,0.055335024623190565,0.019161319206088642,0.34386716657739685,6.214276923503604,1.0,0.01607788416739302,1.4397465379824517,0.8885954604453535,0.20850925625202987,0.3054333011966662,0.34507274186475023,85099C,85099F,JUMBO  BAG BAROQUE BLACK WHITE,JUMBO BAG STRAWBERRY
0.03885987166094613,0.09300104462020593,0.022444411281898224,0.5775729646697388,6.210392227618614,1.0,0.018830402623623097,2.1471138907354397,0.8729003707200532,0.20512820512820512,0.5342585205587417,0.40945400479956773,21975,21212,PACK OF 60 DINOSAUR CAKE CASES,PACK OF 72 RETROSPOT CAKE CASES
0.09300104462020593,0.03885987166094613,0.022444411281898224,0.24133504492939667,6.210392227618613,1.0,0.018830402623623097,1.2668835194181438,0.9250061087333532,0.20512820512820512,0.21066145018661106,0.40945400479956773,21212,21975,PACK OF 72 RETROSPOT CAKE CASES,PACK OF 60 DINOSAUR CAKE CASES
0.06425906581107298,0.06157289956722877,0.02447395911058051,0.3808639108221087,6.185576990836041,1.0,0.02051734210511137,1.5157040864454288,0.895903517261123,0.2414605418138987,0.34024061230502994,0.38917165487785027,22382,20728,LUNCH BAG SPACEBOY DESIGN,LUNCH BAG CARS BLUE
0.06157289956722877,0.06425906581107298,0.02447395911058051,0.39747939893359185,6.18557699083604,1.0,0.02051734210511137,1.553043883533191,0.8933390710886945,0.2414605418138987,0.35610319154344205,0.38917165487785027,20728,22382,LUNCH BAG CARS BLUE,LUNCH BAG SPACEBOY DESIGN
0.06998955379794061,0.057364572451872854,0.024623190568571856,0.35181236673773986,6.1329205762476455,1.0,0.02060826973885564,1.454263208947604,0.8999313416579142,0.23968622893666475,0.31236656896266896,0.39052637067376067,20727,20726,LUNCH BAG  BLACK SKULL.,LUNCH BAG WOODLAND
0.057364572451872854,0.06998955379794061,0.024623190568571856,0.4292403746097815,6.132920576247645,1.0,0.02060826973885564,1.6294257772109009,0.8878783081423742,0.23968622893666475,0.38628686621632635,0.39052637067376067,20726,20727,LUNCH BAG WOODLAND,LUNCH BAG  BLACK SKULL.
0.06688553947172064,0.055335024623190565,0.022683181614684376,0.3391343150379295,6.128746076238311,1.0,0.01898206864108133,1.429435658217036,0.896818688385498,0.22788605697151423,0.3004232164969773,0.37452940131616,22386,85099F,JUMBO BAG PINK POLKADOT,JUMBO BAG STRAWBERRY
0.055335024623190565,0.06688553947172064,0.022683181614684376,0.40992448759439054,6.12874607623831,1.0,0.01898206864108133,1.5813475409684006,0.8858531949601659,0.22788605697151423,0.3676279413014987,0.37452940131616,85099F,22386,JUMBO BAG STRAWBERRY,JUMBO BAG PINK POLKADOT
0.06157289956722877,0.06998955379794061,0.02638412177286972,0.4285021812893844,6.1223733834118645,1.0,0.022074662006113965,1.6273210776207365,0.8915606225756193,0.25085130533484673,0.38549311887358223,0.40273723136963885,20728,20727,LUNCH BAG CARS BLUE,LUNCH BAG  BLACK SKULL.
0.06998955379794061,0.06157289956722877,0.02638412177286972,0.3769722814498933,6.122373383411864,1.0,0.022074662006113965,1.5062365164372677,0.8996293034346156,0.25085130533484673,0.33609364194321845,0.40273723136963885,20727,20728,LUNCH BAG  BLACK SKULL.,LUNCH BAG CARS BLUE
0.06270705864796298,0.07154156096105059,0.027339203104014328,0.4359828653022371,6.094120109283043,1.0,0.02285304224506291,1.6461528948699011,0.891831534547097,0.2557230597431603,0.39252301343549745,0.4090636062013897,22384,22383,LUNCH BAG PINK POLKADOT,LUNCH BAG SUKI  DESIGN
0.07154156096105059,0.06270705864796298,0.027339203104014328,0.38214434710054235,6.094120109283042,1.0,0.02285304224506291,1.5170095748959032,0.9003175231746506,0.2557230597431603,0.3408083794931751,0.4090636062013897,22383,22384,LUNCH BAG SUKI  DESIGN,LUNCH BAG PINK POLKADOT
0.06345321593791971,0.09300104462020593,0.03572601104312789,0.5630291627469427,6.05400901727738,1.0,0.02982479567638986,2.0756510001479467,0.8913812037875902,0.2959208899876391,0.5182234393312158,0.47358775210517867,84991,21212,60 TEATIME FAIRY CAKE CASES,PACK OF 72 RETROSPOT CAKE CASES
0.09300104462020593,0.06345321593791971,0.03572601104312789,0.38414634146341464,6.054009017277379,1.0,0.02982479567638986,1.5207294315463482,0.9204202439583664,0.2959208899876391,0.34242082828425724,0.47358775210517867,21212,84991,PACK OF 72 RETROSPOT CAKE CASES,60 TEATIME FAIRY CAKE CASES
0.05572302641396806,0.0694224742575735,0.02339949261304283,0.419925013390466,6.048833866572469,1.0,0.019531062246265045,1.6042366025495014,0.8839343768988728,0.2299794661190965,0.3766505524118017,0.3784921713555941,85099C,21931,JUMBO  BAG BAROQUE BLACK WHITE,JUMBO STORAGE BAG SUKI
0.0694224742575735,0.05572302641396806,0.02339949261304283,0.33705932932072225,6.048833866572469,1.0,0.019531062246265045,1.4243762908956616,0.8969471700929001,0.2299794661190965,0.2979383282410645,0.3784921713555941,21931,85099C,JUMBO STORAGE BAG SUKI,JUMBO  BAG BAROQUE BLACK WHITE
0.09300104462020593,0.03289061334129235,0.01847485449932846,0.1986521181001284,6.0397815035796745,1.0,0.015415993100388988,1.2068533635676943,0.9199912433241111,0.17199222006112808,0.17139892037603932,0.3801790536054181,21212,22417,PACK OF 72 RETROSPOT CAKE CASES,PACK OF 60 SPACEBOY CAKE CASES
0.03289061334129235,0.09300104462020593,0.01847485449932846,0.5617059891107078,6.0397815035796745,1.0,0.015415993100388988,2.0693847801832983,0.8628094279349571,0.17199222006112808,0.5167645913045598,0.3801790536054181,22417,21212,PACK OF 60 SPACEBOY CAKE CASES,PACK OF 72 RETROSPOT CAKE CASES
0.044082972690643187,0.059453812863751676,0.015818534547082524,0.3588354773188896,6.03553346765532,1.0,0.013197633738255148,1.4669342327352044,0.8727897287986219,0.18033344675059546,0.3183061805467393,0.312449867173501,21213,21977,PACK OF 72 SKULL CAKE CASES,PACK OF 60 PINK PAISLEY CAKE CASES
0.059453812863751676,0.044082972690643187,0.015818534547082524,0.2660642570281124,6.03553346765532,1.0,0.013197633738255148,1.3024532957593973,0.8870532616368566,0.18033344675059546,0.2322181507345731,0.312449867173501,21977,21213,PACK OF 60 PINK PAISLEY CAKE CASES,PACK OF 72 SKULL CAKE CASES
0.09118042083271154,0.06270705864796298,0.034502313087598865,0.3783960720130933,6.034345736696189,1.0,0.028784657090896077,1.5078619988575424,0.9179841307719843,0.289,0.3368093361609569,0.46430512786756517,20725,22384,LUNCH BAG RED RETROSPOT,LUNCH BAG PINK POLKADOT
0.06270705864796298,0.09118042083271154,0.034502313087598865,0.5502141837220371,6.034345736696188,1.0,0.028784657090896077,2.020560778656585,0.8900973373457816,0.289,0.505087889182491,0.46430512786756517,22384,20725,LUNCH BAG PINK POLKADOT,LUNCH BAG RED RETROSPOT
0.06998955379794061,0.07154156096105059,0.030204447097448142,0.4315565031982942,6.032248910996598,1.0,0.025197285167776043,1.6333346133130804,0.8970053516974735,0.27131367292225195,0.38775558183293196,0.42687545643852964,20727,22383,LUNCH BAG  BLACK SKULL.,LUNCH BAG SUKI  DESIGN
0.07154156096105059,0.06998955379794061,0.030204447097448142,0.4221944096787651,6.032248910996598,1.0,0.025197285167776043,1.6095559852320118,0.8985047820140568,0.27131367292225195,0.378710644938608,0.42687545643852964,22383,20727,LUNCH BAG SUKI  DESIGN,LUNCH BAG  BLACK SKULL.
0.09300104462020593,0.059453812863751676,0.033159229965676766,0.35654685494223365,5.997039344798965,1.0,0.027629963262693624,1.4617166678885538,0.9186902006532222,0.27795846885163883,0.31587288975468975,0.45713888931850644,21212,21977,PACK OF 72 RETROSPOT CAKE CASES,PACK OF 60 PINK PAISLEY CAKE CASES
0.059453812863751676,0.09300104462020593,0.033159229965676766,0.5577309236947792,5.997039344798965,1.0,0.027629963262693624,2.050785379246935,0.8859225242804799,0.27795846885163883,0.5123819341996636,0.45713888931850644,21977,21212,PACK OF 60 PINK PAISLEY CAKE CASES,PACK OF 72 RETROSPOT CAKE CASES
0.0694224742575735,0.04590359647813759,0.019101626622892106,0.2751504729148753,5.994094014962872,1.0,0.015914885378058557,1.3162682292952859,0.8953247778953783,0.19851116625310175,0.24027642866120993,0.34563765518305534,21931,21928,JUMBO STORAGE BAG SUKI,JUMBO BAG SCANDINAVIAN PAISLEY
0.04590359647813759,0.0694224742575735,0.019101626622892106,0.4161248374512354,5.994094014962872,1.0,0.015914885378058557,1.5937953614608598,0.8732546454155848,0.19851116625310175,0.37256687766777774,0.34563765518305534,21928,21931,JUMBO BAG SCANDINAVIAN PAISLEY,JUMBO STORAGE BAG SUKI
0.06425906581107298,0.06998955379794061,0.026891508730040294,0.41848583372039017,5.97926134703696,1.0,0.022394045386450796,1.5992911267356502,0.8899421101953856,0.2504865165415624,0.3747229736457533,0.4013537910606215,22382,20727,LUNCH BAG SPACEBOY DESIGN,LUNCH BAG  BLACK SKULL.
0.06998955379794061,0.06425906581107298,0.026891508730040294,0.3842217484008529,5.97926134703696,1.0,0.022394045386450796,1.519606988000716,0.8954257072800297,0.2504865165415624,0.3419351135548155,0.4013537910606215,20727,22382,LUNCH BAG  BLACK SKULL.,LUNCH BAG SPACEBOY DESIGN
0.057364572451872854,0.07154156096105059,0.02450380540217878,0.427159209157128,5.970784022865905,1.0,0.020399854345108513,1.620796657432208,0.8831811143716864,0.23470554602630073,0.38301945810754706,0.384835340915652,20726,22383,LUNCH BAG WOODLAND,LUNCH BAG SUKI  DESIGN
0.07154156096105059,0.057364572451872854,0.02450380540217878,0.34251147267417603,5.970784022865904,1.0,0.020399854345108513,1.433691065883795,0.8966667460203476,0.23470554602630073,0.3024996641214662,0.384835340915652,22383,20726,LUNCH BAG SUKI  DESIGN,LUNCH BAG WOODLAND
0.09300104462020593,0.04354573944187435,0.02393672586181167,0.2573812580231066,5.9105956477479,1.0,0.01988692660495805,1.2879479152545892,0.9160014012814224,0.21256294725682479,0.22357108687711996,0.40353641379565197,21212,84992,PACK OF 72 RETROSPOT CAKE CASES,72 SWEETHEART FAIRY CAKE CASES
0.04354573944187435,0.09300104462020593,0.02393672586181167,0.5496915695681973,5.910595647747899,1.0,0.01988692660495805,2.0141727182634996,0.8686377889140968,0.21256294725682479,0.5035182479970532,0.40353641379565197,84992,21212,72 SWEETHEART FAIRY CAKE CASES,PACK OF 72 RETROSPOT CAKE CASES
0.0694224742575735,0.06536337860020892,0.026772123563647218,0.38564058469475493,5.899948762647381,1.0,0.02223443609538618,1.5213189512777565,0.8924640663185419,0.24785852445426912,0.34267564394691885,0.3976148128953227,21931,22411,JUMBO STORAGE BAG SUKI,JUMBO SHOPPER VINTAGE RED PAISLEY
0.06536337860020892,0.0694224742575735,0.026772123563647218,0.40958904109589045,5.899948762647381,1.0,0.02223443609538618,1.5761521897725554,0.8885881246605721,0.24785852445426912,0.36554350113595074,0.3976148128953227,22411,21931,JUMBO SHOPPER VINTAGE RED PAISLEY,JUMBO STORAGE BAG SUKI
0.09118042083271154,0.057364572451872854,0.030741680346216983,0.337152209492635,5.8773594063739525,1.0,0.025511154489166646,1.4220993734121128,0.9131136512187734,0.2609576893843425,0.29681426017321777,0.4365261567754538,20725,20726,LUNCH BAG RED RETROSPOT,LUNCH BAG WOODLAND
0.057364572451872854,0.09118042083271154,0.030741680346216983,0.5359001040582726,5.877359406373952,1.0,0.025511154489166646,1.9582412905375879,0.8803568590574566,0.2609576893843425,0.48933770070516985,0.4365261567754538,20726,20725,LUNCH BAG WOODLAND,LUNCH BAG RED RETROSPOT
0.06536337860020892,0.05572302641396806,0.021340098492762274,0.3264840182648402,5.8590503652723465,1.0,0.017697853220516636,1.402011235358244,0.8873222578156316,0.21394374625972473,0.2867389541678826,0.3547256727639145,22411,85099C,JUMBO SHOPPER VINTAGE RED PAISLEY,JUMBO  BAG BAROQUE BLACK WHITE
0.05572302641396806,0.06536337860020892,0.021340098492762274,0.38296732726298877,5.8590503652723465,1.0,0.017697853220516636,1.5147279272165017,0.8782633701086194,0.21394374625972473,0.3398154334966131,0.3547256727639145,85099C,22411,JUMBO  BAG BAROQUE BLACK WHITE,JUMBO SHOPPER VINTAGE RED PAISLEY
0.055335024623190565,0.0694224742575735,0.02250410386509476,0.40668824163969797,5.858164031013792,1.0,0.018662609542649117,1.568446120660417,0.877875305669165,0.2200817279626386,0.3624262977048039,0.3654249462712677,85099F,21931,JUMBO BAG STRAWBERRY,JUMBO STORAGE BAG SUKI
0.0694224742575735,0.055335024623190565,0.02250410386509476,0.32416165090283744,5.858164031013791,1.0,0.018662609542649117,1.3977676416834979,0.891164928308629,0.2200817279626386,0.28457350837254963,0.3654249462712677,21931,85099F,JUMBO STORAGE BAG SUKI,JUMBO BAG STRAWBERRY
0.04811222205640949,0.0694224742575735,0.01954932099686614,0.40632754342431765,5.852968332945728,1.0,0.01620925149968039,1.567493178157567,0.8710549085527634,0.1995126408772464,0.3620386908634582,0.3439634277740677,21929,21931,JUMBO BAG PINK VINTAGE PAISLEY,JUMBO STORAGE BAG SUKI
0.0694224742575735,0.04811222205640949,0.01954932099686614,0.2815993121238177,5.852968332945728,1.0,0.01620925149968039,1.3250095580471524,0.891002091102129,0.1995126408772464,0.24528846307053312,0.3439634277740677,21931,21929,JUMBO STORAGE BAG SUKI,JUMBO BAG PINK VINTAGE PAISLEY
0.04208327115355917,0.06536337860020892,0.016057304879868676,0.38156028368794326,5.837523883545452,1.0,0.013306600094723337,1.511281692859754,0.8651007609264086,0.17570215545395165,0.33830998898178316,0.3136111920722821,20712,22411,JUMBO BAG WOODLAND ANIMALS,JUMBO SHOPPER VINTAGE RED PAISLEY
0.06536337860020892,0.04208327115355917,0.016057304879868676,0.24566210045662099,5.837523883545451,1.0,0.013306600094723337,1.2698775037371097,0.8866488558816249,0.17570215545395165,0.21252247003580266,0.3136111920722821,22411,20712,JUMBO SHOPPER VINTAGE RED PAISLEY,JUMBO BAG WOODLAND ANIMALS
0.06688553947172064,0.04811222205640949,0.018773317415311148,0.28067826863007583,5.833824683902414,1.0,0.015555305487884983,1.3233129716945324,0.8879788087051468,0.19509925558312655,0.24432086634843667,0.33543838989816444,22386,21929,JUMBO BAG PINK POLKADOT,JUMBO BAG PINK VINTAGE PAISLEY
0.04811222205640949,0.06688553947172064,0.018773317415311148,0.3901985111662531,5.833824683902414,1.0,0.015555305487884983,1.5301938050575652,0.8704659165132698,0.19509925558312655,0.3464880091039313,0.33543838989816444,21929,22386,JUMBO BAG PINK VINTAGE PAISLEY,JUMBO BAG PINK POLKADOT
0.0694224742575735,0.06688553947172064,0.026861662438442024,0.3869303525365434,5.784962722774157,1.0,0.02221830279626258,1.5220366305671653,0.8888437730523749,0.24543223343332427,0.3429855892316046,0.3942683891196773,21931,22386,JUMBO STORAGE BAG SUKI,JUMBO BAG PINK POLKADOT
0.06688553947172064,0.0694224742575735,0.026861662438442024,0.40160642570281124,5.784962722774157,1.0,0.02221830279626258,1.5551262007373436,0.8864272006141247,0.24543223343332427,0.35696537070376505,0.3942683891196773,22386,21931,JUMBO BAG PINK POLKADOT,JUMBO STORAGE BAG SUKI
0.05572302641396806,0.04811222205640949,0.015460379047903297,0.2774504552758436,5.7667354243282505,1.0,0.012779420427419294,1.3174013946780456,0.8753699243932508,0.17494089834515367,0.24092990637497697,0.299395202824026,85099C,21929,JUMBO  BAG BAROQUE BLACK WHITE,JUMBO BAG PINK VINTAGE PAISLEY
0.04811222205640949,0.05572302641396806,0.015460379047903297,0.3213399503722084,5.7667354243282505,1.0,0.012779420427419294,1.391384352304098,0.8683709173785367,0.17494089834515367,0.28129132806185103,0.299395202824026,21929,85099C,JUMBO BAG PINK VINTAGE PAISLEY,JUMBO  BAG BAROQUE BLACK WHITE
0.06688553947172064,0.06536337860020892,0.025160423817340696,0.37617135207496655,5.755078151265641,1.0,0.020788558977971404,1.4982265154198369,0.885465233283674,0.23494983277591974,0.3325441849360292,0.3805514294621408,22386,22411,JUMBO BAG PINK POLKADOT,JUMBO SHOPPER VINTAGE RED PAISLEY
0.06536337860020892,0.06688553947172064,0.025160423817340696,0.3849315068493151,5.755078151265641,1.0,0.020788558977971404,1.5170903255804988,0.8840231535488036,0.23494983277591974,0.3408434665105649,0.3805514294621408,22411,22386,JUMBO SHOPPER VINTAGE RED PAISLEY,JUMBO BAG PINK POLKADOT
0.05572302641396806,0.06688553947172064,0.021369944784360544,0.38350294590251743,5.733719858306045,1.0,0.01764288010166535,1.5135748894928738,0.874312491413868,0.21108490566037735,0.33931250647594186,0.3515015845085992,85099C,22386,JUMBO  BAG BAROQUE BLACK WHITE,JUMBO BAG PINK POLKADOT
0.06688553947172064,0.05572302641396806,0.021369944784360544,0.31950022311468096,5.733719858306045,1.0,0.01764288010166535,1.3876227526598672,0.8847715776404795,0.21108490566037735,0.2793430360786834,0.3515015845085992,22386,85099C,JUMBO BAG PINK POLKADOT,JUMBO  BAG BAROQUE BLACK WHITE
0.09300104462020593,0.03459185196239367,0.018265930458140577,0.19640564826700901,5.677800901799946,1.0,0.015048852090290445,1.2013625356570214,0.9083532762650401,0.16707616707616713,0.1676117988371402,0.3622235316399756,21212,21210,PACK OF 72 RETROSPOT CAKE CASES,SET OF 72 RETROSPOT PAPER  DOILIES
0.03459185196239367,0.09300104462020593,0.018265930458140577,0.5280414150129422,5.677800901799945,1.0,0.015048852090290445,1.9217765800460354,0.8533960215302758,0.16707616707616713,0.47964814933063377,0.3622235316399756,21210,21212,SET OF 72 RETROSPOT PAPER  DOILIES,PACK OF 72 RETROSPOT CAKE CASES
0.09118042083271154,0.06998955379794061,0.03587524250111924,0.39345335515548285,5.621601136240704,1.0,0.02949356553192931,1.5332875947907671,0.9045961984541363,0.2863268222963316,0.3478066323647129,0.4530166562557798,20725,20727,LUNCH BAG RED RETROSPOT,LUNCH BAG  BLACK SKULL.
0.06998955379794061,0.09118042083271154,0.03587524250111924,0.5125799573560768,5.621601136240704,1.0,0.02949356553192931,1.8645511051157406,0.8839844108770364,0.2863268222963316,0.4636778808280903,0.4530166562557798,20727,20725,LUNCH BAG  BLACK SKULL.,LUNCH BAG RED RETROSPOT
0.029637367557081032,0.09118042083271154,0.015102223548724071,0.5095669687814703,5.588556886750626,1.0,0.012399875902495671,1.8530961850372025,0.8461403001579472,0.14285714285714285,0.4603626039088067,0.33759854167387754,22662,20725,LUNCH BAG DOLLY GIRL DESIGN,LUNCH BAG RED RETROSPOT
0.09118042083271154,0.029637367557081032,0.015102223548724071,0.16563011456628476,5.5885568867506255,1.0,0.012399875902495671,1.1629885610486925,0.9034388649830929,0.14285714285714285,0.14014631485431134,0.33759854167387754,20725,22662,LUNCH BAG RED RETROSPOT,LUNCH BAG DOLLY GIRL DESIGN
0.06157289956722877,0.09118042083271154,0.031219221011789287,0.5070285991274843,5.560717909579824,1.0,0.025604978117359085,1.8435543675733692,0.8739806263206051,0.2568762278978389,0.45756956367048807,0.42470906224786653,20728,20725,LUNCH BAG CARS BLUE,LUNCH BAG RED RETROSPOT
0.09118042083271154,0.06157289956722877,0.031219221011789287,0.3423895253682488,5.560717909579823,1.0,0.025604978117359085,1.4270257799015011,0.9024531642946623,0.2568762278978389,0.2992418118269568,0.42470906224786653,20725,20728,LUNCH BAG RED RETROSPOT,LUNCH BAG CARS BLUE
0.055335024623190565,0.11875839426951201,0.03548724071034174,0.6413160733549084,5.400174676490627,1.0,0.02891574203922772,2.4568750932696615,0.8625500321672134,0.25602928509905254,0.5929789012313285,0.4700674360240237,85099F,85099B,JUMBO BAG STRAWBERRY,JUMBO BAG RED RETROSPOT
0.11875839426951201,0.055335024623190565,0.03548724071034174,0.298818798693139,5.400174676490627,1.0,0.02891574203922772,1.3472480061019085,0.9246281605406922,0.25602928509905254,0.25774616442493514,0.4700674360240237,85099B,85099F,JUMBO BAG RED RETROSPOT,JUMBO BAG STRAWBERRY
0.09118042083271154,0.07154156096105059,0.035129085211162515,0.38527004909983636,5.385261992110979,1.0,0.028605895575704837,1.5103517205878545,0.8960062389002126,0.2753216374269006,0.337902565098689,0.43815025191746093,20725,22383,LUNCH BAG RED RETROSPOT,LUNCH BAG SUKI  DESIGN
0.07154156096105059,0.09118042083271154,0.035129085211162515,0.49103045473508555,5.385261992110979,1.0,0.028605895575704837,1.7856069928393365,0.8770538117047535,0.2753216374269006,0.439966350932645,0.43815025191746093,22383,20725,LUNCH BAG SUKI  DESIGN,LUNCH BAG RED RETROSPOT
0.11875839426951201,0.06688553947172064,0.04262050440232801,0.3588841417441568,5.365646215590349,1.0,0.034677285134816396,1.4554537194990294,0.9232759248791977,0.2979966611018363,0.31292902920733023,0.4980498352629753,85099B,22386,JUMBO BAG RED RETROSPOT,JUMBO BAG PINK POLKADOT
0.06688553947172064,0.11875839426951201,0.04262050440232801,0.6372155287817938,5.365646215590349,1.0,0.034677285134816396,2.4291050903345917,0.8719500050531982,0.2979966611018363,0.5883257566833977,0.4980498352629753,22386,85099B,JUMBO BAG PINK POLKADOT,JUMBO BAG RED RETROSPOT
0.09118042083271154,0.06425906581107298,0.02999552305626026,0.32896890343698854,5.119416214424663,1.0,0.02413635439328972,1.3944822214376447,0.8853960084634299,0.23911491791577447,0.28288795322966,0.39787971414301815,20725,22382,LUNCH BAG RED RETROSPOT,LUNCH BAG SPACEBOY DESIGN
0.06425906581107298,0.09118042083271154,0.02999552305626026,0.4667905248490478,5.119416214424663,1.0,0.02413635439328972,1.7044325382815089,0.859923081708071,0.23911491791577447,0.4132944674898964,0.39787971414301815,22382,20725,LUNCH BAG SPACEBOY DESIGN,LUNCH BAG RED RETROSPOT
0.04208327115355917,0.11875839426951201,0.025458886733323385,0.6049645390070922,5.094078130040871,1.0,0.020461145025518223,2.2307911383841796,0.839001557327154,0.18805114638447973,0.5517285402503769,0.40967000511550894,20712,85099B,JUMBO BAG WOODLAND ANIMALS,JUMBO BAG RED RETROSPOT
0.11875839426951201,0.04208327115355917,0.025458886733323385,0.2143754712239256,5.09407813004087,1.0,0.020461145025518223,1.2193060345745323,0.9120014557479851,0.18805114638447973,0.17986135420961605,0.40967000511550894,85099B,20712,JUMBO BAG RED RETROSPOT,JUMBO BAG WOODLAND ANIMALS
0.11875839426951201,0.03891956424414267,0.02336964632144456,0.19678311133450616,5.056148884403856,1.0,0.01874762136614106,1.1965391282454807,0.9103303891567655,0.174,0.16425633195436876,0.3986216170169463,85099B,20713,JUMBO BAG RED RETROSPOT,JUMBO BAG OWLS
0.03891956424414267,0.11875839426951201,0.02336964632144456,0.6004601226993864,5.056148884403855,1.0,0.01874762136614106,2.205641178258265,0.8347074646825456,0.174,0.5466170971700516,0.3986216170169463,20713,85099B,JUMBO BAG OWLS,JUMBO BAG RED RETROSPOT
0.04590359647813759,0.11875839426951201,0.02751828085360394,0.599479843953186,5.0478944889800195,1.0,0.022066843444664693,2.2002428402816405,0.8404785927895951,0.20065288356909688,0.545504713528805,0.41559817781976965,21928,85099B,JUMBO BAG SCANDINAVIAN PAISLEY,JUMBO BAG RED RETROSPOT
0.11875839426951201,0.04590359647813759,0.02751828085360394,0.23171651168635335,5.047894488980019,1.0,0.022066843444664693,1.2418546253233531,0.9099633941510868,0.20065288356909688,0.19475276766826002,0.41559817781976965,85099B,21928,JUMBO BAG RED RETROSPOT,JUMBO BAG SCANDINAVIAN PAISLEY
0.11875839426951201,0.031398298761378896,0.018803163706909418,0.15833123900477508,5.042669356326035,1.0,0.015074352163213652,1.1508110388857788,0.9097304608582804,0.14314928425357876,0.13104761232721132,0.3785952772970644,85099B,20711,JUMBO BAG RED RETROSPOT,JUMBO BAG TOYS
0.031398298761378896,0.11875839426951201,0.018803163706909418,0.5988593155893537,5.042669356326035,1.0,0.015074352163213652,2.1968392635745815,0.8276800784920219,0.14314928425357876,0.5448005611603771,0.3785952772970644,20711,85099B,JUMBO BAG TOYS,JUMBO BAG RED RETROSPOT
0.11875839426951201,0.05572302641396806,0.033218922548873306,0.2797185222417693,5.0198013324641035,1.0,0.026601345408112854,1.3109832790993792,0.9087053127342531,0.23515740545108813,0.2372137647041684,0.4379310340185815,85099B,85099C,JUMBO BAG RED RETROSPOT,JUMBO  BAG BAROQUE BLACK WHITE
0.05572302641396806,0.11875839426951201,0.033218922548873306,0.5961435457953937,5.0198013324641035,1.0,0.026601345408112854,2.182066416311434,0.8480445370690801,0.23515740545108813,0.5417188072165098,0.4379310340185815,85099C,85099B,JUMBO  BAG BAROQUE BLACK WHITE,JUMBO BAG RED RETROSPOT
0.0694224742575735,0.051783315922996564,0.018027160125354425,0.2596732588134136,5.014612412993327,1.0,0.0144322342087184,1.2808083665291,0.8603074662454288,0.1747179635522129,0.21924307637845206,0.3039000299830757,21931,22355,JUMBO STORAGE BAG SUKI,CHARLOTTE BAG SUKI DESIGN
0.051783315922996564,0.0694224742575735,0.018027160125354425,0.3481268011527378,5.014612412993327,1.0,0.0144322342087184,1.42754377291168,0.8443036351925157,0.1747179635522129,0.29949608623183815,0.3039000299830757,22355,21931,CHARLOTTE BAG SUKI DESIGN,JUMBO STORAGE BAG SUKI
0.11875839426951201,0.03718847933144307,0.02202656319952246,0.18547373711987938,4.987397722473161,1.0,0.017610119108795345,1.1820509227831497,0.9072365965819111,0.16447515043458882,0.15401275805826464,0.3888845411121066,85099B,22385,JUMBO BAG RED RETROSPOT,JUMBO BAG SPACEBOY DESIGN
0.03718847933144307,0.11875839426951201,0.02202656319952246,0.5922953451043338,4.98739772247316,1.0,0.017610119108795345,2.161470552638165,0.8303750193954402,0.16447515043458882,0.5373520130637643,0.3888845411121066,22385,85099B,JUMBO BAG SPACEBOY DESIGN,JUMBO BAG RED RETROSPOT
0.07154156096105059,0.051783315922996564,0.017997313833756155,0.25156445556946183,4.858021373979723,1.0,0.014292654580885755,1.2669316564841568,0.8553477949074224,0.17086993482572965,0.21069144110339372,0.29955744392305944,22383,22355,LUNCH BAG SUKI  DESIGN,CHARLOTTE BAG SUKI DESIGN
0.051783315922996564,0.07154156096105059,0.017997313833756155,0.34755043227665705,4.858021373979723,1.0,0.014292654580885755,1.4230347983503333,0.8375246837891124,0.17086993482572965,0.2972764958669601,0.29955744392305944,22355,22383,CHARLOTTE BAG SUKI DESIGN,LUNCH BAG SUKI  DESIGN
0.0694224742575735,0.11875839426951201,0.03963587524250112,0.5709372312983663,4.807552634996673,1.0,0.03139137367345515,2.0538757263818788,0.8510778899297757,0.2668274060679124,0.5131156246918568,0.4523447151716762,21931,85099B,JUMBO STORAGE BAG SUKI,JUMBO BAG RED RETROSPOT
0.11875839426951201,0.0694224742575735,0.03963587524250112,0.33375219904498615,4.807552634996672,1.0,0.03139137367345515,1.3967438607805034,0.8987251077057671,0.2668274060679124,0.2840491173226294,0.4523447151716762,85099B,21931,JUMBO BAG RED RETROSPOT,JUMBO STORAGE BAG SUKI
0.11875839426951201,0.04811222205640949,0.027339203104014328,0.23020859512440314,4.784825669753801,1.0,0.02162547286785694,1.236552879019767,0.8976039768960938,0.19593582887700536,0.19130025333593978,0.39922340426195346,85099B,21929,JUMBO BAG RED RETROSPOT,JUMBO BAG PINK VINTAGE PAISLEY
0.04811222205640949,0.11875839426951201,0.027339203104014328,0.5682382133995038,4.7848256697538005,1.0,0.02162547286785694,2.041036592582682,0.8309865808119042,0.19593582887700536,0.5100528801717258,0.39922340426195346,21929,85099B,JUMBO BAG PINK VINTAGE PAISLEY,JUMBO BAG RED RETROSPOT
0.06536337860020892,0.055335024623190565,0.017191463960602896,0.263013698630137,4.753114332579687,1.0,0.013574579796305409,1.2817944833179757,0.8448327478844005,0.1660899653979239,0.21984373234977536,0.28684665514031127,22411,85099F,JUMBO SHOPPER VINTAGE RED PAISLEY,JUMBO BAG STRAWBERRY
0.055335024623190565,0.06536337860020892,0.017191463960602896,0.31067961165048547,4.753114332579687,1.0,0.013574579796305409,1.3558812958334998,0.8358641907048752,0.1660899653979239,0.26247231002233806,0.28684665514031127,85099F,22411,JUMBO BAG STRAWBERRY,JUMBO SHOPPER VINTAGE RED PAISLEY
0.02912998059991046,0.11875839426951201,0.016296075212654828,0.5594262295081968,4.710624734775605,1.0,0.012836645491507426,2.0002135050998984,0.8113484986121711,0.1238376048990701,0.5000533705775294,0.34832331832283425,23199,85099B,JUMBO BAG APPLES,JUMBO BAG RED RETROSPOT
0.11875839426951201,0.02912998059991046,0.016296075212654828,0.13722040713747172,4.710624734775604,1.0,0.012836645491507426,1.1252816216699553,0.8938682961239353,0.1238376048990701,0.11133357130993853,0.34832331832283425,85099B,23199,JUMBO BAG RED RETROSPOT,JUMBO BAG APPLES
0.11520668556931801,0.030681987763020446,0.01653484554544098,0.14352331606217616,4.677771113485615,1.0,0.013000075428585021,1.1317506131986512,0.8885950656779107,0.1278264882325796,0.116413114039573,0.341216910949376,22423,22698,REGENCY CAKESTAND 3 TIER,PINK REGENCY TEACUP AND SAUCER
0.030681987763020446,0.11520668556931801,0.01653484554544098,0.5389105058365758,4.677771113485615,1.0,0.013000075428585021,1.9189188338285676,0.8111094227305989,0.1278264882325796,0.47887321632836816,0.341216910949376,22698,22423,PINK REGENCY TEACUP AND SAUCER,REGENCY CAKESTAND 3 TIER
0.11875839426951201,0.03930756603492016,0.021698253991941502,0.1827092234229706,4.648194784196378,1.0,0.017030150566991573,1.1754597769824886,0.8906328425621844,0.1591157802582622,0.14926906085456162,0.3673606861230267,85099B,21930,JUMBO BAG RED RETROSPOT,JUMBO STORAGE BAG SKULLS
0.03930756603492016,0.11875839426951201,0.021698253991941502,0.5520121488230828,4.648194784196378,1.0,0.017030150566991573,1.9671104995712758,0.8169760565891344,0.1591157802582622,0.4916401492351619,0.3673606861230267,21930,85099B,JUMBO STORAGE BAG SKULLS,JUMBO BAG RED RETROSPOT
0.11520668556931801,0.040352186240859574,0.021519176242351886,0.18678756476683936,4.62893295674035,1.0,0.016870334610066616,1.1800702647691246,0.8860459028695784,0.16054330883990203,0.15259283293978643,0.3600357942177392,22423,22697,REGENCY CAKESTAND 3 TIER,GREEN REGENCY TEACUP AND SAUCER
0.040352186240859574,0.11520668556931801,0.021519176242351886,0.533284023668639,4.62893295674035,1.0,0.016870334610066616,1.8957853583364215,0.8169325036720883,0.16054330883990203,0.4725141242374009,0.3600357942177392,22697,22423,GREEN REGENCY TEACUP AND SAUCER,REGENCY CAKESTAND 3 TIER
0.11520668556931801,0.04238173406954186,0.022205640949112072,0.1927461139896373,4.547858133255492,1.0,0.017322981838279912,1.1862665296827886,0.8816932264774745,0.16402116402116398,0.15701912261875633,0.35834488798073416,22423,22699,REGENCY CAKESTAND 3 TIER,ROSES REGENCY TEACUP AND SAUCER
0.04238173406954186,0.11520668556931801,0.022205640949112072,0.523943661971831,4.547858133255491,1.0,0.017322981838279912,1.8585895066443319,0.8146422221887091,0.16402116402116398,0.46195757781636687,0.35834488798073416,22699,22423,ROSES REGENCY TEACUP AND SAUCER,REGENCY CAKESTAND 3 TIER
0.06536337860020892,0.11875839426951201,0.03471123712878675,0.5310502283105023,4.47168582546956,1.0,0.026948787242195755,1.8791812235148673,0.830665817850376,0.232321214542549,0.4678533461878812,0.4116673609509285,22411,85099B,JUMBO SHOPPER VINTAGE RED PAISLEY,JUMBO BAG RED RETROSPOT
0.11875839426951201,0.06536337860020892,0.03471123712878675,0.2922844935913546,4.47168582546956,1.0,0.026948787242195755,1.3206388908202304,0.8809964128559413,0.232321214542549,0.24279073791404557,0.4116673609509285,85099B,22411,JUMBO BAG RED RETROSPOT,JUMBO SHOPPER VINTAGE RED PAISLEY
0.056588568870317865,0.06228921056558723,0.01563945679749291,0.27637130801687765,4.436904971301143,1.0,0.012114599515524448,1.295845230880209,0.8210814921540126,0.15148886961549582,0.22830290518510044,0.263724705278204,22138,22139,BAKING SET 9 PIECE RETROSPOT,RETROSPOT TEA SET CERAMIC 11 PC
0.06228921056558723,0.056588568870317865,0.01563945679749291,0.25107810253953045,4.436904971301143,1.0,0.012114599515524448,1.2596926786741183,0.826073107310974,0.15148886961549582,0.2061555830803558,0.263724705278204,22139,22138,RETROSPOT TEA SET CERAMIC 11 PC,BAKING SET 9 PIECE RETROSPOT
0.09118042083271154,0.041158036114012836,0.016594538128637516,0.18199672667757774,4.421900164852968,1.0,0.012841731075113886,1.1721737493684237,0.8514923036939905,0.14337287261474987,0.14688415387325662,0.2925937222945539,20725,20723,LUNCH BAG RED RETROSPOT,STRAWBERRY CHARLOTTE BAG
0.041158036114012836,0.09118042083271154,0.016594538128637516,0.40319071791153005,4.421900164852967,1.0,0.012841731075113886,1.5227973264540593,0.8070703059043147,0.14337287261474987,0.3433137932225226,0.2925937222945539,20723,20725,STRAWBERRY CHARLOTTE BAG,LUNCH BAG RED RETROSPOT
0.051783315922996564,0.06998955379794061,0.01599761229667214,0.30893371757925076,4.413997529847674,1.0,0.012373321121043817,1.3457615714433473,0.815686968838527,0.15124153498871332,0.25692632244842095,0.2687525730753397,22355,20727,CHARLOTTE BAG SUKI DESIGN,LUNCH BAG  BLACK SKULL.
0.06998955379794061,0.051783315922996564,0.01599761229667214,0.22857142857142856,4.413997529847674,1.0,0.012373321121043817,1.2291697756553748,0.8316551668806161,0.15124153498871332,0.18644273573452044,0.2687525730753397,20727,22355,LUNCH BAG  BLACK SKULL.,CHARLOTTE BAG SUKI DESIGN
0.06688553947172064,0.06270705864796298,0.018385315624533653,0.2748772869254797,4.383514278171441,1.0,0.014191120178179823,1.292599065581486,0.8272002714212604,0.16532474503489,0.22636490569475853,0.2840355021014833,22386,22384,JUMBO BAG PINK POLKADOT,LUNCH BAG PINK POLKADOT
0.06270705864796298,0.06688553947172064,0.018385315624533653,0.29319371727748694,4.383514278171441,1.0,0.014191120178179823,1.3201841626733437,0.8235125871135615,0.16532474503489,0.24252992251094546,0.2840355021014833,22384,22386,LUNCH BAG PINK POLKADOT,JUMBO BAG PINK POLKADOT
0.16146843754663484,0.05238024175496195,0.03706909416504999,0.2295748613678373,4.3828522678799935,1.0,0.028611338370561283,1.2299958954188235,0.9204639538212741,0.2096910349485058,0.18698915685446893,0.4686335845300725,85123A,21733,WHITE HANGING HEART T-LIGHT HOLDER,RED HANGING HEART T-LIGHT HOLDER
0.05238024175496195,0.16146843754663484,0.03706909416504999,0.7076923076923076,4.3828522678799935,1.0,0.028611338370561283,2.8686606083930903,0.8145018829168094,0.2096910349485058,0.6514052596273631,0.4686335845300725,21733,85123A,RED HANGING HEART T-LIGHT HOLDER,WHITE HANGING HEART T-LIGHT HOLDER
0.07154156096105059,0.0694224742575735,0.021608715117146696,0.3020442219440968,4.350813265794051,1.0,0.016642122942981535,1.3332900951611455,0.8295017643042915,0.1810452613153288,0.24997567773940677,0.30665409721452475,22383,21931,LUNCH BAG SUKI  DESIGN,JUMBO STORAGE BAG SUKI
0.0694224742575735,0.07154156096105059,0.021608715117146696,0.3112639724849527,4.35081326579405,1.0,0.016642122942981535,1.3480613790290863,0.8276128446703839,0.1810452613153288,0.2581940143406307,0.30665409721452475,21931,22383,JUMBO STORAGE BAG SUKI,LUNCH BAG SUKI  DESIGN
0.09118042083271154,0.04727652589165796,0.018594239665721535,0.20392798690671032,4.313514647291243,1.0,0.01428354613941158,1.1967805153786943,0.8452398084379044,0.15512948207171315,0.16442489901034835,0.2986180338573956,20725,22356,LUNCH BAG RED RETROSPOT,CHARLOTTE BAG PINK POLKADOT
0.04727652589165796,0.09118042083271154,0.018594239665721535,0.39330808080808083,4.313514647291243,1.0,0.01428354613941158,1.4979918973995683,0.8062890312626232,0.15512948207171315,0.33243964687930205,0.2986180338573956,22356,20725,CHARLOTTE BAG PINK POLKADOT,LUNCH BAG RED RETROSPOT
0.06073720340247724,0.06998955379794061,0.017698850917773467,0.2914004914004914,4.1634854858735455,1.0,0.013447881152699324,1.3124627309439605,0.8089499836831672,0.1565883284922102,0.23807360283611886,0.27213947810962735,20724,20727,RED RETROSPOT CHARLOTTE BAG,LUNCH BAG  BLACK SKULL.
0.06998955379794061,0.06073720340247724,0.017698850917773467,0.2528784648187633,4.1634854858735455,1.0,0.013447881152699324,1.2571753755828714,0.8169979456517739,0.1565883284922102,0.20456602998896298,0.27213947810962735,20727,20724,LUNCH BAG  BLACK SKULL.,RED RETROSPOT CHARLOTTE BAG
0.09118042083271154,0.06073720340247724,0.02289210565587226,0.25106382978723407,4.133608657012913,1.0,0.017354061889432386,1.2541293022751014,0.8341376527232752,0.17742308582003238,0.20263405201847084,0.31398400334570553,20725,20724,LUNCH BAG RED RETROSPOT,RED RETROSPOT CHARLOTTE BAG
0.06073720340247724,0.09118042083271154,0.02289210565587226,0.37690417690417694,4.133608657012912,1.0,0.017354061889432386,1.4585550817077542,0.8071017326159432,0.17742308582003238,0.3143899654244482,0.31398400334570553,20724,20725,RED RETROSPOT CHARLOTTE BAG,LUNCH BAG RED RETROSPOT
0.06073720340247724,0.06157289956722877,0.01543053275630503,0.25405405405405407,4.126069355831838,1.0,0.011690767031209953,1.2580363302903093,0.8066311042600518,0.14437308014521083,0.20511039631960695,0.25232998388597033,20724,20728,RED RETROSPOT CHARLOTTE BAG,LUNCH BAG CARS BLUE
0.06157289956722877,0.06073720340247724,0.01543053275630503,0.2506059137178866,4.126069355831838,1.0,0.011690767031209953,1.2533629685515457,0.8073494323218571,0.14437308014521083,0.20214652491635815,0.25232998388597033,20728,20724,LUNCH BAG CARS BLUE,RED RETROSPOT CHARLOTTE BAG
0.04676913893448739,0.11875839426951201,0.02289210565587226,0.4894703254626675,4.1215640247867995,1.0,0.01733787781464482,1.7261319952245933,0.7945332967892567,0.16049382716049385,0.4206700282675159,0.3411161629826532,22379,85099B,RECYCLING BAG RETROSPOT,JUMBO BAG RED RETROSPOT
0.11875839426951201,0.04676913893448739,0.02289210565587226,0.19276200050263886,4.1215640247867995,1.0,0.01733787781464482,1.1808547933311566,0.8594392885204659,0.16049382716049385,0.153155827755054,0.3411161629826532,85099B,22379,JUMBO BAG RED RETROSPOT,RECYCLING BAG RETROSPOT
0.11875839426951201,0.03617370541710192,0.017101925085808087,0.14400603166624779,3.9809588209386404,1.0,0.012805993915694714,1.1259732313991049,0.8497150262099284,0.12407968817669988,0.11187941940908656,0.3083891544469853,85099B,20718,JUMBO BAG RED RETROSPOT,RED RETROSPOT SHOPPER BAG
0.03617370541710192,0.11875839426951201,0.017101925085808087,0.47277227722772275,3.9809588209386404,1.0,0.012805993915694714,1.6714629517141648,0.7769078705562922,0.12407968817669988,0.40172170793588197,0.3083891544469853,20718,85099B,RED RETROSPOT SHOPPER BAG,JUMBO BAG RED RETROSPOT
0.051783315922996564,0.09118042083271154,0.018773317415311148,0.3625360230547551,3.9760292806708897,1.0,0.014051692877339069,1.4256799004116145,0.7893689390106654,0.15116558519586637,0.2985802775845507,0.2842140017074103,22355,20725,CHARLOTTE BAG SUKI DESIGN,LUNCH BAG RED RETROSPOT
0.09118042083271154,0.051783315922996564,0.018773317415311148,0.20589198036006545,3.9760292806708897,1.0,0.014051692877339069,1.194065115356655,0.8235878880909308,0.15116558519586637,0.16252473408762963,0.2842140017074103,20725,22355,LUNCH BAG RED RETROSPOT,CHARLOTTE BAG SUKI DESIGN
0.03671093866587077,0.11875839426951201,0.017221310252201163,0.4691056910569105,3.950084488278911,1.0,0.01286157812411581,1.659919104209035,0.7753029572819157,0.12456822107081172,0.3975610031450853,0.3070585002155626,23203,85099B,JUMBO BAG VINTAGE DOILY,JUMBO BAG RED RETROSPOT
0.11875839426951201,0.03671093866587077,0.017221310252201163,0.1450113093742146,3.950084488278911,1.0,0.01286157812411581,1.126668775734421,0.8474870604305978,0.12456822107081172,0.11242769699715136,0.3070585002155626,85099B,23203,JUMBO BAG RED RETROSPOT,JUMBO BAG VINTAGE DOILY
0.07154156096105059,0.06073720340247724,0.016952693627816744,0.2369628702544848,3.9014451930597116,1.0,0.012607459287994689,1.2309529379137574,0.8009887067680611,0.14699792960662525,0.18762125732051202,0.25803917468498194,22383,20724,LUNCH BAG SUKI  DESIGN,RED RETROSPOT CHARLOTTE BAG
0.06073720340247724,0.07154156096105059,0.016952693627816744,0.2791154791154791,3.901445193059711,1.0,0.012607459287994689,1.287943369764323,0.7917749186571607,0.14699792960662525,0.22356834665565542,0.25803917468498194,20724,22383,RED RETROSPOT CHARLOTTE BAG,LUNCH BAG SUKI  DESIGN
0.0694224742575735,0.06073720340247724,0.016325921504253098,0.2351676698194325,3.871888342653605,1.0,0.012109394564567616,1.2280636677267216,0.7970621134215109,0.143418982695333,0.18570997068001543,0.2519818693077507,21931,20724,JUMBO STORAGE BAG SUKI,RED RETROSPOT CHARLOTTE BAG
0.06073720340247724,0.0694224742575735,0.016325921504253098,0.2687960687960688,3.871888342653605,1.0,0.012109394564567616,1.2726648285523106,0.7896917583212357,0.143418982695333,0.21424716267398844,0.2519818693077507,20724,21931,RED RETROSPOT CHARLOTTE BAG,JUMBO STORAGE BAG SUKI
0.06324429189673184,0.09300104462020593,0.02259364273988957,0.3572439830108542,3.841290003459137,1.0,0.016711857527228285,1.4111092411525579,0.7896090533680383,0.1690486824475212,0.29133764358085723,0.30009182462481093,21080,21212,SET/20 RED RETROSPOT PAPER NAPKINS,PACK OF 72 RETROSPOT CAKE CASES
0.09300104462020593,0.06324429189673184,0.02259364273988957,0.24293966623876767,3.8412900034591364,1.0,0.016711857527228285,1.2373593838278014,0.8155144871173533,0.1690486824475212,0.1918273598843405,0.30009182462481093,21212,21080,PACK OF 72 RETROSPOT CAKE CASES,SET/20 RED RETROSPOT PAPER NAPKINS
0.04691837039247874,0.09118042083271154,0.016146843754663482,0.34414758269720097,3.7743583496791224,1.0,0.011868806997492237,1.3857074475761177,0.7712396096424855,0.1324033284385707,0.278346954294572,0.2606171628706954,20719,20725,WOODLAND CHARLOTTE BAG,LUNCH BAG RED RETROSPOT
0.09118042083271154,0.04691837039247874,0.016146843754663482,0.17708674304418984,3.774358349679122,1.0,0.011868806997492237,1.158179943695695,0.8088011315176844,0.1324033284385707,0.1365763105782601,0.2606171628706954,20725,20719,LUNCH BAG RED RETROSPOT,WOODLAND CHARLOTTE BAG
0.04691837039247874,0.09300104462020593,0.016236382629458288,0.34605597964376583,3.7209902432491577,1.0,0.011872925171080025,1.3869672741799963,0.7672525747843371,0.13127413127413126,0.2790024547686457,0.2603193890516647,20719,21212,WOODLAND CHARLOTTE BAG,PACK OF 72 RETROSPOT CAKE CASES
0.09300104462020593,0.04691837039247874,0.016236382629458288,0.17458279845956354,3.7209902432491577,1.0,0.011872925171080025,1.154666546600714,0.8062350347358661,0.13127413127413126,0.13394910163115512,0.2603193890516647,21212,20719,PACK OF 72 RETROSPOT CAKE CASES,WOODLAND CHARLOTTE BAG
0.04727652589165796,0.09300104462020593,0.016355767795851364,0.3459595959595959,3.7199538711894293,1.0,0.011959001501912961,1.3867628815845499,0.7674624191977594,0.13198458574181116,0.2788961881807977,0.26091304573332813,22356,21212,CHARLOTTE BAG PINK POLKADOT,PACK OF 72 RETROSPOT CAKE CASES
0.09300104462020593,0.04727652589165796,0.016355767795851364,0.17586649550706032,3.7199538711894293,1.0,0.011959001501912961,1.1560305083028013,0.8061524855444957,0.13198458574181116,0.1349709260976804,0.26091304573332813,21212,22356,PACK OF 72 RETROSPOT CAKE CASES,CHARLOTTE BAG PINK POLKADOT
0.09300104462020593,0.06073720340247724,0.020444709744814205,0.2198331193838254,3.6194145773734987,1.0,0.014796086381073895,1.2039254932940686,0.7979195795251499,0.15338110165696373,0.16938381521941756,0.278221227996581,21212,20724,PACK OF 72 RETROSPOT CAKE CASES,RED RETROSPOT CHARLOTTE BAG
0.06073720340247724,0.09300104462020593,0.020444709744814205,0.33660933660933656,3.6194145773734987,1.0,0.014796086381073895,1.367216943850282,0.7705109025163578,0.15338110165696373,0.2685871803315615,0.278221227996581,20724,21212,RED RETROSPOT CHARLOTTE BAG,PACK OF 72 RETROSPOT CAKE CASES
0.051783315922996564,0.09300104462020593,0.016713923295030592,0.3227665706051873,3.470569302993197,1.0,0.01189802082029377,1.339270797943781,0.750738567381627,0.13050570962479613,0.25332501721434736,0.251242078627369,22355,21212,CHARLOTTE BAG SUKI DESIGN,PACK OF 72 RETROSPOT CAKE CASES
0.09300104462020593,0.051783315922996564,0.016713923295030592,0.1797175866495507,3.470569302993197,1.0,0.01189802082029377,1.1559636884131232,0.7848551872623084,0.13050570962479613,0.13492092353456708,0.251242078627369,21212,22355,PACK OF 72 RETROSPOT CAKE CASES,CHARLOTTE BAG SUKI DESIGN
0.07240710341740039,0.06073720340247724,0.015161916131920609,0.20939818631492166,3.4476099422513267,1.0,0.010764111163873756,1.1880352161343015,0.7653616019931934,0.12850999241082722,0.15827410970706865,0.22951481797318563,21232,20724,STRAWBERRY CERAMIC TRINKET BOX,RED RETROSPOT CHARLOTTE BAG
0.06073720340247724,0.07240710341740039,0.015161916131920609,0.24963144963144962,3.4476099422513267,1.0,0.010764111163873756,1.2361830678098167,0.7558523428136783,0.12850999241082722,0.19105832619780944,0.22951481797318563,20724,21232,RED RETROSPOT CHARLOTTE BAG,STRAWBERRY CERAMIC TRINKET BOX
0.06345321593791971,0.07240710341740039,0.015699149380689448,0.24741298212605833,3.416971131959433,1.0,0.011104685812105858,1.2325390613341292,0.7552672908439286,0.13065076999503225,0.18866668702769024,0.23211539460795907,84991,21232,60 TEATIME FAIRY CAKE CASES,STRAWBERRY CERAMIC TRINKET BOX
0.07240710341740039,0.06345321593791971,0.015699149380689448,0.21681780708985982,3.4169711319594325,1.0,0.011104685812105858,1.1958223674392667,0.7625577502297898,0.13065076999503225,0.16375539776747997,0.23211539460795907,21232,84991,STRAWBERRY CERAMIC TRINKET BOX,60 TEATIME FAIRY CAKE CASES
0.11875839426951201,0.06073720340247724,0.024414266527383974,0.2055792912792159,3.3847342281622255,1.0,0.017201213778885033,1.1823241593361415,0.7995035911327252,0.1574287913779831,0.154208266740074,0.30377244662240893,85099B,20724,JUMBO BAG RED RETROSPOT,RED RETROSPOT CHARLOTTE BAG
0.06073720340247724,0.11875839426951201,0.024414266527383974,0.401965601965602,3.3847342281622255,1.0,0.017201213778885033,1.4735634081031577,0.7501157620522668,0.1574287913779831,0.3213729422833264,0.30377244662240893,20724,85099B,RED RETROSPOT CHARLOTTE BAG,JUMBO BAG RED RETROSPOT
0.06998955379794061,0.0694224742575735,0.015818534547082524,0.22601279317697223,3.255614202663136,1.0,0.010959686550245935,1.2023164175570191,0.7449790490953567,0.12798840859695723,0.16827219075000657,0.22693588927980166,20727,21931,LUNCH BAG  BLACK SKULL.,JUMBO STORAGE BAG SUKI
0.0694224742575735,0.06998955379794061,0.015818534547082524,0.22785898538263108,3.255614202663136,1.0,0.010959686550245935,1.2044567360055622,0.7445250703938971,0.12798840859695723,0.1697501702581853,0.22693588927980166,21931,20727,JUMBO STORAGE BAG SUKI,LUNCH BAG  BLACK SKULL.
0.09118042083271154,0.0694224742575735,0.02056409491120728,0.225531914893617,3.248687363934066,1.0,0.014234124493153647,1.2015698821399463,0.7616290237630511,0.146845694799659,0.1677554382279944,0.26087429794551875,20725,21931,LUNCH BAG RED RETROSPOT,JUMBO STORAGE BAG SUKI
0.0694224742575735,0.09118042083271154,0.02056409491120728,0.29621668099742043,3.248687363934066,1.0,0.014234124493153647,1.2913343562267032,0.7438212827090319,0.146845694799659,0.22560722157039642,0.26087429794551875,21931,20725,JUMBO STORAGE BAG SUKI,LUNCH BAG RED RETROSPOT
0.06688553947172064,0.07154156096105059,0.015460379047903297,0.23114680946006244,3.230944451797827,1.0,0.010675283148374438,1.2075887184482215,0.7399874354358744,0.12572815533980583,0.17190349270153635,0.22362513606086143,22386,22383,JUMBO BAG PINK POLKADOT,LUNCH BAG SUKI  DESIGN
0.07154156096105059,0.06688553947172064,0.015460379047903297,0.2161034626616604,3.230944451797827,1.0,0.010675283148374438,1.190354104250285,0.7436983149500829,0.12572815533980583,0.15991384712381435,0.22362513606086143,22383,22386,LUNCH BAG SUKI  DESIGN,JUMBO BAG PINK POLKADOT
0.11875839426951201,0.04727652589165796,0.01787792866736308,0.15054033676803216,3.1842512521546196,1.0,0.01226344436582877,1.1215641134547611,0.7783954200349948,0.12066881547139403,0.10838801990579612,0.2643484512122989,85099B,22356,JUMBO BAG RED RETROSPOT,CHARLOTTE BAG PINK POLKADOT
0.04727652589165796,0.11875839426951201,0.01787792866736308,0.37815656565656564,3.1842512521546196,1.0,0.01226344436582877,1.4171438613980638,0.7199932073541948,0.12066881547139403,0.2943553387632335,0.2643484512122989,22356,85099B,CHARLOTTE BAG PINK POLKADOT,JUMBO BAG RED RETROSPOT
0.041158036114012836,0.11875839426951201,0.015370840173108491,0.3734590282813633,3.1446958387954456,1.0,0.010482977892921741,1.406518720257341,0.7112790716650277,0.10633904604583935,0.289024749121692,0.2514442665910461,20723,85099B,STRAWBERRY CHARLOTTE BAG,JUMBO BAG RED RETROSPOT
0.11875839426951201,0.041158036114012836,0.015370840173108491,0.12942950490072883,3.144695838795445,1.0,0.010482977892921741,1.1013949694868195,0.7739128719200258,0.10633904604583935,0.09206049809185454,0.2514442665910461,85099B,20723,JUMBO BAG RED RETROSPOT,STRAWBERRY CHARLOTTE BAG
0.055335024623190565,0.09118042083271154,0.015848380838680794,0.2864077669902913,3.141110387237221,1.0,0.010802910006749822,1.2735839000575608,0.721569297352642,0.12128825947921423,0.21481419484432543,0.23011059380611126,85099F,20725,JUMBO BAG STRAWBERRY,LUNCH BAG RED RETROSPOT
0.09118042083271154,0.055335024623190565,0.015848380838680794,0.17381342062193125,3.141110387237221,1.0,0.010802910006749822,1.143403922256796,0.7500292226767972,0.12128825947921423,0.12541842778862616,0.23011059380611126,20725,85099F,LUNCH BAG RED RETROSPOT,JUMBO BAG STRAWBERRY
0.11875839426951201,0.09118042083271154,0.032980152216087154,0.27770796682583565,3.0456973579376836,1.0,0.02215171184917597,1.2582439476362703,0.7621836785923474,0.1863720694889526,0.2052415575861945,0.3197050472427051,85099B,20725,JUMBO BAG RED RETROSPOT,LUNCH BAG RED RETROSPOT
0.09118042083271154,0.11875839426951201,0.032980152216087154,0.3617021276595745,3.0456973579376836,1.0,0.02215171184917597,1.3806118489777643,0.7390553462764415,0.1863720694889526,0.27568345821425333,0.3197050472427051,20725,85099B,LUNCH BAG RED RETROSPOT,JUMBO BAG RED RETROSPOT
0.06688553947172064,0.09118042083271154,0.018265930458140577,0.27309236947791166,2.9950768704934303,1.0,0.01216727882148615,1.2502545591859384,0.7138660703534229,0.13065755764304013,0.20016288470796156,0.23670985086006877,22386,20725,JUMBO BAG PINK POLKADOT,LUNCH BAG RED RETROSPOT
0.09118042083271154,0.06688553947172064,0.018265930458140577,0.20032733224222588,2.9950768704934303,1.0,0.01216727882148615,1.1668705185893957,0.7329493866512121,0.13065755764304013,0.1430068854521423,0.23670985086006877,20725,22386,LUNCH BAG RED RETROSPOT,JUMBO BAG PINK POLKADOT
0.11875839426951201,0.051783315922996564,0.018295776749738844,0.15405880874591604,2.9750665054939005,1.0,0.012146073300772917,1.1209014218486026,0.7533383080734329,0.12017251519309938,0.10786088722165305,0.25368646489169,85099B,22355,JUMBO BAG RED RETROSPOT,CHARLOTTE BAG SUKI DESIGN
0.051783315922996564,0.11875839426951201,0.018295776749738844,0.35331412103746396,2.9750665054939005,1.0,0.012146073300772917,1.362704265545808,0.7001280102038457,0.12017251519309938,0.2661650621608152,0.25368646489169,22355,85099B,CHARLOTTE BAG SUKI DESIGN,JUMBO BAG RED RETROSPOT
0.06025966273690494,0.09300104462020593,0.016654230711834056,0.2763744427934621,2.971734822142153,1.0,0.011050019128840599,1.2534092340258756,0.7060420777556711,0.12191391741315274,0.20217597505001644,0.22772509045963224,20914,21212,SET/5 RED RETROSPOT LID GLASS BOWLS,PACK OF 72 RETROSPOT CAKE CASES
0.09300104462020593,0.06025966273690494,0.016654230711834056,0.17907573812580233,2.971734822142153,1.0,0.011050019128840599,1.1447345156027382,0.7315292000465647,0.12191391741315274,0.12643500622197187,0.22772509045963224,21212,20914,PACK OF 72 RETROSPOT CAKE CASES,SET/5 RED RETROSPOT LID GLASS BOWLS
0.11875839426951201,0.04691837039247874,0.016236382629458288,0.1367177682834883,2.9139496350752387,1.0,0.0106644322999053,1.1040209036996587,0.745338355825972,0.10864789294987016,0.09422004905077117,0.24138687396362707,85099B,20719,JUMBO BAG RED RETROSPOT,WOODLAND CHARLOTTE BAG
0.04691837039247874,0.11875839426951201,0.016236382629458288,0.34605597964376583,2.9139496350752387,1.0,0.0106644322999053,1.347579576078139,0.6891573073033428,0.10864789294987016,0.25792879489143045,0.24138687396362707,20719,85099B,WOODLAND CHARLOTTE BAG,JUMBO BAG RED RETROSPOT
0.09300104462020593,0.07240710341740039,0.01898224145649903,0.20410783055198975,2.818892358880633,1.0,0.01224830520075751,1.1654755910287824,0.7114128726237627,0.1296371789645332,0.14198117258098447,0.2331338822999025,21212,21232,PACK OF 72 RETROSPOT CAKE CASES,STRAWBERRY CERAMIC TRINKET BOX
0.07240710341740039,0.09300104462020593,0.01898224145649903,0.2621599340478153,2.8188923588806327,1.0,0.01224830520075751,1.2292622713694863,0.6956184493118672,0.1296371789645332,0.18650395176781243,0.2331338822999025,21232,21212,STRAWBERRY CERAMIC TRINKET BOX,PACK OF 72 RETROSPOT CAKE CASES
0.03429338904641099,0.16146843754663484,0.015549917922698105,0.45343777197563095,2.8082130406734778,1.0,0.010012617975195242,1.5341923013677015,0.6667673737159703,0.08628684995031467,0.3481912279780571,0.27487045715232566,22219,85123A,LOVEBIRD HANGING DECORATION WHITE,WHITE HANGING HEART T-LIGHT HOLDER
0.16146843754663484,0.03429338904641099,0.015549917922698105,0.09630314232902033,2.8082130406734778,1.0,0.010012617975195242,1.0686178697604658,0.7678919787846212,0.08628684995031467,0.06421179329131617,0.27487045715232566,85123A,22219,WHITE HANGING HEART T-LIGHT HOLDER,LOVEBIRD HANGING DECORATION WHITE
0.038680793911356516,0.16146843754663484,0.01737054171019251,0.44907407407407407,2.7811879578284384,1.0,0.011124814354262387,1.5220404831086292,0.6662109873240911,0.09503592423252775,0.3429872522460171,0.2783263161497912,22189,85123A,CREAM HEART CARD HOLDER,WHITE HANGING HEART T-LIGHT HOLDER
0.16146843754663484,0.038680793911356516,0.01737054171019251,0.10757855822550831,2.781187957828438,1.0,0.011124814354262387,1.0772031700371918,0.7637654276818527,0.09503592423252775,0.0716700174903181,0.2783263161497912,85123A,22189,WHITE HANGING HEART T-LIGHT HOLDER,CREAM HEART CARD HOLDER
0.06270705864796298,0.11875839426951201,0.02038501716161767,0.32508329366968114,2.7373500262384183,1.0,0.012938027567221469,1.305704240930716,0.6771449506203854,0.12655178803038725,0.2341297756012554,0.2483672311525083,22384,85099B,LUNCH BAG PINK POLKADOT,JUMBO BAG RED RETROSPOT
0.11875839426951201,0.06270705864796298,0.02038501716161767,0.1716511686353355,2.7373500262384183,1.0,0.012938027567221469,1.1315196036528383,0.7202147269959556,0.12655178803038725,0.11623272210950568,0.2483672311525083,85099B,22384,JUMBO BAG RED RETROSPOT,LUNCH BAG PINK POLKADOT
0.09300104462020593,0.09118042083271154,0.022981644530667065,0.24711168164313224,2.7101397359912096,1.0,0.014501770144314904,1.207110745390141,0.6957178199733072,0.14256619144602853,0.17157559584410986,0.24957875407852192,21212,20725,PACK OF 72 RETROSPOT CAKE CASES,LUNCH BAG RED RETROSPOT
0.09118042083271154,0.09300104462020593,0.022981644530667065,0.2520458265139116,2.7101397359912096,1.0,0.014501770144314904,1.212639741218937,0.6943240995457743,0.14256619144602853,0.17535277295562898,0.24957875407852192,20725,21212,LUNCH BAG RED RETROSPOT,PACK OF 72 RETROSPOT CAKE CASES
0.09118042083271154,0.06536337860020892,0.016057304879868676,0.17610474631751227,2.694241792405593,1.0,0.010097444512053775,1.1344119500899332,0.6919283852497543,0.11429785425961334,0.11848601390286599,0.21088342338706662,20725,22411,LUNCH BAG RED RETROSPOT,JUMBO SHOPPER VINTAGE RED PAISLEY
0.06536337860020892,0.09118042083271154,0.016057304879868676,0.24566210045662099,2.6942417924055926,1.0,0.010097444512053775,1.2047910886055457,0.6728155622179472,0.11429785425961334,0.1699805804860127,0.21088342338706662,22411,20725,JUMBO SHOPPER VINTAGE RED PAISLEY,LUNCH BAG RED RETROSPOT
0.07154156096105059,0.11875839426951201,0.02235487240710342,0.312473925740509,2.6311733807327853,1.0,0.013858711503834643,1.2817573597912497,0.6677104769412665,0.13310822818553406,0.21982113669090814,0.2503560882786485,22383,85099B,LUNCH BAG SUKI  DESIGN,JUMBO BAG RED RETROSPOT
0.11875839426951201,0.07154156096105059,0.02235487240710342,0.18823825081678813,2.6311733807327853,1.0,0.013858711503834643,1.1437573154600555,0.7034863346436673,0.13310822818553406,0.12568865223146736,0.2503560882786485,85099B,22383,JUMBO BAG RED RETROSPOT,LUNCH BAG SUKI  DESIGN
0.06798985226085659,0.09300104462020593,0.016594538128637516,0.24407374890254607,2.6244194342040457,1.0,0.010271410844804384,1.1998511151888331,0.6641165307738439,0.1149235221165771,0.16656326160715412,0.2112538192523,22197,21212,SMALL POPCORN HOLDER,PACK OF 72 RETROSPOT CAKE CASES
0.09300104462020593,0.06798985226085659,0.016594538128637516,0.17843388960205392,2.6244194342040457,1.0,0.010271410844804384,1.1344311017012385,0.6824300538508942,0.1149235221165771,0.1185008957349991,0.2112538192523,21212,22197,PACK OF 72 RETROSPOT CAKE CASES,SMALL POPCORN HOLDER
0.04196388598716609,0.16146843754663484,0.017639158334576927,0.42034139402560455,2.6032418496909204,1.0,0.010863315230844094,1.4465955543674005,0.6428396307131242,0.09493975903614457,0.30872177991912725,0.26479176910152685,84836,85123A,ZINC METAL HEART DECORATION,WHITE HANGING HEART T-LIGHT HOLDER
0.16146843754663484,0.04196388598716609,0.017639158334576927,0.10924214417744915,2.6032418496909204,1.0,0.010863315230844094,1.0755292336188902,0.7344548605182621,0.09493975903614457,0.07022517962134128,0.26479176910152685,85123A,84836,WHITE HANGING HEART T-LIGHT HOLDER,ZINC METAL HEART DECORATION
0.16146843754663484,0.05966273690493956,0.024861960901358008,0.15397412199630314,2.5807418496679024,1.0,0.015228311993561469,1.1114757687009562,0.7304608976532417,0.12667274939172748,0.10029527574068867,0.28534123808669587,85123A,82482,WHITE HANGING HEART T-LIGHT HOLDER,WOODEN PICTURE FRAME WHITE FINISH
0.05966273690493956,0.16146843754663484,0.024861960901358008,0.41670835417708857,2.5807418496679024,1.0,0.015228311993561469,1.4375854145319702,0.6513774811009911,0.12667274939172748,0.30438915845180115,0.28534123808669587,82482,85123A,WOODEN PICTURE FRAME WHITE FINISH,WHITE HANGING HEART T-LIGHT HOLDER
0.16146843754663484,0.06133412923444262,0.025100731234144157,0.155452865064695,2.534524692940441,1.0,0.015197205218375328,1.1114428454457574,0.7220344850863777,0.1269625603864734,0.10026862461025773,0.2823493035785762,85123A,82494L,WHITE HANGING HEART T-LIGHT HOLDER,WOODEN FRAME ANTIQUE WHITE
0.06133412923444262,0.16146843754663484,0.025100731234144157,0.4092457420924574,2.534524692940441,1.0,0.015197205218375328,1.419425338419823,0.6450098206200884,0.1269625603864734,0.29548953866552,0.2823493035785762,82494L,85123A,WOODEN FRAME ANTIQUE WHITE,WHITE HANGING HEART T-LIGHT HOLDER
0.11875839426951201,0.057364572451872854,0.017101925085808087,0.14400603166624779,2.510365291871817,1.0,0.010289400573466584,1.1012173711726359,0.6827317219987378,0.10754504504504503,0.09191407057523454,0.2210664913794298,85099B,20726,JUMBO BAG RED RETROSPOT,LUNCH BAG WOODLAND
0.057364572451872854,0.11875839426951201,0.017101925085808087,0.29812695109261184,2.510365291871817,1.0,0.010289400573466584,1.2555569801438087,0.6382654220224402,0.10754504504504503,0.20354072669369233,0.2210664913794298,20726,85099B,LUNCH BAG WOODLAND,JUMBO BAG RED RETROSPOT
0.11875839426951201,0.06157289956722877,0.018176391583345768,0.15305353103794922,2.485728820856272,1.0,0.010864092900223749,1.1080122945465867,0.6782515690993783,0.11209276642738818,0.0974829386625052,0.22412734719614377,85099B,20728,JUMBO BAG RED RETROSPOT,LUNCH BAG CARS BLUE
0.06157289956722877,0.11875839426951201,0.018176391583345768,0.2952011633543383,2.485728820856272,1.0,0.010864092900223749,1.250344864251717,0.6369205466964012,0.11209276642738818,0.20022065224504185,0.22412734719614377,20728,85099B,LUNCH BAG CARS BLUE,JUMBO BAG RED RETROSPOT
0.050499925384271005,0.16146843754663484,0.02011640053723325,0.3983451536643026,2.4670155958451865,1.0,0.011962256489213369,1.3937086480069683,0.6262789757765639,0.10485376477909149,0.2824899225314988,0.2614646285881587,21755,85123A,LOVE BUILDING BLOCK WORD,WHITE HANGING HEART T-LIGHT HOLDER
0.16146843754663484,0.050499925384271005,0.02011640053723325,0.1245841035120148,2.4670155958451865,1.0,0.011962256489213369,1.084627407869741,0.7091586779277389,0.10485376477909149,0.07802440474554603,0.2614646285881587,85123A,21755,WHITE HANGING HEART T-LIGHT HOLDER,LOVE BUILDING BLOCK WORD
0.06998955379794061,0.11875839426951201,0.020265631995224593,0.28955223880597014,2.438162292333257,1.0,0.01195378497054154,1.2404031005029976,0.6342455963897674,0.12028343666961913,0.19381046403827237,0.23009906486666942,20727,85099B,LUNCH BAG  BLACK SKULL.,JUMBO BAG RED RETROSPOT
0.11875839426951201,0.06998955379794061,0.020265631995224593,0.17064589092736868,2.438162292333257,1.0,0.01195378497054154,1.1213671410418165,0.6693454170393942,0.12028343666961913,0.10823140486269214,0.23009906486666942,85099B,20727,JUMBO BAG RED RETROSPOT,LUNCH BAG  BLACK SKULL.
0.16146843754663484,0.05811072974182958,0.02283241307267572,0.14140480591497226,2.4333682702522577,1.0,0.013449364336567734,1.0970120456612922,0.7024744476897361,0.1160497572815534,0.08843298124662989,0.26715848924408087,85123A,22470,WHITE HANGING HEART T-LIGHT HOLDER,HEART OF WICKER LARGE
0.05811072974182958,0.16146843754663484,0.02283241307267572,0.3929121725731895,2.4333682702522577,1.0,0.013449364336567734,1.381236000081812,0.6253887954827029,0.1160497572815534,0.27601076141892555,0.26715848924408087,22470,85123A,HEART OF WICKER LARGE,WHITE HANGING HEART T-LIGHT HOLDER
0.09300104462020593,0.06998955379794061,0.015758841963885988,0.1694480102695764,2.4210471573911114,1.0,0.009249740348175408,1.1197498262618304,0.6471403129322113,0.10703425907155889,0.10694337561239271,0.19730396249086496,21212,20727,PACK OF 72 RETROSPOT CAKE CASES,LUNCH BAG  BLACK SKULL.
0.06998955379794061,0.09300104462020593,0.015758841963885988,0.2251599147121535,2.4210471573911114,1.0,0.009249740348175408,1.1705627685006146,0.6311279515307114,0.10703425907155889,0.14571005766661302,0.19730396249086496,20727,21212,LUNCH BAG  BLACK SKULL.,PACK OF 72 RETROSPOT CAKE CASES
0.16146843754663484,0.04536636322936875,0.017639158334576927,0.10924214417744915,2.407998710964101,1.0,0.010313922546757648,1.0717094780927818,0.697311123216522,0.09323237103644108,0.06691130344428431,0.24902896682556666,85123A,84970S,WHITE HANGING HEART T-LIGHT HOLDER,HANGING HEART ZINC T-LIGHT HOLDER
0.04536636322936875,0.16146843754663484,0.017639158334576927,0.38881578947368417,2.407998710964101,1.0,0.010313922546757648,1.3719784444877448,0.6125044866896415,0.09323237103644108,0.2711255748822135,0.24902896682556666,84970S,85123A,HANGING HEART ZINC T-LIGHT HOLDER,WHITE HANGING HEART T-LIGHT HOLDER
0.11875839426951201,0.06324429189673184,0.017281002835397703,0.14551394822819805,2.3008234239668597,1.0,0.00977021228302952,1.09627969486556,0.6415641166118397,0.1049103098387389,0.08782402457738404,0.20937802177809145,85099B,21080,JUMBO BAG RED RETROSPOT,SET/20 RED RETROSPOT PAPER NAPKINS
0.06324429189673184,0.11875839426951201,0.017281002835397703,0.2732420953279849,2.3008234239668592,1.0,0.00977021228302952,1.2125655600927947,0.6035436853081366,0.1049103098387389,0.17530232351026667,0.20937802177809145,21080,85099B,SET/20 RED RETROSPOT PAPER NAPKINS,JUMBO BAG RED RETROSPOT
0.09300104462020593,0.07154156096105059,0.015281301298313685,0.16431322207958923,2.296751984053666,1.0,0.008627861395175837,1.1110124792800946,0.6224952388199679,0.10237952409518096,0.09992010112436149,0.18895677791505536,21212,22383,PACK OF 72 RETROSPOT CAKE CASES,LUNCH BAG SUKI  DESIGN
0.07154156096105059,0.09300104462020593,0.015281301298313685,0.21360033375052148,2.2967519840536657,1.0,0.008627861395175837,1.1533562313238017,0.6081074904365438,0.10237952409518096,0.1329651907700557,0.18895677791505536,22383,21212,LUNCH BAG SUKI  DESIGN,PACK OF 72 RETROSPOT CAKE CASES
0.11875839426951201,0.06798985226085659,0.018295776749738844,0.15405880874591604,2.2659088617348186,1.0,0.010221411068618165,1.101743427764127,0.6339646015528216,0.10861091424521616,0.09234766026297489,0.2115772533633004,85099B,22197,JUMBO BAG RED RETROSPOT,SMALL POPCORN HOLDER
0.06798985226085659,0.11875839426951201,0.018295776749738844,0.2690956979806848,2.2659088617348186,1.0,0.010221411068618165,1.2056867134258566,0.5994312237950687,0.10861091424521616,0.17059714694990327,0.2115772533633004,22197,85099B,SMALL POPCORN HOLDER,JUMBO BAG RED RETROSPOT
0.16146843754663484,0.06390091031189375,0.02336964632144456,0.14473197781885397,2.2649439125738917,1.0,0.01305166617557543,1.0945096337178852,0.6660309381802345,0.11569148936170212,0.08634883678168288,0.25522446625646106,85123A,22469,WHITE HANGING HEART T-LIGHT HOLDER,HEART OF WICKER SMALL
0.06390091031189375,0.16146843754663484,0.02336964632144456,0.3657169546940681,2.2649439125738913,1.0,0.01305166617557543,1.3220147829253717,0.5966120140343606,0.11569148936170212,0.2435788064433085,0.25522446625646106,22469,85123A,HEART OF WICKER SMALL,WHITE HANGING HEART T-LIGHT HOLDER
0.09300104462020593,0.07903298015221609,0.016624384420235786,0.17875481386392814,2.261774939014695,1.0,0.009274234706631686,1.1214276021280558,0.6150716682480958,0.10697138467447667,0.10827948402342781,0.19455112294404867,21212,47566,PACK OF 72 RETROSPOT CAKE CASES,PARTY BUNTING
0.07903298015221609,0.09300104462020593,0.016624384420235786,0.2103474320241692,2.261774939014695,1.0,0.009274234706631686,1.1486050855311787,0.6057430380915637,0.10697138467447667,0.1293787459268087,0.19455112294404867,47566,21212,PARTY BUNTING,PACK OF 72 RETROSPOT CAKE CASES
0.16146843754663484,0.04229219519474705,0.015370840173108491,0.09519408502772643,2.25086649178121,1.0,0.008541985494595387,1.058467665780678,0.6627379020901691,0.08159062103929024,0.055238027264210114,0.22931899029085687,85123A,84978,WHITE HANGING HEART T-LIGHT HOLDER,HANGING HEART JAR T-LIGHT HOLDER
0.04229219519474705,0.16146843754663484,0.015370840173108491,0.3634438955539873,2.25086649178121,1.0,0.008541985494595387,1.3172940399073376,0.5802674320376248,0.08159062103929024,0.2408680448669281,0.22931899029085687,84978,85123A,HANGING HEART JAR T-LIGHT HOLDER,WHITE HANGING HEART T-LIGHT HOLDER
0.06151320698403223,0.16146843754663484,0.022205640949112072,0.3609898107714702,2.235667950073587,1.0,0.012273199528917643,1.3122350419258813,0.5889335777685677,0.11059907834101382,0.2379413991777223,0.2492564580659569,21754,85123A,HOME BUILDING BLOCK WORD,WHITE HANGING HEART T-LIGHT HOLDER
0.16146843754663484,0.06151320698403223,0.022205640949112072,0.1375231053604436,2.235667950073587,1.0,0.012273199528917643,1.088129779300554,0.6591360533673195,0.11059907834101382,0.08099197446576972,0.2492564580659569,85123A,21754,WHITE HANGING HEART T-LIGHT HOLDER,HOME BUILDING BLOCK WORD
0.16146843754663484,0.06061781823608417,0.02110132815997612,0.13068391866913123,2.1558664180252296,1.0,0.011313463761909703,1.0805991076637858,0.6393908020197184,0.10498960498960497,0.07458742755954889,0.23939415037346268,85123A,22457,WHITE HANGING HEART T-LIGHT HOLDER,NATURAL SLATE HEART CHALKBOARD
0.06061781823608417,0.16146843754663484,0.02110132815997612,0.34810438207779415,2.1558664180252296,1.0,0.011313463761909703,1.2862972834915292,0.5707467936310601,0.10498960498960497,0.22257474004329927,0.23939415037346268,22457,85123A,NATURAL SLATE HEART CHALKBOARD,WHITE HANGING HEART T-LIGHT HOLDER
0.11875839426951201,0.06425906581107298,0.016027458588270406,0.13495853229454635,2.100225557142952,1.0,0.008396155115288483,1.081729569185863,0.5944574809614505,0.09597855227882035,0.07555452999900407,0.1921889735323173,85099B,22382,JUMBO BAG RED RETROSPOT,LUNCH BAG SPACEBOY DESIGN
0.06425906581107298,0.11875839426951201,0.016027458588270406,0.24941941477008822,2.100225557142952,1.0,0.008396155115288483,1.1740799363476118,0.5598351487263263,0.09597855227882035,0.14826923700710581,0.1921889735323173,22382,85099B,LUNCH BAG SPACEBOY DESIGN,JUMBO BAG RED RETROSPOT
0.11875839426951201,0.06025966273690494,0.015012684673929265,0.12641367177682836,2.0978157864698534,1.0,0.007856343888072086,1.0757269280695787,0.5938368299988056,0.09153776160145588,0.07039605135243072,0.18777345302561083,85099B,20914,JUMBO BAG RED RETROSPOT,SET/5 RED RETROSPOT LID GLASS BOWLS
0.06025966273690494,0.11875839426951201,0.015012684673929265,0.24913323427439327,2.0978157864698534,1.0,0.007856343888072086,1.1736324551252342,0.5568705533425882,0.09153776160145588,0.14794449008885546,0.18777345302561083,20914,85099B,SET/5 RED RETROSPOT LID GLASS BOWLS,JUMBO BAG RED RETROSPOT
0.11875839426951201,0.09300104462020593,0.022921951947470525,0.19301331992963056,2.075388730501371,1.0,0.01187729722298763,1.123932993913485,0.5879914806724018,0.12138454243717402,0.11026724420817638,0.2197415765245072,85099B,21212,JUMBO BAG RED RETROSPOT,PACK OF 72 RETROSPOT CAKE CASES
0.09300104462020593,0.11875839426951201,0.022921951947470525,0.24646983311938384,2.075388730501371,1.0,0.01187729722298763,1.1694841752368828,0.5712934436254347,0.12138454243717402,0.14492216211694628,0.2197415765245072,21212,85099B,PACK OF 72 RETROSPOT CAKE CASES,JUMBO BAG RED RETROSPOT
0.11520668556931801,0.07903298015221609,0.018833009998507684,0.16347150259067356,2.06839603259083,1.0,0.009727882304505173,1.1009392061357839,0.5837901164840468,0.10736770461119617,0.09168463215155451,0.2008822769750951,22423,47566,REGENCY CAKESTAND 3 TIER,PARTY BUNTING
0.07903298015221609,0.11520668556931801,0.018833009998507684,0.2382930513595166,2.06839603259083,1.0,0.009727882304505173,1.161592809426101,0.5608600318621243,0.10736770461119617,0.13911312821051117,0.2008822769750951,47566,22423,PARTY BUNTING,REGENCY CAKESTAND 3 TIER
0.049425458886733324,0.16146843754663484,0.016266228921056558,0.3291062801932367,2.0382081179065423,1.0,0.00828557729959029,1.2498724279232878,0.5358579950517651,0.08357613862904462,0.19991834553744064,0.2149228258637163,21175,85123A,GIN + TONIC DIET METAL SIGN,WHITE HANGING HEART T-LIGHT HOLDER
0.16146843754663484,0.049425458886733324,0.016266228921056558,0.10073937153419592,2.0382081179065423,1.0,0.00828557729959029,1.0570623365719984,0.6074583123119298,0.08357613862904462,0.05398199765308909,0.2149228258637163,85123A,21175,WHITE HANGING HEART T-LIGHT HOLDER,GIN + TONIC DIET METAL SIGN
0.16146843754663484,0.05378301746008059,0.017489926876585585,0.10831792975970425,2.0139801534955,1.0,0.008805667080762991,1.0611595927738315,0.6004195905287217,0.08843948083308178,0.05763467926060281,0.21675607919727718,85123A,22178,WHITE HANGING HEART T-LIGHT HOLDER,VICTORIAN GLASS HANGING T-LIGHT
0.05378301746008059,0.16146843754663484,0.017489926876585585,0.32519422863485015,2.0139801534954995,1.0,0.008805667080762991,1.242626542385661,0.5320880798632444,0.08843948083308178,0.19525298559924023,0.21675607919727718,22178,85123A,VICTORIAN GLASS HANGING T-LIGHT,WHITE HANGING HEART T-LIGHT HOLDER
0.16146843754663484,0.07240710341740039,0.023339800029846293,0.144547134935305,1.9963115234985134,1.0,0.011648338173761048,1.0843296392635833,0.5951787618643177,0.11085908704281258,0.07777122030977167,0.23344421874547605,85123A,21232,WHITE HANGING HEART T-LIGHT HOLDER,STRAWBERRY CERAMIC TRINKET BOX
0.07240710341740039,0.16146843754663484,0.023339800029846293,0.32234130255564714,1.9963115234985132,1.0,0.011648338173761048,1.237395115883129,0.538033634112359,0.11085908704281258,0.19185069735280147,0.23344421874547605,21232,85123A,STRAWBERRY CERAMIC TRINKET BOX,WHITE HANGING HEART T-LIGHT HOLDER
0.053603939710490975,0.16146843754663484,0.017251156543799433,0.321826280623608,1.993121909851014,1.0,0.008595812152402441,1.2364554073614482,0.5264968488856436,0.0872057936028968,0.1912365023062462,0.2143327336574602,21181,85123A,PLEASE ONE PERSON METAL SIGN,WHITE HANGING HEART T-LIGHT HOLDER
0.16146843754663484,0.053603939710490975,0.017251156543799433,0.10683918669131237,1.9931219098510138,1.0,0.008595812152402441,1.0596032049185107,0.5942227649515884,0.0872057936028968,0.056250495130480964,0.2143327336574602,85123A,21181,WHITE HANGING HEART T-LIGHT HOLDER,PLEASE ONE PERSON METAL SIGN
0.11875839426951201,0.07240710341740039,0.01701238621101328,0.14325207338527268,1.9784256878703879,1.0,0.008413434875456314,1.0826905648290301,0.5611941185348387,0.09768637532133675,0.07637506736939931,0.18910336562915736,85099B,21232,JUMBO BAG RED RETROSPOT,STRAWBERRY CERAMIC TRINKET BOX
0.07240710341740039,0.11875839426951201,0.01701238621101328,0.234954657873042,1.9784256878703876,1.0,0.008413434875456314,1.1518815385248726,0.5331515667769119,0.09768637532133675,0.1318551721207164,0.18910336562915736,21232,85099B,STRAWBERRY CERAMIC TRINKET BOX,JUMBO BAG RED RETROSPOT
0.09300104462020593,0.11520668556931801,0.02056409491120728,0.22111681643132222,1.9193054234537439,1.0,0.009849752806029103,1.1359769129649795,0.5280912174077961,0.10959121997773183,0.1197004194478479,0.19980711287887354,21212,22423,PACK OF 72 RETROSPOT CAKE CASES,REGENCY CAKESTAND 3 TIER
0.11520668556931801,0.09300104462020593,0.02056409491120728,0.17849740932642486,1.9193054234537437,1.0,0.009849752806029103,1.1040731528748045,0.5413447126262613,0.10959121997773183,0.0942629141953294,0.19980711287887354,22423,21212,REGENCY CAKESTAND 3 TIER,PACK OF 72 RETROSPOT CAKE CASES
0.05243993433815848,0.16146843754663484,0.016057304879868676,0.3062037564029596,1.8963691050427285,1.0,0.007589910617238101,1.2086135809930785,0.4988353919083039,0.08115854578367776,0.17260568991924405,0.20282461387615633,84946,85123A,ANTIQUE SILVER TEA GLASS ETCHED,WHITE HANGING HEART T-LIGHT HOLDER
0.16146843754663484,0.05243993433815848,0.016057304879868676,0.09944547134935304,1.8963691050427285,1.0,0.007589910617238101,1.0521962141277836,0.5636955338068992,0.08115854578367776,0.049606920674060535,0.20282461387615633,85123A,84946,WHITE HANGING HEART T-LIGHT HOLDER,ANTIQUE SILVER TEA GLASS ETCHED
0.11520668556931801,0.07240710341740039,0.01563945679749291,0.13575129533678756,1.8748339448718332,1.0,0.007297674401099373,1.0732939390913772,0.5273767572766284,0.09094064560916347,0.06828878504002919,0.17587235005916046,22423,21232,REGENCY CAKESTAND 3 TIER,STRAWBERRY CERAMIC TRINKET BOX
0.07240710341740039,0.11520668556931801,0.01563945679749291,0.21599340478153337,1.874833944871833,1.0,0.007297674401099373,1.1285534073653178,0.5030433401803677,0.09094064560916347,0.11390990140682325,0.17587235005916046,21232,22423,STRAWBERRY CERAMIC TRINKET BOX,REGENCY CAKESTAND 3 TIER
0.16146843754663484,0.06345321593791971,0.01811669900014923,0.1121996303142329,1.768226064759348,1.0,0.007871007365344108,1.05490695435683,0.518121764441837,0.0876028286910088,0.05204909696543464,0.19885616511007978,85123A,84991,WHITE HANGING HEART T-LIGHT HOLDER,60 TEATIME FAIRY CAKE CASES
0.06345321593791971,0.16146843754663484,0.01811669900014923,0.28551269990592665,1.7682260647593477,1.0,0.007871007365344108,1.1736129702276856,0.4638972233657354,0.0876028286910088,0.14793034384581144,0.19885616511007978,84991,85123A,60 TEATIME FAIRY CAKE CASES,WHITE HANGING HEART T-LIGHT HOLDER
0.11875839426951201,0.07903298015221609,0.016564691837039246,0.13948228198039708,1.764861728758763,1.0,0.0071788620198278506,1.0702475969551204,0.49178723531497354,0.09140316205533594,0.06563677148631442,0.1745372134977514,85099B,47566,JUMBO BAG RED RETROSPOT,PARTY BUNTING
0.07903298015221609,0.11875839426951201,0.016564691837039246,0.2095921450151057,1.7648617287587627,1.0,0.0071788620198278506,1.1149201012777505,0.47057425899827937,0.09140316205533594,0.10307474154071383,0.1745372134977514,47566,85099B,PARTY BUNTING,JUMBO BAG RED RETROSPOT
0.06073720340247724,0.16146843754663484,0.01647515296224444,0.27125307125307124,1.67991389137415,1.0,0.006668011627894287,1.150648502759675,0.4309032526952284,0.08008124183954736,0.1309248674972113,0.18664317148605503,20724,85123A,RED RETROSPOT CHARLOTTE BAG,WHITE HANGING HEART T-LIGHT HOLDER
0.16146843754663484,0.06073720340247724,0.01647515296224444,0.10203327171903881,1.67991389137415,1.0,0.006668011627894287,1.045988416960189,0.4826668575304801,0.08008124183954736,0.04396646866686989,0.18664317148605503,85123A,20724,WHITE HANGING HEART T-LIGHT HOLDER,RED RETROSPOT CHARLOTTE BAG
0.06025966273690494,0.16146843754663484,0.016236382629458288,0.2694403169886082,1.6686872126993193,1.0,0.006506349040243074,1.147793372605657,0.4264225977185004,0.07901234567901233,0.1287630475423854,0.18499742281962755,20914,85123A,SET/5 RED RETROSPOT LID GLASS BOWLS,WHITE HANGING HEART T-LIGHT HOLDER
0.16146843754663484,0.06025966273690494,0.016236382629458288,0.10055452865064693,1.668687212699319,1.0,0.006506349040243074,1.0447996762419531,0.47789079593396344,0.07901234567901233,0.042878723319568234,0.18499742281962755,85123A,20914,WHITE HANGING HEART T-LIGHT HOLDER,SET/5 RED RETROSPOT LID GLASS BOWLS
0.08345023130875989,0.16146843754663484,0.02232502611550515,0.2675250357653791,1.656825568081151,1.0,0.00885044765317442,1.1447921135837935,0.43253097081922887,0.10029498525073746,0.12647895793981231,0.20289375633000933,84879,85123A,ASSORTED COLOUR BIRD ORNAMENT,WHITE HANGING HEART T-LIGHT HOLDER
0.16146843754663484,0.08345023130875989,0.02232502611550515,0.13826247689463955,1.6568255680811508,1.0,0.00885044765317442,1.063606659935566,0.47277428663063525,0.10029498525073746,0.059802803359109646,0.20289375633000933,85123A,84879,WHITE HANGING HEART T-LIGHT HOLDER,ASSORTED COLOUR BIRD ORNAMENT
0.16146843754663484,0.0694224742575735,0.0181465452917475,0.11238447319778189,1.6188485702887712,1.0,0.00693700684275563,1.0484015856448412,0.4558886203763547,0.08529741863075196,0.04616702827196773,0.1868887112334567,85123A,21931,WHITE HANGING HEART T-LIGHT HOLDER,JUMBO STORAGE BAG SUKI
0.0694224742575735,0.16146843754663484,0.0181465452917475,0.26139294926913154,1.6188485702887712,1.0,0.00693700684275563,1.1352877847884326,0.4107954324857655,0.08529741863075196,0.11916607101841081,0.1868887112334567,21931,85123A,JUMBO STORAGE BAG SUKI,WHITE HANGING HEART T-LIGHT HOLDER
0.16146843754663484,0.06270705864796298,0.016296075212654828,0.1009242144177449,1.6094554041249611,1.0,0.006170864429623049,1.0425071572192681,0.45158922468052215,0.07839195979899498,0.040773971598093976,0.18040023191139506,85123A,22384,WHITE HANGING HEART T-LIGHT HOLDER,LUNCH BAG PINK POLKADOT
0.06270705864796298,0.16146843754663484,0.016296075212654828,0.2598762494050452,1.6094554041249611,1.0,0.006170864429623049,1.132961294350174,0.40400583579796423,0.07839195979899498,0.11735731398170636,0.18040023191139506,22384,85123A,LUNCH BAG PINK POLKADOT,WHITE HANGING HEART T-LIGHT HOLDER
0.16146843754663484,0.07903298015221609,0.020444709744814205,0.1266173752310536,1.6020827632614996,1.0,0.007683377924981671,1.0544828735188383,0.44817933938942817,0.09290655092906551,0.05166786003553329,0.1926515879176416,85123A,47566,WHITE HANGING HEART T-LIGHT HOLDER,PARTY BUNTING
0.07903298015221609,0.16146843754663484,0.020444709744814205,0.2586858006042296,1.6020827632614993,1.0,0.007683377924981671,1.1311419140990886,0.4080629529813651,0.09290655092906551,0.11593763122422893,0.1926515879176416,47566,85123A,PARTY BUNTING,WHITE HANGING HEART T-LIGHT HOLDER
0.059453812863751676,0.16146843754663484,0.015340993881510223,0.25803212851405627,1.5980344668878845,1.0,0.00574107961221022,1.1301453805190147,0.39788717916551264,0.07462253193960511,0.11515808741282986,0.17652068532911686,21977,85123A,PACK OF 60 PINK PAISLEY CAKE CASES,WHITE HANGING HEART T-LIGHT HOLDER
0.16146843754663484,0.059453812863751676,0.015340993881510223,0.09500924214417744,1.5980344668878843,1.0,0.00574107961221022,1.039288168383804,0.4462935994676206,0.07462253193960511,0.037802959351399906,0.17652068532911686,85123A,21977,WHITE HANGING HEART T-LIGHT HOLDER,PACK OF 60 PINK PAISLEY CAKE CASES
0.16146843754663484,0.09118042083271154,0.022653335323086107,0.14029574861367836,1.5386609025536149,1.0,0.007930575236383542,1.0571304930756893,0.4174967718457586,0.09849467947054244,0.054042990387562995,0.19437046023155274,85123A,20725,WHITE HANGING HEART T-LIGHT HOLDER,LUNCH BAG RED RETROSPOT
0.09118042083271154,0.16146843754663484,0.022653335323086107,0.24844517184942716,1.5386609025536149,1.0,0.007930575236383542,1.1157290606685673,0.3852076126438944,0.09849467947054244,0.10372505722780057,0.19437046023155274,20725,85123A,LUNCH BAG RED RETROSPOT,WHITE HANGING HEART T-LIGHT HOLDER
0.06324429189673184,0.16146843754663484,0.01566930308909118,0.24775837659273242,1.5344074690830867,1.0,0.0054573460927825924,1.1147104020317948,0.37179664575955906,0.0749571673329526,0.1029060120213383,0.17240044522797435,21080,85123A,SET/20 RED RETROSPOT PAPER NAPKINS,WHITE HANGING HEART T-LIGHT HOLDER
0.16146843754663484,0.06324429189673184,0.01566930308909118,0.09704251386321626,1.5344074690830867,1.0,0.0054573460927825924,1.0374305794961476,0.41534826566326827,0.0749571673329526,0.036080081150419316,0.17240044522797435,85123A,21080,WHITE HANGING HEART T-LIGHT HOLDER,SET/20 RED RETROSPOT PAPER NAPKINS
0.06998955379794061,0.16146843754663484,0.017251156543799433,0.24648187633262258,1.5265018976939961,1.0,0.005950052647459819,1.1128220226107195,0.3708640746942889,0.08053504249686498,0.10138370765347995,0.17666053151196748,20727,85123A,LUNCH BAG  BLACK SKULL.,WHITE HANGING HEART T-LIGHT HOLDER
0.16146843754663484,0.06998955379794061,0.017251156543799433,0.10683918669131237,1.526501897693996,1.0,0.005950052647459819,1.0412575566956004,0.4113231737844472,0.08053504249686498,0.039622816113363955,0.17666053151196748,85123A,20727,WHITE HANGING HEART T-LIGHT HOLDER,LUNCH BAG  BLACK SKULL.
0.16146843754663484,0.06798985226085659,0.01650499925384271,0.1022181146025878,1.5034319270235752,1.0,0.005526784040255658,1.0381253653013724,0.3993351799484247,0.07750525578135949,0.03672520350208807,0.1724874594084054,85123A,22197,WHITE HANGING HEART T-LIGHT HOLDER,SMALL POPCORN HOLDER
0.06798985226085659,0.16146843754663484,0.01650499925384271,0.242756804214223,1.503431927023575,1.0,0.005526784040255658,1.107347767692038,0.3592827322717838,0.07750525578135949,0.09694133209459126,0.1724874594084054,22197,85123A,SMALL POPCORN HOLDER,WHITE HANGING HEART T-LIGHT HOLDER
0.09300104462020593,0.16146843754663484,0.02253395015669303,0.24229781771501926,1.5005893498228688,1.0,0.007517216791663509,1.1066769795021965,0.36780104512372574,0.09715609316690257,0.0963939627172707,0.19092709739725083,21212,85123A,PACK OF 72 RETROSPOT CAKE CASES,WHITE HANGING HEART T-LIGHT HOLDER
0.16146843754663484,0.09300104462020593,0.02253395015669303,0.13955637707948243,1.5005893498228688,1.0,0.007517216791663509,1.0541061973372041,0.3978325666582987,0.09715609316690257,0.0513289813435144,0.19092709739725083,85123A,21212,WHITE HANGING HEART T-LIGHT HOLDER,PACK OF 72 RETROSPOT CAKE CASES
0.16146843754663484,0.07154156096105059,0.01701238621101328,0.1053604436229205,1.4727165888969342,1.0,0.005460682142985115,1.0378016849588256,0.3827914687947846,0.07876191792179078,0.03642476737771478,0.17157884509055912,85123A,22383,WHITE HANGING HEART T-LIGHT HOLDER,LUNCH BAG SUKI  DESIGN
0.07154156096105059,0.16146843754663484,0.01701238621101328,0.23779724655819773,1.4727165888969342,1.0,0.005460682142985115,1.1001423947458764,0.3457157745849772,0.07876191792179078,0.09102675728536802,0.17157884509055912,22383,85123A,LUNCH BAG SUKI  DESIGN,WHITE HANGING HEART T-LIGHT HOLDER
0.09118042083271154,0.11520668556931801,0.015191762423518877,0.16661211129296236,1.4462017587747937,1.0,0.004687168350566586,1.061682472735952,0.33948822669776535,0.07945675928816734,0.05809879537428584,0.1492386981335278,20725,22423,LUNCH BAG RED RETROSPOT,REGENCY CAKESTAND 3 TIER
0.11520668556931801,0.09118042083271154,0.015191762423518877,0.13186528497409325,1.4462017587747935,1.0,0.004687168350566586,1.0468646898196758,0.3487069152621675,0.07945675928816734,0.044766711758850386,0.1492386981335278,22423,20725,REGENCY CAKESTAND 3 TIER,LUNCH BAG RED RETROSPOT
0.16146843754663484,0.11875839426951201,0.027727204894791822,0.17171903881700554,1.4459528513605857,1.0,0.008551472526546484,1.0639404345016603,0.36780311150216727,0.10981087470449173,0.06009775775803599,0.20259739324615042,85123A,85099B,WHITE HANGING HEART T-LIGHT HOLDER,JUMBO BAG RED RETROSPOT
0.11875839426951201,0.16146843754663484,0.027727204894791822,0.2334757476752953,1.4459528513605857,1.0,0.008551472526546484,1.0939400285252263,0.34997725454356804,0.10981087470449173,0.08587310645526851,0.20259739324615042,85099B,85123A,JUMBO BAG RED RETROSPOT,WHITE HANGING HEART T-LIGHT HOLDER
0.11875839426951201,0.11520668556931801,0.017430234293389045,0.14677054536315656,1.2739759384436686,1.0,0.003748473306064277,1.036993401508007,0.24403729612813965,0.08049620951068229,0.03567370964387116,0.14903294107536066,85099B,22423,JUMBO BAG RED RETROSPOT,REGENCY CAKESTAND 3 TIER
0.11520668556931801,0.11875839426951201,0.017430234293389045,0.15129533678756477,1.2739759384436686,1.0,0.003748473306064277,1.0383371789132123,0.2430576895084989,0.08049620951068229,0.03692170490643357,0.14903294107536066,22423,85099B,REGENCY CAKESTAND 3 TIER,JUMBO BAG RED RETROSPOT
0.16146843754663484,0.11520668556931801,0.02286225936427399,0.14158964879852123,1.2290054878223975,1.0,0.0042600158504697665,1.0307346750796704,0.22221463265487243,0.09007525870178738,0.02981822172354373,0.17001762232672174,85123A,22423,WHITE HANGING HEART T-LIGHT HOLDER,REGENCY CAKESTAND 3 TIER
0.11520668556931801,0.16146843754663484,0.02286225936427399,0.19844559585492227,1.2290054878223975,1.0,0.0042600158504697665,1.0461318135326403,0.21059605682032861,0.09007525870178738,0.044097515184878824,0.17001762232672174,22423,85123A,REGENCY CAKESTAND 3 TIER,WHITE HANGING HEART T-LIGHT HOLDER
