StockCode,revenue,units,weeks_active,mean_wk,sd_wk,cv,cum_share,ABC,XYZ,class,product
22423,331084.27,26519,90,294.65555555555557,160.01279170152253,0.7018167003782396,0.016806536067937666,A,X,AX,REGENCY CAKESTAND 3 TIER
85123A,261509.93,94839,104,911.9134615384615,558.1274710957928,0.6090903445574881,0.030081331849292223,A,X,AX,WHITE HANGING HEART T-LIGHT HOLDER
85099B,182999.67,97350,104,936.0576923076923,468.78338357598903,0.4983925427149961,0.03937078119182877,A,X,AX,JUMBO BAG RED RETROSPOT
23843,168469.6,80995,1,80995.0,0.0,10.14889156509222,0.04792265352557338,A,Z,AZ,"PAPER CRAFT , LITTLE BIRDIE"
47566,148395.98,28216,103,273.94174757281553,241.3486951525075,0.8864734999909838,0.055455546556725105,A,Y,AY,PARTY BUNTING
84879,129667.56,80285,104,771.9711538461538,700.120467535933,0.902554933411166,0.06203774547539156,A,Y,AY,ASSORTED COLOUR BIRD ORNAMENT
22086,117869.44,35121,84,418.10714285714283,599.4737454756712,1.659210535509609,0.06802104693114364,A,Z,AZ,PAPER CHAIN KIT 50'S CHRISTMAS
23166,81700.92000000001,78033,32,2438.53125,13098.109459702451,9.648083202835076,0.07216835800322716,A,Z,AZ,MEDIUM CERAMIC TOP STORAGE JAR
79321,80873.23000000001,15918,97,164.10309278350516,195.3200623621864,1.255141653103596,0.07627365378464744,A,Y,AY,CHILLI LIGHTS
22197,79552.5,88537,104,851.3173076923077,968.615198720669,1.1323006566254181,0.08031190652478702,A,Y,AY,SMALL POPCORN HOLDER
22386,76383.25,39466,97,406.8659793814433,241.22791906143019,0.6672098240612744,0.08418928144843199,A,X,AX,JUMBO BAG PINK POLKADOT
20725,71394.49,40505,104,389.47115384615387,168.9323387695525,0.4316576481149135,0.08781341638917385,A,X,AX,LUNCH BAG RED RETROSPOT
84347,71353.95,31430,77,408.1818181818182,1203.6772356241554,3.455890665335366,0.09143549343398429,A,Z,AZ,ROTATING SILVER ANGELS T-LIGHT HLDR
85099F,69108.21,37113,103,360.3203883495146,250.67763900652753,0.7026181073421489,0.0949435719783247,A,X,AX,JUMBO BAG STRAWBERRY
48138,67138.19,10095,102,98.97058823529412,97.61212957032804,1.0008467009725657,0.09835164815111012,A,Y,AY,DOORMAT UNION FLAG
23084,66964.99,30788,31,993.1612903225806,1551.778551571802,3.2063663315591766,0.10175093232647757,A,Z,AZ,RABBIT NIGHT LIGHT
20685,66464.71,9789,103,95.03883495145631,87.98472709823521,0.9309619852871115,0.10512482123355255,A,Y,AY,DOORMAT RED RETROSPOT
21137,65223.04,18748,99,189.37373737373738,241.49118316852568,1.3196734652149416,0.10843568035174787,A,Y,AY,BLACK RECORD COVER FRAME
21843,65189.95,6155,104,59.18269230769231,54.92709456136334,0.9236211128583809,0.1117448597517298,A,Y,AY,RED RETROSPOT CAKE STAND
21931,61565.11,29196,104,280.7307692307692,128.2471242145626,0.4546315408779408,0.11487003462561175,A,X,AX,JUMBO STORAGE BAG SUKI
22502,60924.5,3774,69,54.69565217391305,45.81718928262176,1.244810282239781,0.11796269078433251,A,Y,AY,PICNIC BASKET WICKER SMALL
21621,60405.04,6914,102,67.7843137254902,72.55487884748945,1.0845876641821888,0.12102897805749478,A,Y,AY,VINTAGE UNION JACK BUNTING
15056N,60169.65,11463,104,110.22115384615384,127.37910367491462,1.1500988737641886,0.1240833164376304,A,Y,AY,EDWARDIAN PARASOL NATURAL
22114,59328.740000000005,11715,78,150.19230769230768,166.3064810954331,1.3954080021994169,0.1270949684520112,A,Y,AY,HOT WATER BOTTLE TEA AND SYMPATHY
85099C,59292.54,30733,104,295.50961538461536,158.3298140077671,0.5332035443694432,0.13010478287801713,A,X,AX,JUMBO  BAG BAROQUE BLACK WHITE
22910,58696.950000000004,18649,50,372.98,359.3755633181033,1.7240680823167256,0.1330843638990452,A,Z,AZ,PAPER CHAIN KIT VINTAGE CHRISTMAS
22112,58090.840000000004,11087,104,106.60576923076923,134.815689953562,1.2585244961091464,0.1360331774977003,A,Y,AY,CHOCOLATE HOT WATER BOTTLE
22411,57440.909999999996,27342,97,281.87628865979383,148.11519009231452,0.6042751721231501,0.13894899927833085,A,X,AX,JUMBO SHOPPER VINTAGE RED PAISLEY
82484,56809.03,9839,87,113.0919540229885,155.95941870674787,1.5629014922314195,0.14183274549701874,A,Z,AZ,WOOD BLACK BOARD ANT WHITE FINISH
22470,53632.98,17816,77,231.37662337662337,232.90759625592193,1.3043994753421826,0.14455526871686541,A,Y,AY,HEART OF WICKER LARGE
22139,52971.71,10635,101,105.29702970297029,81.23454247479398,0.7978063331503886,0.14724422447636232,A,Y,AY,RETROSPOT TEA SET CERAMIC 11 PC
22178,52607.72,40257,104,387.08653846153845,301.4326990391675,0.7749688327316083,0.1499147033355119,A,Y,AY,VICTORIAN GLASS HANGING T-LIGHT
20914,52588.21,18697,104,179.77884615384616,129.0478165861244,0.7143548783710536,0.1525841918258992,A,X,AX,SET/5 RED RETROSPOT LID GLASS BOWLS
21212,51873.55,94972,104,913.1923076923077,483.9429091925304,0.5273923538085353,0.15521740266689435,A,X,AX,PACK OF 72 RETROSPOT CAKE CASES
21733,50461.54,17614,104,169.3653846153846,173.98700195242836,1.0223370371080351,0.15777893690122594,A,Y,AY,RED HANGING HEART T-LIGHT HOLDER
22090,50461.4,16708,104,160.65384615384616,124.23949384041964,0.7696096219721154,0.16034046402886212,A,Y,AY,PAPER BUNTING RETROSPOT
21181,50299.840000000004,24819,79,314.1645569620253,243.85580177846734,1.0486041885851312,0.16289379003003848,A,Y,AY,PLEASE ONE PERSON METAL SIGN
22111,50007.590000000004,9827,101,97.29702970297029,141.36559302421898,1.4771202834284434,0.16543228080462477,A,Y,AY,SCOTTIE DOG HOT WATER BOTTLE
21929,49685.27,25625,99,258.83838383838383,185.6213342698971,0.7650491386550351,0.1679544099359792,A,Y,AY,JUMBO BAG PINK VINTAGE PAISLEY
21232,49400.57,38077,104,366.125,251.0632414623699,0.6824261962105986,0.17046208709467262,A,X,AX,STRAWBERRY CERAMIC TRINKET BOX
84946,49391.65,36841,104,354.24038461538464,251.31137593359568,0.7060184004560617,0.17296931145534655,A,X,AX,ANTIQUE SILVER TEA GLASS ETCHED
22189,49344.39,16197,96,168.71875,266.1292801440683,1.6585056256939557,0.1754741367987112,A,Z,AZ,CREAM HEART CARD HOLDER
15056BL,48997.47,9666,104,92.9423076923077,163.42789312395095,1.7499058101070566,0.17796135175094285,A,Z,AZ,EDWARDIAN PARASOL BLACK
22469,48974.71,27932,78,358.1025641025641,299.1144327668658,1.1187737922563616,0.18044741135755535,A,Y,AY,HEART OF WICKER SMALL
48194,48817.38,7738,104,74.40384615384616,102.96681709151102,1.3772216609183954,0.18292548456143248,A,Y,AY,DOORMAT HEARTS
21731,48347.189999999995,28929,103,280.86407766990294,235.63934924503033,0.8447069682145267,0.1853796899289011,A,Y,AY,RED TOADSTOOL LED NIGHT LIGHT
22457,47536.030000000006,15457,86,179.7325581395349,114.00798985608856,0.8307959262713364,0.18779271910338155,A,Y,AY,NATURAL SLATE HEART CHALKBOARD
82494L,47061.490000000005,15711,98,160.31632653061226,83.66176341992472,0.5893053049706574,0.1901816596262759,A,X,AX,WOODEN FRAME ANTIQUE WHITE
21754,46821.94,7646,104,73.51923076923077,37.22171325001871,0.5038454574097155,0.1925584400857668,A,X,AX,HOME BUILDING BLOCK WORD
48187,46643.659999999996,7344,97,75.71134020618557,101.69879534304624,1.409515236138168,0.19492617067632198,A,Y,AY,DOORMAT NEW ENGLAND
21928,46275.06,24305,102,238.2843137254902,160.82019831833355,0.6924507035330179,0.19727519035320357,A,X,AX,JUMBO BAG SCANDINAVIAN PAISLEY
21523,46114.590000000004,6920,102,67.84313725490196,88.68106667209065,1.3208589560725301,0.19961606423432499,A,Y,AY,DOORMAT FANCY FONT HOME SWEET HOME
22138,45966.16,9383,99,94.77777777777777,79.74967923364007,0.8870003211346323,0.20194940349548832,A,Y,AY,BAKING SET 9 PIECE RETROSPOT
20727,45790.57,26760,104,257.3076923076923,274.7186054370246,1.0625203241794052,0.20427382943779124,A,Y,AY,LUNCH BAG  BLACK SKULL.
48185,45777.19,6829,104,65.66346153846153,122.38421201694365,1.8548276666967265,0.20659757618306498,A,Z,AZ,DOORMAT FAIRY CAKE
21623,45441.98,6169,92,67.05434782608695,167.7764318365061,2.670314737115023,0.2089043069615115,A,Z,AZ,VINTAGE UNION JACK MEMOBOARD
22355,45426.009999999995,32013,104,307.8173076923077,168.10218600676768,0.5434783753022882,0.21121022706906448,A,X,AX,CHARLOTTE BAG SUKI DESIGN
71477,44708.15,15097,88,171.5568181818182,225.68199872980387,1.4845011107407813,0.21347970708847394,A,Y,AY,COLOUR GLASS. STAR T-LIGHT HOLDER
22326,44360.99,15481,95,162.9578947368421,111.42728912379664,0.7753697079238503,0.21573156453384404,A,Y,AY,ROUND SNACK BOXES SET OF4 WOODLAND
21175,43952.28,20721,99,209.3030303030303,297.833108127431,1.4683814805148856,0.2179626749973164,A,Y,AY,GIN + TONIC DIET METAL SIGN
84078A,43844.96,1128,97,11.628865979381443,18.83111321038318,1.6895814209439846,0.2201883376711646,A,Z,AZ,SET/4 WHITE RETRO STORAGE CUBES
22383,43346.75,25114,98,256.265306122449,141.0896878621515,0.6161312605935562,0.22238871015428763,A,X,AX,LUNCH BAG SUKI  DESIGN
84029E,43251.79,10701,97,110.31958762886597,178.08790820779544,1.684444490954313,0.22458426226746372,A,Z,AZ,RED WOOLLY HOTTIE WHITE HEART.
23298,43182.83,8473,32,264.78125,154.00392420115418,1.820737438476047,0.22677631382554778,A,Z,AZ,SPOTTY BUNTING
84997D,43029.57,11039,99,111.5050505050505,97.74919736998875,0.9217653998427855,0.22896058558268337,A,Y,AY,PINK 3 PIECE MINI DOTS CUTLERY SET
21915,42780.79,36382,91,399.8021978021978,479.345902009075,1.3295338560940047,0.23113222874214204,A,Y,AY,RED  HARMONICA IN BOX
20728,42349.5,24644,104,236.96153846153845,259.03288853213115,1.0878749845640918,0.23328197871126358,A,Y,AY,LUNCH BAG CARS BLUE
23203,42067.78,20503,32,640.71875,357.23140005531974,1.7968645605362374,0.2354174279788113,A,Z,AZ,JUMBO BAG VINTAGE DOILY
82482,41957.55,16959,95,178.5157894736842,101.86660688912801,0.6689186936948063,0.23754728173899536,A,X,AX,WOODEN PICTURE FRAME WHITE FINISH
20713,40724.25,20843,91,229.04395604395606,177.82893853288158,0.9078499106701027,0.23961453058915883,A,Y,AY,JUMBO BAG OWLS
22083,40535.47,13763,104,132.33653846153845,117.08835022654986,0.8805131756573316,0.24167219656823358,A,Y,AY,PAPER CHAIN KIT RETROSPOT
85066,38854.98,3111,100,31.11,28.324203520143417,0.9452309133366755,0.24364455732940477,A,Y,AY,CREAM SWEETHEART MINI CHEST
84997B,38848.14,9781,104,94.04807692307692,76.7370215847785,0.8120017437809578,0.24561657087774486,A,Y,AY,RED 3 PIECE MINI DOTS CUTLERY SET
20726,38572.74,22158,104,213.05769230769232,255.29126053831956,1.192451355769417,0.24757460454104507,A,Y,AY,LUNCH BAG WOODLAND
82486,38430.03,4774,104,45.90384615384615,26.02035022516375,0.5641128660614465,0.24952539394365528,A,X,AX,WOOD S/3 CABINET ANT WHITE FINISH
22960,38426.86,9030,54,167.22222222222223,100.6405272406223,1.2690914519429353,0.25147602243037737,A,Y,AY,JAM MAKING SET WITH JARS
22699,38323.25,13095,69,189.7826086956522,124.0894920854937,1.0687781052509338,0.2534213914549028,A,Y,AY,ROSES REGENCY TEACUP AND SAUCER
21166,38270.810000000005,19997,96,208.30208333333334,214.97927047149483,1.1068934970885282,0.25536409851439,A,Y,AY,COOK WITH WINE METAL SIGN
23284,38166.64,5491,28,196.10714285714286,214.19208051302303,2.6432881558251284,0.257301517684899,A,Z,AZ,DOORMAT KEEP CALM AND COME IN
22720,38158.39,7493,50,149.86,144.17081846878438,1.7223730574233782,0.2592385180680022,A,Z,AZ,SET OF 3 CAKE TINS PANTRY DESIGN
22629,38014.0,20837,75,277.82666666666665,178.1713700826177,0.9743502316831633,0.2611681889100708,A,Y,AY,SPACEBOY LUNCH BOX
20712,37540.32,17731,97,182.79381443298968,128.87873322626538,0.7743632412265241,0.2630738147559678,A,Y,AY,JUMBO BAG WOODLAND ANIMALS
21485,37334.12,7648,100,76.48,100.07184086112002,1.3426740715782077,0.26496897345482323,A,Y,AY,RETROSPOT HEART HOT WATER BOTTLE
22727,36618.77,9254,63,146.88888888888889,159.60233961328964,1.6027400697361602,0.2668278194784308,A,Z,AZ,ALARM CLOCK BAKELIKE RED
22328,36270.61,12993,99,131.24242424242425,162.72288268453556,1.284171968533282,0.2686689921658892,A,Y,AY,ROUND SNACK BOXES SET OF 4 FRUITS
21524,36057.55,5268,104,50.65384615384615,54.47788706657258,1.0703104625012885,0.2704993494782329,A,Y,AY,DOORMAT SPOTTY HOME SWEET HOME
84997C,35748.38,9164,103,88.97087378640776,85.24307301058447,0.9631092977965366,0.2723140126690886,A,Y,AY,BLUE 3 PIECE MINI DOTS CUTLERY SET
20724,35227.61,32241,104,310.00961538461536,152.51888281581594,0.48961012899143774,0.274102240476022,A,X,AX,RED RETROSPOT CHARLOTTE BAG
21755,35121.62,5691,104,54.72115384615385,29.933731575504467,0.5443867626083388,0.27588508800693734,A,X,AX,LOVE BUILDING BLOCK WORD
22379,34682.84,15785,97,162.7319587628866,153.82847018296584,1.0101191485410972,0.2776456621393131,A,Y,AY,RECYCLING BAG RETROSPOT
22382,34187.47,20318,98,207.3265306122449,100.37463592109746,0.5544603099331781,0.2793810902453555,A,X,AX,LUNCH BAG SPACEBOY DESIGN
22384,34166.34,20830,97,214.7422680412371,120.19613124238128,0.6360818772419897,0.2811154457480178,A,X,AX,LUNCH BAG PINK POLKADOT
22666,33744.57,10727,74,144.95945945945945,120.62229503693663,1.168490098264231,0.28282839131562826,A,Y,AY,RECIPE BOX PANTRY YELLOW DESIGN
22630,33437.38,18087,75,241.16,182.49035813108267,1.081719764014389,0.28452574327072816,A,Y,AY,DOLLY GIRL LUNCH BOX
15036,32967.03,44272,102,434.03921568627453,524.3283477637707,1.2218626242975639,0.2861992192674821,A,Y,AY,ASSORTED COLOURS SILK FAN
22726,32680.57,7690,59,130.33898305084745,102.37062654032322,1.3533908335728566,0.28785815395026165,A,Y,AY,ALARM CLOCK BAKELIKE GREEN
22385,32447.670000000002,17064,97,175.91752577319588,143.00106862239795,0.8793929294950152,0.289505266137668,A,Y,AY,JUMBO BAG SPACEBOY DESIGN
22865,31592.440000000002,14621,47,311.0851063829787,344.8333453680282,1.9682050786456002,0.2911089650459072,A,Z,AZ,HAND WARMER OWL DESIGN
22077,31584.66,17281,95,181.90526315789472,108.758181270565,0.6942244018952581,0.2927122690249321,A,X,AX,6 RIBBONS RUSTIC CHARM
85152,31571.9,16415,101,162.52475247524754,124.475828501714,0.7922948347730048,0.2943149252794359,A,Y,AY,HAND OVER THE CHOCOLATE   SIGN
85014B,31303.7,6200,104,59.61538461538461,122.46761471597122,2.044395195885937,0.2959039671360904,A,Z,AZ,RED RETROSPOT UMBRELLA
48184,31194.96,4722,94,50.234042553191486,63.913319245916405,1.3705163424809188,0.2974874891209249,A,Y,AY,DOORMAT ENGLISH ROSE
23245,31177.95,6357,27,235.44444444444446,140.70737046283006,2.0436751319407915,0.29907014764227163,A,Z,AZ,SET OF 3 REGENCY CAKE TINS
21479,31137.050000000003,6234,59,105.66101694915254,131.68243018579827,1.8585327029730208,0.30065072999332737,A,Z,AZ,WHITE SKULL HOT WATER BOTTLE
22697,30528.300000000003,9830,69,142.46376811594203,63.40360439516336,0.8952431098129021,0.30220041091004024,A,Y,AY,GREEN REGENCY TEACUP AND SAUCER
23199,30475.65,14920,35,426.2857142857143,230.30345345276282,1.6774800855749226,0.30374741920167203,A,Z,AZ,JUMBO BAG APPLES
22501,30399.06,2618,75,34.906666666666666,43.982850875894464,1.599634408512014,0.3052905396233139,A,Z,AZ,PICNIC BASKET WICKER LARGE
20679,30038.82,6152,103,59.728155339805824,141.73194764702404,2.374883445081086,0.3068153735025202,A,Z,AZ,EDWARDIAN PARASOL RED
21217,29858.79,2913,103,28.281553398058254,23.34960950915376,0.8314329850501079,0.3083310686790986,A,Y,AY,RED SPOTTY ROUND CAKE TINS
84029G,29661.23,6866,101,67.98019801980197,102.88401043874794,1.5378196073038783,0.3098367352932642,A,Z,AZ,KNITTED UNION FLAG HOT WATER BOTTLE
22659,29596.96,15959,76,209.98684210526315,182.62372926656622,1.17890852844617,0.31133913942663277,A,Y,AY,LUNCH BOX I LOVE LONDON
47590B,29558.86,5761,100,57.61,59.54573745017226,1.0676858285957889,0.31283960952361783,A,Y,AY,PINK HAPPY BIRTHDAY BUNTING
22622,29470.01,2947,83,35.506024096385545,45.114589467043814,1.5005296724986956,0.31433556940714685,A,Z,AZ,BOX OF VINTAGE ALPHABET BLOCKS
22158,29451.98,9071,74,122.58108108108108,176.34127922996103,1.809574335031975,0.3158306140498361,A,Z,AZ,3 HEARTS HANGING DECORATION RUSTIC
82483,29202.82,4909,95,51.67368421052632,33.717046040971674,0.7456009475169136,0.3173130108052467,A,X,AX,WOOD 2 DRAWER CABINET WHITE FINISH
23355,28842.550000000003,5841,16,365.0625,165.62345596764567,2.5988994192081885,0.3187771194953584,A,Z,AZ,HOT WATER BOTTLE KEEP CALM
48188,28662.03,4875,103,47.33009708737864,92.58227801761878,1.9584853732578542,0.32023206460940845,A,Z,AZ,DOORMAT WELCOME PUPPIES
20971,28642.22,22309,104,214.5096153846154,366.4732733785938,1.7001901112344964,0.32168600412606324,A,Z,AZ,PINK BLUE FELT CRAFT TRINKET BOX
84978,28580.96,21773,103,211.38834951456312,109.53155450171845,0.5274146308026357,0.32313683395587145,A,X,AX,HANGING HEART JAR T-LIGHT HOLDER
22866,28344.570000000003,12815,36,355.97222222222223,329.0902165591081,2.0710738410030123,0.3245756641305433,A,Z,AZ,HAND WARMER SCOTTY DOG DESIGN
22467,28278.78,11954,77,155.24675324675326,102.06462811223244,0.9627285626609415,0.3260111546660111,A,Y,AY,GUMBALL COAT RACK
22752,28207.45,3467,69,50.2463768115942,60.80499345717022,1.63783876749019,0.3274430243401867,A,Z,AZ,SET 7 BABUSHKA NESTING BOXES
21977,28159.08,56230,104,540.6730769230769,392.33397805450363,0.722142857772892,0.32887243865111104,A,X,AX,PACK OF 60 PINK PAISLEY CAKE CASES
22188,28115.98,10354,97,106.74226804123711,255.44003203420507,2.479685909250154,0.3302996651151029,A,Z,AZ,BLACK HEART CARD HOLDER
82583,28103.79,12935,99,130.65656565656565,115.8877149742909,0.931984736080192,0.3317262727889762,A,Y,AY,HOT BATHS METAL SIGN
23201,27890.170000000002,13379,35,382.25714285714287,218.21890558863709,1.7064950729785289,0.3331420366609533,A,Z,AZ,JUMBO BAG ALPHABET
22492,27864.390000000003,43618,83,525.5180722891566,371.0244013225093,0.9327713828663682,0.33455649188573966,A,Y,AY,MINI PAINT SET VINTAGE
20719,27634.12,24521,103,238.06796116504853,120.48409399014429,0.5155704334576413,0.33595925811950156,A,X,AX,WOODLAND CHARLOTTE BAG
47566B,27598.2,6020,90,66.88888888888889,75.93750305045641,1.2760693115725412,0.3373602009782794,A,Y,AY,TEA TIME PARTY BUNTING
22624,27500.33,3178,79,40.22784810126582,22.442490244776476,0.8491150801239551,0.3387561757493707,A,Y,AY,IVORY KITCHEN SCALES
21930,27402.79,13407,104,128.91346153846155,89.15570655433329,0.6882604573559453,0.34014719918427183,A,X,AX,JUMBO STORAGE BAG SKULLS
72741,27333.71,19777,103,192.0097087378641,205.41972790045912,1.0743179970516064,0.3415347159726277,A,Y,AY,GRAND CHOCOLATECANDLE
22835,27277.54,5342,64,83.46875,89.9262429253367,1.5753375452349825,0.3429193814532759,A,Z,AZ,HOT WATER BOTTLE I AM SO POORLY
84991,27122.96,54205,104,521.2019230769231,336.04239734265656,0.6416378982435395,0.3442962001269907,A,X,AX,60 TEATIME FAIRY CAKE CASES
22961,26910.18,17267,55,313.94545454545454,220.83087362838276,1.3451693033240872,0.3456622176389815,A,Y,AY,JAM MAKING SET PRINTED
20750,26906.38,3693,103,35.85436893203884,21.765419491185114,0.6149671093140405,0.34702804225495504,A,X,AX,RED RETROSPOT MINI CASES
71459,26840.79,33109,103,321.4466019417476,285.7309418671713,0.8942936858219489,0.3483905373841466,A,Y,AY,HANGING JAM JAR T-LIGHT HOLDER
22734,26785.510000000002,9780,44,222.27272727272728,325.79922220961333,2.5152349057200465,0.3497502263839082,A,Z,AZ,SET OF 6 RIBBONS VINTAGE CHRISTMAS
22149,26281.97,12704,98,129.6326530612245,145.21540259073666,1.1744478949796227,0.3510843546308994,A,Y,AY,FELTCRAFT 6 FLOWER FRIENDS
22867,26161.730000000003,11893,39,304.94871794871796,298.0150074566141,2.036699368087044,0.3524123792418078,A,Z,AZ,HAND WARMER BIRD DESIGN
48111,26030.420000000002,4256,102,41.72549019607843,75.13475114063564,1.8147354854441289,0.3537337382800779,A,Z,AZ,DOORMAT 3 SMILEY CATS
22551,25970.62,15476,89,173.8876404494382,116.29092028598004,0.8278290078437531,0.3550520617441818,A,Y,AY,PLASTERS IN TIN SPACEBOY
82600,25780.29,12696,98,129.55102040816325,126.36390931063988,1.0298416778506438,0.3563607236559268,A,Y,AY,NO SINGING METAL SIGN
20711,25723.03,12645,103,122.76699029126213,129.40241261225563,1.0585948817574318,0.35766647892926445,A,Y,AY,JUMBO BAG TOYS
21481,25677.25,8194,100,81.94,117.26649439234853,1.4658605340544568,0.3589699103132153,A,Y,AY,FAWN BLUE HOT WATER BOTTLE
22507,25603.46,5455,91,59.94505494505494,95.38301300398915,1.7333740332210417,0.3602695959610837,A,Z,AZ,MEMO BOARD RETROSPOT  DESIGN
37503,25471.329999999998,2469,34,72.61764705882354,52.54839887759598,1.9009058106501333,0.36156257441138384,A,Z,AZ,TEA TIME CAKE STAND IN GIFT BOX
22087,25445.15,8494,75,113.25333333333333,97.9619470154767,1.187571383884179,0.36285422390964933,A,Y,AY,PAPER BUNTING WHITE LACE
21080,25435.63,31098,104,299.0192307692308,209.41870451644064,0.6969767507503768,0.3641453901526294,A,X,AX,SET/20 RED RETROSPOT PAPER NAPKINS
21108,25435.57,12980,100,129.8,449.6720690647461,3.520929001400558,0.36543655334988295,A,Z,AZ,FAIRY CAKE FLANNEL ASSORTED COLOUR
84755,25293.53,40575,104,390.1442307692308,338.391237299307,0.863169054171894,0.36672050629706004,A,Y,AY,COLOUR GLASS T-LIGHT HOLDER HANGING
22084,25190.11,8812,91,96.83516483516483,148.73849264443683,1.676172378859861,0.3679992094268412,A,Z,AZ,PAPER CHAIN KIT EMPIRE
21527,25087.72,3360,66,50.90909090909091,44.55721551606939,1.3283617986178355,0.3692727150241996,A,Y,AY,RED RETROSPOT TRADITIONAL TEAPOT
23173,24918.93,2770,31,89.35483870967742,115.02798163551245,2.7812018510468817,0.3705376524850443,A,Z,AZ,REGENCY TEAPOT ROSES
20972,24856.56,20553,104,197.625,208.70419385815083,1.0509722183935593,0.3717994239131005,A,Y,AY,PINK CREAM FELT CRAFT TRINKET BOX
21314,24664.49,11437,104,109.97115384615384,122.07951067567014,1.1047549108200638,0.3730514454627268,A,Y,AY,SMALL GLASS HEART TRINKET POT
84836,24531.83,20041,104,192.70192307692307,159.41311538104125,0.8232655512647742,0.37429673291086657,A,Y,AY,ZINC METAL HEART DECORATION
84077,24507.53,106379,103,1032.8058252427184,973.1355532831864,0.9473189327226836,0.3755407868397381,A,Y,AY,WORLD WAR 2 GLIDERS ASSTD DESIGNS
22722,24507.36,5984,43,139.1627906976744,169.37334504305628,2.2176502060290577,0.376784832139051,A,Z,AZ,SET OF 6 SPICE TINS PANTRY DESIGN
22698,24486.72,8231,63,130.65079365079364,76.43617593322837,1.0985666217976802,0.37802782970841753,A,Y,AY,PINK REGENCY TEACUP AND SAUCER
22728,24306.06,6228,63,98.85714285714286,110.18355025385496,1.63370143321561,0.3792616565950269,A,Z,AZ,ALARM CLOCK BAKELIKE PINK
48173C,24295.9,4152,99,41.93939393939394,89.44840243172666,2.1865082453607037,0.3804949677386008,A,Z,AZ,DOORMAT BLACK FLOCK
21231,24247.61,19523,96,203.36458333333334,156.9359990094297,0.849562837881852,0.3817258275798922,A,Y,AY,SWEETHEART CERAMIC TRINKET BOX
47590A,24201.38,4756,89,53.438202247191015,59.839169874563055,1.2717400104530292,0.3829543406888474,A,Y,AY,BLUE HAPPY BIRTHDAY BUNTING
22171,23877.76,3162,101,31.306930693069308,50.3898288495322,1.634278741294136,0.384166426163828,A,Z,AZ,3 HOOK PHOTO SHELF ANTIQUE WHITE
23344,23815.75,10306,26,396.38461538461536,384.93844462958765,2.5743415866570967,0.38537536388037974,A,Z,AZ,JUMBO BAG 50'S CHRISTMAS
21955,23809.22,3921,102,38.44117647058823,79.09219755104607,2.072087542520948,0.3865839701203544,A,Z,AZ,DOORMAT UNION JACK GUNS AND ROSES
21790,23538.47,27282,104,262.3269230769231,199.52406684080256,0.7569276426039842,0.3877788325190998,A,Y,AY,VINTAGE SNAP CARDS
23243,23514.170000000002,4805,27,177.96296296296296,342.529334115116,4.073421194720667,0.38897246139857694,A,Z,AZ,SET OF TEA COFFEE SUGAR TINS PANTRY
22605,23439.57,1828,85,21.50588235294118,29.725980110963924,1.5917409137198049,0.3901623034246628,A,Z,AZ,WOODEN CROQUET GARDEN SET
22625,23105.350000000002,2651,78,33.98717948717949,21.035216970127806,0.9151657830035115,0.3913351797384101,A,Y,AY,RED KITCHEN SCALES
84406B,23098.1,7134,102,69.94117647058823,67.73445874569686,0.9831154283347141,0.3925076880268613,A,Y,AY,CREAM CUPID HEARTS COAT HANGER
22607,23015.79,2545,71,35.84507042253521,37.546028090226976,1.4315229491964627,0.3936760180860547,A,Y,AY,WOODEN ROUNDERS GARDEN SET
21791,22924.85,17657,104,169.77884615384616,181.46132577509115,1.063659062142647,0.39483973183898247,A,Y,AY,VINTAGE HEADS AND TAILS CARD GAME
22554,22899.92,13616,88,154.72727272727272,97.60661453852343,0.8042228184115189,0.3960021800925128,A,Y,AY,PLASTERS IN TIN WOODLAND ANIMALS
21936,22770.81,7815,103,75.87378640776699,81.05489299641208,1.0727701708684514,0.39715807445004647,A,Y,AY,RED RETROSPOT PICNIC BAG
84970S,22653.1,26905,104,258.7019230769231,158.45870981019777,0.6095627239912839,0.3983079935996352,A,X,AX,HANGING HEART ZINC T-LIGHT HOLDER
22556,22376.98,13611,89,152.93258426966293,130.452516418184,1.0046088660420203,0.399443896315465,A,Y,AY,PLASTERS IN TIN CIRCUS PARADE
37449,22363.15,2385,86,27.732558139534884,35.31119616432447,1.4652863128609597,0.4005790969913162,A,Y,AY,CERAMIC CAKE STAND + HANGING CAKES
85014A,22243.45,4661,102,45.69607843137255,113.51728522068775,2.5000146812530866,0.4017082214426239,A,Z,AZ,BLACK/BLUE POLKADOT UMBRELLA
20749,22200.96,3075,102,30.147058823529413,30.087791365994846,1.0125481475337832,0.4028351890118861,A,Y,AY,ASSORTED COLOUR MINI CASES
22113,22159.98,5796,65,89.16923076923077,91.97988387936536,1.5087290818549943,0.40396007634988856,A,Z,AZ,GREY HEART HOT WATER BOTTLE
22585,22011.05,17584,91,193.23076923076923,181.29877593035795,1.0667115593145764,0.40507740368687795,A,Y,AY,PACK OF 6 BIRDY GIFT TAGS
23202,21852.81,10962,32,342.5625,161.42329397800577,1.7172983890004125,0.406186698427612,A,Z,AZ,JUMBO BAG VINTAGE LEAF
22499,21838.420000000002,3586,96,37.354166666666664,44.18596566109548,1.2583247015774885,0.40729526270158606,A,Y,AY,WOODEN UNION JACK BUNTING
22941,21753.08,2618,32,81.8125,90.34358698699879,2.4676477656734117,0.4083994949371095,A,Z,AZ,CHRISTMAS LIGHTS 10 REINDEER
21210,21735.89,15124,97,155.91752577319588,111.2317091801963,0.7824372764012514,0.40950285457196534,A,Y,AY,SET OF 72 RETROSPOT PAPER  DOILIES
22456,21607.95,4421,89,49.674157303370784,65.03002370948973,1.4658481604188864,0.4105997197024929,A,Y,AY,NATURAL SLATE CHALKBOARD LARGE
22969,21519.39,14473,55,263.1454545454545,294.297306098959,1.7924892763184126,0.4116920893405764,A,Z,AZ,HOMEMADE JAM SCENTED CANDLES
21213,21463.86,40433,104,388.77884615384613,301.23432019720985,0.7710876840383626,0.41278164015870245,A,Y,AY,PACK OF 72 SKULL CAKE CASES
21258,21450.31,1510,73,20.684931506849313,25.437219401853284,1.5967528780370437,0.4138705031502406,A,Z,AZ,VICTORIAN SEWING BOX LARGE
23209,21450.17,13189,32,412.15625,214.38841888783506,1.7612129930236828,0.41495935903508346,A,Z,AZ,LUNCH BAG VINTAGE DOILY
85048,21248.83,2691,60,44.85,53.098828548474955,1.7670307338926274,0.41603799447673845,A,Z,AZ,15CM CHRISTMAS GLASS BALL 20 LIGHTS
22570,20931.100000000002,5639,85,66.34117647058824,80.73450801431643,1.4192413257959344,0.4171005012732456,A,Y,AY,FELTCRAFT CUSHION RABBIT
22424,20925.14,1532,82,18.682926829268293,17.21460623630767,1.1540942537257064,0.4181627055275783,A,Y,AY,ENAMEL BREAD BIN CREAM
23206,20911.98,12183,35,348.0857142857143,183.60353249013795,1.6656895143112036,0.419224241752546,A,Z,AZ,LUNCH BAG APPLE DESIGN
84997A,20893.73,5366,94,57.08510638297872,56.17554275440516,1.079996233153535,0.42028485156900985,A,Y,AY,GREEN 3 PIECE MINI DOTS CUTLERY SET
22294,20881.88,16873,103,163.81553398058253,149.1270512126775,0.915609550183275,0.4213448598544725,A,Y,AY,HEART FILIGREE DOVE  SMALL
22356,20881.25,20026,104,192.55769230769232,111.03448488401163,0.5738507482819019,0.42240483615980595,A,X,AX,CHARLOTTE BAG PINK POLKADOT
21218,20822.81,5262,104,50.59615384615385,38.78006675208915,0.7627689229833812,0.42346184592744246,A,Y,AY,RED SPOTTY BISCUIT TIN
48116,20728.07,3454,88,39.25,72.2702860992923,2.035442112718657,0.4245140464927962,A,Z,AZ,DOORMAT MULTICOLOUR STRIPE
22632,20582.33,10310,32,322.1875,364.621008498838,2.506466941975893,0.42555884898826724,A,Z,AZ,HAND WARMER RED RETROSPOT
22617,20571.74,4256,90,47.28888888888889,53.004821583617385,1.261432960037469,0.42660311391299544,A,Y,AY,BAKING SET SPACEBOY DESIGN
22693,20469.08,17875,68,262.86764705882354,471.8280076345732,2.3204196564570974,0.4276421675995312,A,Z,AZ,GROW A FLYTRAP OR SUNFLOWER IN TIN
20723,20438.45,18340,104,176.34615384615384,98.55891434423356,0.5562011233058033,0.42867966644264366,A,X,AX,STRAWBERRY CHARLOTTE BAG
21559,20416.93,8255,104,79.375,59.006694946791335,0.7398088022353458,0.4297160728851531,A,X,AX,STRAWBERRY LUNCH BOX WITH CUTLERY
22568,20271.22,5486,91,60.285714285714285,68.2505654375089,1.2615670561903145,0.4307450827806432,A,Y,AY,FELTCRAFT CUSHION OWL
85150,20255.57,8368,89,94.02247191011236,73.9045726116533,0.939363086594391,0.43177329824911487,A,Y,AY,LADIES & GENTLEMEN METAL SIGN
21216,20213.55,3893,98,39.724489795918366,30.864112083218295,0.83384901354814,0.4327993806937326,A,Y,AY,"SET 3 RETROSPOT TEA,COFFEE,SUGAR"
22273,20189.34,7368,103,71.53398058252426,177.21311062982235,2.479169764090399,0.4338242341876719,A,Z,AZ,FELTCRAFT DOLL MOLLY
22569,20134.43,5529,85,65.04705882352941,82.25510635217975,1.4686844073523788,0.43484630033416194,A,Y,AY,FELTCRAFT CUSHION BUTTERFLY
21622,20021.09,3716,94,39.53191489361702,76.44868995799568,2.0493850081861713,0.43586261310312685,A,Z,AZ,VINTAGE UNION JACK CUSHION COVER
22900,19895.14,6176,63,98.03174603174604,100.65029978545621,1.5373136179552311,0.436872532384362,A,Z,AZ,SET 2 TEA TOWELS I LOVE LONDON
22413,19754.79,6985,97,72.01030927835052,152.96673759114546,2.20460723038266,0.43787532720348626,A,Z,AZ,METAL SIGN TAKE IT OR LEAVE IT
48129,19646.079999999998,3132,101,31.00990099009901,56.246154544022815,1.8395105570582082,0.43887260367365377,A,Z,AZ,DOORMAT TOPIARY
22381,19634.24,9272,98,94.61224489795919,91.00533944379093,1.0163947243898395,0.4398692791204412,A,Y,AY,TOY TIDY PINK POLKADOT
21174,19619.42,9709,104,93.35576923076923,88.00274910415001,0.9381170303992178,0.4408652022727614,A,Y,AY,POTTERING IN THE SHED METAL SIGN
22558,19539.59,13827,71,194.74647887323943,138.90209484277142,1.0951986040097694,0.4418570730858559,A,Y,AY,CLOTHES PEGS RETROSPOT PACK 24
22169,19533.1,2278,99,23.01010101010101,18.228982837663082,0.8385402785200917,0.44284861445285784,A,Y,AY,FAMILY ALBUM WHITE PICTURE FRAME
22561,19532.52,11647,89,130.86516853932585,98.50913559518176,0.9073241531378718,0.44384012637783604,A,Y,AY,WOODEN SCHOOL COLOURING SET
21340,19337.48,1771,78,22.705128205128204,22.54410336954204,1.2770940864539613,0.4448217376609182,A,Y,AY,CLASSIC METAL BIRDCAGE PLANT HOLDER
22427,19326.83,3219,70,45.98571428571429,35.49545504980246,1.1654422106721374,0.445802808327531,A,Y,AY,ENAMEL FLOWER JUG CREAM
22952,19274.7,33051,51,648.0588235294117,728.3164535218108,1.8879330611279213,0.44678123276535964,A,Z,AZ,60 CAKE CASES VINTAGE CHRISTMAS
21908,19180.58,9704,104,93.3076923076923,116.67123146231694,1.244366400272393,0.4477548794734137,A,Y,AY,CHOCOLATE THIS WAY METAL SIGN
22061,19161.17,2175,99,21.96969696969697,29.367292143921258,1.3815221346907574,0.44872754088891637,A,Y,AY,LARGE CAKE STAND  HANGING STRAWBERY
84949,19104.899999999998,11999,102,117.63725490196079,117.74227512157928,1.0153930222959457,0.4496973459205005,A,Y,AY,SILVER HANGING T-LIGHT HOLDER
71053,18970.52,4786,104,46.01923076923077,43.266386596424674,0.9356495525146231,0.45066032953976914,A,Y,AY,WHITE METAL LANTERN
84947,18911.670000000002,15944,103,154.79611650485438,136.30209809667247,0.8859812348156418,0.4516203258088759,A,Y,AY,ANTIQUE SILVER TEA GLASS ENGRAVED
47591D,18730.32,9650,100,96.5,69.61735241716507,0.7588524267320995,0.4525711163693698,A,Y,AY,PINK FAIRY CAKE CHILDRENS APRON
22555,18718.27,11572,89,130.02247191011236,123.51674320881008,1.1005538619503459,0.4535212952464406,A,Y,AY,PLASTERS IN TIN STRONGMAN
21035,18681.38,6006,104,57.75,72.46502336748733,1.2487583083383533,0.45446960150928073,A,Y,AY,SET/2 RED RETROSPOT TEA TOWELS
22041,18650.87,7540,101,74.65346534653466,67.64117616416267,0.9309558862590814,0.4554163590201507,A,Y,AY,"RECORD FRAME 7"" SINGLE SIZE"
21121,18488.95,15252,104,146.65384615384616,147.67846003354387,1.002133638657429,0.45635489713020133,A,Y,AY,SET/10 RED POLKADOT PARTY CANDLES
22847,18352.739999999998,1157,51,22.686274509803923,16.477245153336078,1.4470174689399706,0.45728652093327565,A,Y,AY,BREAD BIN DINER STYLE IVORY
21484,18320.89,4631,96,48.239583333333336,71.07072012278988,1.552511764595199,0.4582165279631527,A,Z,AZ,CHICK GREY HOT WATER BOTTLE
21430,18082.47,4631,80,57.8875,51.879849933417546,1.1537407925428858,0.4591344322908105,A,Y,AY,SET/3 RED GINGHAM ROSE STORAGE BOX
22505,18074.23,3781,91,41.54945054945055,39.157875250569894,1.0708785638273641,0.4600519183386835,A,Y,AY,MEMO BOARD COTTAGE DESIGN
79323W,18048.72,3004,24,125.16666666666667,98.5369790072948,2.4304412132483,0.4609681094451354,A,Z,AZ,WHITE CHERRY LIGHTS
22147,17951.58,12868,102,126.15686274509804,167.61416946046523,1.3423107352469634,0.46187936952024095,A,Y,AY,FELTCRAFT BUTTERFLY HEARTS
22560,17904.21,14870,89,167.07865168539325,149.41067753610434,1.0452311740458131,0.46278822499420513,A,Y,AY,TRADITIONAL MODELLING CLAY
22352,17879.16,7109,104,68.35576923076923,47.337851655969125,0.6891841995696741,0.46369580887731876,A,X,AX,LUNCH BOX WITH CUTLERY RETROSPOT
22297,17840.12,13825,104,132.93269230769232,112.13508362278452,0.8394825117774377,0.46460141100766555,A,Y,AY,HEART IVORY TRELLIS SMALL
84945,17767.96,21630,92,235.1086956521739,213.7969899006711,1.027160236442151,0.46550335014416905,A,Y,AY,MULTI COLOUR SILVER T-LIGHT HOLDER
84970L,17736.68,17709,103,171.93203883495147,127.01059567780109,0.7452333771243971,0.4664037014418778,A,X,AX,SINGLE HEART ZINC T-LIGHT HOLDER
21914,17729.11,12960,92,140.8695652173913,141.16502830868316,1.1194988192535147,0.4673036684704154,A,Y,AY,BLUE HARMONICA IN BOX
22633,17656.47,8579,35,245.11428571428573,214.44754897294627,2.0447158443583873,0.4681999481392969,A,Z,AZ,HAND WARMER UNION JACK
22776,17540.41,1709,60,28.483333333333334,20.950702157778743,1.2866532486824134,0.4690903363577146,A,Y,AY,SWEETHEART CAKESTAND 3 TIER
21136,17502.15,10526,103,102.19417475728156,102.44693109714935,1.007257027074026,0.46997878241781116,A,Y,AY,PAINTED METAL PEARS ASSORTED
84467,17477.66,816,17,48.0,67.78181909627389,4.074207725313503,0.47086598531383866,A,Z,AZ,ENGLISH ROSE DESIGN QUILTED THROW
20718,17467.35,13361,104,128.47115384615384,95.40093797047281,0.7390076985815117,0.4717526648525141,A,X,AX,RED RETROSPOT SHOPPER BAG
22557,17437.6,10391,89,116.75280898876404,103.24433518455983,1.0353989745953784,0.4726378342184228,A,Y,AY,PLASTERS IN TIN VINTAGE PAISLEY
84992,17404.8,35126,104,337.75,302.7560699045977,0.8920710466766802,0.4735213385871301,A,Y,AY,72 SWEETHEART FAIRY CAKE CASES
22366,17264.77,2543,99,25.68686868686869,45.59060198192624,1.8238160050203023,0.4743977347376015,A,Z,AZ,DOORMAT AIRMAIL
21889,17119.41,12824,104,123.3076923076923,122.82650775876958,0.9912971936193238,0.47526675210779196,A,Y,AY,WOODEN BOX OF DOMINOES
23240,17037.52,4186,27,155.03703703703704,80.7400774953809,1.9641347724657938,0.47613161256881054,A,Z,AZ,SET OF 4 KNICK KNACK TINS DOILY
21156,17017.88,9145,103,88.7864077669903,106.62161890236668,1.2048568807818858,0.47699547606199266,A,Y,AY,RETROSPOT CHILDRENS APRON
22654,17001.02,2539,72,35.263888888888886,35.76015291880355,1.3817378735490269,0.4778584837060034,A,Y,AY,DELUXE SEWING KIT
21535,16921.15,6809,103,66.10679611650485,49.72294073878702,0.7585520957136384,0.47871743698030417,A,Y,AY,RED RETROSPOT SMALL MILK JUG
22652,16822.1,9927,70,141.81428571428572,145.09080543558287,1.420794798866362,0.4795713622676289,A,Y,AY,TRAVEL SEWING KIT
21533,16793.07,3379,104,32.49038461538461,23.275886598323456,0.712940559866325,0.4804238139309061,A,X,AX,RETRO SPOT LARGE MILK JUG
21164,16679.510000000002,5999,104,57.68269230769231,73.60314266494896,1.2698510372760787,0.48127050104899394,A,Y,AY,HOME SWEET HOME METAL SIGN
72760B,16634.41,1724,89,19.370786516853933,20.699902295812407,1.2198131768213414,0.48211489879592967,A,Y,AY,VINTAGE CREAM 3 BASKET CAKE STAND
22993,16507.23,12672,43,294.69767441860466,134.41115580184075,1.3820405512446678,0.48295284061774063,A,Y,AY,SET OF 4 PANTRY JELLY MOULDS
22837,16487.73,3541,31,114.2258064516129,181.85611705914093,3.253314729339281,0.4837897925784104,A,Z,AZ,HOT WATER BOTTLE BABUSHKA
22487,16393.6,1634,90,18.155555555555555,11.11625099594031,0.7641611134357147,0.48462196630168436,A,Y,AY,WHITE WOOD GARDEN PLANT LADDER
21155,16360.79,6673,94,70.98936170212765,72.19529884924836,1.1128797989913999,0.4854524745201357,A,Y,AY,RED RETROSPOT PEG BAG
23301,16357.05,8825,31,284.6774193548387,195.62947751583417,1.9718064979268515,0.48628279288829634,A,Z,AZ,GARDENERS KNEELING PAD KEEP CALM
22191,16284.050000000001,1975,87,22.701149425287355,38.95140530722409,1.9168509533376161,0.48710940562244137,A,Z,AZ,IVORY DINER WALL CLOCK
22662,16266.41,9983,72,138.65277777777777,96.81987918945045,1.0672331576615537,0.4879351229129694,A,Y,AY,LUNCH BAG DOLLY GIRL DESIGN
35004C,16239.900000000001,3066,63,48.666666666666664,50.94462521905208,1.5591758104299853,0.48875949449996664,A,Z,AZ,SET OF 3 COLOURED  FLYING DUCKS
22296,16220.609999999999,9836,93,105.76344086021506,86.34780501848354,0.9250144433145163,0.48958288688586565,A,Y,AY,HEART IVORY TRELLIS LARGE
22193,16177.480000000001,1917,78,24.576923076923077,21.749768908024,1.167976146280381,0.49040408990196893,A,Y,AY,RED DINER WALL CLOCK
22634,16036.1,1697,81,20.950617283950617,19.38485312980724,1.1702938542501764,0.49121811617098815,A,Y,AY,CHILDS BREAKFAST SET SPACEBOY
21877,15996.8,14087,102,138.1078431372549,190.90368246181134,1.3959478247944828,0.49203014748909213,A,Y,AY,HOME SWEET HOME MUG
22692,15982.45,2137,72,29.680555555555557,41.969749800047175,1.8145372857026958,0.49284145037092036,A,Z,AZ,DOORMAT WELCOME TO OUR HOME
22759,15892.96,9396,69,136.17391304347825,133.79988970822623,1.3933082136503108,0.4936482105515424,A,Y,AY,SET OF 3 NOTEBOOKS IN PARCEL
22690,15859.74,2533,70,36.18571428571428,72.98606038382923,2.53842396909431,0.4944532844148767,A,Z,AZ,DOORMAT HOME SWEET HOME BLUE
22635,15834.81,1664,78,21.333333333333332,19.938650494699573,1.2178250928317946,0.49525709277881363,A,Y,AY,CHILDS BREAKFAST SET DOLLY GIRL
23313,15833.310000000001,2997,22,136.22727272727272,107.87864955728278,2.5606710630864207,0.4960608249995858,A,Z,AZ,VINTAGE CHRISTMAS BUNTING
22367,15811.82,8076,100,80.76,56.832221618914524,0.7415367260102238,0.49686346634261835,A,X,AX,CHILDRENS APRON SPACEBOY DESIGN
84375,15794.28,7595,96,79.11458333333333,69.63995673865259,0.9560250597957095,0.49766521731824487,A,Y,AY,SET OF 20 KIDS COOKIE CUTTERS
22170,15753.27,2401,97,24.75257731958763,24.391353884725163,1.0500153555988765,0.49846488653974835,A,Y,AY,PICTURE FRAME WOOD TRIPLE PORTRAIT
22619,15668.84,4021,83,48.44578313253012,45.75631450813132,1.1650308620181093,0.49926026991632116,A,Y,AY,SET OF 6 SOLDIER SKITTLES
22333,15651.199999999999,10037,103,97.44660194174757,117.87877855839203,1.2136251111667564,0.500054757849277,A,Y,AY,RETROSPOT PARTY BAG + STICKER SET
85232B,15606.800000000001,3090,56,55.17857142857143,63.639355217251634,1.8120058710890992,0.5008469919445576,A,Z,AZ,SET/3 RUSSIAN DOLL STACKING TINS
21891,15586.4,12171,94,129.4787234042553,153.40022351579827,1.2817267585129384,0.5016381904927982,A,Y,AY,TRADITIONAL WOODEN SKIPPING ROPE
22173,15426.65,5031,83,60.6144578313253,52.58369202015737,1.0884099110716303,0.5024212797939979,A,Y,AY,METAL 4 HOOK HANGER FRENCH CHATEAU
22749,15425.6,3778,64,59.03125,54.14529798284236,1.4038418600771552,0.503204315794982,A,Y,AY,FELTCRAFT PRINCESS CHARLOTTE DOLL
84378,15417.19,11660,104,112.11538461538461,123.77793360851652,1.098702112980384,0.5039869248866228,A,Y,AY,SET OF 3 HEART COOKIE CUTTERS
21844,15367.79,5387,101,53.336633663366335,50.08977485030707,0.963775984213659,0.5047670263300392,A,Y,AY,RED RETROSPOT MUG
22940,15363.56,3510,48,73.125,75.36990341260585,1.8494468713870533,0.5055469130497312,A,Z,AZ,FELTCRAFT CHRISTMAS FAIRY
21094,15334.88,19634,104,188.78846153846155,183.35956892416812,0.9665627958441794,0.5063253439121141,A,Y,AY,SET/6 RED SPOTTY PAPER PLATES
22365,15304.79,2331,98,23.785714285714285,49.392651483986526,2.14258529651305,0.5071022473426129,A,Z,AZ,DOORMAT RESPECTABLE HOUSE
22909,15294.52,17166,52,330.11538461538464,370.85992566541205,1.8643032057275786,0.5078786294462441,A,Z,AZ,SET OF 20 VINTAGE CHRISTMAS NAPKINS
21975,15288.32,31426,104,302.1730769230769,238.08933798123664,0.7841264854537854,0.5086546968247945,A,Y,AY,PACK OF 60 DINOSAUR CAKE CASES
21165,15175.83,9365,100,93.65,82.80149988882074,0.9191717695783628,0.5094250539736132,A,Y,AY,BEWARE OF THE CAT METAL SIGN
35970,15152.01,8422,75,112.29333333333334,156.94496998503521,1.7490678955052226,0.5101942019689762,A,Z,AZ,ZINC FOLKART SLEIGH BELLS
82582,15146.68,7496,97,77.27835051546391,59.68873118591307,0.8397639130933475,0.510963079402294,A,Y,AY,AREA PATROLLED METAL SIGN
22946,15094.47,978,44,22.227272727272727,25.164448562580777,2.0795112794585364,0.511729306545859,A,Z,AZ,WOODEN ADVENT CALENDAR CREAM
21122,15017.28,12347,102,121.04901960784314,115.11022504504282,0.96570409194002,0.5124916153621683,A,Y,AY,SET/10 PINK POLKADOT PARTY CANDLES
22606,14977.64,1075,79,13.60759493670886,27.22339572703492,2.3492037475922474,0.513251911968445,A,Z,AZ,WOODEN SKITTLES GARDEN SET
22730,14886.02,3707,63,58.84126984126984,53.007670275526294,1.4032905264486562,0.5140075577502214,A,Y,AY,ALARM CLOCK BAKELIKE IVORY
21770,14832.050000000001,2996,65,46.09230769230769,96.84293389893682,2.7485440791932323,0.5147604639009319,A,Z,AZ,OPEN CLOSED METAL SIGN
17003,14776.86,70405,98,718.4183673469388,1436.1918425932263,2.0637433069189672,0.5155105684908021,A,Z,AZ,BROCADE RING PURSE
21912,14685.08,3743,104,35.99038461538461,45.43607377239626,1.2563662197802872,0.5162560141342347,A,Y,AY,VINTAGE SNAKES & LADDERS
22485,14677.84,1101,91,12.098901098901099,10.366671966831383,0.986240107188374,0.5170010922599922,A,Y,AY,SET OF 2 WOODEN MARKET CRATES
21380,14622.820000000002,5041,102,49.42156862745098,66.2081081861901,1.3533466930202036,0.5177433774544685,A,Y,AY,WOODEN HAPPY BIRTHDAY GARLAND
84050,14549.75,9868,96,102.79166666666667,150.0553523601535,1.5387944875285111,0.5184819534615813,A,Z,AZ,PINK HEART SHAPE EGG FRYING PAN
22150,14527.5,7836,103,76.07766990291262,100.77403273139758,1.3282177999827596,0.519219400011751,A,Y,AY,3 STRIPEY MICE FELTCRAFT
21672,14461.03,11158,101,110.47524752475248,83.79147857144018,0.78497935915533,0.5199534724044822,A,Y,AY,WHITE SPOT RED CERAMIC DRAWER KNOB
22179,14425.36,2024,100,20.24,17.677880946184548,0.9085322222100434,0.5206857341127565,A,Y,AY,SET 10 LIGHTS NIGHT OWL
21169,14291.34,8873,83,106.90361445783132,106.42031422364482,1.2164538173046833,0.5214111926830751,A,Y,AY,YOU'RE CONFUSING ME METAL SIGN
20748,14266.98,1600,66,24.242424242424242,114.40293979628596,5.927591732735985,0.5221354146883989,A,Z,AZ,KENSINGTON COFFEE SET
23200,14197.28,7071,32,220.96875,113.10642558256589,1.7535428585645805,0.5228560985746692,A,Z,AZ,JUMBO BAG PEARS
22295,14188.689999999999,8602,94,91.51063829787235,85.5733031277299,1.0312923125027245,0.5235763464144164,A,Y,AY,HEART FILIGREE DOVE LARGE
22804,14123.0,5277,63,83.76190476190476,125.5773395273406,2.0742013484119335,0.5242932596911707,A,Z,AZ,CANDLEHOLDER PINK HANGING HEART
84380,14085.49,10412,104,100.11538461538461,86.94952309725984,0.8643075901318074,0.5250082688811862,A,Y,AY,SET OF 3 BUTTERFLY COOKIE CUTTERS
35400,14070.7,1443,31,46.54838709677419,54.646035970707224,2.6132899927182485,0.5257225272995977,A,Z,AZ,WOODEN BOX ADVENT CALENDAR
22627,14067.800000000001,1606,73,22.0,14.256577429383253,1.0073380481673126,0.5264366385078908,A,Y,AY,MINT KITCHEN SCALES
21257,14040.03,1558,102,15.27450980392157,16.231711330837104,1.0769040039232003,0.5271493400523946,A,Y,AY,VICTORIAN SEWING BOX MEDIUM
21668,14002.42,10426,97,107.48453608247422,74.40263679832155,0.7619790422775866,0.5278601324339487,A,Y,AY,RED STRIPE CERAMIC DRAWER KNOB
22271,13983.68,4887,99,49.36363636363637,51.01829494695986,1.0776276640871223,0.5285699735335652,A,Y,AY,FELTCRAFT DOLL ROSIE
23343,13978.95,6081,26,233.8846153846154,224.79756705499761,2.5599009416920686,0.5292795745284021,A,Z,AZ,JUMBO BAG VINTAGE CHRISTMAS
22236,13978.27,1128,89,12.674157303370787,11.65486172541789,1.0703170993797524,0.5299891410050045,A,Y,AY,CAKE STAND 3 TIER MAGIC GARDEN
21669,13960.28,10672,92,116.0,84.9097775858018,0.854127425480313,0.5306977942712515,A,Y,AY,BLUE STRIPE CERAMIC DRAWER KNOB
21259,13951.02,2311,104,22.221153846153847,24.867398523676034,1.1136935153332914,0.5314059774803617,A,Y,AY,VICTORIAN SEWING BOX SMALL
21888,13880.92,3525,104,33.89423076923077,34.86671383114735,1.0237341196369631,0.5321106022655747,A,Y,AY,BINGO SET
22444,13860.35,10135,54,187.6851851851852,163.88719360953849,1.5385763360477291,0.532814182874189,A,Z,AZ,GROW YOUR OWN PLANT IN A CAN
22621,13800.67,8737,80,109.2125,95.6506954390541,1.1334541596919143,0.5335147340000903,A,Y,AY,TRADITIONAL KNITTING NANCY
79323P,13787.93,2281,22,103.68181818181819,81.75421140376245,2.5559441740815423,0.5342146384167127,A,Z,AZ,PINK CHERRY LIGHTS
22109,13768.86,3343,103,32.45631067961165,37.114760210341636,1.1477133810892577,0.5349135747999011,A,Y,AY,FULL ENGLISH BREAKFAST PLATE
23077,13720.77,10415,38,274.07894736842104,176.08603265494773,1.684272946660779,0.535610070033229,A,Z,AZ,DOUGHNUT LIP GLOSS
47556B,13717.61,5206,52,100.11538461538461,245.43220411652632,3.576100224122747,0.5363064048582901,A,Z,AZ,TEA TIME TEA TOWELS
21871,13710.29,11536,95,121.43157894736842,159.97071890522614,1.405213012633076,0.5370023681047073,A,Y,AY,SAVE THE PLANET MUG
22667,13654.2,4868,67,72.65671641791045,66.03730631558469,1.347363552204615,0.5376954841043856,A,Y,AY,RECIPE BOX RETROSPOT
21539,13635.79,2740,99,27.67676767676768,25.859442787543003,0.9789374361602644,0.5383876655736224,A,Y,AY,RED RETROSPOT BUTTER DISH
21390,13625.47,10995,103,106.74757281553399,93.2297098197277,0.8788658368328366,0.5390793231778862,A,Y,AY,FILIGRIS HEART WITH BUTTERFLY
22636,13496.529999999999,1625,78,20.833333333333332,20.62681187109069,1.2742080496709138,0.5397644355157118,A,Y,AY,CHILDS BREAKFAST SET CIRCUS PARADE
23356,13494.970000000001,2386,16,149.125,95.8852612935551,2.8318445877343734,0.5404494686646462,A,Z,AZ,LOVE HOT WATER BOTTLE
23207,13360.2,7851,35,224.31428571428572,134.66030714107157,1.735421453738706,0.5411276606040424,A,Z,AZ,LUNCH BAG ALPHABET DESIGN
22584,13323.48,5236,89,58.831460674157306,60.922498448113295,1.1863986360174479,0.5418039885587665,A,Y,AY,PACK OF 6 PANNETONE GIFT BOXES
21673,13322.94,10089,104,97.00961538461539,79.84238054999028,0.8190692792512195,0.5424802891019513,A,Y,AY,WHITE SPOT BLUE CERAMIC DRAWER KNOB
22207,13307.07,3105,100,31.05,46.28335543042433,1.5256731433712,0.5431557840504537,A,Z,AZ,FRYING PAN UNION FLAG
23108,13303.02,2221,31,71.64516129032258,90.25428831440523,2.7398985592802183,0.5438310734124112,A,Z,AZ,SET OF 10 LED DOLLY LIGHTS
21098,13295.18,8562,57,150.21052631578948,230.93062786737067,2.249738353697211,0.544505964799428,A,Z,AZ,CHRISTMAS TOILET ROLL
23328,13284.49,2845,18,158.05555555555554,81.4092581974645,2.495081877614851,0.5451803135394909,A,Z,AZ,SET 6 SCHOOL MILK BOTTLES IN CRATE
22580,13283.880000000001,2346,46,51.0,47.80701947529369,1.7900610833547839,0.5458546313146669,A,Z,AZ,ADVENT CALENDAR GINGHAM SACK
22846,13281.77,826,56,14.75,10.682611189132638,1.346802104785999,0.5465288419817912,A,Y,AY,BREAD BIN DINER STYLE RED
22838,13280.66,926,50,18.52,24.021452996886612,2.1235121969257387,0.5472029963029735,A,Z,AZ,3 TIER CAKE TIN RED AND CREAM
21704,13239.41,17180,98,175.30612244897958,292.56897708725336,1.7282438697035485,0.5478750566871265,A,Z,AZ,BAG 250g SWIRLY MARBLES
15044A,13228.549999999997,4970,81,61.358024691358025,390.64937311616086,7.1893336369279455,0.5485465657947671,A,Z,AZ,PINK PAPER PARASOL
75049L,13183.8,13992,81,172.74074074074073,210.76347986414638,1.4736838120350675,0.549215803297994,A,Y,AY,LARGE CIRCULAR MIRROR MOBILE
20676,13173.2,10529,104,101.24038461538461,73.6510396043538,0.7239807814607951,0.5498845027228569,A,X,AX,RED RETROSPOT BOWL
22464,13132.949999999999,7937,92,86.27173913043478,64.13209295191244,0.8650590172228854,0.5505511589728002,A,Y,AY,HANGING METAL HEART LANTERN
22553,13127.0,7863,89,88.34831460674157,58.01960897434816,0.8166010187704092,0.5512175131881901,A,Y,AY,PLASTERS IN TIN SKULLS
21935,13103.21,7127,104,68.52884615384616,63.13630757795427,0.9168698726384416,0.551882659772988,A,Y,AY,SUKI  SHOULDER BAG
22088,13082.78,4401,80,55.0125,49.28796647499779,1.1534642720128512,0.5525467692878824,A,Y,AY,PAPER BUNTING COLOURED LACE
22766,12979.3,4406,61,72.22950819672131,83.0524720568515,1.7094141994751155,0.5532056259396545,A,Z,AZ,PHOTO FRAME CORNICE
84988,12929.189999999999,8316,104,79.96153846153847,56.2435624064947,0.699992878988473,0.5538619389021042,A,X,AX,SET OF 72 PINK HEART PAPER DOILIES
21906,12919.960000000001,1792,94,19.06382978723404,52.37905854845359,2.8930474543330535,0.5545177833302806,A,Z,AZ,PHARMACIE FIRST AID TIN
22655,12845.0,76,31,2.4516129032258065,2.188434900066245,2.2230223244150396,0.5551698226307059,A,Z,AZ,VINTAGE RED KITCHEN CABINET
15056P,12824.61,2522,101,24.97029702970297,64.49906285296628,2.6137926778264795,0.5558208268917124,A,Z,AZ,EDWARDIAN PARASOL PINK
22198,12782.71,7345,60,122.41666666666667,104.44287899015144,1.4049954809276555,0.5564697042203183,A,Y,AY,LARGE POPCORN HOLDER
22646,12735.91,8969,82,109.3780487804878,102.48187316306205,1.1696665298772546,0.5571162058821852,A,Y,AY,CERAMIC STRAWBERRY CAKE MONEY BANK
22303,12734.78,5452,99,55.07070707070707,51.95902084772319,0.9880302198397565,0.5577626501828681,A,Y,AY,COFFEE MUG APPLES DESIGN
22947,12704.15,1011,33,30.636363636363637,41.05774758025136,2.7640979198384805,0.5584075396401277,A,Z,AZ,WOODEN ADVENT CALENDAR RED
22616,12476.99,39204,83,472.33734939759034,519.7012105259685,1.3234954488189064,0.5590408979765243,A,Y,AY,PACK OF 12 LONDON TISSUES
22623,12454.08,2316,82,28.24390243902439,30.583446250920723,1.3180541047756376,0.5596730933529854,A,Y,AY,BOX OF VINTAGE JIGSAW BLOCKS
62018,12450.85,9567,72,132.875,231.5024373978096,2.1835983753894945,0.5603051247678318,A,Z,AZ,SOMBRERO
22144,12411.87,5148,48,107.25,128.28600029753997,2.049888715881497,0.5609351774756379,A,Z,AZ,CHRISTMAS CRAFT LITTLE FRIENDS
21671,12386.82,9526,91,104.68131868131869,83.95963039472922,0.9327163545108769,0.5615639585925937,A,Y,AY,RED SPOT CERAMIC DRAWER KNOB
23174,12350.73,3057,31,98.61290322580645,143.15718107948223,3.032646991537479,0.5621909077050066,A,Z,AZ,REGENCY SUGAR BOWL GREEN
22082,12337.25,7355,104,70.72115384615384,59.14101245325041,0.8322261539294544,0.5628171725441792,A,Y,AY,RIBBON REEL STRIPES DESIGN
22631,12255.5,6279,76,82.61842105263158,68.68536323560514,1.140949467386223,0.5634392875808755,A,Y,AY,CIRCUS PARADE LUNCH BOX
85042,12239.51,2686,46,58.391304347826086,51.07662142349127,1.7184797662778977,0.564060590931436,A,Z,AZ,ANTIQUE LILY FAIRY LIGHTS
22301,12216.58,5045,103,48.980582524271846,51.17328894665773,1.0493539070149724,0.5646807303068188,A,Y,AY,COFFEE MUG CAT + BIRD DESIGN
21124,12184.04,10038,102,98.41176470588235,82.65499726630331,0.8554544147016955,0.5652992178831484,A,Y,AY,SET/10 BLUE SPOTTY PARTY CANDLES
21670,12162.95,8912,100,89.12,61.2297016458219,0.7252633543346857,0.5659166348865824,A,X,AX,BLUE SPOT CERAMIC DRAWER KNOB
22192,12121.8,1428,85,16.8,11.335574008193765,0.8797792708460901,0.566531963029198,A,Y,AY,BLUE DINER WALL CLOCK
20969,12081.52,3241,101,32.08910891089109,51.99328783793173,1.6450589487335137,0.5671452464740306,A,Z,AZ,RED FLORAL FELTCRAFT SHOULDER BAG
21937,12065.37,4109,77,53.36363636363637,58.336796433998835,1.3942061703297715,0.5677577101107899,A,Y,AY,STRAWBERRY   PICNIC BAG
84212,11965.39,24800,90,275.55555555555554,400.0017727800916,1.601088794471924,0.5683650985518112,A,Z,AZ,"ASSORTED FLOWER COLOUR ""LEIS"""
21787,11932.88,15143,86,176.08139534883722,277.9852816720076,1.7855847115079697,0.5689708367166426,A,Z,AZ,RAIN PONCHO RETROSPOT
21242,11922.8,7088,103,68.81553398058253,54.54027969556897,0.7986220626595654,0.5695760631994073,A,Y,AY,RED RETROSPOT PLATE
22729,11882.75,3004,62,48.45161290322581,48.45910136963559,1.5258747472056902,0.5701792566596744,A,Z,AZ,ALARM CLOCK BAKELIKE ORANGE
22243,11871.8,7685,80,96.0625,148.34422369115572,1.8334003725413714,0.5707818942748392,A,Z,AZ,5 HOOK HANGER RED MAGIC TOADSTOOL
84987,11867.05,8140,104,78.26923076923077,79.36229213546424,1.0090787945064392,0.5713842907699823,A,Y,AY,SET OF 36 TEATIME PAPER DOILIES
20975,11859.76,18116,89,203.5505617977528,234.76269504040738,1.3059300531717126,0.5719863172093449,A,Y,AY,12 PENCILS SMALL TUBE RED RETROSPOT
22791,11823.69,9534,53,179.88679245283018,122.33932325509154,1.3611512032637725,0.572586512659407,A,Y,AY,T-LIGHT GLASS FLUTED ANTIQUE
23300,11815.689999999999,6827,31,220.2258064516129,159.45630742775472,2.0141776868541283,0.5731863020125906,A,Z,AZ,GARDENERS KNEELING PAD CUP OF TEA
22488,11793.009999999998,6908,92,75.08695652173913,53.220803206379315,0.8319685352193815,0.5737849400811238,A,Y,AY,NATURAL SLATE RECTANGLE CHALKBOARD
47567B,11781.490000000002,2179,91,23.945054945054945,31.74774274998413,1.4593861213812263,0.5743829933701522,A,Y,AY,TEA TIME KITCHEN APRON
21428,11779.93,2887,85,33.96470588235294,53.07170510123961,1.7820564205664677,0.5749809674702892,A,Z,AZ,SET3 BOOK BOX GREEN GINGHAM FLOWER
22750,11776.35,3146,63,49.93650793650794,41.95038275648099,1.3406371157759023,0.5755787598420731,A,Y,AY,FELTCRAFT PRINCESS LOLA DOLL
22943,11726.34,2387,40,59.675,84.78975128561778,2.5918640017500705,0.5761740136007458,A,Z,AZ,CHRISTMAS LIGHTS 10 VINTAGE BAUBLES
21154,11699.95,8099,104,77.875,80.05904222958483,1.0230910211795734,0.5767679277473408,A,Y,AY,RED RETROSPOT OVEN GLOVE
21326,11679.66,17902,102,175.50980392156862,143.69761603250944,0.8345015623379534,0.5773608119307277,A,Y,AY,AGED GLASS SILVER T-LIGHT HOLDER
22151,11671.35,27710,104,266.4423076923077,222.68833316243058,0.8317565331461609,0.5779532742809823,A,Y,AY,PLACE SETTING WHITE HEART
22844,11618.78,1230,60,20.5,13.17869364169662,1.1990555253829096,0.5785430680671245,A,Y,AY,VINTAGE CREAM DOG FOOD CONTAINER
22649,11616.03,2317,81,28.604938271604937,26.45547155710216,1.169885557063413,0.5791327222574647,A,Y,AY,STRAWBERRY FAIRY CAKE TEAPOT
23581,11613.03,5035,7,719.2857142857143,328.27260738889674,4.063205634379961,0.5797222241614756,A,Z,AZ,JUMBO BAG PAISLEY PARK
21260,11609.93,3526,103,34.23300970873787,60.199375262782546,1.7611939098622218,0.580311568702946,A,Z,AZ,FIRST AID TIN
22508,11599.45,2890,90,32.111111111111114,79.70358632400969,2.6824856863107853,0.5809003812575056,A,Z,AZ,DOORSTOP RETROSPOT HEART
22468,11549.35,1737,86,20.197674418604652,34.50688584903934,1.9230201874460473,0.5814866506303642,A,Z,AZ,BABUSHKA LIGHTS STRING OF 10
22637,11520.87,4489,79,56.822784810126585,94.27656525482868,1.9734289709480268,0.5820714742983356,A,Z,AZ,PIGGY BANK RETROSPOT
22663,11469.32,5766,72,80.08333333333333,69.03596735566461,1.2259487112944134,0.5826536811795465,A,Y,AY,JUMBO BAG DOLLY GIRL DESIGN
82001S,11464.380000000001,3051,89,34.28089887640449,41.59736354299746,1.3673953384544213,0.5832356372959352,A,Y,AY,VINYL RECORD FRAME SILVER
22950,11454.09,8334,31,268.83870967741933,311.0034401496971,2.588381873875218,0.5838170710702139,A,Z,AZ,36 DOILIES VINTAGE CHRISTMAS
22740,11436.109999999999,13393,43,311.4651162790698,309.91468479146147,1.9384277696607177,0.5843975921417582,A,Z,AZ,POLKADOT PEN
21172,11409.71,7704,97,79.42268041237114,59.846650395605955,0.8213754030350243,0.584976773093604,A,Y,AY,PARTY METAL SIGN
21429,11384.699999999999,6384,87,73.37931034482759,65.37072123563945,1.0645221425190585,0.5855546844850833,A,Y,AY,RED GINGHAM ROSE JEWELLERY BOX
22834,11326.93,6933,48,144.4375,318.528792662954,3.388870736644987,0.5861296633494794,A,Z,AZ,HAND WARMER BABUSHKA DESIGN
22988,11318.45,9427,46,204.93478260869566,176.83280266007876,1.7051708227442421,0.5867042117511843,A,Z,AZ,SOLDIERS EGG CUP
22968,11234.57,1132,50,22.64,29.96988965135317,2.1568407896878554,0.587274502227119,A,Z,AZ,ROSE COTTAGE KEEPSAKE BOX
21922,11223.03,1446,78,18.53846153846154,22.62150012117384,1.514337130282655,0.5878442069083064,A,Z,AZ,UNION STRIPE WITH FRINGE  HAMMOCK
22795,11209.56,1602,48,33.375,21.161612173632573,1.421118428541467,0.5884132278238748,A,Y,AY,SWEETHEART RECIPE BOOK STAND
72351B,11195.39,5790,101,57.32673267326733,71.87546297741545,1.2776340119806515,0.5889815294403474,A,Y,AY,SET/6 PINK  BUTTERFLY T-LIGHTS
21868,11188.64,9095,94,96.75531914893617,93.27594466486448,1.0600404094424731,0.5895494884125788,A,Y,AY,POTTING SHED TEA MUG
47599A,11186.87,5970,90,66.33333333333333,85.64323700645495,1.435411359079945,0.5901173575358758,A,Y,AY,PINK PARTY BAGS
22417,11168.7,21467,97,221.30927835051546,207.67990999897447,1.003296409392849,0.5906843043116377,A,Y,AY,PACK OF 60 SPACEBOY CAKE CASES
23170,11117.05,6869,31,221.58064516129033,187.43972794715435,2.162882673483844,0.5912486292244282,A,Z,AZ,REGENCY TEA PLATE ROSES
21735,11112.85,853,73,11.684931506849315,22.332634760423275,2.3574093899596944,0.5918127409363575,A,Z,AZ,TWO DOOR CURIO CABINET
22620,11091.95,8195,83,98.73493975903614,83.77526329373934,1.0696839472018975,0.592375791720192,A,Y,AY,4 TRADITIONAL SPINNING TOPS
22768,11084.619999999999,1160,61,19.016393442622952,21.967014516678326,1.7154193352758642,0.5929384704177615,A,Z,AZ,FAMILY PHOTO FRAME CORNICE
22130,11037.11,9791,64,152.984375,257.7822689105721,2.2730547016581792,0.5934987374074944,A,Z,AZ,PARTY CONE CHRISTMAS DECORATION
22694,10998.5,4912,67,73.31343283582089,91.4787951841306,1.7125773088973282,0.5940570444721677,A,Z,AZ,WICKER STAR
21749,10980.980000000001,5657,90,62.855555555555554,169.3957245199623,2.907770798271396,0.5946144621846773,A,Z,AZ,LARGE RED RETROSPOT WINDMILL
20828,10973.630000000001,4436,102,43.490196078431374,55.09608979639354,1.2806147396139327,0.5951715067956798,A,Y,AY,GLITTER BUTTERFLY CLIPS
22668,10930.5,3598,74,48.62162162162162,40.76417400445921,1.174702661999529,0.5957263620368866,A,Y,AY,PINK BABY BUNTING
21907,10908.220000000001,5183,97,53.43298969072165,35.28541578344103,0.7313687515002864,0.5962800862982868,A,X,AX,I'M ON HOLIDAY METAL SIGN
21498,10862.42,26751,103,259.71844660194176,158.383464766019,0.617708125350083,0.5968314856550581,A,X,AX,RED RETROSPOT WRAP
37370,10854.59,7171,85,84.36470588235294,89.61688922705304,1.260119741200163,0.5973824875445096,A,Y,AY,RETRO COFFEE MUGS ASSORTED
21558,10854.01,4224,88,48.0,37.390453019607754,0.9438143453760646,0.5979334599919374,A,Y,AY,SKULL LUNCH BOX WITH CUTLERY
22274,10811.37,3787,103,36.76699029126213,43.01030516814275,1.1738950553349181,0.5984822679430032,A,Y,AY,FELTCRAFT DOLL EMILY
22904,10802.25,3483,60,58.05,70.04246290764975,1.792974821896701,0.5990306129436276,A,Z,AZ,CALENDAR PAPER CUT DESIGN
21086,10792.210000000001,16674,98,170.14285714285714,164.79897157120806,1.0230709735170094,0.5995784482926696,A,Y,AY,SET/6 RED SPOTTY PAPER CUPS
22812,10750.029999999999,4887,38,128.60526315789474,125.27322344416238,2.065276010653461,0.60012414249592,A,Z,AZ,PACK 3 BOXES CHRISTMAS PANNETONE
21833,10691.81,6245,97,64.38144329896907,67.35392269245982,1.110640011399862,0.6006668813291378,A,Y,AY,CAMOUFLAGE LED TORCH
21624,10664.95,1775,91,19.505494505494507,69.13647913549508,3.7872193847885476,0.6012082566920861,A,Z,AZ,VINTAGE UNION JACK DOORSTOP
22064,10647.109999999999,6639,103,64.45631067961165,79.4117807108444,1.2359009081348133,0.6017487264589956,A,Y,AY,PINK DOUGHNUT TRINKET POT
21974,10622.15,7046,104,67.75,67.57775097755523,0.9926505265483255,0.6022879292036444,A,Y,AY,SET OF 36 PAISLEY FLOWER DOILIES
22348,10589.92,12461,104,119.8173076923077,145.2722094661141,1.2066044642637679,0.6028254958854943,A,Y,AY,TEA BAG PLATE RED RETROSPOT
22349,10562.92,2574,95,27.094736842105263,77.82291322655756,3.0051729291497744,0.6033616919903794,A,Z,AZ,DOG BOWL CHASING BALL DESIGN
22595,10557.92,12551,73,171.93150684931507,265.82979771771693,1.945175509903962,0.6038976342847154,A,Z,AZ,GINGHAM HEART DECORATION
22302,10510.3,4933,90,54.81111111111111,78.85228608749064,1.587623269990446,0.6044311592873828,A,Z,AZ,COFFEE MUG PEARS  DESIGN
23208,10498.01,6342,35,181.2,96.02720202844486,1.6679647675154818,0.6049640604237206,A,Z,AZ,LUNCH BAG VINTAGE LEAF DESIGN
21982,10488.76,32540,93,349.89247311827955,1293.1143940651127,3.9023227577926036,0.6054964920105427,A,Z,AZ,PACK OF 12 SUKI TISSUES
21890,10484.65,3500,101,34.65346534653465,64.27136775323275,1.8806050263960592,0.6060287149650936,A,Z,AZ,S/6 WOODEN SKITTLES IN COTTON BAG
20754,10449.02,5096,101,50.45544554455446,51.31111473208807,1.041193332157403,0.606559129265672,A,Y,AY,RETROSPOT RED WASHING UP GLOVES
22418,10419.43,12316,83,148.3855421686747,102.93389203700303,0.9212534722112873,0.6070880415154215,A,Y,AY,10 COLOUR SPACEBOY PEN
22174,10404.03,5140,91,56.48351648351648,106.42904393041117,2.038593702182484,0.6076161720286799,A,Z,AZ,PHOTO CUBE
22992,10379.84,5236,42,124.66666666666667,138.1961608069798,2.1086858160400133,0.6081430746065022,A,Z,AZ,REVOLVER WOODEN RULER
22725,10366.17,2529,63,40.142857142857146,32.260960699480975,1.3038599852656028,0.6086692832662836,A,Y,AY,ALARM CLOCK BAKELIKE CHOCOLATE
22120,10353.99,1022,81,12.617283950617283,9.163197996925756,0.9761047647239461,0.6091948736435674,A,Y,AY,WELCOME  WOODEN BLOCK LETTERS
22089,10309.25,3508,100,35.08,34.69424311107688,1.0232695288896048,0.6097181929240587,A,Y,AY,PAPER BUNTING VINTAGE PAISLEY
20979,10279.31,8162,103,79.24271844660194,64.6278131741656,0.8214602558968567,0.6102399923869826,A,Y,AY,36 PENCILS TUBE RED RETROSPOT
21781,10275.22,665,82,8.109756097560975,7.6011794042003045,1.170005022667372,0.6107615842328773,A,Y,AY,MA CAMPAGNE CUTLERY BOX
22771,10267.08,7585,60,126.41666666666667,71.67021736047111,1.1318880976745789,0.6112827628751981,A,Y,AY,CLEAR DRAWER KNOB ACRYLIC EDWARDIAN
22380,10240.76,4975,98,50.765306122448976,58.86693031708778,1.2139346824259682,0.6118026054587891,A,Y,AY,TOY TIDY SPACEBOY
23582,10233.45,4815,7,687.8571428571429,533.0395321710603,4.637293467567852,0.6123220769713572,A,Z,AZ,VINTAGE DOILY JUMBO BAG RED
22970,10224.75,4367,50,87.34,88.80628080380396,1.7853337548336663,0.6128411068535701,A,Z,AZ,LONDON BUS COFFEE MUG
21531,10204.72,4085,102,40.049019607843135,33.89803506410854,0.8619221546988809,0.6133591199707237,A,Y,AY,RED RETROSPOT SUGAR JAM BOWL
20682,10197.31,3076,102,30.15686274509804,23.546349950698865,0.796937587613531,0.6138767569406436,A,Y,AY,RED RETROSPOT CHILDRENS UMBRELLA
22748,10195.0,4158,63,66.0,76.07403015823554,1.6760604458734256,0.6143942766500898,A,Z,AZ,POPPY'S PLAYHOUSE KITCHEN
21892,10172.53,7843,102,76.8921568627451,99.07442015957172,1.3022133836333436,0.6149106557349288,A,Y,AY,TRADITIONAL WOODEN CATCH CUP GAME
21033,10157.79,4599,87,52.86206896551724,118.1282484395267,2.469053282111358,0.6154262865862692,A,Z,AZ,JUMBO BAG CHARLIE AND LOLA TOYS
22966,10156.26,8239,52,158.44230769230768,124.43336880837677,1.4865533303235294,0.6159418397715817,A,Y,AY,GINGERBREAD MAN COOKIE CUTTER
22180,10143.18,979,95,10.305263157894737,7.713036331516127,0.8375787886423104,0.6164567289884979,A,Y,AY,RETROSPOT LAMP
84792,10128.81,2299,103,22.320388349514563,26.555237876382048,1.1937474731535058,0.6169708887538963,A,Y,AY,ENCHANTED BIRD COATHANGER 5 HOOK
84030E,10081.05,2256,66,34.18181818181818,37.599062627803775,1.5663466181797963,0.6174826241209305,A,Z,AZ,ENGLISH ROSE HOT WATER BOTTLE
22840,10071.35,1329,59,22.52542372881356,25.476396061509085,1.7260683637950875,0.6179938670954994,A,Z,AZ,ROUND CAKE TIN VINTAGE RED
23171,10051.99,6247,31,201.51612903225808,264.8337681097008,2.8217365103365415,0.6185041273156228,A,Z,AZ,REGENCY TEA PLATE GREEN
21756,10039.85,1628,83,19.6144578313253,11.97235772091656,0.8451159882710498,0.6190137712837329,A,Y,AY,BATH BUILDING BLOCK WORD
22645,10006.72,5617,82,68.5,64.3528563737212,1.1721828730892647,0.6195217335031454,A,Y,AY,CERAMIC HEART FAIRY CAKE MONEY BANK
22300,9988.3,4154,99,41.95959595959596,50.01243094286337,1.2360629129123597,0.6200287606844954,A,Y,AY,COFFEE MUG DOG + BALL DESIGN
22327,9978.95,3077,99,31.08080808080808,30.282235907958313,1.0186503675441858,0.6205353132401186,A,Y,AY,ROUND SNACK BOXES SET OF 4 SKULLS
23076,9965.76,8100,37,218.9189189189189,117.00697471574989,1.609987423281475,0.6210411962435134,A,Z,AZ,ICE CREAM SUNDAE LIP GLOSS
22131,9940.24,5256,103,51.029126213592235,64.37778454829476,1.2653716965092605,0.6215457837978662,A,Y,AY,FOOD CONTAINER SET 3 LOVE HEART
84880,9927.84,1734,87,19.93103448275862,27.75842344538349,1.57716441797776,0.6220497419020573,A,Z,AZ,WHITE WIRE EGG HOLDER
22429,9912.039999999999,2296,82,28.0,34.20742825978223,1.462251694880869,0.6225528979649135,A,Y,AY,ENAMEL MEASURING JUG CREAM
22466,9863.029999999999,5315,84,63.273809523809526,98.51565237882727,1.7898922682625618,0.6230535661767683,A,Z,AZ,FAIRY TALE COTTAGE NIGHTLIGHT
20829,9841.82,4828,102,47.333333333333336,82.58656824281664,1.758735051428429,0.6235531577242742,A,Z,AZ,GLITTER HANGING BUTTERFLY STRING
20677,9821.81,7793,104,74.9326923076923,58.515828814153515,0.777148416599733,0.624051733521963,A,Y,AY,PINK POLKADOT BOWL
47570B,9812.97,983,64,15.359375,21.808959268270442,1.962154964972031,0.624549860582601,A,Z,AZ,TEA TIME TABLE CLOTH
79000,9810.91,12033,87,138.31034482758622,121.56740979513512,1.0527544587012638,0.6250478830732928,A,Y,AY,MOROCCAN TEA GLASS
21488,9804.330000000002,2389,42,56.88095238095238,76.75307330970845,2.4243441590286476,0.6255455715493021,A,Z,AZ,RED WHITE SCARF  HOT WATER BOTTLE
22745,9794.04,3990,63,63.333333333333336,72.4014346676603,1.6655056162794244,0.6260427376832016,A,Z,AZ,POPPY'S PLAYHOUSE BEDROOM
22549,9727.11,6527,89,73.33707865168539,65.88453119253147,1.0493112348332845,0.6265365063090919,A,Y,AY,PICTURE DOMINOES
23175,9600.15,3164,29,109.10344827586206,148.98354291368327,3.0071041054825027,0.6270238301775216,A,Z,AZ,REGENCY MILK JUG PINK
22665,9598.69,2958,72,41.083333333333336,35.727745954452764,1.2335598249008606,0.6275110799332709,A,Y,AY,RECIPE BOX BLUE SKETCHBOOK DESIGN
85049A,9572.27,6590,86,76.62790697674419,99.16807438255614,1.4869845731359836,0.6279969885540793,A,Y,AY,TRADITIONAL CHRISTMAS RIBBONS
22978,9568.73,2465,43,57.325581395348834,113.96296828152063,3.2794720091598633,0.6284827174770189,A,Z,AZ,PANTRY ROLLING PIN
35961,9550.48,11472,102,112.47058823529412,177.56374986183715,1.5924945818583656,0.6289675199914546,A,Z,AZ,FOLKART ZINC HEART CHRISTMAS DEC
82552,9541.06,6965,100,69.65,69.50319736849839,1.032116446394976,0.629451844326816,A,Y,AY,WASHROOM METAL SIGN
16014,9513.1,29355,60,489.25,903.5667858219879,2.558688563287971,0.6299347493535873,A,Z,AZ,SMALL CHINESE STYLE SCISSOR
22942,9483.41,1223,25,48.92,47.7326931986872,2.6385791794661815,0.6304161472533185,A,Z,AZ,CHRISTMAS LIGHTS 10 SANTAS
22767,9478.23,1004,59,17.016949152542374,20.428590112392204,1.8055502612348693,0.6308972822053209,A,Z,AZ,TRIPLE PHOTO FRAME CORNICE
21716,9437.87,3725,97,38.402061855670105,48.398015582987846,1.3257379114532482,0.6313763683985717,A,Y,AY,BOYS VINTAGE TIN SEASIDE BUCKET
21385,9426.94,10912,98,111.34693877551021,107.18690699786711,1.0171522520186038,0.6318548997619623,A,Y,AY,IVORY HANGING DECORATION  HEART
20970,9402.29,2494,104,23.98076923076923,22.472844786555115,0.9326031652498827,0.6323321798393462,A,Y,AY,PINK FLORAL FELTCRAFT SHOULDER BAG
85049E,9362.97,6597,102,64.67647058823529,68.09009200319879,1.067055085660777,0.6328074639505726,A,Y,AY,SCANDINAVIAN REDS RIBBONS
22357,9360.91,2075,97,21.391752577319586,73.78636909758339,3.5632643513858824,0.6332826434918529,A,Z,AZ,KINGS CHOICE BISCUIT TIN
84692,9352.22,19122,104,183.8653846153846,136.7071888715843,0.7399345749369888,0.6337573819103991,A,X,AX,BOX OF 24 COCKTAIL PARASOLS
21658,9295.59,2231,80,27.8875,18.896784101192683,0.9430994597584684,0.634229245670667,A,Y,AY,GLASS  BEURRE DISH
22219,9294.28,9799,103,95.13592233009709,64.0258906796871,0.6801373158486216,0.634701042932571,A,X,AX,LOVEBIRD HANGING DECORATION WHITE
21243,9292.77,5639,101,55.83168316831683,51.3215489452395,0.9440075025206663,0.6351727635436893,A,Y,AY,PINK  SPOTTY PLATE
22656,9290.0,45,25,1.8,1.2909944487358056,2.2834887754605497,0.6356443435437634,A,Z,AZ,VINTAGE BLUE KITCHEN CABINET
22072,9284.76,2420,97,24.948453608247423,27.683618476614697,1.17417862538042,0.6361156575503821,A,Y,AY,RED RETROSPOT TEA CUP AND SAUCER
23319,9266.84,3739,23,162.56521739130434,146.716741960628,2.6541802076577903,0.6365860618999932,A,Z,AZ,BOX OF 6 MINI 50'S CRACKERS
20747,9239.87,684,21,32.57142857142857,32.959932385506235,2.963464356879298,0.6370550971955029,A,Z,AZ,PICCADILLY TEA SET
22121,9221.16,1490,57,26.140350877192983,38.884186372800535,2.188823052183033,0.6375231827319381,A,Z,AZ,NOEL WOODEN BLOCK LETTERS
21745,9220.24,2704,102,26.50980392156863,37.41650641677306,1.4250845426054743,0.6379912215672324,A,Y,AY,GAOLERS KEYS DECORATIVE GARDEN
22741,9173.029999999999,10652,61,174.62295081967213,113.16509531571214,1.1870977732238013,0.6384568639233228,A,Y,AY,FUNKY DIVA PEN
23318,9167.39,3811,22,173.22727272727272,128.1449818121504,2.489296279826961,0.6389222199811139,A,Z,AZ,BOX OF 6 MINI VINTAGE CRACKERS
22195,9160.74,5137,102,50.36274509803921,44.20066511207974,0.8929020014799268,0.6393872384708749,A,Y,AY,LARGE HEART MEASURING SPOONS
23080,9158.869999999999,1079,31,34.806451612903224,46.037245323642544,2.8345376448794486,0.6398521620354904,A,Z,AZ,RED METAL BOX TOP SECRET
21777,9147.06,1135,50,22.7,18.848753545104294,1.5765182426017617,0.6403164860995892,A,Z,AZ,RECIPE BOX WITH METAL HEART
22244,9133.16,4776,84,56.857142857142854,66.5249555234803,1.3830592648910522,0.6407801045703618,A,Y,AY,3 HOOK HANGER MAGIC GARDEN
21933,9117.83,4128,97,42.55670103092783,65.98421040170724,1.619609309168137,0.641242944857991,A,Z,AZ,PINK VINTAGE PAISLEY PICNIC BAG
21041,9072.890000000001,2674,77,34.72727272727273,39.53300964604948,1.4416144020698496,0.6417035038964058,A,Y,AY,RED RETROSPOT OVEN GLOVE DOUBLE
22989,9012.27,2815,45,62.55555555555556,72.5247780716593,2.0853084739954655,0.6421609857357242,A,Z,AZ,SET 2 PANTRY DESIGN TEA TOWELS
72807C,9005.4,2044,92,22.217391304347824,37.96031070373791,1.8424447080681177,0.6426181188393483,A,Z,AZ,SET/3 VANILLA SCENTED CANDLE IN BOX
21985,8989.51,25583,104,245.9903846153846,520.6722035945141,2.106435689215476,0.6430744453330476,A,Z,AZ,PACK OF 12 HEARTS DESIGN TISSUES
21715,8987.24,3553,99,35.888888888888886,47.99827566819648,1.382221556623702,0.6435306565967576,A,Y,AY,GIRLS VINTAGE TIN SEASIDE BUCKET
22839,8986.12,580,60,9.666666666666666,10.03834456381733,1.6035483839717488,0.6439868110069046,A,Z,AZ,3 TIER CAKE TIN GREEN AND CREAM
22371,8962.3,1834,92,19.934782608695652,15.345690126114475,0.8905228503579529,0.6444417562635961,A,Y,AY,AIRLINE BAG VINTAGE TOKYO 78
23439,8941.61,4027,16,251.6875,178.3463741337812,2.9257098165326547,0.6448956512522358,A,Z,AZ,HAND WARMER RED LOVE HEART
23322,8925.410000000002,3085,27,114.25925925925925,68.32872613194844,2.0440985431297585,0.6453487238946967,A,Z,AZ,LARGE WHITE HEART OF WICKER
22141,8905.710000000001,3668,40,91.7,104.90220109641072,2.2175394877713903,0.6458007965235945,A,Z,AZ,CHRISTMAS CRAFT TREE TOP ANGEL
22215,8860.93,1091,95,11.48421052631579,12.242117010197926,1.1513654642784825,0.6462505960252153,A,Y,AY,CAKE STAND WHITE TWO TIER LACE
84839,8848.3,1538,40,38.45,43.18769411622856,2.190478878417293,0.6466997544013892,A,Z,AZ,SWEETHEART KEY CABINET
21042,8735.16,1476,94,15.702127659574469,19.294452814290498,1.3263250277310121,0.64714316955246,A,Y,AY,RED SPOTTY APRON
20974,8696.94,13235,101,131.03960396039605,120.04806710581218,0.9409315890530184,0.6475846445756941,A,Y,AY,12 PENCILS SMALL TUBE SKULL
22895,8678.89,2857,63,45.34920634920635,45.665388435585015,1.5159541627163577,0.6480252033428462,A,Z,AZ,SET OF 2 TEA TOWELS APPLE AND PEARS
23256,8675.37,2115,36,58.75,34.78536227454629,1.6951461101867986,0.6484655834273718,A,Z,AZ,CHILDRENS CUTLERY SPACEBOY
22212,8671.7,4038,104,38.82692307692308,36.43066091245528,0.9337616160969955,0.6489057772149543,A,Y,AY,FOUR HOOK  WHITE LOVEBIRDS
21980,8651.59,31342,102,307.27450980392155,1069.7930044700815,3.501047867630343,0.6493449501765088,A,Z,AZ,PACK OF 12 RED RETROSPOT TISSUES
84032A,8644.75,3241,90,36.01111111111111,60.87498599671195,1.8495960402336846,0.6497837759252323,A,Z,AZ,CHARLIE+LOLA PINK HOT WATER BOTTLE
21135,8638.22,6027,103,58.51456310679612,87.92999266101458,1.5058590003417969,0.6502222701973788,A,Z,AZ,VICTORIAN  METAL POSTCARD SPRING
22110,8620.76,2631,89,29.56179775280899,40.674415416310914,1.5348884812719308,0.650659878163088,A,Z,AZ,BIRD HOUSE HOT WATER BOTTLE
23534,8614.85,1388,11,126.18181818181819,130.4789777564326,4.2005914344735,0.6510971861247283,A,Z,AZ,WALL ART STOP FOR TEA
22283,8596.69,1040,98,10.612244897959183,17.62532892319309,1.7200737909037058,0.6515335722464546,A,Z,AZ,6 EGG HOUSE PAINTED WOOD
21381,8583.21,5113,104,49.16346153846154,83.49270191662451,1.690082888946956,0.6519692740949408,A,Z,AZ,MINI WOODEN HAPPY BIRTHDAY GARLAND
23082,8577.51,2333,31,75.25806451612904,48.3411265500612,1.9220790440940885,0.652404686599401,A,Z,AZ,SET 6 PAPER TABLE LANTERN HEARTS
23078,8553.34,6831,38,179.76315789473685,108.46307983390236,1.6452881353972149,0.6528388721836673,A,Z,AZ,ICE CREAM PEN LIP GLOSS
21186,8540.42,5277,52,101.48076923076923,97.83108499630139,1.6801740632186881,0.653272401921475,A,Z,AZ,WHITE DOVE HONEYCOMB PAPER GARLAND
22073,8517.89,2140,71,30.140845070422536,18.983674019421365,1.0186607214735273,0.6537047879889488,A,Y,AY,RED RETROSPOT STORAGE JAR
22078,8510.84,4013,88,45.60227272727273,48.87035153488417,1.2343710851569676,0.6541368161835485,A,Y,AY,RIBBON REEL LACE DESIGN
23493,8509.68,3970,12,330.8333333333333,140.91830859391442,3.01795480250618,0.6545687854941007,A,Z,AZ,VINTAGE DOILY TRAVEL SEWING KIT
21932,8508.16,3876,94,41.234042553191486,57.972078101410325,1.5066620007979774,0.6550006776462461,A,Z,AZ,SCANDINAVIAN PAISLEY PICNIC BAG
22079,8500.74,5054,104,48.59615384615385,43.62984620886385,0.8934777184920843,0.6554321931435367,A,Y,AY,RIBBON REEL HEARTS DESIGN
79323LP,8481.19,1433,22,65.13636363636364,40.57479331819021,2.3405596050668454,0.6558627162415807,A,Z,AZ,LIGHT PINK CHERRY LIGHTS
48189,8477.03,1322,62,21.322580645161292,53.81625514490263,3.3452103962779693,0.6562930281692478,A,Z,AZ,DOOR MAT FRIENDSHIP
23321,8473.27,4737,27,175.44444444444446,87.3068564288463,1.9417488969116308,0.6567231492313822,A,Z,AZ,SMALL WHITE HEART OF WICKER
22751,8472.22,2271,65,34.93846153846154,41.01976540457239,1.6647906111549342,0.6571532169933013,A,Z,AZ,FELTCRAFT PRINCESS OLIVIA DOLL
23535,8469.99,1329,11,120.81818181818181,104.7213618912762,3.861591603704958,0.6575831715557154,A,Z,AZ,WALL ART BICYCLE SAFETY
22354,8458.31,2229,89,25.04494382022472,23.323276567119667,1.0819224168550903,0.6580125332166872,A,Y,AY,RETROSPOT PADDED SEAT CUSHION
22329,8445.3,5168,98,52.734693877551024,57.14505886774558,1.137832499753976,0.6584412344626104,A,Y,AY,ROUND CONTAINER SET OF 5 RETROSPOT
22358,8414.26,2658,100,26.58,27.785680492009547,1.079409417859746,0.6588683600526453,A,Y,AY,KINGS CHOICE TEA CADDY
21411,8394.39,2103,100,21.03,29.731612601384203,1.4484172627367524,0.6592944769995583,A,Y,AY,GINGHAM HEART  DOORSTOP RED
22628,8387.6,1748,73,23.945205479452056,35.29159894167406,1.8646572124966645,0.6597202492717458,A,Z,AZ,PICNIC BOXES SET OF 3 RETROSPOT
51008,8378.8,2604,41,63.51219512195122,111.66022612175283,3.0307838610708577,0.660145574837367,A,Z,AZ,AFGHAN SLIPPER SOCK PAIR
22689,8366.72,1092,47,23.23404255319149,36.28762680845159,2.5486372960820924,0.6605702871967019,A,Z,AZ,DOORMAT MERRY CHRISTMAS RED
21934,8283.47,4602,104,44.25,53.3189250359597,1.1991404489372268,0.6609907736103955,A,Y,AY,SKULL SHOULDER BAG
21244,8282.45,5047,98,51.5,52.92169862699996,1.0818570452842502,0.6614112082467372,A,Y,AY,BLUE POLKADOT PLATE
85067,8239.89,498,51,9.764705882352942,19.805643877737598,3.043675982173518,0.6618294824476856,A,Z,AZ,CREAM SWEETHEART WALL CABINET
21874,8221.67,6342,104,60.98076923076923,96.87365215039607,1.5809375590852945,0.6622468317629934,A,Z,AZ,GIN AND TONIC MUG
22055,8212.19,4945,99,49.94949494949495,51.37703245642001,1.0727011977629104,0.6626636998535002,A,Y,AY,MINI CAKE STAND  HANGING STRAWBERY
21238,8181.85,9498,104,91.32692307692308,63.68573361569124,0.6939773124487325,0.6630790278215956,A,X,AX,RED RETROSPOT CUP
84508A,8091.4800000000005,3809,65,58.6,104.40348413726429,2.3665568235386423,0.6634897684178281,A,Z,AZ,CAMOUFLAGE DESIGN TEDDY
82551,8082.59,5642,102,55.31372549019608,54.940828727193676,1.0077960345363046,0.6639000577389044,A,Y,AY,LAUNDRY 15C METAL SIGN
20675,8079.08,6474,104,62.25,50.330702475233586,0.8046288106208629,0.6643101688849753,A,Y,AY,BLUE POLKADOT BOWL
22796,8060.25,810,60,13.5,9.36184104739074,1.246194634441399,0.6647193241805187,A,Y,AY,PHOTO FRAME 3 CLASSIC HANGING
22738,8047.22,4468,45,99.28888888888889,105.32064077728246,1.9631000062426474,0.6651278180457713,A,Z,AZ,RIBBON REEL SNOWY VILLAGE
84568,8033.47,38506,92,418.54347826086956,696.716008062873,1.7968800186987142,0.6655356139320141,A,Z,AZ,GIRLS ALPHABET IRON ON PATCHES
22504,7985.03,366,47,7.787234042553192,9.18395616707832,2.0554802975183732,0.665940950901658,A,Z,AZ,CABIN BAG VINTAGE RETROSPOT
21115,7975.1900000000005,1252,100,12.52,21.71880905267751,1.7715417278458228,0.6663457883721414,A,Z,AZ,ROSE CARAVAN DOORSTOP
22592,7964.34,1982,42,47.19047619047619,70.98719846640782,2.635521176150442,0.6667500750737334,A,Z,AZ,CARDHOLDER HOLLY WREATH METAL
21769,7954.87,123,34,3.6176470588235294,7.198546595235664,3.7167100378141837,0.6671538810581457,A,Z,AZ,VINTAGE POST OFFICE CABINET
22353,7933.19,3045,59,51.610169491525426,47.803483118352794,1.4997839492883611,0.6675565865200173,A,Y,AY,LUNCH BOX WITH CUTLERY FAIRY CAKES
22275,7909.33,950,47,20.21276595744681,20.06612565257436,1.8295197135509274,0.667958080797949,A,Z,AZ,WEEKEND BAG VINTAGE ROSE PAISLEY
21116,7904.96,1356,103,13.16504854368932,12.344798926545385,0.9428136563068571,0.668359353245461,A,Y,AY,OWL DOORSTOP
21875,7889.58,6824,99,68.92929292929293,139.1714001616867,2.0711543421645557,0.6687598449717242,A,Z,AZ,KINGS CHOICE MUG
22350,7885.99,2841,92,30.880434782608695,98.26515400749435,3.384176169564803,0.6691601544620133,A,Z,AZ,ILLUSTRATED CAT BOWL
22890,7871.71,805,58,13.879310344827585,21.824722490715274,2.2694421463365937,0.6695597390693743,A,Z,AZ,NOVELTY BISCUITS CAKE STAND 3 TIER
21976,7832.52,14643,104,140.79807692307693,142.10302428459775,1.004404247110874,0.669957334309652,A,Y,AY,PACK OF 60 MUSHROOM CAKE CASES
23238,7825.56,1862,27,68.96296296296296,49.96882218827247,2.1907096517861784,0.6703545762456455,A,Z,AZ,SET OF 4 KNICK KNACK TINS LONDON
22588,7805.23,2860,55,52.0,54.41336981675383,1.7099016080517777,0.6707507861879468,A,Z,AZ,CARD HOLDER GINGHAM HEART
22784,7776.64,1561,57,27.385964912280702,19.115022500981592,1.3030214413473105,0.6711455448415289,A,Y,AY,LANTERN CREAM GAZEBO
20717,7773.73,6301,104,60.58653846153846,66.80657641264885,1.0973496229118194,0.6715401557773713,A,Y,AY,STRAWBERRY SHOPPER BAG
21588,7763.85,3357,81,41.44444444444444,57.697053650944774,1.655791418482055,0.6719342651835688,A,Z,AZ,RETROSPOT GIANT TUBE MATCHES
23007,7758.7,499,38,13.131578947368421,11.878144938047967,1.9791960994128206,0.6723281131649009,A,Z,AZ,SPACEBOY BABY GIFT SET
22809,7753.22,2598,36,72.16666666666667,74.72329910122697,2.213607493830833,0.6727216829698713,A,Z,AZ,SET OF 6 T-LIGHTS SANTA
23204,7741.94,7976,35,227.88571428571427,111.70833120454446,1.632493483764154,0.673114680178243,A,Z,AZ,CHARLOTTE BAG APPLES DESIGN
21110,7736.12,1641,88,18.647727272727273,39.549485886112336,2.3318137538364767,0.6735073819511357,A,Z,AZ,LARGE CAKE TOWEL PINK SPOTS
84032B,7716.95,3291,91,36.16483516483517,68.54135227668748,2.0500857099435845,0.6738991106143835,A,Z,AZ,CHARLIE + LOLA RED HOT WATER BOTTLE
22550,7692.14,2064,87,23.724137931034484,32.28531585547415,1.5439498122591528,0.6742895798696871,A,Z,AZ,HOLIDAY FUN LUDO
22813,7679.43,3953,64,61.765625,74.30711521134263,1.7146895573713385,0.6746794039385751,A,Z,AZ,PACK 3 BOXES BIRD PANNETONE
22165,7673.73,976,88,11.090909090909092,29.689440966632915,2.924782670279745,0.6750689386634372,A,Z,AZ,"DIAMANTE HEART SHAPED WALL MIRROR,"
21870,7648.74,6100,77,79.22077922077922,57.21994117268803,1.022802637438837,0.6754572048431753,A,Y,AY,I CAN ONLY PLEASE ONE PERSON MUG
22528,7630.91,5830,36,161.94444444444446,153.9352265345849,2.10394606239765,0.6758445659344956,A,Z,AZ,GARDENERS KNEELING PAD
84968C,7629.249999999999,637,76,8.381578947368421,16.93750639282588,2.42549572395752,0.6762318427607136,A,Z,AZ,SET OF 16 VINTAGE PISTACHIO CUTLERY
22669,7628.69,2391,73,32.75342465753425,29.72923216386982,1.2578946634590586,0.6766190911601501,A,Y,AY,RED BABY BUNTING
22493,7627.92,4750,83,57.2289156626506,73.20641137143004,1.5095142033760087,0.6770063004727621,A,Z,AZ,PAINT YOUR OWN CANVAS SET
22991,7608.79,3889,42,92.5952380952381,119.12814570336609,2.34034281619438,0.6773925387062135,A,Z,AZ,GIRAFFE WOODEN RULER
22242,7595.459999999999,4779,59,81.0,80.99020800753291,1.579597518702549,0.6777781002807414,A,Z,AZ,"HOOK, 5 HANGER , MAGIC TOADSTOOL"
85065,7575.4400000000005,624,46,13.565217391304348,8.632373624683726,1.4685084589531971,0.6781626455978308,A,Y,AY,CREAM SWEETHEART TRAYS
22360,7567.95,2514,88,28.568181818181817,32.44368966309269,1.2995043488255074,0.6785468107067179,A,Y,AY,GLASS JAR ENGLISH CONFECTIONERY
22489,7559.59,17942,84,213.5952380952381,157.69118203854558,0.9512509013191414,0.678930551444367,A,Y,AY,PACK OF 12 TRADITIONAL CRAYONS
72351A,7557.17,3781,102,37.068627450980394,55.284011941204824,1.5050745943196346,0.6793141693377104,A,Z,AZ,SET/6 TURQUOISE BUTTERFLY T-LIGHTS
22224,7530.89,2374,101,23.504950495049506,18.82903277514607,0.8270001033279252,0.6796964532028081,A,Y,AY,WHITE LOVEBIRD LANTERN
21463,7520.51,1355,98,13.826530612244898,16.89081096501155,1.276243099432901,0.6800782101572062,A,Y,AY,MIRRORED DISCO BALL
85064,7514.860000000001,1599,41,39.0,83.24992492489106,3.5794999656897124,0.6804596803056837,A,Z,AZ,CREAM SWEETHEART LETTER RACK
22199,7485.85,1829,97,18.855670103092784,38.83055865196081,2.1382910264373183,0.6808396778453559,A,Z,AZ,FRYING PAN RED RETROSPOT
82580,7471.72,13273,104,127.625,97.92182214617529,0.763564403553749,0.6812189581164166,A,Y,AY,BATHROOM METAL SIGN
21746,7469.59,5966,98,60.87755102040816,67.11311659193707,1.1566417880607507,0.6815981302641835,A,Y,AY,SMALL RED RETROSPOT WINDMILL
21361,7450.99,563,67,8.402985074626866,7.4712777323774615,1.327036963915053,0.6819763582367079,A,Y,AY,LOVE LARGE WOOD LETTERS
11001,7413.72,4832,87,55.54022988505747,94.4357545362468,1.9004372573754307,0.6823526943054,A,Z,AZ,ASSTD DESIGN RACING CAR PEN
22739,7406.94,4051,49,82.6734693877551,97.26539889975908,2.0000725584882986,0.6827286862069877,A,Z,AZ,RIBBON REEL CHRISTMAS SOCK BAUBLE
21737,7402.5599999999995,400,43,9.30232558139535,16.343827848720622,2.951440326349154,0.6831044557705344,A,Z,AZ,SET 3 WICKER LOG BASKETS
22945,7381.0,7659,45,170.2,195.30321414289486,2.070414434387821,0.6834791309029937,A,Z,AZ,CHRISTMAS METAL TAGS ASSORTED
21114,7368.64,5716,99,57.73737373737374,54.43711703791551,0.9873784849256333,0.6838531786157759,A,Y,AY,LAVENDER SCENTED FABRIC HEART
22465,7366.74,4567,87,52.49425287356322,55.47026724274747,1.2307900862955428,0.6842271298805493,A,Y,AY,HANGING METAL STAR LANTERN
21876,7364.15,5673,103,55.077669902912625,96.770771121951,1.7596654293372223,0.6846009496714586,A,Z,AZ,POTTERING MUG
23382,7356.18,1875,9,208.33333333333334,114.06138698087096,3.692488760232649,0.6849743648883525,A,Z,AZ,BOX OF 6 CHRISTMAS CAKE DECORATIONS
22798,7350.84,2372,59,40.20338983050848,35.86265931492694,1.463407535171175,0.6853475090355802,A,Y,AY,ANTIQUE GLASS DRESSING TABLE POT
21561,7331.96,2980,102,29.215686274509803,28.992189952420556,1.0068921537969973,0.6857196947941748,A,Y,AY,DINOSAUR LUNCH BOX WITH CUTLERY
22029,7321.08,17698,103,171.8252427184466,104.07071758433752,0.6136119570497763,0.6860913282610147,A,X,AX,SPACEBOY BIRTHDAY CARD
22282,7304.69,561,89,6.303370786516854,17.39148465510298,2.9940109447950105,0.6864621297368749,A,Z,AZ,12 EGG HOUSE PAINTED WOOD
22907,7294.33,8704,64,136.0,97.69599754599948,1.204345424244013,0.6868324053172775,A,Y,AY,PACK OF 20 NAPKINS PANTRY DESIGN
23083,7254.65,1933,30,64.43333333333334,60.24987241842743,2.323090497992087,0.6872006666571632,A,Z,AZ,SET 6 PAPER TABLE LANTERN STARS
85174,7247.91,1470,91,16.153846153846153,20.810212811621064,1.4208062360849703,0.6875685858604288,A,Y,AY,S/4 CACTI CANDLES
22414,7211.06,1188,89,13.348314606741573,46.2119871116682,3.7438897303481857,0.6879346344799482,A,Z,AZ,DOORMAT NEIGHBOURHOOD WITCH
22626,7201.4800000000005,841,82,10.25609756097561,9.853007281241169,1.1935557127943854,0.6883001967984556,A,Y,AY,BLACK KITCHEN SCALES
22577,7157.66,14028,64,219.1875,334.535777620177,2.0859558063870183,0.6886635347213114,A,Z,AZ,WOODEN HEART CHRISTMAS SCANDINAVIAN
22827,7150.0,46,23,2.0,1.2792042981336627,2.3002424463324,0.6890264838064061,A,Z,AZ,RUSTIC  SEVENTEEN DRAWER SIDEBOARD
21981,7142.509999999999,26249,93,282.247311827957,1187.4124558660972,4.438204067205675,0.6893890526832984,A,Z,AZ,PACK OF 12 WOODLAND TISSUES
22644,7120.63,4892,81,60.39506172839506,73.12825702359274,1.4639426902589114,0.6897505108852282,A,Y,AY,CERAMIC CHERRY CAKE MONEY BANK
23236,7106.21,2509,27,92.92592592592592,82.2710931222672,2.3998373158805,0.6901112370975347,A,Z,AZ,STORAGE TIN VINTAGE DOILY
21625,7072.37,989,99,9.98989898989899,15.061435379935693,1.5537838491709637,0.6904702455200453,A,Z,AZ,VINTAGE UNION JACK APRON
23320,7072.16,2668,23,116.0,87.1863208620168,2.442347885854647,0.6908292432825129,A,Z,AZ,GIANT 50'S CHRISTMAS CRACKER
21700,7070.16,6384,96,66.5,62.149395559579276,1.0098009586761967,0.691188139520761,A,Y,AY,BIG DOUGHNUT FRIDGE MAGNETS
22781,7068.23,868,60,14.466666666666667,12.20650933135666,1.3952787759671241,0.6915469377881371,A,Y,AY,GUMBALL MAGAZINE RACK
37450,7046.740000000001,2452,97,25.278350515463917,22.181891200951718,0.9429940630841516,0.6919046451777736,A,Y,AY,CERAMIC CAKE BOWL + HANGING CAKES
23215,7044.64,3567,24,148.625,187.57371014918493,3.1540231235662013,0.6922622459669794,A,Z,AZ,JINGLE BELL HEART ANTIQUE SILVER
21984,7030.33,25373,101,251.21782178217822,1173.3169188583313,4.719000395168303,0.692619120350394,A,Z,AZ,PACK OF 12 PINK PAISLEY TISSUES
23543,7019.01,1237,10,123.7,219.03984924108116,6.224811966081631,0.6929754201067255,A,Z,AZ,WALL ART KEEP CALM
22618,7004.25,720,50,14.4,14.442002235542986,1.769267826524664,0.6933309706143164,A,Z,AZ,COOKING SET RETROSPOT
23283,7003.38,994,27,36.81481481481482,39.748282049994636,2.6787501003123606,0.6936864769588718,A,Z,AZ,DOORMAT VINTAGE LEAF
23293,7001.99,8486,22,385.72727272727275,188.70692364166987,2.1925485125366544,0.6940419127440945,A,Z,AZ,SET OF 12 FAIRY CAKE BAKING CASES
21497,6999.0,17550,100,175.5,168.81120289312028,0.9963000031704305,0.6943971967506088,A,Y,AY,FANCY FONTS BIRTHDAY WRAP
22567,6991.53,5587,80,69.8375,82.64081863742209,1.4483082871330597,0.694752101564163,A,Y,AY,20 DOLLY PEGS RETROSPOT
22498,6963.49,1140,91,12.527472527472527,18.72214414319795,1.6332080152425874,0.6951055830081583,A,Z,AZ,WOODEN REGATTA BUNTING
22563,6955.1,5967,88,67.80681818181819,108.26243741610897,1.7777255083224472,0.6954586385580523,A,Z,AZ,HAPPY STENCIL CRAFT
10002,6946.51,8676,70,123.94285714285714,189.56539812326363,1.9777538087815958,0.6958112580614232,A,Z,AZ,INFLATABLE POLITICAL GLOBE
23254,6932.160000000001,1710,36,47.5,40.55648618197306,1.9840404923328316,0.6961631491285183,A,Z,AZ,CHILDRENS CUTLERY DOLLY GIRL
22377,6924.31,3620,96,37.708333333333336,66.41970485467739,1.8464617401522896,0.6965146417130516,A,Z,AZ,BOTTLE BAG RETROSPOT
21768,6924.04,510,31,16.451612903225808,36.61314764732966,4.293591157624939,0.696866120591815,A,Z,AZ,WALL MOUNTED VINTAGE ORGANISER
21903,6921.47,3442,100,34.42,73.97845441188747,2.1900158314435663,0.6972174690119564,A,Z,AZ,MAN FLU METAL SIGN
22220,6895.39,746,89,8.382022471910112,10.144978177737102,1.3642161687015908,0.697567493556274,A,Y,AY,CAKE STAND LOVEBIRD 2 TIER WHITE
22938,6891.25,3687,61,60.442622950819676,59.19952831742382,1.5210578851737597,0.6979173079454571,A,Z,AZ,CUPCAKE LACE PAPER SET 6
22085,6886.82,2539,93,27.301075268817204,73.6933695540008,2.8598261010702,0.6982668974584938,A,Z,AZ,PAPER CHAIN KIT SKULLS
21563,6881.610000000001,2788,96,29.041666666666668,65.9932878032889,2.370445701110129,0.6986162225009384,A,Z,AZ,RED HEART SHAPE LOVE BUCKET
23109,6878.37,2401,30,80.03333333333333,57.462721548984184,2.0479677757346533,0.6989653830741471,A,Z,AZ,PACK OF SIX LED TEA LIGHTS
85220,6874.999999999999,12236,4,3059.0,5934.924767846683,9.919762891301056,0.6993143725790458,A,Z,AZ,SMALL FAIRY CAKE FRIDGE MAGNETS
23103,6859.359999999999,4080,31,131.61290322580646,102.20654819835985,2.076714746148453,0.6996625681645473,A,Z,AZ,JINGLE BELL HEART DECORATION
37448,6858.5,4570,97,47.11340206185567,38.2880737220754,0.8791889448426569,0.7000107200946343,A,Y,AY,CERAMIC CAKE DESIGN SPOTTED MUG
47502,6855.75,640,31,20.64516129032258,40.67968238740053,3.8678209708439195,0.7003587324289193,A,Z,AZ,POLKADOT CUTLERY 24 PCS IN TRAY
22378,6841.21,3756,94,39.95744680851064,63.76467402587559,1.7011615386962105,0.7007060066821279,A,Z,AZ,WALL TIDY RETROSPOT
47559B,6836.9,5281,99,53.343434343434346,41.50440390111597,0.8246415076674591,0.7010530621506432,A,Y,AY,TEA TIME OVEN GLOVE
22187,6824.95,2105,47,44.787234042553195,47.99136524246146,1.9233843800551458,0.7013995110119463,A,Z,AZ,GREEN CHRISTMAS TREE CARD HOLDER
23541,6823.91,872,11,79.27272727272727,75.53686637542083,4.032190979347517,0.7017459070806552,A,Z,AZ,WALL ART CLASSIC PUDDINGS
35004B,6809.65,1474,86,17.13953488372093,19.546122101145446,1.3280657397881246,0.7020915792816783,A,Y,AY,SET OF 3 BLACK FLYING DUCKS
21989,6801.75,8565,101,84.8019801980198,136.9883951144753,1.640151882687654,0.702436850462034,A,Z,AZ,PACK OF 20 SKULL PAPER NAPKINS
23297,6792.2300000000005,4303,15,286.8666666666667,298.0943922093582,3.594566082205319,0.7027816383871044,A,Z,AZ,SET 40 HEART SHAPE PETIT FOUR CASES
37500,6787.46,881,88,10.011363636363637,14.886925775278877,1.6629287996413193,0.703126184176911,A,Z,AZ,TEA TIME TEAPOT IN GIFT BOX
20973,6786.3,9882,80,123.525,151.61025774387616,1.494614596970846,0.7034706710826703,A,Y,AY,12 PENCIL SMALL TUBE WOODLAND
22311,6782.11,2125,82,25.914634146341463,50.407769639093885,2.2379632361517428,0.7038149452951893,A,Z,AZ,OFFICE MUG WARMER BLACK+SILVER
22430,6781.18,1401,81,17.296296296296298,28.201704046229388,1.9118716968825713,0.7041591722989463,A,Z,AZ,ENAMEL WATERING CAN CREAM
22431,6777.37,3368,92,36.608695652173914,30.91461353709783,0.9632246330628349,0.7045032058990649,A,Y,AY,WATERING CAN BLUE ELEPHANT
22845,6777.3,1001,60,16.683333333333334,13.694600775323105,1.371784797679352,0.704847235945836,A,Y,AY,VINTAGE CREAM CAT FOOD CONTAINER
21992,6763.2,3332,100,33.32,38.71884671460515,1.1959446132530605,0.7051905502468586,A,Y,AY,VINTAGE PAISLEY STATIONERY SET
22575,6760.16,3144,45,69.86666666666666,86.57802576551711,2.186587667460119,0.7055337102310676,A,Z,AZ,METAL MERRY CHRISTMAS WREATH
23008,6753.509999999999,435,37,11.756756756756756,11.970810344345965,2.1554920835718994,0.7058765326472464,A,Z,AZ,DOLLY GIRL BABY GIFT SET
84509A,6746.28,1637,103,15.893203883495145,13.838644825808878,0.8762437562365749,0.7062189880533712,A,Y,AY,SET OF 4 ENGLISH ROSE PLACEMATS
22810,6743.88,2204,38,58.0,63.627293140856096,2.2234749300785612,0.7065613216304326,A,Z,AZ,SET OF 6 T-LIGHTS SNOWMEN
23229,6739.71,1869,26,71.88461538461539,56.772758906417025,2.3235801766647524,0.7069034435294961,A,Z,AZ,VINTAGE DONKEY TAIL GAME
22432,6738.22,3536,89,39.73033707865169,39.6999439102374,1.149861699105362,0.7072454897930159,A,Y,AY,WATERING CAN PINK BUNNY
23480,6726.64,1800,8,225.0,109.46754248243109,3.8330808290427836,0.7075869482313043,A,Z,AZ,MINI LIGHTS WOODLAND MUSHROOMS
22746,6718.150000000001,2919,63,46.333333333333336,58.0936396496375,1.7901824445231278,0.7079279756992805,A,Z,AZ,POPPY'S PLAYHOUSE LIVINGROOM
23247,6715.93,2206,25,88.24,79.04338471160422,2.5228024243570997,0.7082688904753728,A,Z,AZ,BISCUIT TIN 50'S CHRISTMAS
22221,6712.28,906,80,11.325,34.32413440323944,3.477416817126151,0.7086096199697643,A,Z,AZ,CAKE STAND LOVEBIRD 2 TIER PINK
22526,6702.42,545,74,7.364864864864865,15.062040033856249,2.490804568481265,0.7089498489497532,A,Z,AZ,WHEELBARROW FOR CHILDREN
84968A,6688.9,535,81,6.604938271604938,8.641005457042713,1.5666439632898292,0.7092893916260176,A,Z,AZ,SET OF 16 VINTAGE ROSE CUTLERY
22059,6687.49,4974,99,50.24242424242424,76.27435588382016,1.564339125843276,0.7096288627277071,A,Z,AZ,CERAMIC STRAWBERRY DESIGN MUG
85047,6683.379999999999,1054,46,22.91304347826087,22.57513488278299,1.8460326151167163,0.7099681251971254,A,Z,AZ,WHITE BEADED GARLAND STRING 20LIGHT
23169,6671.14,1558,31,50.25806451612903,27.31906262659279,1.8204756818770749,0.7103067663383197,A,Z,AZ,CLASSIC GLASS COOKIE JAR
85014D,6670.400000000001,1919,14,137.07142857142858,243.8121800092832,5.315329853837234,0.7106453699155526,A,Z,AZ,PINK/BROWN DOTS RUFFLED UMBRELLA
47599B,6664.64,3493,93,37.55913978494624,51.72049933465357,1.4886264547807193,0.7109836811030332,A,Y,AY,BLUE PARTY BAGS
84884A,6659.17,1757,94,18.69148936170213,33.38180129910613,1.8967667843923228,0.7113217146217731,A,Z,AZ,ANT WHITE WIRE HEART SPIRAL
85068,6655.1900000000005,961,31,31.0,49.31463609653156,3.251279871726118,0.711659546107316,A,Z,AZ,CREAM SWEETHEART SHELF + HOOKS
21107,6651.320000000001,2311,88,26.261363636363637,43.669472837317805,1.8473243385090814,0.7119971811434939,A,Z,AZ,CREAM SLICE FLANNEL PINK SPOT
22779,6648.35,1739,53,32.81132075471698,44.37734028661889,2.117552029618652,0.7123346654162057,A,Z,AZ,WOODEN OWLS LIGHT GARLAND
22661,6647.65,8231,72,114.31944444444444,87.41141614758595,1.130137196629923,0.7126721141554406,A,Y,AY,CHARLOTTE BAG DOLLY GIRL DESIGN
22898,6623.66,3178,63,50.44444444444444,40.41230161552049,1.3013292188779135,0.7130083451116614,A,Y,AY,CHILDRENS APRON APPLES DESIGN
85175,6612.98,15582,93,167.5483870967742,130.05471391495465,0.8859010747801755,0.7133440339285495,A,Y,AY,CACTI T-LIGHT CANDLES
84520B,6590.07,7513,64,117.390625,121.89399729839425,1.5328707696872437,0.713678559785502,A,Z,AZ,PACK 20 ENGLISH ROSE PAPER NAPKINS
21592,6576.6,5896,98,60.16326530612245,90.47625352037697,1.5610086633676081,0.7140124018768355,A,Z,AZ,RETROSPOT CIGAR BOX MATCHES
22080,6561.94,3917,80,48.9625,33.36656544916509,0.9466670395266963,0.7143454997956391,A,Y,AY,RIBBON REEL SPOTS DESIGN
16156S,6558.62,16661,97,171.76288659793815,160.05479356014536,0.9967683490170824,0.7146784291842382,A,Y,AY,WRAP PINK FAIRY CAKES
21240,6543.39,7590,104,72.98076923076923,69.38341213153319,0.9461263977250743,0.7150105854659051,A,Y,AY,BLUE POLKADOT CUP
21201,6522.26,2743,95,28.873684210526317,43.67194973583161,1.6039992272497328,0.7153416691441917,A,Z,AZ,TROPICAL  HONEYCOMB PAPER GARLAND
22332,6522.2,4159,99,42.01010101010101,95.35888119865439,2.3256223576769353,0.7156727497767519,A,Z,AZ,SKULLS PARTY BAG + STICKER SET
22364,6516.31,2060,86,23.953488372093023,79.1926774655251,3.6433026836017497,0.7160035314204852,A,Z,AZ,GLASS JAR DIGESTIVE BISCUITS
22596,6515.6,6371,43,148.1627906976744,141.14918319223852,1.887485516792552,0.7163342770231206,A,Z,AZ,CHRISTMAS STAR WISH LIST CHALKBOARD
22148,6499.79,3247,50,64.94,85.96259509287769,2.1567969832992695,0.7166642200768,A,Z,AZ,EASTER CRAFT 4 CHICKS
85062,6491.98,3964,98,40.44897959183673,33.22839502686573,0.8775408982988112,0.7169937666784019,A,Y,AY,PEARL CRYSTAL PUMPKIN T-LIGHT HLDR
15060B,6490.54,1420,96,14.791666666666666,14.40388592792103,1.0487653447097847,0.7173232401825655,A,Y,AY,FAIRY CAKE DESIGN UMBRELLA
23311,6488.2,2390,22,108.63636363636364,80.79636098273205,2.494644041281533,0.7176525949033923,A,Z,AZ,VINTAGE CHRISTMAS STOCKING
22142,6464.24,4313,42,102.69047619047619,113.84981294268684,2.1088691640346533,0.7179807333640682,A,Z,AZ,CHRISTMAS CRAFT WHITE FAIRY
23553,6457.15,569,8,71.125,105.3761120937758,6.0801667187311335,0.7183085119213857,A,Z,AZ,LANDMARK FRAME CAMDEN TOWN
21494,6456.5,3839,90,42.65555555555556,58.86055910562876,1.52690546625383,0.7186362574833317,A,Z,AZ,ROTATING LEAVES T-LIGHT HOLDER
21500,6453.5,15975,101,158.16831683168317,105.83648419207158,0.6972687174417925,0.7189638507589483,A,X,AX,PINK POLKADOT WRAP
23188,6451.07,3473,26,133.57692307692307,85.32580996482744,2.1376078631888102,0.7192913206826381,A,Z,AZ,VINTAGE  2 METER FOLDING RULER
21239,6449.44,7382,104,70.98076923076923,55.6584558199103,0.7803553178828571,0.7196187078640889,A,Y,AY,PINK  POLKADOT CUP
23571,6436.61,2859,8,357.375,290.64506459155393,4.418558221294991,0.7199454437676709,A,Z,AZ,TRADITIONAL NAUGHTS & CROSSES
22578,6433.129999999999,13319,45,295.97777777777776,387.83891272308176,2.2784280819201297,0.7202720030191109,A,Z,AZ,WOODEN STAR CHRISTMAS SCANDINAVIAN
23134,6431.110000000001,1065,17,62.64705882352941,119.82536312091369,5.116851504848001,0.7205984597310889,A,Z,AZ,LARGE ZINC HEART WALL ORGANISER
22979,6401.97,4097,41,99.92682926829268,121.52641487427795,2.279642111690327,0.7209234372351874,A,Z,AZ,PANTRY WASHING UP BRUSH
22063,6391.46,2315,95,24.36842105263158,36.79415212311769,1.6013372628649756,0.7212478812295119,A,Z,AZ,CERAMIC BOWL WITH STRAWBERRY DESIGN
79067,6383.95,1616,55,29.381818181818183,25.254622539170125,1.504162524955414,0.7215719440003916,A,Z,AZ,CORONA MEXICAN TRAY
23307,6379.59,12063,28,430.82142857142856,269.9521293051828,2.029908220460441,0.7218957854484727,A,Z,AZ,SET OF 60 PANTRY DESIGN CAKE CASES
23172,6360.91,3871,31,124.87096774193549,123.4986482882799,2.351699155636212,0.7222186786603426,A,Z,AZ,REGENCY TEA PLATE PINK
22582,6334.97,2526,79,31.974683544303797,50.18324745588994,1.8756710705492192,0.7225402551030842,A,Z,AZ,PACK OF 6 SWEETIE GIFT BOXES
22849,6321.63,405,41,9.878048780487806,8.766969607427699,1.8670569191643522,0.7228611543792811,A,Z,AZ,BREAD BIN DINER STYLE MINT
22065,6320.12,8688,60,144.8,276.42038728804823,2.6352763479672823,0.7231819770046921,A,Z,AZ,CHRISTMAS PUDDING TRINKET POT
22783,6316.3,482,19,25.36842105263158,48.138931491529796,4.811057936999593,0.7235026057188437,A,Z,AZ,SET 3 WICKER OVAL BASKETS W LIDS
22460,6300.12,4784,89,53.752808988764045,43.01856916677124,0.953185692035674,0.7238224131020586,A,Y,AY,EMBOSSED GLASS TEALIGHT HOLDER
22185,6293.42,3942,97,40.63917525773196,40.45140746598789,1.0599499314956138,0.7241418803791378,A,Y,AY,SLATE TILE NATURAL HANGING
22906,6254.43,3394,62,54.74193548387097,63.84174477973138,1.7094066867470534,0.7244593684415559,A,Z,AZ,12 MESSAGE CARDS WITH ENVELOPES
21714,6229.89,4321,95,45.48421052631579,70.1449658735537,1.634311179829585,0.7247756108017994,A,Z,AZ,CITRONELLA CANDLE GARDEN POT
22435,6218.97,4942,84,58.833333333333336,49.67432085706297,1.0536613998766717,0.7250912988398038,A,Y,AY,SET OF 9 HEART SHAPED BALLOONS
22826,6210.0,58,24,2.4166666666666665,1.6918388932104942,2.31702585204584,0.7254065315416833,A,Z,AZ,LOVE SEAT ANTIQUE WHITE METAL
21078,6194.0,7226,95,76.06315789473685,78.13161434486284,1.1125038633949076,0.7257209520498059,A,Y,AY,SET/20 STRAWBERRY PAPER NAPKINS
22780,6176.09,1625,51,31.862745098039216,44.89677921982518,2.2379980064609253,0.7260344634085419,A,Z,AZ,LIGHT GARLAND BUTTERFILES PINK
22222,6165.79,1490,101,14.752475247524753,25.574755498574785,1.758882557989425,0.726347451917547,A,Z,AZ,CAKE PLATE LOVEBIRD WHITE
22196,6159.04,6607,104,63.52884615384615,50.56053888023343,0.792031891977468,0.7266600977823108,A,Y,AY,SMALL HEART MEASURING SPOONS
20751,6153.46,2901,102,28.441176470588236,23.799315045227992,0.8523831209559956,0.726972460394502,A,Y,AY,FUNKY WASHING UP GLOVES ASSORTED
22848,6145.55,382,53,7.2075471698113205,7.393756437193472,1.7286607143867807,0.7272844214784048,A,Z,AZ,BREAD BIN DINER STYLE PINK
23192,6142.29,3533,31,113.96774193548387,78.86084109407224,1.9772042307725033,0.7275962170778294,A,Z,AZ,BUNDLE OF 3 ALPHABET EXERCISE BOOKS
84832,6138.95,6799,104,65.375,66.41955313636906,1.0110815608610906,0.7279078431318072,A,Y,AY,ZINC WILLIE WINKIE  CANDLE STICK
21584,6129.45,3805,86,44.24418604651163,63.827144519906106,1.6421781174887937,0.728218986945742,A,Z,AZ,RETROSPOT SMALL TUBE MATCHES
21667,6126.25,354,48,7.375,5.923717205599445,1.5922884641000992,0.7285299683209254,A,Z,AZ,GLASS CAKE COVER AND PLATE
23118,6102.18,813,31,26.225806451612904,24.699135851846254,2.2878966116489323,0.7288397278521259,A,Z,AZ,PARISIENNE JEWELLERY DRAWER
22167,6066.28,691,94,7.351063829787234,14.874895822755104,2.1420419765700145,0.7291476650235844,A,Z,AZ,OVAL WALL MIRROR DIAMANTE
21499,6059.84,15052,97,155.17525773195877,104.69728290700749,0.745123656443859,0.7294552752870558,A,X,AX,BLUE POLKADOT WRAP
72802C,6055.85,2185,88,24.829545454545453,63.57531900036295,2.800318470379335,0.729762683009709,A,Z,AZ,VANILLA SCENT CANDLE JEWELLED BOX
21591,6053.08,4018,71,56.59154929577465,83.79730262702607,1.9055789506954226,0.7300699501213181,A,Z,AZ,COSY HOUR CIGAR BOX MATCHES
22361,6051.01,1850,89,20.786516853932586,24.446356816373743,1.329145553947819,0.7303771121553599,A,Y,AY,GLASS JAR DAISY FRESH COTTON WOOL
21586,6036.6,2590,73,35.47945205479452,45.09930696346091,1.6416688759673619,0.7306835427073995,A,Z,AZ,KINGS CHOICE GIANT TUBE MATCHES
85178,6030.7699999999995,5483,93,58.956989247311824,83.41709161464173,1.5273758057195164,0.7309896773163389,A,Z,AZ,VICTORIAN SEWING KIT
23526,6021.400000000001,1012,10,101.2,106.71124068667221,4.450531455146503,0.7312953362843094,A,Z,AZ,WALL ART DOG LICENCE
21918,6020.28,14615,104,140.52884615384616,169.7782652579402,1.2023157993011555,0.731600938398717,A,Y,AY,SET 12 KIDS COLOUR  CHALK STICKS
22331,6011.57,3660,101,36.23762376237624,42.14193837849689,1.186802219116945,0.7319060983751482,A,Y,AY,WOODLAND PARTY BAG + STICKER SET
22841,6010.47,773,60,12.883333333333333,13.768167248349762,1.6370528073442212,0.7322112025132586,A,Z,AZ,ROUND CAKE TIN VINTAGE GREEN
22772,6009.92,4453,60,74.21666666666667,62.61804896750756,1.3952288632991303,0.7325162787322086,A,Y,AY,PINK DRAWER KNOB ACRYLIC EDWARDIAN
22855,5995.49,4808,47,102.29787234042553,79.86916336261586,1.5915110988539334,0.7328206224539141,A,Z,AZ,FINE WICKER HEART
22045,5992.14,14567,99,147.14141414141415,107.99518225280484,0.7814636827284194,0.7331247961225519,A,Y,AY,SPACEBOY GIFT WRAP
23296,5988.05,4981,22,226.4090909090909,185.65525118986616,2.6002695278864496,0.7334287621741604,A,Z,AZ,SET OF 6 TEA TIME BAKING CASES
23312,5968.3,1424,22,64.72727272727273,44.549792173297305,2.421747470945032,0.7337317256741005,A,Z,AZ,VINTAGE CHRISTMAS GIFT SACK
22278,5964.4800000000005,1017,100,10.17,10.891619426759902,1.1049414948762097,0.734034495262781,A,Y,AY,OVERNIGHT BAG VINTAGE ROSE PAISLEY
22491,5961.05,7436,83,89.59036144578313,110.81846682251182,1.4652875362734668,0.7343370907374249,A,Y,AY,PACK OF 12 COLOURED PENCILS
23052,5949.34,654,41,15.951219512195122,12.706201673813059,1.7626222644529663,0.7346390917877631,A,Z,AZ,RECYCLED ACAPULCO MAT TURQUOISE
23154,5907.360000000001,2732,38,71.89473684210526,54.78892641799969,1.8123035082961003,0.7349389618447316,A,Z,AZ,SET OF 4 JAM JAR MAGNETS
48197,5905.64,898,34,26.41176470588235,41.98276532900414,3.0919453730378623,0.7352387445908714,A,Z,AZ,DOOR MAT BIRD ON THE WIRE
22241,5897.42,4377,65,67.33846153846154,94.96105730164422,1.9320803325142266,0.7355381100724684,A,Z,AZ,GARLAND WOODEN HAPPY EASTER
21407,5896.08,1297,96,13.510416666666666,14.558770040347477,1.1524799822319596,0.7358374075328384,A,Y,AY,BROWN CHECK CAT DOORSTOP
22737,5894.88,3299,46,71.71739130434783,77.10127914877165,1.9537466117889524,0.7361366440786766,A,Z,AZ,RIBBON REEL CHRISTMAS PRESENT
23113,5868.5,1154,13,88.76923076923077,263.5115917267379,8.489595858313685,0.7364345415200583,A,Z,AZ,PANTRY CHOPPING BOARD
85132C,5865.04,2066,66,31.303030303030305,40.7064423920152,1.788868578847923,0.7367322633245399,A,Z,AZ,CHARLIE AND LOLA FIGURES TINS
22660,5862.8,884,66,13.393939393939394,31.18770901289791,2.998313783942397,0.7370298714218956,A,Z,AZ,DOORMAT I LOVE LONDON
21832,5849.96,3346,98,34.142857142857146,45.94102001030918,1.4010635438029866,0.7373268277337615,A,Y,AY,CHOCOLATE CALCULATOR
22971,5849.29,2431,50,48.62,39.76404385463669,1.5631552425402242,0.7376237500350137,A,Z,AZ,QUEENS GUARD COFFEE MUG
23485,5843.92,262,8,32.75,44.148289078642996,5.715834594084096,0.7379203997437364,A,Z,AZ,BOTANICAL GARDENS WALL CLOCK
21988,5820.95,7830,101,77.52475247524752,136.27087686365022,1.7831830709599057,0.7382158834467968,A,Z,AZ,PACK OF 6 SKULL PAPER PLATES
85038,5820.38,2786,89,31.303370786516854,43.34413153483044,1.5439387136140466,0.7385113382154547,A,Z,AZ,6 CHOCOLATE LOVE HEART T-LIGHTS
22951,5807.42,11032,64,172.375,146.01451330343193,1.3314566367054985,0.7388061351071694,A,Y,AY,60 CAKE CASES DOLLY GIRL DESIGN
21313,5794.0599999999995,6738,97,69.4639175257732,60.392994532973724,0.9350086926099688,0.7391002538170972,A,Y,AY,GLASS HEART T-LIGHT HOLDER
22200,5784.92,1296,94,13.787234042553191,17.29620030397971,1.3524330730917893,0.7393939085613415,A,Y,AY,FRYING PAN PINK POLKADOT
22687,5784.67,895,34,26.323529411764707,82.65031140319172,5.597019876986885,0.7396875506150582,A,Z,AZ,DOORMAT CHRISTMAS VILLAGE
84968B,5783.389999999999,434,39,11.128205128205128,14.237052265829924,2.433000796381658,0.7399811276932745,A,Z,AZ,S/16 VINTAGE IVORY CUTLERY
22964,5777.2300000000005,2765,55,50.27272727272727,57.68704024990893,1.8263153257048597,0.7402743920768944,A,Z,AZ,3 PIECE SPACEBOY COOKIE CUTTER SET
22899,5771.86,2774,62,44.74193548387097,37.855175051235776,1.363389058324438,0.7405673838679845,A,Y,AY,CHILDREN'S APRON DOLLY GIRL
21452,5754.93,1883,88,21.397727272727273,19.15486779626999,1.0574062290927275,0.7408595162565557,A,Y,AY,TOADSTOOL MONEY BOX
22441,5740.070000000001,2649,84,31.535714285714285,30.762379789720782,1.1841399515564495,0.7411508943201752,A,Y,AY,GROW YOUR OWN BASIL IN ENAMEL MUG
37495,5736.35,1561,92,16.967391304347824,16.74859422472641,1.1045047761094722,0.7414420835487463,A,Y,AY,FAIRY CAKE BIRTHDAY CANDLE SET
23205,5728.08,5859,35,167.4,100.6099632535583,1.7361161951197768,0.7417328529746693,A,Z,AZ,CHARLOTTE BAG VINTAGE ALPHABET
21528,5721.85,905,96,9.427083333333334,22.610079164491243,2.5000382769268406,0.7420233061526482,A,Z,AZ,DAIRY MAID TRADITIONAL TEAPOT
22070,5720.24,1840,87,21.149425287356323,33.33394412698884,1.7694116480740891,0.7423136776036303,A,Z,AZ,SMALL RED RETROSPOT MUG IN BOX
21577,5718.7699999999995,2557,99,25.828282828282827,45.9933536467422,1.8297623298167551,0.742603974434311,A,Z,AZ,SAVE THE PLANET COTTON TOTE BAG
22115,5703.950000000001,2892,101,28.633663366336634,44.55552104336279,1.5805824756507365,0.7428935189705245,A,Z,AZ,METAL SIGN EMPIRE TEA
22341,5702.19,3469,90,38.544444444444444,106.52563769179206,2.9805573710986435,0.7431829741654246,A,Z,AZ,LOVE GARLAND PAINTED ZINC
22060,5699.31,735,64,11.484375,18.54979757515874,2.1904977393624643,0.7434722831654486,A,Z,AZ,LARGE CAKE STAND HANGING HEARTS
22335,5655.17,8682,102,85.11764705882354,127.34215965693382,1.5097528145039645,0.7437593515259457,A,Z,AZ,HEART DECORATION PAINTED ZINC
21703,5647.31,14579,103,141.54368932038835,189.53626466074925,1.3426228109840561,0.7440460208962599,A,Y,AY,BAG 125g SWIRLY MARBLES
22119,5631.17,910,83,10.963855421686747,14.724664709531101,1.5766546465257707,0.7443318709661219,A,Z,AZ,PEACE WOODEN BLOCK LETTERS
22854,5624.5,1160,46,25.217391304347824,22.667561789657103,1.7458324760648598,0.7446173824527115,A,Z,AZ,CREAM SWEETHEART EGG HOLDER
22653,5622.11,3033,68,44.60294117647059,49.036428647526435,1.5332297742133385,0.7449027726178585,A,Z,AZ,BUTTON BOX
22156,5612.37,6244,104,60.03846153846154,59.2845570154891,0.9826841849741883,0.7451876683600561,A,Y,AY,HEART DECORATION WITH PEARLS
21207,5599.07,3602,94,38.319148936170215,80.06102682624174,2.2101263402353126,0.7454718889661934,A,Z,AZ,SKULL AND CROSSBONES  GARLAND
21730,5578.72,1124,70,16.057142857142857,19.465976050598755,1.6241955455151638,0.7457550765633961,A,Z,AZ,GLASS STAR FROSTED T-LIGHT HOLDER
23531,5559.11,979,10,97.9,80.74713617212689,3.9708233345148036,0.7460372687156256,A,Z,AZ,WALL ART BIG LOVE
23126,5556.79,1114,41,27.170731707317074,25.074790566447795,1.9089868842381155,0.7463193430997603,A,Z,AZ,FELTCRAFT GIRL AMELIE KIT
84971S,5544.92,6544,103,63.53398058252427,67.44232329371906,1.0660292149811867,0.7466008149376517,A,Y,AY,SMALL HEART FLOWERS HOOK
21900,5538.24,8337,103,80.94174757281553,102.73426841477954,1.2729963425484867,0.7468819476846497,A,Y,AY,"KEY FOB , SHED"
23177,5528.04,2535,41,61.829268292682926,98.08794585447907,2.7865522266938125,0.7471625626581275,A,Z,AZ,TREASURE ISLAND BOOK BOX
23133,5525.400000000001,782,33,23.696969696969695,36.836195555870084,3.0880391035519663,0.7474430436196355,A,Z,AZ,LARGE IVORY HEART WALL ORGANISER
22602,5521.82,6530,72,90.69444444444444,110.03131934275227,1.594038709541646,0.7477233428527905,A,Z,AZ,CHRISTMAS RETROSPOT HEART WOOD
23158,5517.99,2635,38,69.34210526315789,53.98211731715119,1.8308048219866624,0.7480034476670648,A,Z,AZ,SET OF 5 LUCKY CAT MAGNETS
22534,5516.05,12894,89,144.87640449438203,189.59824871078885,1.4653918039121476,0.7482834540028462,A,Y,AY,MAGIC DRAWING SLATE SPACEBOY
23583,5513.83,3395,7,485.0,199.30378822290356,4.000953196436375,0.7485633476467439,A,Z,AZ,LUNCH BAG PAISLEY PARK
22670,5513.07,4434,68,65.20588235294117,126.15029638615326,2.483867210339908,0.748843202711438,A,Z,AZ,FRENCH WC SIGN BLUE METAL
82599,5508.84,2519,73,34.50684931506849,29.65689131441986,1.2093676269380615,0.7491228430524077,A,Y,AY,FANNY'S REST STOPMETAL SIGN
85061W,5502.49,6366,100,63.66,83.03865717759763,1.3385984825475647,0.7494021610539802,A,Y,AY,WHITE JEWELLED HEART DECORATION
22168,5501.43,662,66,10.030303030303031,11.099507538583305,1.5735715598956157,0.7496814252477162,A,Z,AZ,ORGANISER WOOD ANTIQUE WHITE
79029,5501.12,2958,35,84.51428571428572,71.14706038678388,2.0042633425172136,0.7499606737051981,A,Z,AZ,GLASS HONEYPOT WASP CATCHER
84968D,5494.08,476,49,9.714285714285714,19.414341777836995,3.0703104104510768,0.7502395647974271,A,Z,AZ,SET OF 16 VINTAGE RED CUTLERY
40016,5492.35,15447,86,179.61627906976744,248.2909189595071,1.5790020068192612,0.7505183680712061,A,Z,AZ,CHINESE DRAGON PAPER LANTERNS
21112,5484.26,2222,76,29.236842105263158,55.54670549391808,2.2897254914370846,0.7507967606795168,A,Z,AZ,"SWISS ROLL TOWEL, PINK  SPOTS"
20983,5480.98,6294,103,61.10679611650485,54.49409261406756,0.8971696273154276,0.7510749867881074,A,Y,AY,12 PENCILS TALL TUBE RED RETROSPOT
22203,5473.26,1403,98,14.316326530612244,28.683698786196096,2.068284679102809,0.7513528210132102,A,Z,AZ,MILK PAN RED RETROSPOT
72756,5472.89,4021,7,574.4285714285714,856.1440410629622,6.49196856976338,0.7516306364563325,A,Z,AZ,FAIRY CAKE CANDLES
22763,5470.39,666,55,12.10909090909091,56.79875870033595,6.460460382911576,0.7519083249941803,A,Z,AZ,KEY CABINET MA CAMPAGNE
16161P,5466.9,13273,89,149.13483146067415,92.27357927420798,0.7815722817360727,0.7521858363722649,A,Y,AY,WRAP ENGLISH ROSE
22437,5461.37,6518,86,75.79069767441861,101.09472742160543,1.5283574974632042,0.7524630670358822,A,Z,AZ,SET OF 9 BLACK SKULL BALLOONS
85063,5460.64,310,47,6.595744680851064,4.391986647976483,1.4741194306207386,0.7527402606431594,A,Y,AY,CREAM SWEETHEART MAGAZINE RACK
22483,5458.21,1883,91,20.692307692307693,26.211826129818373,1.3987763057967593,0.7530173308985096,A,Y,AY,RED GINGHAM TEDDY BEAR
20978,5451.07,4127,102,40.46078431372549,37.26349089704568,0.9359278269162195,0.7532940387123961,A,Y,AY,36 PENCILS TUBE SKULLS
22443,5449.08,690,66,10.454545454545455,12.373895373458057,1.6582420980371302,0.7535706455096839,A,Z,AZ,GROW YOUR OWN HERBS SET OF 3
21432,5441.860000000001,943,48,19.645833333333332,16.943572914841997,1.6567154028413345,0.7538468858045388,A,Z,AZ,SET OF 3 CASES WOODLAND DESIGN
22186,5434.35,2005,53,37.83018867924528,39.508877215252134,1.7499022322408764,0.7541227448759493,A,Z,AZ,RED STAR CARD HOLDER
23135,5416.18,1541,23,67.0,127.40058512781286,4.377234844485749,0.7543976815998246,A,Z,AZ,SMALL ZINC HEART WALL ORGANISER
21069,5415.610000000001,5108,79,64.65822784810126,154.70210298704438,2.7851818648953133,0.7546725893892973,A,Z,AZ,VINTAGE BILLBOARD TEA MUG
21491,5404.0599999999995,2897,24,120.70833333333333,128.24313835925835,2.832090769738185,0.7549469108764018,A,Z,AZ,SET OF THREE VINTAGE GIFT WRAPS
84937,5396.64,2543,22,115.5909090909091,157.75860374723484,3.4831642842208606,0.7552208557086515,A,Z,AZ,KASHMIR FOLKART TUMBLERS
22218,5378.41,1235,48,25.729166666666668,24.71689884780213,1.7676376710989412,0.7554938751476395,A,Z,AZ,CAKE STAND LACE WHITE
23494,5377.8099999999995,813,12,67.75,38.57018396260369,3.200233654092255,0.7557668641293617,A,Z,AZ,VINTAGE DOILY DELUXE SEWING KIT
22775,5357.53,3767,60,62.78333333333333,55.46783818976837,1.436563969505839,0.7560388236554969,A,Y,AY,PURPLE DRAWERKNOB ACRYLIC EDWARDIAN
37446,5351.1,3704,77,48.103896103896105,56.97750812372424,1.4902858640787144,0.7563104567812662,A,Y,AY,MINI CAKE STAND WITH HANGING CAKES
35832,5347.75,1739,22,79.04545454545455,89.05882340326548,3.074952085112486,0.7565819198539676,A,Z,AZ,WOOLLY HAT SOCK GLOVE ADVENT STRING
21363,5345.9800000000005,994,80,12.425,9.415547336483927,1.0184247288526744,0.7568532930777347,A,Y,AY,HOME SMALL WOOD LETTERS
85132A,5330.900000000001,1364,60,22.733333333333334,33.43035597424849,2.1021872993199424,0.757123900808886,A,Z,AZ,CHARLIE + LOLA BISCUITS TINS
22842,5315.33,819,58,14.120689655172415,15.285674506872983,1.6905779375159453,0.7573937181739877,A,Z,AZ,BISCUIT TIN VINTAGE RED
22998,5314.9,12490,43,290.4651162790698,221.53816706933037,1.6711733109919045,0.7576635137113821,A,Z,AZ,TRAVEL CARD WALLET KEEP CALM
22801,5296.7,1305,58,22.5,19.527982621437314,1.4561949764361855,0.757932385378378,A,Y,AY,ANTIQUE GLASS PEDESTAL BOWL
22175,5293.06,1829,97,18.855670103092784,28.759415013001124,1.5939537003416537,0.7582010722712943,A,Z,AZ,PINK OWL SOFT TOY
22030,5278.48,12927,97,133.2680412371134,131.8074286177817,1.0536340087889362,0.7584690190526497,A,Y,AY,SWALLOWS GREETING CARD
21718,5254.05,4033,94,42.90425531914894,66.12094964304089,1.645044504040301,0.7587357257156626,A,Z,AZ,RED METAL BEACH SPADE
22896,5253.5,2085,63,33.095238095238095,34.39510199831736,1.5509696100522419,0.7590024044595151,A,Z,AZ,PEG BAG APPLES DESIGN
21993,5233.23,2858,96,29.770833333333332,35.659642282548184,1.2733577737848714,0.7592680542554019,A,Y,AY,FLORAL FOLK STATIONERY SET
22476,5228.51,1334,81,16.469135802469136,68.61342551202226,4.721699771021042,0.7595334644541303,A,Z,AZ,EMPIRE UNION JACK TV DINNER TRAY
22564,5227.650000000001,4575,83,55.12048192771084,112.31373714281092,2.3222034757210706,0.7597988309974444,A,Z,AZ,ALPHABET STENCIL CRAFT
21713,5221.04,2769,88,31.46590909090909,51.44821051000019,1.8180647132569863,0.7600638620032126,A,Z,AZ,CITRONELLA CANDLE FLOWERPOT
23132,5219.1,1034,32,32.3125,39.26209491066662,2.626475237640567,0.7603287945304877,A,Z,AZ,SMALL IVORY HEART WALL ORGANISER
22433,5215.53,2793,87,32.10344827586207,36.91569102407653,1.3258480868667497,0.760593545837031,A,Y,AY,WATERING CAN GREEN DINOSAUR
22691,5214.04,760,64,11.875,23.55709039623756,2.630573492131882,0.7608582215080305,A,Z,AZ,DOORMAT WELCOME SUNRISE
22117,5207.73,1765,85,20.764705882352942,85.36680617569486,4.545303347381965,0.7611225768701173,A,Z,AZ,METAL SIGN HER DINNER IS SERVED
21587,5198.55,2081,40,52.025,57.17023050863322,2.158984453497318,0.7613864662360361,A,Z,AZ,COSY HOUR GIANT TUBE MATCHES
23263,5184.69,3893,28,139.03571428571428,87.10508006738169,2.0297928294827545,0.7616496520391131,A,Z,AZ,SET OF 3 WOODEN HEART DECORATIONS
21872,5172.55,5099,94,54.244680851063826,114.12195760659544,2.2251475344779736,0.7619122215901769,A,Z,AZ,GLAMOROUS  MUG
22472,5170.22,1101,73,15.082191780821917,26.585686115661694,2.188764452343395,0.762174672865525,A,Z,AZ,TV DINNER TRAY DOLLY GIRL
23157,5170.1,2570,25,102.8,116.37439580938756,2.8771368925042315,0.7624371180494198,A,Z,AZ,SET OF 6 NATIVITY MAGNETS
22894,5169.28,562,55,10.218181818181819,13.659470882180788,2.05146175522215,0.7626995216083846,A,Z,AZ,TABLECLOTH RED APPLES DESIGN
22412,5159.72,2410,90,26.77777777777778,30.952220438321092,1.2970439324706413,0.7629614398815797,A,Y,AY,METAL SIGN NEIGHBOURHOOD WITCH
23165,5147.66,3118,31,100.58064516129032,61.2131653560182,1.8860959646812092,0.7632227459637306,A,Z,AZ,LARGE CERAMIC TOP STORAGE JAR
22571,5144.59,5791,50,115.82,114.90611784568891,1.7568035647622082,0.7634838962062044,A,Z,AZ,ROCKING HORSE RED CHRISTMAS
23162,5143.69,1412,32,44.125,36.40520168433927,2.095984201392831,0.7637450007627793,A,Z,AZ,REGENCY TEA STRAINER
22509,5138.26,389,71,5.47887323943662,11.35260719574341,2.5817128888359573,0.764005829681098,A,Z,AZ,SEWING BOX RETROSPOT DESIGN
22426,5137.05,1334,80,16.675,13.192609169867072,1.0504974674812801,0.7642665971772639,A,Y,AY,ENAMEL WASH BOWL CREAM
21495,5119.3,12465,101,123.41584158415841,85.29926932005135,0.7188286799476101,0.7645264636459808,A,X,AX,SKULLS AND CROSSBONES WRAP
22374,5116.84,1027,92,11.16304347826087,7.228267425608356,0.7741127910005665,0.7647862052399075,A,Y,AY,AIRLINE BAG VINTAGE JET SET RED
22610,5114.38,12716,78,163.02564102564102,199.03800944575687,1.5150298823571942,0.7650458219590441,A,Z,AZ,PENS ASSORTED FUNNY FACE
21471,5114.38,1411,94,15.01063829787234,17.27481520735924,1.2474451909765956,0.7653054386781808,A,Y,AY,STRAWBERRY RAFFIA FOOD COVER
23397,5097.65,489,15,32.6,18.642501364968627,2.837165927271222,0.7655642061472204,A,Z,AZ,FOOT STOOL HOME SWEET HOME
23234,5088.45,1725,26,66.34615384615384,52.50900289107939,2.325756570513949,0.7658225066048497,A,Z,AZ,BISCUIT TIN VINTAGE CHRISTMAS
20977,5081.24,3801,96,39.59375,28.26289295916207,0.7934652387349865,0.7660804410676675,A,Y,AY,36 PENCILS TUBE WOODLAND
21578,5078.61,2212,93,23.78494623655914,19.867960586771677,0.9434899459410687,0.7663382420261364,A,Y,AY,WOODLAND DESIGN  COTTON TOTE BAG
23295,5078.43,6140,22,279.09090909090907,167.52253838155886,2.3136670012397884,0.7665960338474256,A,Z,AZ,SET OF 12 MINI LOAF BAKING CASES
23198,5068.4,3346,25,133.84,50.76964316071826,1.9325234064959824,0.7668533165247534,A,Z,AZ,PANTRY MAGNETIC  SHOPPING LIST
21544,5054.76,6067,102,59.48039215686274,78.29301783319411,1.3299855255703623,0.7671099068069036,A,Y,AY,SKULLS  WATER TRANSFER TATTOOS
21706,5041.06,1351,93,14.526881720430108,33.81008062881782,2.4719846995603842,0.7673658016481494,A,Z,AZ,FOLDING UMBRELLA RED/WHITE POLKADOT
23314,5037.96,409,19,21.526315789473685,23.613481133201645,3.273164774683783,0.7676215391268548,A,Z,AZ,VINTAGE CHRISTMAS TABLECLOTH
46000S,5032.95,3471,99,35.06060606060606,32.83223222838085,0.9810265116564612,0.7678770222873902,A,Y,AY,POLYESTER FILLER PAD 40x40cm
21071,5029.570000000001,4294,96,44.729166666666664,93.20012188456757,2.1766387081104233,0.7681323338719943,A,Z,AZ,VINTAGE BILLBOARD DRINK ME MUG
22957,5023.5,1778,17,104.58823529411765,66.9879269192679,2.7348973155629794,0.7683873373305921,A,Z,AZ,SET 3 PAPER VINTAGE CHICK PAPER EGG
84796B,5016.91,602,49,12.285714285714286,18.80713517081571,2.4484013014646893,0.7686420062668861,A,Z,AZ,BLUE SAVANNAH PICNIC HAMPER FOR 2
85049G,5015.06,3956,94,42.08510638297872,40.13007334341293,1.0495995434799943,0.7688965812932771,A,Y,AY,CHOCOLATE BOX RIBBONS
22732,5004.34,3775,42,89.88095238095238,103.18777635609148,2.1592004556328095,0.7691506121498509,A,Z,AZ,3D VINTAGE CHRISTMAS STICKERS
22318,5001.68,1589,99,16.050505050505052,14.131578285682105,0.9255336533704022,0.7694045079792126,A,Y,AY,FIVE HEART HANGING DECORATION
23310,4997.28,12050,27,446.2962962962963,299.63847637480825,2.1269271385504163,0.7696581804552912,A,Z,AZ,BUBBLEGUM RING ASSORTED
22583,4996.55,1889,84,22.488095238095237,22.992662028820053,1.2316509817469499,0.7699118158750297,A,Y,AY,PACK OF 6 HANDBAG GIFT BOXES
47568,4993.52,2389,37,64.56756756756756,41.661693396892744,1.7173896064774983,0.7701652974855755,A,Z,AZ,ENGLISH ROSE DESIGN PEG BAG
22604,4983.12,2027,60,33.78333333333333,51.40800296025495,2.1633494004298743,0.7704182511701793,A,Z,AZ,SET OF 4 NAPKIN CHARMS CUTLERY
21896,4979.74,2404,92,26.130434782608695,58.69238440055126,2.4024167812645385,0.7706710332788519,A,Z,AZ,POTTING SHED TWINE
23556,4974.51,439,8,54.875,115.70089208200352,7.909993505704551,0.7709235499016903,A,Z,AZ,LANDMARK FRAME COVENT GARDEN
21056,4970.28,546,80,6.825,10.99340999377078,1.9054485941688533,0.7711758518008042,A,Z,AZ,DOCTOR'S BAG SOFT TOY
85184C,4944.76,2287,94,24.329787234042552,59.45656918549103,2.5774911676864805,0.7714268582508759,A,Z,AZ,S/4 VALENTINE DECOUPAGE HEART BOX
23570,4944.370000000001,2782,8,347.75,251.67822426945992,4.2377008548079615,0.7716778449037248,A,Z,AZ,TRADITIONAL PICK UP STICKS GAME
72349B,4906.8,2198,99,22.2020202020202,29.40844658547976,1.369314896625612,0.7719269244241085,A,Y,AY,SET/6 PURPLE BUTTERFLY T-LIGHTS
22276,4900.16,1895,92,20.597826086956523,32.19107096955962,1.6915877391263612,0.7721756668840829,A,Z,AZ,WASH BAG VINTAGE ROSE PAISLEY
23010,4896.55,316,35,9.028571428571428,10.239731482823958,2.384186539987746,0.7724242260928411,A,Z,AZ,CIRCUS PARADE BABY GIFT SET
84968E,4894.61,403,58,6.948275862068965,14.000529330586042,2.8191719935485233,0.7726726868231062,A,Z,AZ,SET OF 16 VINTAGE BLACK CUTLERY
22956,4894.39,2502,55,45.49090909090909,56.667605458652545,1.9421043934113544,0.7729211363857071,A,Z,AZ,36 FOIL HEART CAKE CASES
23351,4880.65,3539,19,186.26315789473685,130.5517530863455,2.6497472351239124,0.7731688884769194,A,Z,AZ,ROLL WRAP 50'S CHRISTMAS
72807B,4879.5599999999995,1088,88,12.363636363636363,17.078710157616054,1.5528377722926574,0.7734165852374321,A,Z,AZ,SET/3 OCEAN SCENT CANDLE JEWEL BOX
22593,4870.65,5475,49,111.73469387755102,90.29345110762557,1.5748637800954168,0.7736638297075462,A,Z,AZ,CHRISTMAS GINGHAM STAR
23503,4864.3,3646,12,303.8333333333333,103.16697263380485,2.92961115542215,0.7739107518382632,A,Z,AZ,PLAYING CARDS KEEP CALM & CARRY ON
21534,4852.79,955,101,9.455445544554456,7.72337329471423,0.8425611359646566,0.7741570896970963,A,Y,AY,DAIRY MAID LARGE MILK JUG
22107,4845.59,1242,88,14.113636363636363,17.601222409339364,1.4138550504404586,0.7744030620687389,A,Y,AY,PIZZA PLATE IN BOX
84270,4836.9,22996,51,450.9019607843137,331.88716485588657,1.4568264737824894,0.7746485933176472,A,Y,AY,ASSTD DESIGN BUBBLE GUM RING
22027,4836.73,11369,103,110.37864077669903,70.41962690213832,0.6455167521695435,0.7748941159369969,A,X,AX,TEA PARTY BIRTHDAY CARD
23554,4830.53,424,8,53.0,115.98891572658385,8.153492569582417,0.7751393238312658,A,Z,AZ,LANDMARK FRAME OXFORD STREET
23555,4818.07,424,8,53.0,112.64482741278954,7.961364296822132,0.7753838992296466,A,Z,AZ,LANDMARK FRAME NOTTING HILL
21249,4791.18,1668,98,17.020408163265305,21.868859181345993,1.3398839310541628,0.7756271096348947,A,Y,AY,WOODLAND  HEIGHT CHART STICKERS
21986,4788.45,13484,102,132.19607843137254,304.0363787253582,2.315154575648069,0.775870181459583,A,Z,AZ,PACK OF 12 PINK POLKADOT TISSUES
22442,4781.219999999999,868,58,14.96551724137931,46.15114965675338,4.18945716265455,0.7761128862742175,A,Z,AZ,GROW YOUR OWN FLOWERS SET OF 3
23389,4780.54,1122,14,80.14285714285714,54.09088810348908,3.093672629218301,0.7763555565706173,A,Z,AZ,SPACEBOY MINI BACKPACK
20681,4779.9,1412,65,21.723076923076924,16.50616143700937,1.2286455692167357,0.7765981943792668,A,Y,AY,PINK SPOTTY CHILDS UMBRELLA
23159,4771.76,2321,37,62.729729729729726,47.496578033842866,1.838118972679667,0.7768404189843426,A,Z,AZ,SET OF 5 PANCAKE DAY MAGNETS
22128,4767.09,3929,78,50.37179487179487,56.43571425515801,1.4090968852493708,0.7770824065303655,A,Y,AY,PARTY CONES CANDY ASSORTED
23184,4764.5,874,40,21.85,16.071235652077764,1.7237836053126847,0.7773242626025241,A,Z,AZ,BULL DOG BOTTLE OPENER
21916,4762.82,11039,104,106.14423076923077,129.3355249907977,1.2126162363720745,0.7775660333943383,A,Y,AY,SET 12 RETRO WHITE CHALK STICKS
22474,4761.38,975,75,13.0,25.15841700000113,2.3475144156370864,0.7778077310887143,A,Z,AZ,SPACEBOY TV DINNER TRAY
22688,4756.7,865,33,26.21212121212121,109.35057086492436,7.4388850593256155,0.7780491912164164,A,Z,AZ,DOORMAT PEACE ON EARTH BLUE
23569,4752.31,961,8,120.125,56.29371317347208,3.807632966038898,0.7782904284984564,A,Z,AZ,TRADTIONAL ALPHABET STAMP SET
22434,4749.09,2555,78,32.756410256410255,57.74691443883498,2.1033435246379515,0.7785315023265029,A,Z,AZ,BALLOON PUMP WITH 10 BALLOONS
23286,4747.620000000001,5048,27,186.96296296296296,392.5884987422955,4.38253041559881,0.7787725015342479,A,Z,AZ,BLUE VINTAGE SPOT BEAKER
18098C,4746.14,1527,66,23.136363636363637,23.182809522201087,1.4607796035112708,0.7790134256140706,A,Y,AY,PORCELAIN BUTTERFLY OIL BURNER
23558,4741.37,418,8,52.25,111.54595465546925,7.990154136694329,0.7792541075586293,A,Z,AZ,LANDMARK FRAME LONDON BRIDGE
22399,4739.6,4044,83,48.72289156626506,98.55298355273999,2.306043608642036,0.7794946996542538,A,Z,AZ,MAGNETS PACK OF 4 CHILDHOOD MEMORY
22672,4737.759999999999,2851,67,42.55223880597015,48.37144273416427,1.590006424234972,0.7797351983475962,A,Z,AZ,FRENCH BATHROOM SIGN BLUE METAL
22305,4716.63,2269,81,28.012345679012345,62.658697286801406,2.5746335209546607,0.7799746244375586,A,Z,AZ,COFFEE MUG PINK PAISLEY DESIGN
23241,4709.07,2184,27,80.88888888888889,62.325654264413295,2.2480974377585095,0.7802136667659707,A,Z,AZ,TREASURE TIN GYMKHANA DESIGN
22304,4704.86,2386,75,31.813333333333333,69.9675008212468,2.6466046978820845,0.7804524953859007,A,Z,AZ,COFFEE MUG BLUE PAISLEY DESIGN
20961,4702.65,3542,99,35.77777777777778,49.850911513078756,1.4385325046699329,0.7806912118215679,A,Y,AY,STRAWBERRY BATH SPONGE
23176,4697.58,2167,41,52.853658536585364,70.78155161325928,2.444355796096747,0.7809296708933384,A,Z,AZ,ABC TREASURE BOOK BOX
22562,4693.55,3987,86,46.36046511627907,94.85628916985549,2.283202016793135,0.7811679253938064,A,Z,AZ,MONSTERS STENCIL CRAFT
20963,4681.15,3463,102,33.950980392156865,44.10145312057356,1.3126920315640627,0.781405550444113,A,Y,AY,APPLE BATH SPONGE
22721,4678.71,1022,50,20.44,25.934108027531494,2.0884165668210506,0.7816430516348715,A,Z,AZ,SET OF 3 CAKE TINS SKETCHBOOK
22075,4675.0,3106,68,45.6764705882353,73.19457633778461,2.0973756805768686,0.7818803644982026,A,Z,AZ,6 RIBBONS ELEGANT CHRISTMAS
82581,4673.2,8443,104,81.1826923076923,72.7073886048017,0.8912859065769086,0.7821175859897361,A,Y,AY,TOILET METAL SIGN
15044B,4644.13,1670,69,24.202898550724637,66.77477062090779,3.437135554660635,0.7823533318267377,A,Z,AZ,BLUE PAPER PARASOL
22574,4632.57,5078,52,97.65384615384616,104.26547651432944,1.798927739825559,0.7825884908537499,A,Z,AZ,HEART WOODEN CHRISTMAS DECORATION
21328,4625.83,2449,101,24.247524752475247,24.72383705681384,1.0438669367610836,0.7828233077441421,A,Y,AY,BALLOONS  WRITING SET
22800,4605.15,1132,57,19.859649122807017,22.74111961410999,1.7818579608671437,0.7830570748741035,A,Z,AZ,ANTIQUE TALL SWIRLGLASS TRINKET POT
21878,4590.73,5591,82,68.1829268292683,101.98185847490025,1.7524406441445157,0.7832901100144416,A,Z,AZ,PACK OF 6 SANDCASTLE FLAGS ASSORTED
21811,4588.43,6349,77,82.45454545454545,160.6681399536705,2.326444163833735,0.783523028401927,A,Z,AZ,HANGING HEART WITH BELL
51014A,4575.22,6719,93,72.24731182795699,84.16942746549427,1.2726992181300125,0.7837552762219421,A,Y,AY,"FEATHER PEN,HOT PINK"
23285,4572.41,4807,27,178.03703703703704,407.3689011846899,4.719235039729274,0.7839873814004285,A,Z,AZ,PINK VINTAGE SPOT BEAKER
21506,4569.77,10962,104,105.40384615384616,96.52521369190208,0.9113522204056432,0.784219352566945,A,Y,AY,"FANCY FONT BIRTHDAY CARD,"
10135,4568.71,4228,94,44.97872340425532,90.44881861998326,2.1290368645774764,0.7844512699256252,A,Z,AZ,COLOURING PENCILS BROWN TUBE
22736,4563.03,2542,46,55.26086956521739,56.33922445827939,1.886730123064284,0.7846828989555216,A,Z,AZ,RIBBON REEL MAKING SNOWMEN
15044D,4562.6,1597,83,19.240963855421686,24.795057710449708,1.5194569104001745,0.7849145061577109,A,Z,AZ,RED PAPER PARASOL
23404,4561.76,1011,14,72.21428571428571,54.49936989251636,3.218283409307188,0.7851460707197279,A,Z,AZ,HOME SWEET HOME BLACKBOARD
22743,4560.200000000001,1508,63,23.936507936507937,34.58737090786874,2.0106730671880344,0.7853775560928535,A,Z,AZ,MAKE YOUR OWN FLOWERPOWER CARD KIT
23168,4559.92,3292,31,106.19354838709677,60.500919747740866,1.8462503648229618,0.7856090272525885,A,Z,AZ,CLASSIC CAFE SUGAR DISPENSER
23275,4557.97,3749,28,133.89285714285714,123.11011008990775,2.3963034685961238,0.7858403994262094,A,Z,AZ,SET OF 3 HANGING OWLS OLLIE BEAK
85184D,4555.639999999999,8313,34,244.5,937.3621353176544,6.759806509574946,0.7860716533241145,A,Z,AZ,S/4 BLUE ROUND DECOUPAGE BOXES
22601,4549.74,5253,51,103.0,113.0969495609851,1.8573159074288768,0.7863026077255717,A,Z,AZ,CHRISTMAS RETROSPOT ANGEL WOOD
37447,4546.81,2895,98,29.540816326530614,25.951250239968452,0.9337333222822278,0.7865334133940471,A,Y,AY,CERAMIC CAKE DESIGN SPOTTED PLATE
21614,4541.12,1628,56,29.071428571428573,40.89047772808688,2.113216378704855,0.7867639302261178,A,Z,AZ,SET OF 12 ROSE BOTANICAL T-LIGHTS
21990,4540.99,2460,93,26.451612903225808,33.28712903400935,1.3675367098495161,0.7869944404591143,A,Y,AY,MODERN FLORAL STATIONERY SET
22908,4529.1,5616,62,90.58064516129032,92.59918003869818,1.5498896269933415,0.7872243471306251,A,Z,AZ,PACK OF 20 NAPKINS RED APPLES
21564,4527.450000000001,1952,97,20.123711340206185,61.07411101344393,3.1378130227450045,0.7874541700446547,A,Z,AZ,PINK  HEART SHAPE LOVE BUCKET
23309,4527.2,8332,28,297.57142857142856,205.59803078957313,2.1033428035981485,0.7876839802681569,A,Z,AZ,SET OF 60 I LOVE LONDON CAKE CASES
22760,4519.64,357,41,8.707317073170731,9.160359988665906,2.06773353541874,0.787913406730109,A,Z,AZ,"TRAY, BREAKFAST IN BED"
23163,4515.22,1832,33,55.515151515151516,39.73436894877752,1.927967379860634,0.7881426088235358,A,Z,AZ,REGENCY SUGAR TONGS
23112,4514.58,547,31,17.64516129032258,9.225140964042316,1.8006254666905737,0.7883717784292122,A,Z,AZ,PARISIENNE CURIO CABINET
22451,4507.04,1342,51,26.313725490196077,28.820472026723255,1.8540493597254035,0.7886005652885808,A,Z,AZ,SILK PURSE BABUSHKA RED
21109,4498.6900000000005,1177,76,15.486842105263158,37.19515861723678,2.8562229249562714,0.7888289282843325,A,Z,AZ,"LARGE CAKE TOWEL, CHOCOLATE SPOTS"
22747,4497.7,2040,62,32.903225806451616,49.12470236923793,2.087148755348112,0.7890572410255955,A,Z,AZ,POPPY'S PLAYHOUSE BATHROOM
84279P,4491.67,1149,97,11.845360824742269,21.85479552933099,1.9194401144050286,0.7892852476713363,A,Z,AZ,CHERRY BLOSSOM  DECORATIVE FLASK
23167,4476.01,5847,31,188.61290322580646,297.63743911223656,3.231026393246214,0.7895124593824377,A,Z,AZ,SMALL CERAMIC TOP STORAGE JAR
23530,4465.97,1062,10,106.2,71.90858394131013,3.700174885877068,0.7897391614419568,A,Z,AZ,WALL ART ONLY ONE PERSON
22291,4456.43,3223,65,49.58461538461538,101.65027242764961,2.6871527201546135,0.7899653792309481,A,Z,AZ,"SPRING DEC , HANGING CHICK CREAM"
21064,4453.27,889,60,14.816666666666666,53.00799161580491,4.7485577870323725,0.7901914366116726,A,Z,AZ,BOOM BOX SPEAKER BOYS
23288,4444.23,4625,27,171.2962962962963,403.83772586511634,4.844326553555945,0.7904170351029244,A,Z,AZ,GREEN VINTAGE SPOT BEAKER
21864,4442.04,1858,99,18.767676767676768,25.017474824376908,1.3777898777657105,0.7906425224251556,A,Y,AY,UNION JACK FLAG PASSPORT COVER
22299,4432.07,3913,72,54.34722222222222,79.6717137006997,1.8723151780760539,0.7908675036491524,A,Z,AZ,PIG KEYRING WITH LIGHT & SOUND
22733,4429.24,3444,40,86.1,81.50532466482143,1.9676538145561557,0.7910923412163782,A,Z,AZ,3D TRADITIONAL CHRISTMAS STICKERS
84031A,4426.55,1101,74,14.878378378378379,20.93496302328656,1.7749089572098045,0.7913170422335287,A,Z,AZ,CHARLIE+LOLA RED HOT WATER BOTTLE
79341,4423.69,725,19,38.1578947368421,74.41121716358415,4.918706363962688,0.7915415980710452,A,Z,AZ,WILLOW BRANCH LIGHTS.
21810,4415.36,7064,43,164.27906976744185,241.09900412401183,2.550862070234277,0.7917657310601869,A,Z,AZ,CHRISTMAS HANGING STAR WITH BELL
22548,4411.8099999999995,3532,83,42.55421686746988,44.95505967672339,1.278495382294456,0.7919896838438389,A,Y,AY,HEADS AND TAILS SPORTING FUN
22573,4408.08,4912,49,100.24489795918367,116.98905408417578,1.9885059749131713,0.7922134472848213,A,Z,AZ,STAR WOODEN CHRISTMAS DECORATION
21967,4405.89,15667,93,168.46236559139786,586.1076759498947,3.675460644470931,0.7924370995567833,A,Z,AZ,PACK OF 12 SKULL TISSUES
22449,4384.5,1326,76,17.44736842105263,15.956102061044112,1.223869214523038,0.7926596660272166,A,Y,AY,SILK PURSE BABUSHKA PINK
85053,4382.18,2041,72,28.34722222222222,28.958522899369402,1.3895763595488033,0.7928821147295552,A,Y,AY,FRENCH ENAMEL CANDLEHOLDER
22594,4379.88,4794,51,94.0,84.89310926099951,1.6339624943065847,0.7931044466790411,A,Z,AZ,CHRISTMAS GINGHAM TREE
20674,4379.77,3437,103,33.36893203883495,27.15207365469971,0.8195992802030782,0.793326773044695,A,Y,AY,GREEN POLKADOT BOWL
22071,4378.38,1536,82,18.73170731707317,33.03684765866624,2.0409108534047093,0.7935490288510163,A,Z,AZ,SMALL WHITE RETROSPOT MUG IN BOX
21537,4359.96,1010,83,12.168674698795181,11.262737263258042,1.1460660134245113,0.7937703496192751,A,Y,AY,RED RETROSPOT PUDDING BOWL
79320,4357.38,904,41,22.048780487804876,16.945428910936712,1.7315590246837278,0.7939915394212905,A,Z,AZ,FLAMINGO LIGHTS
23349,4355.1,3231,19,170.05263157894737,118.44289467184434,2.643734608545231,0.7942126134856955,A,Z,AZ,ROLL WRAP VINTAGE CHRISTMAS
22227,4353.92,6036,104,58.03846153846154,44.89554718269349,0.7698202305197279,0.7944336276508109,A,Y,AY,HANGING HEART MIRROR DECORATION
22202,4351.25,1078,64,16.84375,21.452952399766954,1.7943911306269194,0.7946545062810932,A,Z,AZ,MILK PAN PINK RETROSPOT
84598,4350.14,20775,87,238.79310344827587,497.5687667310952,2.3077820669291995,0.7948753285654337,A,Z,AZ,BOYS ALPHABET IRON ON PATCHES
15039,4347.32,5103,94,54.287234042553195,81.41300817310521,1.6025551191793626,0.7950960077006245,A,Z,AZ,SANDALWOOD FAN
22611,4343.58,908,58,15.655172413793103,14.583758960170334,1.5239234752594044,0.7953164969855246,A,Z,AZ,VINTAGE UNION JACK SHOPPING BAG
21899,4336.12,6697,103,65.01941747572816,95.35650142682051,1.4698222739096183,0.7955366075850855,A,Y,AY,"KEY FOB , GARAGE DESIGN"
22892,4329.56,3526,57,61.85964912280702,48.82199394465399,1.3932465982932392,0.7957563851852062,A,Y,AY,SET OF SALT AND PEPPER TOADSTOOLS
22425,4326.47,855,80,10.6875,12.926857283984624,1.4758320002697036,0.7959760059304076,A,Y,AY,ENAMEL COLANDER CREAM
21913,4309.9800000000005,1131,98,11.540816326530612,20.987069346126244,1.8801206623218036,0.7961947896084184,A,Z,AZ,VINTAGE SEASIDE JIGSAW PUZZLES
47580,4308.8,1666,90,18.511111111111113,26.573300972861034,1.5844278486634344,0.7964135133871395,A,Z,AZ,TEA TIME DES TEA COSY
21012,4300.0,2300,90,25.555555555555557,46.83994048852742,1.9985991313199016,0.7966317904592943,A,Z,AZ,ANTIQUE ALL GLASS CANDLESTICK
21153,4294.6900000000005,393,35,11.228571428571428,13.728642695186615,2.50727821928799,0.7968497979846462,A,Z,AZ,RED SPOTTY TABLECLOTH
72807A,4292.58,934,82,11.390243902439025,15.54424676036715,1.6129343329605383,0.7970676984019464,A,Z,AZ,SET/3 ROSE CANDLE IN JEWELLED BOX
21245,4288.64,2579,99,26.050505050505052,30.144337721719758,1.2012154457382578,0.7972853988165338,A,Y,AY,GREEN POLKADOT PLATE
84969,4288.43,971,94,10.329787234042554,7.621966412760858,0.8380547790683004,0.7975030885710782,A,Y,AY,BOX OF 6 ASSORTED COLOUR TEASPOONS
23050,4286.55,497,40,12.425,8.799439084687624,1.6945317591683489,0.7977206828928564,A,Z,AZ,RECYCLED ACAPULCO MAT GREEN
20966,4282.74,3021,72,41.958333333333336,49.65555654480823,1.5618471632656947,0.797938083810996,A,Z,AZ,SANDWICH BATH SPONGE
22723,4282.57,1169,51,22.92156862745098,25.442360847417365,1.8714582319302995,0.798155476099577,A,Z,AZ,SET OF 6 HERB TINS SKETCHBOOK
22285,4281.01,2725,79,34.49367088607595,61.39758481379557,2.105839864572876,0.7983727891992667,A,Z,AZ,"DECORATION HEN ON NEST, HANGING"
84950,4279.070000000001,6149,88,69.875,196.7106406614174,3.0727136617996544,0.7985900038204634,A,Z,AZ,ASSORTED COLOUR T-LIGHT HOLDER
23237,4278.54,1054,27,39.03703703703704,29.103900718581297,2.21665586451793,0.7988071915377418,A,Z,AZ,SET OF 4 KNICK KNACK TINS LEAF
22312,4274.7,1240,85,14.588235294117647,22.41773007797041,1.7546608069215295,0.7990241843285186,A,Z,AZ,OFFICE MUG WARMER POLKADOT
72802B,4263.22,1560,79,19.746835443037973,46.43591347620944,2.739361707424298,0.799240594370275,A,Z,AZ,OCEAN SCENT CANDLE IN JEWELLED BOX
20665,4262.240000000001,1337,95,14.073684210526316,11.484718899350058,0.9033688900426677,0.7994569546651636,A,Y,AY,RED RETROSPOT PURSE
22530,4258.77,10069,87,115.73563218390805,210.75332543212778,2.0282492939655348,0.7996731388155313,A,Z,AZ,MAGIC DRAWING SLATE DOLLY GIRL
22744,4254.81,1519,63,24.11111111111111,32.50762248632252,1.8983955069214942,0.7998891219479441,A,Z,AZ,MAKE YOUR OWN MONSOON CARD KIT
20982,4253.15,4862,100,48.62,47.8068039618892,1.0175690543324862,0.8001050208152548,B,Y,BY,12 PENCILS TALL TUBE SKULLS
21556,4249.51,1609,78,20.628205128205128,50.64701090508416,2.8753841916557303,0.8003207349084857,B,Z,BZ,CERAMIC STRAWBERRY MONEY BOX
22497,4243.32,930,84,11.071428571428571,13.81616454570054,1.4639697084308627,0.8005361347842569,B,Y,BY,SET OF 2 TINS VINTAGE BATHROOM
21068,4227.13,4068,97,41.93814432989691,98.67104590855054,2.438443237015889,0.8007507128214704,B,Z,BZ,VINTAGE BILLBOARD LOVE/HATE MUG
21355,4225.55,3458,77,44.90909090909091,99.40099303461679,2.623286115519573,0.8009652106545504,B,Z,BZ,TOAST ITS - I LOVE YOU
23089,4217.73,2355,31,75.96774193548387,91.65459940121853,2.66095914417511,0.8011793115279318,B,Z,BZ,GLASS BON BON JAR
22851,4214.08,5191,68,76.33823529411765,85.76323017803537,1.5592954393992526,0.8013932271196124,B,Z,BZ,SET 20 NAPKINS FAIRY CAKES DESIGN
22600,4212.45,4863,52,93.51923076923077,84.89289454656804,1.6175161149494877,0.8016070599690539,B,Z,BZ,CHRISTMAS RETROSPOT STAR WOOD
21707,4209.7,1010,72,14.027777777777779,40.94550559945489,3.54683647985109,0.8018207532226935,B,Z,BZ,FOLDING UMBRELLA BLACKBLUE POLKADOT
23012,4208.96,1074,26,41.30769230769231,19.86306971395757,1.9721356174211335,0.8020344089123719,B,Z,BZ,GLASS APOTHECARY BOTTLE PERFUME
22797,4205.56,242,48,5.041666666666667,5.720282441075246,1.97427274856638,0.802247892010877,B,Z,BZ,CHEST OF DRAWERS GINGHAM HEART
21470,4202.18,1105,94,11.75531914893617,13.812637325907339,1.271873825901182,0.8024612035334509,B,Y,BY,FLOWER VINE RAFFIA FOOD COVER
23144,4197.83,5089,34,149.6764705882353,118.13852182366651,1.9769599971243634,0.8026742942408471,B,Z,BZ,ZINC T-LIGHT HOLDER STARS SMALL
21609,4195.14,1502,77,19.506493506493506,29.978774674155265,1.8706616479492368,0.8028872483981679,B,Z,BZ,SET 12 LAVENDER  BOTANICAL T-LIGHTS
21474,4189.5,210,27,7.777777777777778,6.06587766072411,2.26007444743232,0.8030999162571896,B,Z,BZ,SWEETHEART CREAM STEEL FOLDIN BENCH
21143,4188.15,2108,40,52.7,54.043761944633395,2.0654115077573967,0.8033125155873629,B,Z,BZ,ANTIQUE GLASS HEART DECORATION
22926,4174.110000000001,684,25,27.36,19.061042293991513,2.257946157653033,0.8035244022175146,B,Z,BZ,IVORY GIANT GARDEN THERMOMETER
22833,4163.54,120,8,15.0,26.14793081133354,6.82389592209286,0.8037357522921657,B,Z,BZ,HALL CABINET WITH 3 DRAWERS
22127,4160.61,3474,58,59.89655172413793,91.29933218855561,2.2107560173998957,0.8039469536338351,B,Z,BZ,PARTY CONES CARNIVAL ASSORTED
23110,4158.68,702,31,22.64516129032258,13.323033656283075,1.8651092404018803,0.8041580570046324,B,Z,BZ,PARISIENNE KEY CABINET
21590,4151.28,3456,48,72.0,93.25143316450446,2.1737972251011217,0.8043687847358173,B,Z,BZ,KINGS CHOICE CIGAR BOX MATCHES
70006,4146.16,4442,61,72.81967213114754,155.4237764089653,2.8886629007235305,0.804579252565,B,Z,BZ,LOVE HEART POCKET WARMER
23486,4145.469999999999,275,8,34.375,50.395400867256015,6.037238709846532,0.804789685368327,B,Z,BZ,ANTIQUE HEART SHELF UNIT
84596B,4125.37,6288,100,62.88,67.51569664107222,1.107703102752252,0.8049990978532469,B,Y,BY,SMALL DOLLY MIX DESIGN ORANGE BOWL
23306,4123.38,2808,28,100.28571428571429,102.93646265495693,2.547108132689245,0.8052084093215682,B,Z,BZ,SET OF 36 DOILIES PANTRY DESIGN
22125,4118.84,658,17,38.705882352941174,48.079055608812595,3.7418907124075855,0.8054174903299112,B,Z,BZ,UNION JACK HOT WATER BOTTLE
22807,4102.91,1384,59,23.45762711864407,23.81416706276004,1.5964408566351602,0.8056257626978448,B,Z,BZ,SET OF 6 T-LIGHTS TOADSTOOLS
23255,4101.37,1015,36,28.194444444444443,27.989609750195765,2.1579780190098643,0.8058339568921294,B,Z,BZ,CHILDRENS CUTLERY CIRCUS PARADE
23193,4097.28,1930,41,47.073170731707314,87.14166346929075,3.1650055388060174,0.8060419434693848,B,Z,BZ,BUFFALO BILL TREASURE BOOK BOX
23194,4086.37,1839,41,44.853658536585364,67.78368571257016,2.6811005355118103,0.8062493762320224,B,Z,BZ,GYMKHANA TREASURE BOOK BOX
21911,4085.7999999999997,2549,65,39.215384615384615,56.4525498504309,1.9658792241735337,0.8064567800602574,B,Z,BZ,GARDEN METAL SIGN
16161U,4084.92,10026,97,103.36082474226804,100.01720534977662,1.032344541477138,0.8066641392178358,B,Y,BY,WRAP SUKI AND FRIENDS
23009,4082.5199999999995,263,38,6.921052631578948,6.787833228880995,2.073659124971487,0.8068713765463505,B,Z,BZ,I LOVE LONDON BABY GIFT SET
21472,4081.57,1057,70,15.1,17.63654802071415,1.57592808375662,0.807078565650861,B,Z,BZ,LADYBIRD + BEE RAFFIA FOOD COVER
21901,4077.11,6182,103,60.019417475728154,78.53174462204967,1.3120822746712677,0.8072855283563618,B,Y,BY,"KEY FOB , BACK DOOR"
20981,4076.81,4727,101,46.801980198019805,42.145941631900975,0.9254468815562575,0.8074924758332297,B,Y,BY,12 PENCILS TALL TUBE WOODLAND
22359,4072.83,1285,74,17.364864864864863,82.80685140145461,5.650875492242247,0.8076992212769005,B,Z,BZ,GLASS JAR KINGS CHOICE
22284,4067.24,2495,88,28.352272727272727,40.00460886457363,1.5836461564550408,0.8079056829603775,B,Z,BZ,HEN HOUSE DECORATION
84580,4066.94,1061,98,10.826530612244898,7.6468786303767775,0.765008667032433,0.8081121294152216,B,Y,BY,MOUSE TOY WITH PINK T-SHIRT
21717,4057.48,1561,43,36.30232558139535,38.611949102713275,2.022651824510975,0.8083180956605069,B,Z,BZ,EASTER TIN BUCKET
35924,4055.7,2167,76,28.513157894736842,44.00075557564972,1.8932195912248735,0.8085239715492367,B,Z,BZ,HANGING FAIRY CAKE DECORATION
21679,4054.91,4895,96,50.989583333333336,114.3724750464272,2.3403269550049,0.8087298073358999,B,Z,BZ,SKULLS  STICKERS
23340,4053.8799999999997,2512,19,132.21052631578948,158.53936733238228,3.454024273641983,0.8089355908375899,B,Z,BZ,VINTAGE CHRISTMAS CAKE FRILL
23081,4046.5,484,31,15.612903225806452,17.467450528253664,2.53348586841287,0.8091409997149097,B,Z,BZ,GREEN METAL BOX ARMY SUPPLIES
22639,4036.42,1657,68,24.36764705882353,23.375522605229662,1.3842406579635889,0.8093458969101626,B,Y,BY,SET OF 4 NAPKIN CHARMS HEARTS
21349,4024.23,555,30,18.5,17.73900825280555,2.355367113790802,0.8095501753152969,B,Z,BZ,IVY HEART WREATH
22053,4023.3900000000003,4553,53,85.90566037735849,543.428760604331,8.83199296036058,0.8097544110802591,B,Z,BZ,EMPIRE DESIGN ROSETTE
22057,4019.18,3065,81,37.839506172839506,59.03271482621384,1.8358430899070257,0.809958433136739,B,Z,BZ,CERAMIC PLATE STRAWBERRY DESIGN
20967,4008.59,1058,68,15.558823529411764,16.059945867960643,1.4611522600605387,0.810161917622476,B,Y,BY,GREY FLORAL FELTCRAFT SHOULDER BAG
22454,4007.38,1430,57,25.087719298245613,54.4853455729659,3.0462215921624773,0.8103653406860603,B,Z,BZ,MEASURING TAPE BABUSHKA RED
22245,4005.85,4653,75,62.04,60.5208116985277,1.2994841459809752,0.8105686860836163,B,Y,BY,"HOOK, 1 HANGER ,MAGIC GARDEN"
22959,4002.96,9788,33,296.6060606060606,237.8502600631776,2.028964417642197,0.8107718847786752,B,Z,BZ,WRAP CHRISTMAS VILLAGE
23129,3999.5,950,26,36.53846153846154,39.069405697277524,2.7198231977734904,0.8109749078368342,B,Z,BZ,HEART SHAPED HOLLY WREATH
85206A,3994.46,2334,33,70.72727272727273,57.683009157416066,2.0455401596674627,0.8111776750539598,B,Z,BZ,CREAM FELT EASTER EGG BASKET
21987,3990.6600000000003,6421,100,64.21,104.67904723149198,1.6662592086001313,0.811380249375068,B,Z,BZ,PACK OF 6 SKULL PAPER CUPS
23130,3988.98,962,28,34.357142857142854,31.179544915922378,2.3799253143496624,0.8115827384158318,B,Z,BZ,MISTLETOE HEART WREATH GREEN
22612,3984.99,1001,24,41.708333333333336,109.31147326976156,5.644312059453516,0.8117850249157775,B,Z,BZ,TEA COSY VINTAGE UNION JACK
22445,3975.4100000000003,1296,77,16.83116883116883,14.052909979040493,1.131361251214609,0.8119868251147113,B,Y,BY,PENCIL CASE LIFE IS BEAUTIFUL
22731,3974.37,2965,37,80.13513513513513,87.59983579454493,2.253640042695421,0.8121885725210508,B,Z,BZ,3D CHRISTMAS STAMPS STICKERS
21648,3968.98,2950,77,38.311688311688314,46.59011069119026,1.5238504881567856,0.8123900463196186,B,Z,BZ,ASSORTED TUTTI FRUTTI SMALL PURSE
21812,3957.09,813,65,12.507692307692308,16.37559452825595,1.8166973542545548,0.8125909165567008,B,Z,BZ,GARLAND WITH HEARTS AND BELLS
21034,3948.2,4156,104,39.96153846153846,25.248252107885822,0.628768912398982,0.8127913355186267,B,X,BX,REX CASH+CARRY JUMBO SHOPPER
18097C,3942.77,1770,80,22.125,42.25551420835698,2.2321584175688693,0.8129914788422965,B,Z,BZ,WHITE TALL PORCELAIN T-LIGHT HOLDER
22788,3942.62,476,32,14.875,36.82631422440806,4.641912143837403,0.8131916145516498,B,Z,BZ,BROCANTE COAT RACK
23557,3930.27,350,8,43.75,108.85606486155403,9.07858660221279,0.8133911233489469,B,Z,BZ,LANDMARK FRAME BAKER STREET
22980,3914.9599999999996,2366,42,56.333333333333336,56.047743875163576,1.9669715749520846,0.8135898549783431,B,Z,BZ,PANTRY SCRUBBING BRUSH
46000M,3901.35,2517,96,26.21875,21.680067549418947,0.9035189537255813,0.8137878957354249,B,Y,BY,POLYESTER FILLER PAD 45x45cm
23049,3896.84,456,40,11.4,10.071029789730593,1.8916682428880394,0.8139857075553913,B,Z,BZ,RECYCLED ACAPULCO MAT RED
22314,3891.4300000000003,1111,83,13.385542168674698,19.889224515717416,1.7280356887539239,0.8141832447523438,B,Z,BZ,OFFICE MUG WARMER CHOC+BLUE
21192,3888.94,2169,67,32.37313432835821,49.99358620102441,2.0491040153469204,0.8143806555516429,B,Z,BZ,WHITE BELL HONEYCOMB PAPER
37340,3886.4300000000003,13671,84,162.75,763.3296099153328,5.210510568406289,0.8145779389380463,B,Z,BZ,MULTICOLOUR SPRING FLOWER MUG
22790,3884.000000000001,200,1,200.0,0.0,10.148891565092221,0.8147750989725229,B,Z,BZ,"MIRROR, ARCHED GEORGIAN"
23552,3883.99,1864,3,621.3333333333334,510.915191918711,7.02092830138525,0.8149722584993785,B,Z,BZ,BICYCLE PUNCTURE REPAIR KIT
72802A,3877.62,926,79,11.721518987341772,12.339156673236877,1.3254565917931749,0.8151690946715945,B,Y,BY,ROSE SCENT CANDLE IN JEWELLED BOX
23032,3876.7799999999997,2342,24,97.58333333333333,56.596909323102935,2.1749155114833862,0.8153658882036383,B,Z,BZ,DRAWER KNOB CRACKLE GLAZE IVORY
22591,3874.5499999999997,1355,36,37.638888888888886,40.51888644484396,2.2679925002242056,0.8155625685361774,B,Z,BZ,CARDHOLDER GINGHAM CHRISTMAS TREE
22118,3873.02,806,72,11.194444444444445,25.575427736645253,2.806993473259422,0.8157591712026883,B,Z,BZ,JOY WOODEN BLOCK LETTERS
22843,3872.01,597,54,11.055555555555555,13.111159968640091,1.8932679037321885,0.8159557225994684,B,Z,BZ,BISCUIT TIN VINTAGE GREEN
22475,3871.65,772,82,9.414634146341463,15.507028449899103,1.914996747417236,0.816152255721889,B,Z,BZ,SKULL DESIGN TV DINNER TRAY
21055,3865.94,389,86,4.523255813953488,4.086496397205995,1.088515175079321,0.8163484989926625,B,Y,BY,TOOL BOX SOFT TOY
85040B,3862.0499999999997,2473,65,38.04615384615385,60.35893439697609,2.136596780487422,0.816544544798829,B,Z,BZ,SET/4 BLUE FLOWER CANDLES IN BOWL
22478,3855.91,2778,87,31.93103448275862,57.77639195659464,2.015968704027687,0.8167402789256413,B,Z,BZ,BIRDHOUSE GARDEN MARKER
22777,3855.82,457,23,19.869565217391305,27.151601907917108,3.4055951076489137,0.8169360084838636,B,Z,BZ,GLASS CLOCHE LARGE
22272,3851.2900000000004,1372,69,19.884057971014492,21.684594851620883,1.5079257215261974,0.8171315080897286,B,Z,BZ,FELTCRAFT DOLL MARIA
23253,3848.8599999999997,258,30,8.6,10.927977381710322,2.806704738816675,0.8173268843436666,B,Z,BZ,16 PIECE CUTLERY SET PANTRY DESIGN
85040A,3847.5899999999997,2139,101,21.178217821782177,17.995775081726244,0.875117249724996,0.8175221961297253,B,Y,BY,S/4 PINK FLOWER CANDLES IN BOWL
21447,3846.38,2779,90,30.877777777777776,48.2432571472406,1.7161035597507899,0.8177174464936312,B,Z,BZ,12 IVORY ROSE PEG PLACE SETTINGS
22778,3844.46,972,53,18.339622641509433,18.19968659517395,1.6906319469226971,0.8179125993942862,B,Z,BZ,GLASS CLOCHE SMALL
21067,3840.67,4771,80,59.6375,137.47526762607433,2.6686458375769813,0.818107559906545,B,Z,BZ,VINTAGE RED TEATIME MUG
23131,3840.13,943,33,28.575757575757574,51.075942418514366,3.4517715627277576,0.8183024930072647,B,Z,BZ,MISTLETOE HEART WREATH CREAM
23111,3839.24,312,30,10.4,11.88914312042424,2.6165155925684536,0.8184973809297065,B,Z,BZ,PARISIENNE SEWING BOX
22965,3838.2400000000002,1844,55,33.527272727272724,49.92025290232062,2.2375773224389217,0.8186922180900386,B,Z,BZ,3 TRADITIONAl BISCUIT CUTTERS  SET
21846,3833.4,1625,82,19.817073170731707,45.01471036619701,2.594721268564017,0.8188868095617592,B,Z,BZ,PINK DIAMANTE PEN IN GIFT BOX
71038,3821.9500000000003,723,74,9.77027027027027,7.649061715755261,1.1203413417634809,0.8190808198073224,B,Y,BY,WHITE HANGING BEADS CANDLE HOLDER
85114B,3818.0099999999998,2081,89,23.382022471910112,41.15063945652979,1.9357781733067814,0.8192746300501731,B,Z,BZ,IVORY ENCHANTED FOREST PLACEMAT
21100,3806.55,2547,60,42.45,72.55656472536282,2.3901417769257405,0.8194678585592455,B,Z,BZ,CHARLIE AND LOLA CHARLOTTE BAG
23542,3800.16,506,10,50.6,53.16682340624754,4.442263986091617,0.8196607626984362,B,Z,BZ,WALL ART 70'S ALPHABET
22579,3799.85,7157,43,166.4418604651163,205.4789182009378,2.240321626692746,0.8198536511013729,B,Z,BZ,WOODEN TREE CHRISTMAS SCANDINAVIAN
22458,3795.5699999999997,1525,49,31.122448979591837,57.59182257240071,2.870899578754482,0.8200463222424796,B,Z,BZ,CAST IRON HOOK GARDEN FORK
84016,3791.67,1004,22,45.63636363636363,67.51052507328761,3.6880984000451695,0.820238795411358,B,Z,BZ,FLAG OF ST GEORGE CAR FLAG
84558A,3791.63,1293,75,17.24,36.7867631893042,2.5721853708088656,0.8204312665497522,B,Z,BZ,3D DOG PICTURE PLAYING CARDS
21813,3791.11,821,43,19.093023255813954,18.904287688861906,1.9324827153183253,0.8206237112918492,B,Z,BZ,GARLAND WITH STARS AND BELLS
22292,3786.79,2788,70,39.82857142857143,67.46098634832602,2.1649928263988523,0.8208159367416318,B,Z,BZ,HANGING CHICK  YELLOW DECORATION
23299,3784.13,1015,30,33.833333333333336,50.231246858101585,3.1389983568901716,0.8210080271642023,B,Z,BZ,FOOD COVER WITH BEADS SET 2
21627,3781.3,196,71,2.76056338028169,4.489558644335271,2.0698948780869757,0.8211999739300022,B,Z,BZ,ELEPHANT CARNIVAL POUFFE
21743,3778.88,1292,55,23.490909090909092,33.16673519103627,2.142851026665588,0.8213917978514963,B,Z,BZ,STAR PORTABLE TABLE LIGHT
23092,3773.58,525,29,18.103448275862068,29.798543621634323,3.4594078897761977,0.8215833527338084,B,Z,BZ,LARGE ANTIQUE WHITE PHOTO FRAME
85049C,3772.5,3001,97,30.938144329896907,23.996446973540728,0.8429271177614567,0.821774852793042,B,Y,BY,ROMANTIC PINKS RIBBONS
84356,3771.04,750,67,11.194029850746269,18.56865949206966,2.1816641965863277,0.8219662787395952,B,Z,BZ,POMPOM CURTAIN
21329,3768.91,2087,100,20.87,21.280547858824427,1.0538056474368067,0.8221575965628546,B,Y,BY,DINOSAURS  WRITING SET
23127,3763.9500000000003,737,40,18.425,15.026280396828168,1.8127417146266114,0.8223486626060492,B,Z,BZ,FELTCRAFT GIRL NICOLE KIT
22830,3760.71,181,9,20.11111111111111,41.22634001595474,7.329322248514491,0.8225395641800083,B,Z,BZ,UTILTY CABINET WITH HOOKS
21845,3759.2000000000003,2522,78,32.333333333333336,39.68305165614898,1.5218324702089563,0.8227303891031814,B,Z,BZ,DAIRY MAID STRIPE MUG
22544,3758.2,9386,86,109.13953488372093,125.88221972198481,1.3414119035795924,0.8229211632642447,B,Y,BY,MINI JIGSAW SPACEBOY
22162,3746.75,1221,68,17.955882352941178,29.170335485629256,2.1228398537177933,0.8231113561991508,B,Z,BZ,HEART GARLAND RUSTIC PADDED
21795,3734.9400000000005,441,30,14.7,59.04010910185229,7.518193508554909,0.8233009496335401,B,Z,BZ,SET OF 3 BLUE STRIPE BASKET
22494,3732.17,2766,97,28.515463917525775,33.95680878031613,1.2557384036891093,0.8234904024568852,B,Y,BY,EMERGENCY FIRST AID TIN
23091,3725.07,591,27,21.88888888888889,16.502525059315417,2.2271399658340236,0.8236794948692509,B,Z,BZ,ZINC HERB GARDEN CONTAINER
23182,3718.0899999999997,3777,41,92.1219512195122,58.921640813011656,1.5965519452595396,0.82386823296209,B,Z,BZ,TOILET SIGN OCCUPIED OR VACANT
23064,3717.56,221,16,13.8125,30.058207420492216,5.861569619392156,0.8240569441510109,B,Z,BZ,CINDERELLA CHANDELIER
85232D,3716.13,716,82,8.731707317073171,10.714071490954272,1.4678392215345903,0.824245582750115,B,Y,BY,SET/3 DECOUPAGE STACKING TINS
22782,3712.2999999999997,254,39,6.512820512820513,10.210602835112638,2.8377826037278138,0.8244340269303383,B,Z,BZ,SET 3 WICKER STORAGE BASKETS
22398,3705.37,4254,83,51.25301204819277,43.8567077422332,1.0767642191368845,0.8246221193291408,B,Y,BY,MAGNETS PACK OF 4 SWALLOWS
21351,3702.75,1099,34,32.3235294117647,59.246644496844475,3.4688693094812226,0.8248100787312155,B,Z,BZ,CINAMMON & ORANGE WREATH
20692,3699.76,912,32,28.5,34.37271986572698,2.6133616523330416,0.8249978863545819,B,Z,BZ,FLORAL ELEPHANT SOFT TOY
21246,3685.63,749,77,9.727272727272727,7.709591366801629,1.0899883169380495,0.8251849767093369,B,Y,BY,RED RETROSPOT BIG BOWL
23013,3678.11,925,26,35.57692307692308,18.622938708857045,2.0134220185996123,0.8253716853330261,B,Z,BZ,GLASS APOTHECARY BOTTLE TONIC
20785,3672.35,102,26,3.923076923076923,4.3536015152797525,2.781481575337286,0.8255581015669627,B,Z,BZ,FUSCHIA RETRO BAR STOOL
23497,3660.37,2561,7,365.85714285714283,255.33470097855778,4.478828509762057,0.825743909670824,B,Z,BZ,CLASSIC CHROME BICYCLE BELL
23191,3656.9399999999996,2218,31,71.54838709677419,46.62677250227057,1.9322633645679934,0.8259295436606486,B,Z,BZ,BUNDLE OF 3 RETRO NOTE BOOKS
22769,3656.86,174,12,14.5,29.549650051765724,6.376555271285426,0.8261151735895045,B,Z,BZ,CHALKBOARD KITCHEN ORGANISER
22823,3655.0,32,15,2.1333333333333333,1.7265434778633237,3.1893377055432683,0.8263007091008361,B,Z,BZ,CHEST NATURAL WOOD 20 DRAWERS
22962,3647.73,4374,53,82.52830188679245,102.11938785513311,1.977383952319711,0.8264858755716294,B,Z,BZ,JAM JAR WITH PINK LID
21486,3646.17,1118,43,26.0,40.60377650744653,2.679562603745141,0.8266709628535316,B,Z,BZ,PINK HEART DOTS HOT WATER BOTTLE
22589,3636.98,1321,38,34.76315789473684,25.426560076537033,1.778332069856539,0.8268555836316446,B,Z,BZ,CARDHOLDER GINGHAM STAR
22774,3636.06,2827,54,52.351851851851855,58.09106624635164,1.8037056585319797,0.8270401577086165,B,Z,BZ,RED DRAWER KNOB ACRYLIC EDWARDIAN
23085,3635.23,381,21,18.142857142857142,15.5540532154346,2.7237759644614083,0.8272246896530374,B,Z,BZ,ANTIQUE SILVER BAUBLE LAMP
23294,3631.05,4420,22,200.9090909090909,165.40308890157348,2.6049337926098537,0.8274090094118393,B,Z,BZ,SET OF 6 SNACK LOAF BAKING CASES
84968F,3622.75,300,58,5.172413793103448,7.8653981976901495,2.2063343153545683,0.8275929078451297,B,Z,BZ,SET OF 16 VINTAGE SKY BLUE CUTLERY
22461,3620.56,411,59,6.966101694915254,9.097112277123069,1.928185083310247,0.8277766951093998,B,Z,BZ,SAVOY ART DECO CLOCK
23210,3617.78,2902,27,107.48148148148148,103.2466689238672,2.5048979023562032,0.8279603412550045,B,Z,BZ,WHITE ROCKING HORSE HAND PAINTED
21866,3611.5,2184,99,22.060606060606062,20.25290011070634,0.962786561327197,0.8281436686145597,B,Y,BY,UNION JACK FLAG LUGGAGE TAG
22944,3592.99,4882,30,162.73333333333332,170.32057670925937,2.4774069690880314,0.8283260563674624,B,Z,BZ,CHRISTMAS METAL POSTCARD WITH BELLS
21509,3592.2599999999998,8708,103,84.54368932038835,59.1718627984601,0.7067660014023339,0.828508407064025,B,X,BX,COWBOYS AND INDIANS BIRTHDAY CARD
22536,3589.18,9098,84,108.30952380952381,142.85749713094341,1.5382977386746142,0.8286906014132893,B,Z,BZ,MAGIC DRAWING SLATE PURDEY
22704,3585.76,8728,79,110.48101265822785,81.51260100155251,1.0119242874472316,0.8288726221561382,B,Y,BY,WRAP RED APPLES
21784,3578.08,294,68,4.323529411764706,4.58889371921885,1.4923098722066899,0.8290542530459837,B,Y,BY,SHOE SHINE BOX
21054,3573.7999999999997,386,69,5.594202898550725,5.6211754071748,1.4166887094609317,0.8292356666739994,B,Y,BY,NURSE'S BAG SOFT TOY
20784,3570.87,101,24,4.208333333333333,4.587119648174294,2.875295938277183,0.8294169315690332,B,Z,BZ,RED RETRO BAR STOOL
23332,3570.76,2076,19,109.26315789473684,46.173395544841085,2.3237329726582203,0.829598190880235,B,Z,BZ,IVORY WICKER HEART LARGE
84797A,3560.09,499,12,41.583333333333336,73.14302095997618,5.678559250063815,0.8297789085597251,B,Z,BZ,PINK HAWAIIAN PICNIC HAMPER FOR 4
22334,3555.66,2232,94,23.74468085106383,47.74009747462081,2.128659622482926,0.8299594013630689,B,Z,BZ,DINOSAUR PARTY BAG + STICKER SET
22603,3553.79,4145,48,86.35416666666667,97.04846115244042,1.961173543378117,0.8301397992412674,B,Z,BZ,CHRISTMAS RETROSPOT TREE WOOD
21794,3552.09,713,70,10.185714285714285,11.919163545623881,1.5783175216659753,0.8303201108238791,B,Z,BZ,CLASSIC FRENCH STYLE BASKET NATURAL
20886,3551.92,1783,91,19.593406593406595,22.239593332601917,1.2645460267307829,0.8305004137769322,B,Y,BY,BOX OF 9 PEBBLE CANDLES
22320,3550.9700000000003,599,81,7.395061728395062,8.85533597943308,1.4499345482573436,0.830680668505981,B,Y,BY,BIRDS MOBILE VINTAGE DESIGN
22176,3548.63,1186,89,13.325842696629213,19.27950824586165,1.608414517925587,0.8308608044516929,B,Z,BZ,BLUE OWL SOFT TOY
22166,3536.7000000000003,441,80,5.5125,15.280494516154505,3.1881207188639484,0.8310403348054347,B,Z,BZ,WALL MIRROR RECTANGLE DIAMANTE PINK
20786,3533.9,99,18,5.5,6.464837016279593,3.509559583270189,0.8312197230252691,B,Z,BZ,BLACK RETRO BAR STOOL
47505,3532.37,738,22,33.54545454545455,24.94322557658696,2.494419120158585,0.8313990335790756,B,Z,BZ,MINATURE COLOURED GARDENING SET
21179,3529.54,4294,87,49.35632183908046,74.78387107097579,1.7053558684414378,0.8315782004761112,B,Z,BZ,NO JUNK MAIL METAL SIGN
23353,3517.52,4016,19,211.3684210526316,146.0986008474778,2.6365064858139253,0.831756757212587,B,Z,BZ,6 GIFT TAGS VINTAGE CHRISTMAS
22939,3517.39,703,55,12.781818181818181,16.278468975568682,1.9753826326738901,0.8319353073499887,B,Z,BZ,APRON APPLE DELIGHT
22531,3512.8,8148,87,93.65517241379311,146.54571693900712,1.7574373387013278,0.8321136244893063,B,Z,BZ,MAGIC DRAWING SLATE CIRCUS PARADE
22902,3510.76,1718,59,29.11864406779661,29.571121015777347,1.5968152707048346,0.8322918380739199,B,Z,BZ,TOTE BAG I LOVE LONDON
22765,3508.3,311,10,31.1,44.35826366705031,5.333069574196341,0.8324699267837434,B,Z,BZ,NEWSPAPER STAND
23189,3507.5099999999998,1249,19,65.73684210526316,42.25168255066978,2.572144718192955,0.8326479753915002,B,Z,BZ,SET OF 12 FORK CANDLES
84352,3505.58,206,34,6.0588235294117645,6.8443348680566665,2.418138482864711,0.8328259260283849,B,Z,BZ,SILVER CHRISTMAS TREE BAUBLE STAND
22076,3496.79,2357,98,24.051020408163264,35.56825077039295,1.535737144113824,0.8330034304663245,B,Z,BZ,6 RIBBONS EMPIRE
21469,3482.01,1165,79,14.746835443037975,28.061502214312334,2.2411948129546526,0.8331801846402812,B,Z,BZ,POLKA DOT RAFFIA FOOD COVER
21466,3479.79,927,90,10.3,11.257407049722685,1.2331182394774964,0.8333568261223542,B,Y,BY,RED FLOWER CROCHET FOOD COVER
23232,3478.92,8626,45,191.6888888888889,146.07887381047738,1.6197029704322667,0.8335334234413916,B,Z,BZ,WRAP VINTAGE LEAF DESIGN
22309,3466.73,1334,90,14.822222222222223,22.29807155352772,1.6557963048580184,0.8337094019703105,B,Z,BZ,TEA COSY RED  STRIPE
22764,3462.49,183,9,20.333333333333332,34.97141690009142,6.3984171017233935,0.8338851652678839,B,Z,BZ,"RUSTIC WOODEN CABINET, GLASS DOORS"
21507,3460.45,8235,104,79.1826923076923,54.688307339607775,0.6873313613337804,0.8340608250107533,B,X,BX,"ELEPHANT, BIRTHDAY CARD,"
23350,3456.33,2721,19,143.21052631578948,86.42503427657755,2.5223464426652686,0.8342362756137303,B,Z,BZ,ROLL WRAP VINTAGE SPOT
22172,3451.82,378,34,11.117647058823529,8.68214715058349,1.9670802098400144,0.8344114972795921,B,Z,BZ,METAL SHELF WITH RAIL
23426,3450.21,1277,14,91.21428571428571,41.214595195668934,2.7994423104213855,0.834586637218457,B,Z,BZ,METAL SIGN DROP YOUR PANTS
84510A,3449.84,2485,102,24.362745098039216,19.453824086738003,0.8144629631996932,0.8347617583753415,B,Y,BY,SET OF 4 ENGLISH ROSE COASTERS
23388,3448.69,825,14,58.92857142857143,48.32178086013082,3.3266840567734186,0.8349368211557995,B,Z,BZ,WOODLAND MINI BACKPACK
23536,3442.13,626,10,62.6,109.5244264992974,6.16859938471254,0.8351115509368173,B,Z,BZ,WALL ART VILLAGE SHOW
23065,3439.94,274,28,9.785714285714286,10.829852920779409,2.664773467944833,0.8352861695488146,B,Z,BZ,LARGE DECO JEWELLERY STAND
23156,3437.85,1672,38,44.0,37.33413770047244,1.9119098756805937,0.8354606820680024,B,Z,BZ,SET OF 5 MINI GROCERY MAGNETS
22440,3437.21,8613,78,110.42307692307692,246.03724347103463,2.6206680901273844,0.83563516209944,B,Z,BZ,BALLOON WATER BOMB PACK OF 35
23354,3431.89,3743,19,197.0,131.92127281914094,2.60750350089174,0.8358093720764534,B,Z,BZ,6 GIFT TAGS 50'S CHRISTMAS
22452,3428.9,1295,74,17.5,19.305226774682495,1.4465839275876344,0.8359834302747585,B,Y,BY,MEASURING TAPE BABUSHKA PINK
21364,3427.9700000000003,471,52,9.057692307692308,27.018086506851382,4.295699206862592,0.8361574412643015,B,Z,BZ,PEACE SMALL WOOD LETTERS
23014,3427.48,858,25,34.32,16.26530048907797,2.014200487155672,0.8363314273804107,B,Z,BZ,GLASS APOTHECARY BOTTLE ELIXIR
21039,3423.65,1313,91,14.428571428571429,16.41824382078455,1.267430855395179,0.8365052190776393,B,Y,BY,RED SPOTTY SHOPPING BAG
37501,3422.0,484,70,6.914285714285715,7.270633521313135,1.4508781718101447,0.8366789270173868,B,Y,BY,TEA TIME TEA SET IN GIFT BOX
21902,3419.0800000000004,5376,101,53.227722772277225,95.36025180211287,1.8171341412260862,0.8368524867317736,B,Z,BZ,"KEY FOB , FRONT  DOOR"
22459,3410.14,1386,51,27.176470588235293,47.688030314682926,2.682382104327292,0.8370255926328988,B,Z,BZ,CAST IRON HOOK GARDEN TROWEL
21191,3408.61,1479,65,22.753846153846155,35.9126678421203,2.127061655533113,0.8371986208679959,B,Z,BZ,LARGE WHITE HONEYCOMB PAPER BELL
84472,3402.32,87,18,4.833333333333333,12.142535833613515,6.262406104314227,0.8373713298094224,B,Z,BZ,PINK AND LILAC QUILTED THROW
23239,3399.4900000000002,853,27,31.59259259259259,28.43516141256112,2.4200583962713997,0.8375438950940781,B,Z,BZ,SET OF 4 KNICK KNACK TINS POPPIES
21123,3398.06,2755,89,30.95505617977528,29.66744087393066,1.1089754945330443,0.8377163877889169,B,Y,BY,SET/10 IVORY POLKADOT PARTY CANDLES
21327,3386.7599999999998,1931,103,18.74757281553398,17.78505566016964,0.9537179914833805,0.8378883068719148,B,Y,BY,SKULLS WRITING SET
22428,3386.62,460,76,6.052631578947368,6.129480101590142,1.3241396964549428,0.8380602188482175,B,Y,BY,ENAMEL FIRE BUCKET CREAM
44230,3381.6200000000003,347,26,13.346153846153847,15.633150182077335,2.8770204582932783,0.838231877013971,B,Z,BZ,SQUARE MIRROR CURTAIN
22822,3379.25,583,50,11.66,15.328524830178132,2.145423251360734,0.8384034148735243,B,Z,BZ,CREAM WALL PLANTER HEART SHAPED
22862,3377.4700000000003,759,19,39.94736842105263,27.43977989102384,2.6306653307912944,0.8385748623765222,B,Z,BZ,LOVE HEART NAPKIN BOX
22047,3372.0,8300,90,92.22222222222223,87.86196755889803,1.0921405973304672,0.8387460322107795,B,Y,BY,EMPIRE GIFT WRAP
21211,3369.99,2408,91,26.46153846153846,68.55465097963939,2.780157281759228,0.8389171000131961,B,Z,BZ,SET OF 72 SKULL PAPER  DOILIES
22477,3369.24,2424,78,31.076923076923077,62.22743563938455,2.368705402630145,0.8390881297440302,B,Z,BZ,WATERING CAN GARDEN MARKER
22223,3364.61,727,78,9.320512820512821,12.41332923073994,1.6334127270947332,0.839258924446296,B,Z,BZ,CAKE PLATE LOVEBIRD PINK
21917,3336.82,8040,99,81.21212121212122,98.00783733001971,1.2510011337079994,0.8394283084695304,B,Y,BY,SET 12 KIDS  WHITE CHALK STICKS
20702,3330.7,790,78,10.128205128205128,9.60973393736717,1.2321781928204874,0.8395973818286527,B,Y,BY,PINK PADDED MOBILE
22136,3330.47,1994,88,22.65909090909091,36.940426213286,1.8130461199795607,0.8397664435124899,B,Z,BZ,LOVE HEART SOCK HANGER
15058B,3327.67,438,55,7.963636363636364,9.683823159085,1.90685609439128,0.8399353630624196,B,Z,BZ,PINK POLKADOT GARDEN PARASOL
84828,3321.43,2508,90,27.866666666666667,30.909145586684794,1.2495664156992514,0.840103965856784,B,Y,BY,JUNGLE POPSICLES ICE LOLLY HOLDERS
23395,3305.83,761,15,50.733333333333334,19.207389451037056,2.61932529491441,0.8402717767622356,B,Z,BZ,BELLE JARDINIERE CUSHION COVER
22281,3303.71,514,40,12.85,28.533875504075,3.7549323596090036,0.8404394800520144,B,Z,BZ,EASTER TREE YELLOW BIRDS
84813,3300.76,422,51,8.27450980392157,15.42994287918468,2.8268662340152586,0.8406070335935693,B,Z,BZ,SET OF 4 DIAMOND NAPKIN RINGS
84975,3300.2,2010,48,41.875,46.94207612194307,1.9577252871111819,0.8407745587083426,B,Z,BZ,HEART SHAPED MIRROR
22183,3297.25,586,61,9.60655737704918,8.3232179044017,1.40134291097103,0.840941934074892,B,Y,BY,CAKE STAND VICTORIAN FILIGREE MED
22122,3295.9800000000005,1097,36,30.47222222222222,37.355042582618026,2.4717624180229896,0.8411092449735621,B,Z,BZ,SET OF 2 FANCY FONT TEA TOWELS
37410,3288.65,25707,13,1977.4615384615386,5421.778822726366,7.906521846678321,0.8412761837859672,B,Z,BZ,BLACK AND WHITE PAISLEY FLOWER MUG
84031B,3284.31,841,74,11.364864864864865,15.084759908209929,1.6875845532396845,0.8414429022908159,B,Z,BZ,CHARLIE LOLA BLUE HOT WATER BOTTLE
23308,3279.21,6151,28,219.67857142857142,166.73866302100345,2.1857861879738416,0.8416093619089046,B,Z,BZ,SET OF 60 VINTAGE LEAF CAKE CASES
22967,3277.31,1173,19,61.73684210526316,57.36030577291732,2.991675764507005,0.8417757250789846,B,Z,BZ,SET 3 SONG BIRD PAPER EGGS ASSORTED
22762,3276.62,204,51,4.0,3.3466401061363023,1.5616265340205437,0.8419420532232087,B,Z,BZ,CUPBOARD 3 DRAWER MA CAMPAGNE
22792,3271.73,3525,55,64.0909090909091,69.62658940995138,1.7555607255499617,0.842108133140716,B,Z,BZ,FLUTED ANTIQUE CANDLE HOLDER
22794,3271.35,389,59,6.593220338983051,4.047641476165991,1.189870411158409,0.8422741937686216,B,Y,BY,SWEETHEART WIRE MAGAZINE RACK
21467,3271.25,1027,84,12.226190476190476,19.431282188300237,1.8243360001438542,0.842440249320316,B,Z,BZ,CHERRY CROCHET FOOD COVER
21829,3269.9,15167,96,157.98958333333334,119.28669531772836,0.8333514057398902,0.8426062363431625,B,Y,BY,DINOSAUR KEYRINGS ASSORTED
23053,3262.5699999999997,365,36,10.13888888888889,9.153150207997175,2.0440027108602687,0.8427718512797439,B,Z,BZ,RECYCLED ACAPULCO MAT PINK
84596F,3252.95,4756,100,47.56,48.744918409071836,1.059028974765349,0.842936977884829,B,Y,BY,SMALL MARSHMALLOWS PINK BOWL
21477,3248.9399999999996,273,8,34.125,50.45064773759458,6.071424980247447,0.8431019009338538,B,Z,BZ,STRING OF 20 ROSE LIGHTS
22419,3246.37,6856,82,83.60975609756098,93.67645343593466,1.3568208241861297,0.8432666935242564,B,Y,BY,LIPSTICK PEN RED
21732,3244.57,933,28,33.32142857142857,79.26002849105038,4.793650281482002,0.8434313947428614,B,Z,BZ,RED HANGING METAL STAR TLIGHT HLDR
84849B,3244.14,1936,78,24.82051282051282,29.1933739100687,1.4677247359614949,0.8435960741337593,B,Y,BY,FAIRY SOAP SOAP HOLDER
20992,3243.2799999999997,6179,97,63.70103092783505,85.60801716599201,1.4101819136248193,0.8437607098692426,B,Y,BY,JAZZ HEARTS PURSE NOTEBOOK
84837,3235.54,253,34,7.4411764705882355,5.527842345636992,1.9228142016891223,0.8439249527059961,B,Z,BZ,WHITE SWEETHEARTS CABINET 4 DRAWERS
22972,3234.5899999999997,1891,50,37.82,27.753058298104,1.4756898570297095,0.8440891473187452,B,Y,BY,CHILDREN'S SPACEBOY MUG
23393,3230.41,807,15,53.8,26.8705893390631,2.747285115330115,0.8442531297458754,B,Z,BZ,HOME SWEET HOME CUSHION COVER
23230,3228.42,8001,47,170.2340425531915,141.95516940308661,1.6488471404809462,0.8444170111564071,B,Z,BZ,WRAP ALPHABET DESIGN
23035,3226.09,2209,26,84.96153846153847,52.09720205095915,2.108587502074727,0.8445807742912229,B,Z,BZ,DRAWER KNOB CERAMIC IVORY
23051,3223.49,365,38,9.605263157894736,7.324669436999097,1.8128603782379864,0.8447444054445533,B,Z,BZ,RECYCLED ACAPULCO MAT BLUE
21473,3212.16,157,45,3.488888888888889,3.696572258815789,1.9616076519802623,0.8449074614631795,B,Z,BZ,SWEETHEART CREAM STEEL TABLE RECT
22194,3212.1,373,71,5.253521126760563,6.044403101474845,1.5415875972766033,0.8450705144360792,B,Z,BZ,BLACK DINER WALL CLOCK
84944,3210.78,1149,48,23.9375,38.09417571498634,2.557256541958574,0.8452335004029939,B,Z,BZ,SET OF 6 KASHMIR FOLKART BAUBLES
79323GR,3209.36,532,19,28.0,29.58791044403853,3.203766368506993,0.8453964142877127,B,Z,BZ,GREEN CHERRY LIGHTS
79164,3208.25,3665,47,77.97872340425532,193.36083517854274,3.8116877910570723,0.8455592718264897,B,Z,BZ,BLACK WINE GLASS
21830,3205.76,7706,91,84.68131868131869,98.19695391529086,1.2894778560912716,0.8457220029676132,B,Y,BY,ASSORTED CREEPY CRAWLIES
21628,3200.23,165,55,3.0,3.666666666666666,1.9142211011903574,0.8458844533942695,B,Z,BZ,TRIANGULAR POUFFE VINTAGE
21333,3197.9900000000002,1059,61,17.360655737704917,13.482127412350085,1.310071283262906,0.8460467901137999,B,Y,BY,CLASSIC WHITE FRAME
23342,3193.41,375,25,15.0,12.658988901172163,2.450373576960596,0.8462088943428674,B,Z,BZ,MINT DINER WALL CLOCK
21111,3188.4100000000003,1380,71,19.43661971830986,32.92664244492865,2.1469164300293406,0.8463707447613859,B,Z,BZ,"SWISS ROLL TOWEL, CHOCOLATE  SPOTS"
22773,3186.11,2404,56,42.92857142857143,34.95236089976659,1.4374605138852181,0.8465324784270517,B,Y,BY,GREEN DRAWER KNOB ACRYLIC EDWARDIAN
22863,3181.36,1112,55,20.21818181818182,19.461919996915263,1.6159048521738275,0.8466939709726959,B,Z,BZ,SOAP DISH BROCANTE
21557,3178.2400000000002,935,94,9.946808510638299,16.039847572061916,1.7183618094531932,0.8468553051405577,B,Z,BZ,SET OF 6 FUNKY BEAKERS
22503,3178.02,141,36,3.9166666666666665,3.7445198051857824,2.1109390276108946,0.8470166281407553,B,Z,BZ,CABIN BAG VINTAGE PAISLEY
22406,3169.35,2503,72,34.763888888888886,101.34538533315423,3.542571244423993,0.8471775110334608,B,Z,BZ,MONEY BOX KINGS CHOICE DESIGN
21949,3164.18,2598,84,30.928571428571427,106.96726058233337,3.856312515649623,0.8473381314860587,B,Z,BZ,SET OF 6 STRAWBERRY CHOPSTICKS
21820,3162.39,803,60,13.383333333333333,17.36750488667559,1.8983270057031558,0.8474986610744801,B,Z,BZ,GLITTER HEART GARLAND WITH BELLS
22700,3161.3,1386,44,31.5,87.1196717699414,4.362621515939808,0.8476591353322018,B,Z,BZ,BLACK AND WHITE DOG BOWL
22702,3160.5199999999995,1591,51,31.19607843137255,125.28032880030976,5.769031029466502,0.8478195699954778,B,Z,BZ,BLACK AND WHITE CAT BOWL
21519,3160.0099999999998,7380,100,73.8,46.9192299746505,0.6753942131416637,0.8479799787700779,B,X,BX,GIN & TONIC DIET GREETING CARD
21765,3155.89,381,41,9.292682926829269,10.361573004228232,2.1478718418306806,0.8481401784047855,B,Z,BZ,HANGING METAL BIRD BATH
23323,3155.1800000000003,1473,25,58.92,45.23818446106489,2.3482403802552843,0.8483003419983952,B,Z,BZ,WHITE WICKER STAR
15058A,3153.73,476,54,8.814814814814815,11.990678886274065,2.10324232432674,0.8484604319869457,B,Z,BZ,BLUE POLKADOT GARDEN PARASOL
22313,3151.02,986,64,15.40625,35.56202663087746,3.0245679536691013,0.8486203844101785,B,Z,BZ,OFFICE MUG WARMER PINK
22325,3149.89,701,81,8.654320987654321,14.761572150204023,1.9933196463714682,0.8487802794722273,B,Z,BZ,MOBILE VINTAGE HEARTS
21705,3145.71,2534,57,44.45614035087719,106.36713210376573,3.329617029139132,0.8489399623486573,B,Z,BZ,BAG 500g SWIRLY MARBLES
82578,3134.7400000000002,5605,102,54.950980392156865,60.784699978732824,1.1202515670716862,0.8490990883647426,B,Y,BY,KITCHEN METAL SIGN
22095,3127.48,2985,76,39.276315789473685,65.74488039570544,2.037703443866676,0.8492578458479108,B,Z,BZ,LADS ONLY TISSUE BOX
22347,3126.68,2722,31,87.80645161290323,139.15229531101016,3.2417002955247125,0.849416562721391,B,Z,BZ,PIZZA SLICE DISH
22891,3120.7,648,55,11.781818181818181,11.734234354752585,1.6530191118430166,0.8495749760374546,B,Z,BZ,TEA FOR ONE POLKADOT
21272,3119.83,2356,84,28.047619047619047,30.861878368489496,1.3112084117106177,0.8497333451904827,B,Y,BY,SALLE DE BAIN HOOK
22154,3117.42,7219,57,126.64912280701755,149.22328562403078,1.820186155731664,0.8498915920068262,B,Z,BZ,ANGEL DECORATION 3 BUTTONS
23346,3117.34,2632,21,125.33333333333333,144.91284737156099,3.2027605285132634,0.8500498347622009,B,Z,BZ,SPACEBOY BEAKER
22310,3115.59,1740,79,22.025316455696203,34.2149969680954,1.8582463956814286,0.8502079886838835,B,Z,BZ,IVORY KNITTED MUG COSY
85227,3114.49,3473,96,36.177083333333336,42.68735663714336,1.255365208753155,0.8503660867672452,B,Y,BY,SET OF 6 3D KIT CARDS FOR KIDS
22177,3111.41,326,23,14.173913043478262,23.356237582112726,3.90717600244092,0.8505240285033088,B,Z,BZ,5 HOOK BLACKBOARD ORGANISER
21352,3110.28,880,44,20.0,30.59791754579934,2.6019580992808518,0.8506819128781883,B,Z,BZ,EUCALYPTUS & PINECONE  WREATH
20956,3102.57,2353,70,33.614285714285714,51.34122643734854,1.9753816581363213,0.8508394058772012,B,Z,BZ,PORCELAIN T-LIGHT HOLDERS ASSORTED
22572,3102.48,3457,49,70.55102040816327,77.28547222917821,1.9019607539860153,0.8509968943076243,B,Z,BZ,ROCKING HORSE GREEN CHRISTMAS
22129,3100.22,3252,72,45.166666666666664,58.50460436918078,1.6835363971451822,0.8511542680156792,B,Z,BZ,PARTY CONES CANDY TREE DECORATION
47504K,3098.8199999999997,2656,90,29.511111111111113,45.97953732568592,1.7115756800702462,0.8513115706567803,B,Z,BZ,ENGLISH ROSE GARDEN SECATEURS
79072,3093.15,285,16,17.8125,14.372282351804811,3.0768848992588533,0.8514685854767189,B,Z,BZ,TEATIME CAKE TIN WITH HANDLE
84279B,3088.17,811,49,16.551020408163264,21.392231090290885,2.143774906832892,0.8516253475013507,B,Z,BZ,CHERRY BLOSSOM DECORATIVE FLASK
84912B,3087.64,1129,83,13.602409638554217,66.03490203525526,5.424731423604274,0.8517820826220642,B,Z,BZ,GREEN ROSE WASHBAG
23461,3082.71,857,11,77.9090909090909,186.03787493166791,7.5804608592285785,0.8519385674855765,B,Z,BZ,SWEETHEART BIRD HOUSE
22372,3081.93,606,85,7.129411764705883,6.500527882033739,1.108493360024438,0.852095012754643,B,Y,BY,AIRLINE BAG VINTAGE WORLD CHAMPION
22963,3080.2599999999998,3697,55,67.21818181818182,84.32623837284855,1.9526214198084662,0.8522513732509863,B,Z,BZ,JAM JAR WITH GREEN LID
22757,3073.9300000000003,2699,65,41.52307692307692,74.8450707487448,2.3913169579658664,0.8524074124231745,B,Z,BZ,LARGE RED BABUSHKA NOTEBOOK
21206,3071.2,2157,89,24.235955056179776,30.970301929983194,1.4336162732390476,0.8525633130148028,B,Y,BY,STRAWBERRY HONEYCOMB  GARLAND
22473,3070.92,811,71,11.422535211267606,19.867174629690037,2.198541783406413,0.8527191993930405,B,Z,BZ,TV DINNER TRAY VINTAGE PAISLEY
20985,3059.24,2379,91,26.142857142857142,36.197167301253295,1.5197840300072147,0.8528744928698356,B,Z,BZ,HEART CALCULATOR
21408,3057.71,707,86,8.220930232558139,16.299694087920212,2.2153880470807237,0.8530297086806028,B,Z,BZ,SPOTTY PINK DUCK DOORSTOP
23329,3056.3399999999997,1778,19,93.57894736842105,33.6143418291685,2.267770936462481,0.8531848549472795,B,Z,BZ,DECORATIVE WICKER HEART LARGE
22037,3055.86,7102,94,75.55319148936171,52.04043444920366,0.7910152009171589,0.8533399768481434,B,Y,BY,ROBOT BIRTHDAY CARD
21786,3054.91,7485,99,75.60606060606061,120.88490209588205,1.6458744252747501,0.8534950505250031,B,Z,BZ,POLKADOT RAIN HAT
22067,3049.02,1873,94,19.925531914893618,27.565850527517224,1.4837050127865115,0.853649825213036,B,Y,BY,CHOC TRUFFLE GOLD TRINKET POT
22754,3048.2599999999998,3928,67,58.62686567164179,86.7666385791807,1.9752036338310976,0.8538045613218656,B,Z,BZ,SMALL RED BABUSHKA NOTEBOOK
22208,3046.88,2375,89,26.685393258426966,26.76055250891182,1.153458525755096,0.8539592273789836,B,Y,BY,WOOD STAMP SET THANK YOU
23390,3042.19,751,14,53.642857142857146,46.056164947489165,3.393133315937864,0.8541136553618066,B,Z,BZ,DOLLY GIRL MINI BACKPACK
23242,3037.11,1476,27,54.666666666666664,53.879495172096775,2.5406673892838,0.8542678254731118,B,Z,BZ,TREASURE TIN BUFFALO BILL
15044C,3036.11,970,84,11.547619047619047,15.431468991208218,1.5565180475510085,0.854421944822307,B,Z,BZ,PURPLE PAPER PARASOL
22712,3032.66,7367,69,106.76811594202898,104.66390817440033,1.3909264301783677,0.8545758890422236,B,Y,BY,CARD DOLLY GIRL
22805,3026.32,2221,60,37.016666666666666,34.84079610810189,1.497761535587065,0.854729511430364,B,Y,BY,BLUE DRAWER KNOB ACRYLIC EDWARDIAN
21626,3024.87,1500,74,20.27027027027027,22.19792492911962,1.4380703119883333,0.8548830602134453,B,Y,BY,VINTAGE UNION JACK PENNANT
22402,3016.45,3436,79,43.49367088607595,91.32751339557264,2.4591427325591035,0.8550361815795618,B,Z,BZ,MAGNETS PACK OF 4 VINTAGE COLLAGE
84912A,3012.0,1096,74,14.81081081081081,69.11805974486859,5.531657326466651,0.8551890770542899,B,Z,BZ,PINK ROSE WASHBAG
23231,3008.34,7277,48,151.60416666666666,95.67358949548385,1.4183007179004339,0.855341786739696,B,Y,BY,WRAP DOILEY DESIGN
22755,3004.43,3784,68,55.64705882352941,77.38675205876935,1.8557328581503927,0.8554942979452528,B,Z,BZ,SMALL PURPLE BABUSHKA NOTEBOOK
22925,2995.4700000000003,489,46,10.630434782608695,10.393071828337641,1.837096392696656,0.8556463543223057,B,Z,BZ,BLUE GIANT GARDEN THERMOMETER
22132,2993.21,3349,99,33.82828282828283,43.224152451893126,1.3222283108030994,0.8557982959769905,B,Y,BY,RED LOVE HEART SHAPE CUP
22375,2990.49,594,90,6.6,5.58448895190353,0.9867503004784631,0.8559500995587366,B,Y,BY,AIRLINE BAG VINTAGE JET SET BROWN
21354,2981.96,2478,68,36.44117647058823,63.77932626091901,2.268349053920946,0.8561014701396862,B,Z,BZ,TOAST ITS - BEST MUM
22519,2972.9700000000003,1427,56,25.482142857142858,39.881183109754474,2.3075624291750607,0.8562523843692685,B,Z,BZ,CHILDS GARDEN BRUSH PINK
22816,2971.09,6904,39,177.02564102564102,137.14849562263507,1.796165380244948,0.8564032031660844,B,Z,BZ,CARD MOTORBIKE SANTA
22674,2962.58,2382,67,35.55223880597015,41.65779914686193,1.628372291673221,0.8565535899773459,B,Z,BZ,FRENCH TOILET SIGN BLUE METAL
22905,2960.1200000000003,1078,49,22.0,30.48701909556481,2.26167012285707,0.8567038519138174,B,Z,BZ,CALENDAR IN SEASON DESIGN
22664,2956.29,1430,70,20.428571428571427,26.18306313308387,1.7004318661647493,0.8568539194314082,B,Z,BZ,TOY TIDY DOLLY GIRL DESIGN
22927,2948.57,468,42,11.142857142857142,10.96017497762101,1.953155092360772,0.8570035950655114,B,Z,BZ,GREEN GIANT GARDEN THERMOMETER
22990,2942.1800000000003,638,45,14.177777777777777,22.480586462029137,2.6443469567596045,0.8571529463297329,B,Z,BZ,COTTON APRON PANTRY DESIGN
85049D,2935.38,2338,85,27.50588235294118,27.95090233206203,1.213303860527796,0.8573019524116077,B,Y,BY,BRIGHT BLUES RIBBONS
23211,2933.07,2331,27,86.33333333333333,79.00292107549909,2.440881362405943,0.857450841233009,B,Z,BZ,RED ROCKING HORSE HAND PAINTED
22277,2931.69,1402,87,16.114942528735632,25.58270913493536,1.7814125464078407,0.8575996600026987,B,Z,BZ,COSMETIC BAG VINTAGE ROSE PAISLEY
21948,2923.86,2295,95,24.157894736842106,101.95621878390845,4.403269283567965,0.8577480813050686,B,Z,BZ,SET OF 6 CAKE CHOPSTICKS
21214,2922.27,2007,35,57.34285714285714,82.49632535743027,2.81881612462848,0.8578964218956839,B,Z,BZ,SET OF 72 IVORY PAPER DOILIES
23056,2916.87,966,23,42.0,126.55325864128223,6.541453328182044,0.8580444883709064,B,Z,BZ,FLOWERS CHANDELIER T-LIGHT HOLDER
21821,2915.35,726,40,18.15,18.844233287802616,2.0814982925290098,0.858192477687722,B,Z,BZ,GLITTER STAR GARLAND WITH BELLS
22518,2914.5,1405,54,26.01851851851852,40.87278503178327,2.364453411715067,0.8583404238567441,B,Z,BZ,CHILDS GARDEN BRUSH BLUE
22955,2908.36,1459,48,30.395833333333332,42.31731177528323,2.2975424313608315,0.8584880583464122,B,Z,BZ,36 FOIL STAR CAKE CASES
22293,2903.7,2064,71,29.070422535211268,47.93457563437363,2.0955491864054805,0.8586354562846484,B,Z,BZ,HANGING CHICK GREEN DECORATION
23290,2899.1000000000004,2437,26,93.73076923076923,66.64746518349078,2.223644931418633,0.8587826207171797,B,Z,BZ,SPACEBOY CHILDRENS BOWL
22897,2897.65,1958,63,31.07936507936508,27.960399177605083,1.402025129979801,0.8589297115446516,B,Y,BY,OVEN MITT APPLES DESIGN
22184,2895.57,390,47,8.297872340425531,10.52928606031152,2.167908914098805,0.8590766967869352,B,Z,BZ,CAKE STAND VICTORIAN FILIGREE LARGE
23345,2891.25,2455,21,116.9047619047619,146.875084599773,3.3759801671157006,0.8592234627369044,B,Z,BZ,DOLLY GIRL BEAKER
21709,2886.62,698,68,10.264705882352942,37.32696102437471,4.522879751256356,0.8593699936583054,B,Z,BZ,FOLDING UMBRELLA CHOCOLATE POLKADOT
20752,2885.0,1508,91,16.571428571428573,39.166636271518094,2.5410379149421063,0.8595164423450884,B,Z,BZ,BLUE POLKADOT WASHING UP GLOVES
22811,2884.13,1021,48,21.270833333333332,37.40618880603727,2.779858859709523,0.8596628468688358,B,Z,BZ,SET OF 6 T-LIGHTS CACTI
21688,2881.05,924,73,12.657534246575343,12.305395359220586,1.3238970070102953,0.859809095045285,B,Y,BY,SILVER PLATE CANDLE BOWL SMALL
21465,2879.3900000000003,794,84,9.452380952380953,24.23300783975362,2.877261295989501,0.859955258956632,B,Z,BZ,PINK FLOWER CROCHET FOOD COVER
85114C,2875.7,1364,74,18.43243243243243,20.082761012685292,1.4321993402329956,0.8601012355557938,B,Y,BY,RED ENCHANTED FOREST PLACEMAT
22949,2875.59,2022,57,35.473684210526315,71.5639337693321,2.849549778699231,0.8602472065711235,B,Z,BZ,36 DOILIES DOLLY GIRL
23427,2873.08,238,13,18.307692307692307,20.957833123459334,4.08378288817819,0.8603930501735576,B,Z,BZ,STOOL HOME SWEET HOME
22480,2871.81,2375,67,35.44776119402985,37.41709363949792,1.5019744124764818,0.8605388293081121,B,Z,BZ,RED TEA TOWEL CLASSIC DESIGN
21324,2869.31,1022,61,16.75409836065574,41.66679562821574,3.32820219524654,0.8606844815373922,B,Z,BZ,HANGING MEDINA LANTERN SMALL
23212,2865.89,2300,27,85.18518518518519,86.26704381745586,2.579894342878382,0.8608299601602569,B,Z,BZ,HEART WREATH DECORATION WITH BELL
85132B,2863.37,929,41,22.658536585365855,34.226897139601746,2.6801706255031843,0.8609753108626049,B,Z,BZ,CHARLIE AND LOLA TABLE TINS
22581,2861.98,3576,44,81.27272727272727,78.79303582623649,1.8800929327326092,0.8611205910056202,B,Z,BZ,WOOD STOCKING CHRISTMAS SCANDISPOT
21424,2861.64,955,71,13.450704225352112,29.200679411075537,2.6964940734904808,0.8612658538895182,B,Z,BZ,WOODLAND STORAGE BOX LARGE
23504,2857.6400000000003,1934,12,161.16666666666666,52.16378634704929,2.9152893283998513,0.861410913724977,B,Z,BZ,PLAYING CARDS JUBILEE UNION JACK
22983,2853.63,6719,64,104.984375,76.4496913501924,1.2137688358721652,0.8615557700043753,B,Y,BY,CARD BILLBOARD FONT
22930,2849.35,1109,49,22.632653061224488,32.001102765862505,2.297624650122278,0.8617004090219439,B,Z,BZ,BAKING MOULD HEART MILK CHOCOLATE
23196,2848.04,1876,25,75.04,39.90664105133379,2.0711001564588645,0.8618449815411485,B,Z,BZ,VINTAGE LEAF MAGNETIC NOTEPAD
21439,2838.79,2260,86,26.27906976744186,62.14965830444911,2.625733957559717,0.8619890845108374,B,Z,BZ,BASKET OF TOADSTOOLS
22576,2838.48,3136,47,66.72340425531915,61.91112217549184,1.7542309366774285,0.8621331717442724,B,Z,BZ,SWALLOW WOODEN CHRISTMAS DECORATION
22710,2821.28,7184,71,101.1830985915493,113.10252111111467,1.506397124092689,0.8622763858694188,B,Z,BZ,WRAP I LOVE LONDON
35001W,2820.65,887,46,19.282608695652176,28.39926684771849,2.4613708017293248,0.8624195680144358,B,Z,BZ,HAND OPEN SHAPE DECO.WHITE
22217,2819.81,2378,83,28.650602409638555,41.81592465210743,1.6999977759970293,0.8625627075192807,B,Z,BZ,T-LIGHT HOLDER HANGING LACE
21508,2818.7,6740,102,66.07843137254902,50.83183034018023,0.7855345414715975,0.8627057906781835,B,Y,BY,VINTAGE KID DOLLY CARD
22671,2817.9399999999996,1692,64,26.4375,36.22937289434445,1.9049841367744582,0.8628488352578833,B,Z,BZ,FRENCH LAUNDRY SIGN BLUE METAL
22450,2811.6800000000003,838,61,13.737704918032787,13.92108908496298,1.5578693822309566,0.8629915620667754,B,Z,BZ,SILK PURSE BABUSHKA BLUE
22974,2809.0099999999998,1644,50,32.88,33.114914329051324,1.7741564590487333,0.8631341533408344,B,Z,BZ,CHILDRENS DOLLY GIRL MUG
21360,2800.36,442,48,9.208333333333334,27.427240949451882,4.470796613386095,0.8632763055226437,B,Z,BZ,JOY LARGE WOOD LETTERS
21728,2798.61,300,22,13.636363636363637,42.799138236256965,6.941046991148622,0.8634183688707606,B,Z,BZ,METAL MEDINA LANTERN
84909A,2797.55,209,7,29.857142857142858,42.98227763248698,6.344214344856878,0.8635603784110414,B,Z,BZ,PINK PAISLEY QUILT
85199S,2794.74,6035,101,59.75247524752475,83.53363465581921,1.422047021570052,0.8637022453097934,B,Y,BY,SMALL HANGING IVORY/RED WOOD BIRD
22696,2794.73,1417,57,24.859649122807017,24.933080862646282,1.6210238938759396,0.8638441117009245,B,Z,BZ,WICKER WREATH LARGE
84519A,2791.4,1201,88,13.647727272727273,18.830789029273173,1.5511836395039063,0.8639858090542297,B,Z,BZ,TOMATO CHARLIE+LOLA COASTER SET
22101,2790.27,1909,64,29.828125,83.31991409811619,3.6202617744945114,0.864127449046351,B,Z,BZ,MIRROR MOSAIC VOTIVE HOLDER
21796,2782.19,324,30,10.8,41.271514765446675,7.169672703534773,0.8642686788806252,B,Z,BZ,SET OF 3 RED STRIPE BASKETS
23396,2780.53,662,15,44.13333333333333,23.533765003460353,2.7880777227220803,0.8644098244497971,B,Z,BZ,LE JARDIN BOTANIQUE CUSHION COVER
22081,2779.19,1570,95,16.526315789473685,13.361457833302884,0.8959888708210373,0.8645509019977418,B,Y,BY,RIBBON REEL FLORA + FAUNA
21188,2771.34,912,70,13.028571428571428,12.437637396891871,1.349210067216595,0.8646915810631245,B,Y,BY,3D HEARTS  HONEYCOMB PAPER GARLAND
22597,2768.92,4617,54,85.5,103.99396753186633,1.9293438083724248,0.8648321372842016,B,Z,BZ,MUSICAL ZINC HEART DECORATION
21682,2767.59,559,81,6.901234567901234,9.843278084905968,1.6922500150908273,0.8649726259916725,B,Z,BZ,LARGE MEDINA STAMPED METAL BOWL
22416,2764.81,1971,82,24.036585365853657,41.101634079423114,1.9828048533480103,0.8651129735804781,B,Z,BZ,SET OF 36 DOILIES SPACEBOY DESIGN
23190,2761.8999999999996,1702,31,54.903225806451616,46.70428591232977,2.168915715794699,0.8652531734515442,B,Z,BZ,BUNDLE OF 3 SCHOOL EXERCISE BOOKS
51014C,2761.69,4293,87,49.3448275862069,60.23091757758111,1.398554527589005,0.8653933626625674,B,Y,BY,"FEATHER PEN,COAL BLACK"
22145,2761.06,1310,29,45.172413793103445,50.07285332786707,2.6154837412505314,0.8655335198934613,B,Z,BZ,CHRISTMAS CRAFT HEART STOCKING
22315,2759.5099999999998,2144,98,21.877551020408163,26.55795658288105,1.268515411357998,0.8656735984430851,B,Y,BY,200 RED + WHITE BENDY STRAWS
22675,2758.7,2230,67,33.28358208955224,43.22240088761118,1.7694199020016785,0.8658136358753998,B,Z,BZ,FRENCH KITCHEN SIGN BLUE METAL
23266,2757.57,2064,27,76.44444444444444,59.728445312825436,2.2619093705010718,0.8659536159465306,B,Z,BZ,SET OF 3 WOODEN STOCKING DECORATION
21683,2757.4700000000003,936,76,12.31578947368421,17.974211546038795,1.8013264079866707,0.8660935909414503,B,Z,BZ,MEDIUM MEDINA STAMPED METAL BOWL
23147,2755.1,1870,34,55.0,33.054592125846305,1.7695060303399746,0.8662334456301699,B,Z,BZ,SINGLE ANTIQUE ROSE HOOK IVORY
15058C,2753.72,470,51,9.215686274509803,13.1153554667652,2.255748654405343,0.8663732302671778,B,Z,BZ,ICE CREAM DESIGN GARDEN PARASOL
84795C,2752.59,325,29,11.206896551724139,10.997984589215905,2.4332820507416604,0.8665129575430016,B,Z,BZ,OCEAN STRIPE HAMMOCK
22525,2752.54,1949,55,35.43636363636364,33.30652457289081,1.590904727540036,0.86665268228072,B,Z,BZ,CHILDRENS GARDEN GLOVES PINK
85015,2751.3,2910,88,33.06818181818182,49.642815098552695,1.6777935869370297,0.8667923440734223,B,Z,BZ,SET OF 12  VINTAGE POSTCARD SET
23341,2749.85,308,25,12.32,9.03105752390051,2.303465603492543,0.8669319322610655,B,Z,BZ,PINK DINER WALL CLOCK
22482,2748.18,2326,58,40.10344827586207,43.07345405282861,1.6810611929416157,0.8670714356759851,B,Z,BZ,BLUE TEA TOWEL CLASSIC DESIGN
22066,2745.5499999999997,3458,86,40.2093023255814,46.73155283206154,1.3504611467589795,0.867210805586556,B,Y,BY,LOVE HEART TRINKET POT
23100,2743.13,2169,30,72.3,58.15920480412603,2.152931808013654,0.8673500526528212,B,Z,BZ,SILVER BELLS TABLE DECORATION
22161,2739.69,6731,92,73.16304347826087,100.21737661329415,1.4927880196604222,0.8674891250974286,B,Y,BY,HEART DECORATION RUSTIC HANGING
22650,2736.73,1799,78,23.064102564102566,22.264840224513403,1.2489705858955333,0.867628047286191,B,Y,BY,CERAMIC PIRATE CHEST MONEY BANK
22818,2735.98,6326,40,158.15,128.9119258074466,1.8122705350304467,0.8677669314033711,B,Z,BZ,CARD CHRISTMAS VILLAGE
47503J,2735.51,345,37,9.324324324324325,11.860424514732586,2.4971296271341608,0.8679057916623597,B,Z,BZ,SET/3 FLORAL GARDEN TOOLS IN BAG
85183B,2731.76,1725,73,23.63013698630137,38.12315818841287,2.0203954809890377,0.8680444615634365,B,Z,BZ,CHARLIE & LOLA WASTEPAPER BIN FLORA
85035C,2729.54,1373,64,21.453125,56.18363589569757,3.405313300031209,0.8681830187726294,B,Z,BZ,ROSE 3 WICK MORRIS BOX CANDLE
21788,2729.34,3380,85,39.76470588235294,41.43860836593481,1.239598507835553,0.8683215658294003,B,Y,BY,KIDS RAIN MAC BLUE
23407,2729.33,267,15,17.8,7.655063683601855,2.6702386336619446,0.8684601123785501,B,Z,BZ,SET OF 2 TRAYS HOME SWEET HOME
22651,2724.26,3179,65,48.90769230769231,61.973714961698455,1.76906008623449,0.8685984015638033,B,Z,BZ,GENTLEMAN SHIRT REPAIR KIT
21808,2723.03,1003,37,27.10810810810811,43.92277552944725,2.9984379770994436,0.8687366283116615,B,Z,BZ,"CHRISTMAS GARLAND STARS,TREES"
23333,2721.7,2110,18,117.22222222222223,56.44315782590019,2.4582354987380484,0.8688747875459135,B,Z,BZ,IVORY WICKER HEART MEDIUM
21744,2720.76,906,44,20.59090909090909,23.129884205079378,2.06841146761156,0.8690128990637825,B,Z,BZ,SNOWFLAKE PORTABLE TABLE LIGHT
22914,2720.66,570,51,11.176470588235293,17.78730545344397,2.4704221368038426,0.8691510055054403,B,Z,BZ,BLUE COAT RACK PARIS FASHION
22231,2718.87,2140,92,23.26086956521739,23.562808077779533,1.130397688605542,0.8692890210829217,B,Y,BY,JIGSAW TREE WITH BIRDHOUSE
23164,2718.65,578,30,19.266666666666666,21.17078881030593,2.5520362407361077,0.8694270254927389,B,Z,BZ,REGENCY CAKE SLICE
47480,2717.2799999999997,1640,73,22.465753424657535,36.11827876412164,2.0140863248564655,0.8695649603584656,B,Z,BZ,HANGING PHOTO CLIP ROPE LADDER
22155,2716.33,6031,61,98.8688524590164,112.98812259257403,1.7014864737843278,0.869702847000188,B,Z,BZ,STAR DECORATION RUSTIC
21096,2715.96,15924,59,269.89830508474574,1274.6552298551471,6.277904543047171,0.8698407148599299,B,Z,BZ,SET/6 FRUIT SALAD  PAPER PLATES
22524,2713.23,1925,59,32.6271186440678,28.09583249564981,1.430962721152105,0.8699784441391119,B,Y,BY,CHILDRENS GARDEN GLOVES BLUE
21224,2709.41,2185,97,22.52577319587629,15.47652306957296,0.757008596583231,0.8701159795070345,B,Y,BY,SET/4 SKULL BADGES
23489,2709.23,913,8,114.125,42.06945787283556,3.6804475920194455,0.8702535057377774,B,Z,BZ,VINTAGE BELLS GARLAND
21693,2707.6200000000003,891,67,13.298507462686567,11.154581780966815,1.2759432406199263,0.8703909502415235,B,Y,BY,SMALL HAMMERED SILVER CANDLEPOT
22479,2706.19,1951,72,27.09722222222222,62.34889558691211,2.8258705008273797,0.8705283221554525,B,Z,BZ,DAISY GARDEN MARKER
23292,2704.58,2182,26,83.92307692307692,58.98130081774939,2.2135340341204603,0.8706656123423846,B,Z,BZ,SPACEBOY CHILDRENS CUP
22436,2701.35,4237,81,52.30864197530864,75.8107251606441,1.7168408796778454,0.8708027385677023,B,Z,BZ,12 COLOURED PARTY BALLOONS
84795B,2696.81,317,54,5.87037037037037,5.535635145492447,1.614547283072206,0.8709396343330413,B,Z,BZ,SUNSET CHECK HAMMOCK
23264,2694.56,1966,27,72.81481481481481,65.58965504561561,2.4210458011961875,0.8710764158836333,B,Z,BZ,SET OF 3 WOODEN SLEIGH DECORATIONS
22495,2688.2200000000003,942,74,12.72972972972973,18.382017193179234,1.8155870674256236,0.871212875602449,B,Z,BZ,SET OF 2 ROUND TINS CAMEMBERT
21204,2682.99,1608,87,18.482758620689655,35.97119715633139,2.1612936102142006,0.8713490698354305,B,Z,BZ,DAISIES  HONEYCOMB GARLAND
21923,2678.54,339,29,11.689655172413794,10.849961975824952,2.3599096606049232,0.8714850381770234,B,Z,BZ,RED/CREAM STRIPE FRINGE HAMMOCK
90057,2675.88,1804,21,85.9047619047619,117.60225540435215,3.5765564704134225,0.8716208714914042,B,Z,BZ,DIAMANTE RING ASSORTED IN BOX.
22028,2675.21,6368,95,67.03157894736842,44.434137880491505,0.7554579587784015,0.8717566707951716,B,Y,BY,PENNY FARTHING BIRTHDAY CARD
85049B,2668.2400000000002,2134,59,36.16949152542373,31.640846877356278,1.4452642445760804,0.8718921162870334,B,Y,BY,LUSH GREENS RIBBONS
21742,2665.13,440,83,5.301204819277109,4.858321851589809,1.1369816501277725,0.8720274039087339,B,Y,BY,LARGE ROUND WICKER PLATTER
22270,2664.92,692,57,12.140350877192983,16.800763796934977,2.0633733154729046,0.8721626808703915,B,Z,BZ,HAPPY EASTER HANGING DECORATION
22500,2660.96,585,82,7.134146341463414,11.280664321478383,1.8440942927854207,0.872297756814094,B,Z,BZ,SET OF 2 TINS JARDIN DE PROVENCE
21897,2659.06,872,43,20.27906976744186,51.79323617423204,4.102238463006888,0.872432736309788,B,Z,BZ,POTTING SHED CANDLE CITRONELLA
23146,2655.13,801,34,23.558823529411764,15.34490573145721,1.8216365864053137,0.8725675163103904,B,Z,BZ,TRIPLE HOOK ANTIQUE IVORY ROSE
22152,2653.2,6267,75,83.56,131.50503432969424,1.9430248680377535,0.872702198340121,B,Z,BZ,PLACE SETTING WHITE STAR
22094,2652.25,3563,93,38.31182795698925,77.0222975189686,2.142303135268859,0.8728368321458472,B,Z,BZ,RED RETROSPOT TISSUE BOX
22713,2651.4,6168,80,77.1,92.10197980252273,1.4601141032053822,0.8729714228037799,B,Y,BY,CARD I LOVE LONDON
72800E,2646.25,1409,88,16.011363636363637,22.29864916179815,1.564596844494408,0.8731057520368474,B,Z,BZ,4 IVORY DINNER CANDLES SILVER FLOCK
85049F,2642.75,2117,88,24.056818181818183,26.460275128475296,1.2630639199237794,0.8732399036025305,B,Y,BY,BABY BOOM RIBBONS
22146,2640.93,1417,19,74.57894736842105,124.15237760710455,4.341005419026174,0.8733739627811736,B,Z,BZ,EASTER CRAFT IVY WREATH WITH CHICK
22376,2638.53,530,85,6.235294117647059,4.671715955833444,0.9498871042697425,0.8735079001307534,B,Y,BY,AIRLINE BAG VINTAGE JET SET WHITE
22758,2637.1,2452,64,38.3125,78.46541549352446,2.708226370220607,0.8736417648905163,B,Z,BZ,LARGE PURPLE BABUSHKA NOTEBOOK
84754,2637.09,2085,48,43.4375,57.391491047722845,2.2068487833559525,0.8737756291426578,B,Z,BZ,S/15 SILVER GLASS BAUBLES IN BAG
84012,2633.57,1840,67,27.46268656716418,34.32347388216504,1.7148564121166803,0.8739093147121729,B,Z,BZ,MAGIC SHEEP WOOL GROWING FROM PAPER
82597,2624.26,1236,46,26.869565217391305,17.79339290067733,1.493575717910445,0.8740425276864459,B,Y,BY,BOMBS AWAY METAL SIGN
84849D,2621.65,1560,88,17.727272727272727,27.354096657918387,1.7215576330058437,0.874175608171612,B,Z,BZ,HOT BATHS SOAP HOLDER
23054,2621.43,297,35,8.485714285714286,5.521995742011208,1.7871113775928904,0.874308677489114,B,Z,BZ,RECYCLED ACAPULCO MAT LAVENDER
47585A,2620.38,1086,65,16.70769230769231,46.89573643897541,3.6071302832598064,0.8744416935064008,B,Z,BZ,PINK FAIRY CAKE CUSHION COVER
84872A,2620.0099999999998,235,45,5.222222222222222,5.779622860017806,2.019654444265587,0.874574690741707,B,Z,BZ,TEATIME FUNKY FLOWER BACKPACK FOR 2
85034B,2619.93,1188,47,25.27659574468085,37.990675130283805,2.4708414168208996,0.8747076839160444,B,Z,BZ,3 WHITE CHOC MORRIS BOXED CANDLES
21422,2619.17,3160,74,42.7027027027027,70.97669494610217,2.058041780868258,0.8748406385111784,B,Z,BZ,PORCELAIN ROSE SMALL
72799E,2615.3900000000003,1237,67,18.46268656716418,38.84597727241208,2.705794520002381,0.8749734012255372,B,Z,BZ,IVORY PILLAR CANDLE SILVER FLOCK
22046,2613.5,6375,91,70.05494505494505,58.001410449777964,0.9579469909781173,0.8751060679995086,B,Y,BY,TEA PARTY  WRAPPING PAPER
22439,2612.66,3912,83,47.13253012048193,35.44654893392729,0.9763054047485537,0.8752386921333077,B,Y,BY,6 ROCKET BALLOONS
37502,2611.59,872,31,28.129032258064516,31.67516580907286,2.543940916025157,0.8753712619516494,B,Z,BZ,TEA TIME MUG IN GIFT BOX
85034C,2609.15,1318,55,23.963636363636365,42.73040535833404,2.6065063579515986,0.875503707910443,B,Z,BZ,3 ROSE MORRIS BOXED CANDLES
90062,2604.17,205,48,4.270833333333333,4.4374594194528445,1.8592918252958934,0.87563590107393,B,Z,BZ,CARNIVAL BRACELET
85035B,2602.86,995,54,18.425925925925927,51.6649590574647,3.973307443567648,0.8757680277390529,B,Z,BZ,CHOCOLATE 3 WICK MORRIS BOX CANDLE
22190,2591.67,1400,79,17.72151898734177,24.68308707205576,1.684643727853435,0.8758995863761674,B,Z,BZ,LOCAL CAFE MUG
22933,2585.92,940,26,36.15384615384615,60.69312468983109,3.720105529639224,0.8760308531311504,B,Z,BZ,BAKING MOULD EASTER EGG MILK CHOC
21589,2583.45,1119,27,41.44444444444444,42.67347702057615,2.6046681379567254,0.8761619945037221,B,Z,BZ,SWALLOW GIANT TUBE MATCHES
21818,2582.99,4236,63,67.23809523809524,86.62259898189318,1.8295188396688031,0.8762931125257233,B,Z,BZ,GLITTER CHRISTMAS HEART
21171,2581.17,1847,76,24.30263157894737,38.94715042613246,1.958745866516027,0.8764241381606848,B,Z,BZ,BATHROOM METAL SIGN
21642,2578.87,4418,75,58.906666666666666,72.54302979040214,1.5689500151194773,0.8765550470427936,B,Z,BZ,ASSORTED TUTTI FRUTTI PEN
21653,2576.17,1251,41,30.51219512195122,41.78523779471615,2.485502606943423,0.8766858188672061,B,Z,BZ,GLASS ETCHED T-LIGHT HOLDER LARGE
22471,2573.71,628,70,8.971428571428572,13.52504003966473,1.9529850679111174,0.8768164658168284,B,Z,BZ,TV DINNER TRAY AIR HOSTESS
22937,2568.34,974,41,23.75609756097561,23.135233398222802,1.9706952925501537,0.876946840173921,B,Z,BZ,BAKING MOULD CHOCOLATE CUPCAKES
21288,2566.32,985,85,11.588235294117647,17.28975344617996,1.7073881559962152,0.8770771119915518,B,Z,BZ,STRIPEY CHOCOLATE NESTING BOXES
22735,2566.13,1449,38,38.13157894736842,40.46030490635507,2.1764848349715638,0.8772073741643817,B,Z,BZ,RIBBON REEL SOCKS AND MITTENS
22828,2565.0,17,10,1.7,0.9486832980505138,3.5092561737116834,0.8773375789760276,B,Z,BZ,REGENCY MIRROR WITH SHUTTERS
22342,2562.5,1842,93,19.806451612903224,22.463621830647668,1.2414782891253802,0.8774676568823989,B,Y,BY,HOME GARLAND PAINTED ZINC
20960,2550.84,1900,56,33.92857142857143,40.80546181929221,1.8696123703892378,0.87759714290257,B,Z,BZ,WATERMELON BATH SPONGE
21898,2544.71,829,44,18.84090909090909,57.020169088448554,4.745568924977216,0.877726317751008,B,Z,BZ,POTTING SHED ROSE CANDLE
21792,2538.13,497,60,8.283333333333333,12.820919963113603,2.194682246538984,0.8778551585847634,B,Z,BZ,CLASSIC FRENCH STYLE BASKET GREEN
21215,2537.73,4356,97,44.90721649484536,66.98928435364164,1.5599363930481978,0.877983979113675,B,Z,BZ,IVORY PAPER CUP CAKE CASES
20787,2535.1,69,16,4.3125,5.758689086936366,4.045503622407994,0.8781126661382378,B,Z,BZ,BLUE RETRO BAR STOOL
21203,2530.2999999999997,1541,35,44.02857142857143,57.187249563211566,2.6155619568411703,0.8782411095046735,B,Z,BZ,BUTTERFLIES  HONEYCOMB GARLAND
23424,2529.42,466,15,31.066666666666666,20.744936272555307,2.969643859540715,0.8783695082004527,B,Z,BZ,GINGHAM RECIPE BOOK BOX
23681,2526.69,1577,6,262.8333333333333,131.65472519688257,4.467386170675479,0.8784977683156721,B,Z,BZ,LUNCH BAG RED VINTAGE DOILY
21323,2523.89,744,27,27.555555555555557,70.18948712281707,5.188247255569371,0.8786258862969839,B,Z,BZ,HANGING MEDINA LANTERN LARGE
22415,2520.15,317,51,6.215686274509804,5.97432414751726,1.6988809549580888,0.878753814428005,B,Z,BZ,WHITE TISSUE REAM
21431,2519.61,1488,45,33.06666666666667,31.573435324364347,1.8361317053154587,0.8788817151474868,B,Z,BZ,GREEN GINGHAM FLOWER JEWELLERY BOX
23316,2511.59,251,25,10.04,5.884159526502772,2.128784093961358,0.8790092087548481,B,Z,BZ,RED REFECTORY CLOCK
22153,2511.58,5806,58,100.10344827586206,94.55726746266544,1.537996873217417,0.8791367018545881,B,Z,BZ,ANGEL DECORATION STARS ON DRESS
85054,2506.82,920,89,10.337078651685394,12.913122131650635,1.4041257059500194,0.8792639533266857,B,Y,BY,FRENCH ENAMEL POT W LID
82567,2505.28,1210,100,12.1,8.799104637645947,0.7645070346823629,0.8793911266251342,B,Y,BY,"AIRLINE LOUNGE,METAL SIGN"
85041,2498.12,1858,26,71.46153846153847,172.16671705512206,5.032338147306265,0.8795179364668765,B,Z,BZ,SET/4 PINK ORCHID CANDLES IN BOWL
23367,2495.75,3285,12,273.75,121.08233487252308,3.0365938583987044,0.8796446260024184,B,Z,BZ,SET 12 COLOUR PENCILS SPACEBOY
21680,2493.88,2870,89,32.247191011235955,47.42009568710785,1.633103238327689,0.879771220612815,B,Z,BZ,WOODLAND  STICKERS
22091,2492.73,3190,88,36.25,59.44769747965168,1.8232038522955905,0.8798977568467854,B,Z,BZ,EMPIRE TISSUE BOX
84509B,2489.9700000000003,654,87,7.517241379310345,7.903284670350265,1.2253765772151914,0.8800241529773327,B,Y,BY,SET OF 4 FAIRY CAKE PLACEMATS
22829,2488.47,243,46,5.282608695652174,4.080648333446052,1.6064306662635746,0.8801504729647153,B,Z,BZ,SWEETHEART WIRE WALL TIDY
21924,2486.66,315,35,9.0,9.139442639718567,2.22443200786663,0.8802767010726791,B,Z,BZ,BLUE/CREAM STRIPE FRINGE HAMMOCK
85206B,2485.5499999999997,1543,17,90.76470588235294,80.9919204394524,3.1148488074274012,0.8804028728347011,B,Z,BZ,PINK FELT EASTER EGG BASKET
22742,2484.94,1006,59,17.050847457627118,31.396476701525494,2.5764264694973504,0.8805290136318362,B,Z,BZ,MAKE YOUR OWN PLAYTIME CARD KIT
20668,2475.04,21119,74,285.3918918918919,382.6321176634347,1.7022176316130082,0.8806546518840841,B,Z,BZ,DISCO BALL CHRISTMAS DECORATION
85036A,2467.79,637,81,7.864197530864198,11.433233451674718,1.7216984831466786,0.880779922111036,B,Z,BZ,GARDENIA 1 WICK MORRIS BOXED CANDLE
22676,2467.48,1832,68,26.941176470588236,23.090272134645264,1.2791909156779075,0.8809051766017337,B,Y,BY,FRENCH BLUE METAL DOOR SIGN 1
22852,2467.11,565,55,10.272727272727273,9.518898445168306,1.5763772232472117,0.881030412310451,B,Z,BZ,DOG BOWL VINTAGE CREAM
22789,2466.34,1262,53,23.81132075471698,23.20647837580438,1.6706103200097209,0.8811556089323436,B,Z,BZ,T-LIGHT HOLDER SWEETHEART HANGING
23352,2462.95,1803,18,100.16666666666667,53.86502739691671,2.5210650486158674,0.881280633470684,B,Z,BZ,ROLL WRAP 50'S RED CHRISTMAS
21616,2462.33,1153,60,19.216666666666665,31.256777796057136,2.2896933887435447,0.8814056265365162,B,Z,BZ,4 PEAR BOTANICAL DINNER CANDLES
21330,2460.67,1456,39,37.333333333333336,67.59762271331165,3.19140205799291,0.8815305353372465,B,Z,BZ,WOODLAND ANIMAL  WRITING SET
22911,2460.25,855,55,15.545454545454545,21.307117730778746,2.092522526748003,0.8816554228178903,B,Z,BZ,PAPER CHAIN KIT LONDON
21686,2460.14,65,28,2.3214285714285716,2.1611651766199915,2.4121487388760956,0.8817803047147023,B,Z,BZ,MEDINA STAMPED METAL STOOL
21462,2459.16,418,82,5.097560975609756,9.030277952734538,2.049361109006009,0.8819051368646466,B,Z,BZ,"NURSERY A,B,C PAINTED LETTERS"
84509F,2456.1,2781,31,89.70967741935483,478.51953589854526,9.73289829453028,0.882029813682535,B,Z,BZ,SET OF 4 NEW ENGLAND PLACEMATS
21823,2453.91,2473,47,52.61702127659574,70.24756012829056,2.2523159276191564,0.8821543793314027,B,Z,BZ,PAINTED METAL HEART WITH HOLLY BELL
21747,2453.6,2050,68,30.147058823529413,56.2569437719794,2.403521311250379,0.8822789292440165,B,Z,BZ,SMALL SKULL WINDMILL
84840,2447.82,284,36,7.888888888888889,5.349380619835629,1.7833455539543002,0.8824031857516357,B,Z,BZ,SWEETHEART CARRY-ALL BASKET
21274,2446.19,177,43,4.116279069767442,2.537427477974507,1.5219357486001148,0.8825273595170159,B,Z,BZ,EMBOSSED HEART 3 DRAWER SHELF
21789,2439.62,2923,82,35.646341463414636,37.270904135690614,1.2798102370926483,0.8826511997753347,B,Y,BY,KIDS RAIN MAC PINK
22021,2433.6099999999997,1415,30,47.166666666666664,43.495606859681295,2.30573913709308,0.8827747349533734,B,Z,BZ,BLUE FELT EASTER EGG BASKET
21809,2430.78,3018,45,67.06666666666666,97.15250429561294,2.4602937921789763,0.8828981264746415,B,Z,BZ,CHRISTMAS HANGING TREE WITH BELL
23406,2428.9100000000003,457,14,32.642857142857146,44.684547566343234,4.399365720501991,0.8830214230707643,B,Z,BZ,HOME SWEET HOME KEY HOLDER
22609,2428.22,7159,64,111.859375,105.16470335311755,1.4278896945088666,0.8831446846410311,B,Y,BY,PENS ASSORTED SPACEBALL
22448,2426.73,753,59,12.76271186440678,31.33541512083184,3.3479136474222146,0.8832678705757545,B,Z,BZ,PIN CUSHION BABUSHKA RED
23265,2423.54,1784,27,66.07407407407408,63.00056527580705,2.494793387785599,0.8833908945793475,B,Z,BZ,SET OF 3 WOODEN TREE DECORATIONS
22613,2423.16,3055,76,40.19736842105263,47.75688983084837,1.5081494446380934,0.8835138992933389,B,Z,BZ,PACK OF 20 SPACEBOY NAPKINS
22537,2423.01,5866,84,69.83333333333333,174.3080525642892,2.8035650791668703,0.8836368963930138,B,Z,BZ,MAGIC DRAWING SLATE DINOSAUR
22362,2422.3300000000004,751,83,9.048192771084338,13.865119962414399,1.7775849423558858,0.883759858974454,B,Z,BZ,GLASS JAR PEACOCK BATH SALTS
21973,2420.0299999999997,1670,75,22.266666666666666,34.54974217971364,1.9185026940407164,0.8838827048030417,B,Z,BZ,SET OF 36 MUSHROOM PAPER DOILIES
21106,2419.6800000000003,790,74,10.675675675675675,11.155326890340735,1.3853515244654433,0.8840055328648909,B,Y,BY,CREAM SLICE FLANNEL CHOCOLATE SPOT
22540,2410.29,6162,77,80.02597402597402,145.51622933777358,2.18139755894466,0.884127884270529,B,Z,BZ,MINI JIGSAW CIRCUS PARADE
23400,2409.34,461,14,32.92857142857143,46.766957904575655,4.510277834286021,0.8842501874521629,B,Z,BZ,SHELF WITH 4 HOOKS HOME SWEET HOME
21540,2403.45,1325,35,37.857142857142854,184.88297456962957,8.415267990424228,0.8843721916449699,B,Z,BZ,DAIRY MAID CERAMIC BUTTER DISH
85059,2399.89,701,87,8.057471264367816,11.001433650590759,1.5486445566234812,0.8844940151246662,B,Z,BZ,FRENCH ENAMEL WATER BASIN
85034A,2393.44,852,58,14.689655172413794,31.42030123508636,2.9757741086596505,0.8846155111887543,B,Z,BZ,3 GARDENIA MORRIS BOXED CANDLES
22986,2389.9,5795,62,93.46774193548387,77.84720590328662,1.3499084845102753,0.8847368275549735,B,Y,BY,GINGHAM ROSE WRAP
85035A,2387.31,653,67,9.746268656716419,14.148930020132575,1.942878603473311,0.8848580124473283,B,Z,BZ,GARDENIA 3 WICK MORRIS BOXED CANDLE
23028,2387.03,1375,21,65.47619047619048,54.95599971578994,2.697231589599581,0.8849791831262925,B,Z,BZ,DRAWER KNOB CRACKLE GLAZE BLUE
23048,2384.97,581,29,20.03448275862069,38.354067356130834,3.9084801065181236,0.8851002492353104,B,Z,BZ,SET OF 10 LANTERNS FAIRY LIGHT STAR
84818,2383.04,1789,79,22.645569620253166,36.64592815897711,1.9287856257655303,0.8852212173734564,B,Z,BZ,DANISH ROSE PHOTO FRAME
22566,2378.92,2842,78,36.43589743589744,92.07881854427124,2.9562560147733836,0.8853419763717101,B,Z,BZ,FELTCRAFT HAIRBAND PINK AND PURPLE
23498,2378.4799999999996,1644,3,548.0,472.91965490979544,7.132936947240838,0.8854627130346354,B,Z,BZ,CLASSIC BICYCLE CLIPS
10133,2377.88,3848,74,52.0,65.44913323410701,1.61298375114144,0.8855834192402948,B,Z,BZ,COLOURING PENCILS BROWN TUBE
21873,2377.5099999999998,2024,82,24.682926829268293,76.49189064559583,3.5071390356449683,0.8857041066639738,B,Z,BZ,IF YOU CAN'T STAND THE HEAT MUG
21262,2374.8700000000003,609,48,12.6875,11.11861817910688,1.672111274797174,0.8858246600756827,B,Z,BZ,WHITE GOOSE FEATHER CHRISTMAS TREE
23437,2373.63,1939,16,121.1875,119.40196466836996,3.3786841171336386,0.8859451505423754,B,Z,BZ,50'S CHRISTMAS GIFT BAG LARGE
47570,2373.01,220,21,10.476190476190476,12.990839263184837,3.3473808683336217,0.8860656095365602,B,Z,BZ,ENGLISH ROSE TABLE CLOTH
23436,2367.39,1979,18,109.94444444444444,151.95915558899458,3.8989765461934653,0.8861857832476879,B,Z,BZ,VINTAGE CHRISTMAS GIFT BAG LARGE
21468,2365.14,670,76,8.81578947368421,27.24051420283927,3.6417115234772814,0.8863058427440685,B,Z,BZ,BUTTERFLY CROCHET FOOD COVER
22321,2360.35,2552,96,26.583333333333332,28.786205273274348,1.1577641139439092,0.8864256590899432,B,Y,BY,BIRD DECORATION RED RETROSPOT
22642,2358.67,993,44,22.568181818181817,24.10963112319237,1.9999683076118944,0.8865453901554734,B,Z,BZ,SET OF 4 NAPKIN CHARMS STARS
21615,2354.92,1181,51,23.15686274509804,36.657535404890275,2.4594973903680137,0.8866649308630918,B,Z,BZ,4 LAVENDER BOTANICAL DINNER CANDLES
23401,2354.87,459,14,32.785714285714285,48.48818820707159,4.638564235258421,0.8867844690326048,B,Z,BZ,RUSTIC MIRROR WITH LACE HEART
23412,2354.8,358,6,59.666666666666664,54.09867527644893,5.31109241408997,0.88690400364877,B,Z,BZ,HEART MIRROR ANTIQUE WHITE
21824,2354.75,2785,41,67.92682926829268,95.70119911576407,2.5394495516064084,0.8870235357268297,B,Z,BZ,PAINTED METAL STAR WITH HOLLY BELLS
21437,2354.67,678,14,48.42857142857143,56.2162230700688,3.9652722340089794,0.8871430637439206,B,Z,BZ,24 HANGING EASTER EGGS FLORAL TUB
21126,2354.2200000000003,2329,95,24.51578947368421,54.80096736952787,2.34675228076288,0.8872625689180621,B,Z,BZ,SET OF 6 GIRLS CELEBRATION CANDLES
22421,2352.7000000000003,4723,80,59.0375,65.97342076045052,1.3795314891990225,0.8873819969337966,B,Y,BY,LIPSTICK PEN FUSCHIA
84459B,2341.77,1475,54,27.314814814814813,39.17778735027251,2.1942266834339597,0.887500870119671,B,Z,BZ,YELLOW METAL CHICKEN HEART
22306,2340.62,1639,41,39.97560975609756,37.87973587875056,1.9387140695026126,0.8876196849291192,B,Z,BZ,SILVER MUG BONE CHINA TREE OF LIFE
21826,2336.87,1808,61,29.639344262295083,35.999552213365675,1.7829236834895916,0.8877383093806558,B,Z,BZ,EIGHT PIECE DINOSAUR SET
21708,2336.48,611,65,9.4,18.070002767016938,2.534100749502481,0.8878569140349694,B,Z,BZ,FOLDING UMBRELLA CREAM POLKADOT
21947,2327.81,1695,92,18.42391304347826,23.371455161969696,1.3891537934474514,0.8879750785817909,B,Y,BY,SET OF 6 HEART CHOPSTICKS
22973,2324.23,1367,51,26.80392156862745,25.549966424904074,1.6899006246710553,0.8880930614002593,B,Z,BZ,CHILDREN'S CIRCUS PARADE MUG
23197,2323.8,1492,25,59.68,42.79478161333848,2.2833026412237136,0.8882110223910207,B,Z,BZ,SKETCHBOOK MAGNETIC SHOPPING LIST
22251,2322.64,1875,82,22.865853658536587,33.25092115873251,1.7080819964705052,0.8883289244977346,B,Z,BZ,BIRDHOUSE DECORATION MAGIC GARDEN
85107,2315.59,1219,43,28.348837209302324,48.254229383315526,2.8745733212201974,0.8884464687315744,B,Z,BZ,CUT GLASS T-LIGHT HOLDER OCTAGON
23371,2313.53,1712,12,142.66666666666666,82.97571751403959,3.217762234625957,0.8885639083954681,B,Z,BZ,SET 36 COLOUR PENCILS SPACEBOY
84536A,2313.06,5110,102,50.09803921568628,35.356321939191496,0.7228193560160406,0.88868132420117,B,X,BX,ENGLISH ROSE NOTEBOOK A7 SIZE
21741,2311.4500000000003,707,63,11.222222222222221,13.088340593757783,1.6913325820141645,0.8887986582798751,B,Z,BZ,COSY SLIPPER SHOES LARGE GREEN
21482,2308.56,744,34,21.88235294117647,37.40423303372701,3.2761704574437682,0.888915845656083,B,Z,BZ,MUSHROOM BLUE HOT WATER BOTTLE
84796A,2307.23,312,49,6.36734693877551,14.036698741678038,3.35059632401394,0.8890329655186848,B,Z,BZ,PINK HAWAIIAN PICNIC HAMPER FOR 2
22363,2306.34,782,77,10.155844155844155,19.878621772002713,2.3362621903872385,0.8891500402030089,B,Z,BZ,GLASS JAR MARMALADE
21696,2304.2400000000002,767,61,12.573770491803279,9.524458018514654,1.2911770174117707,0.8892670082869023,B,Y,BY,SMALL SILVER TRELLIS CANDLEPOT
23029,2303.92,1352,26,52.0,31.183328879386817,2.093594061577974,0.8893839601269208,B,Z,BZ,DRAWER KNOB CRACKLE GLAZE GREEN
22409,2300.46,1694,69,24.55072463768116,91.66571882017895,4.60595547660607,0.8895007363300393,B,Z,BZ,MONEY BOX BISCUITS DESIGN
23330,2299.47,1804,18,100.22222222222223,56.33884414395741,2.549926732586986,0.889617462278669,B,Z,BZ,DECORATIVE WICKER HEART MEDIUM
85114A,2296.54,1326,60,22.1,31.23432488221024,2.0341842441847846,0.889734039494317,B,Z,BZ,BLACK ENCHANTED FOREST PLACEMAT
23360,2296.15,1187,19,62.473684210526315,44.505141302316765,2.6655794652463953,0.8898505969127422,B,Z,BZ,SET 8 CANDLES VINTAGE DOILY
85176,2293.0,2748,93,29.548387096774192,67.80222455774562,2.4378283061007733,0.8899669944305215,B,Z,BZ,SEWING SUSAN 21 NEEDLE SET
22831,2292.1800000000003,778,48,16.208333333333332,22.498187476245995,2.2922160023290976,0.8900833503233707,B,Z,BZ,WHITE BROCANTE SOAP DISH
21464,2291.0,540,90,6.0,5.450492195071865,1.0481154294068797,0.8901996463169305,B,Y,BY,DISCO BALL ROTATOR BATTERY OPERATED
22246,2289.9,1082,73,14.821917808219178,15.585198164491974,1.4065013118085268,0.8903158864721693,B,Y,BY,"GARLAND, MAGIC GARDEN 1.8M"
85172,2288.0,4303,72,59.763888888888886,70.58457978180077,1.5592661199465574,0.8904320301793996,B,Z,BZ,HYACINTH BULB T-LIGHT CANDLES
21655,2287.64,1402,27,51.925925925925924,52.96945849037474,2.590680319620432,0.8905481556122704,B,Z,BZ,HANGING RIDGE GLASS T-LIGHT HOLDER
85199L,2285.02,3455,92,37.55434782608695,43.605716968274336,1.2798293417808564,0.8906641480484135,B,Y,BY,LARGE HANGING IVORY & RED WOOD BIRD
23128,2283.4100000000003,453,39,11.615384615384615,10.653922886641048,1.9628076005528547,0.8907800587575598,B,Z,BZ,FELTCRAFT BOY JEAN-PAUL KIT
21819,2281.46,3889,43,90.44186046511628,110.9865505205755,2.2307230831427494,0.890895870480592,B,Z,BZ,GLITTER CHRISTMAS STAR
23252,2276.61,607,27,22.48148148148148,20.50960444874241,2.4369865303080984,0.8910114360073917,B,Z,BZ,VINTAGE RED ENAMEL TRIM JUG
85106,2276.34,1192,34,35.05882352941177,88.41772110066275,4.576235165670401,0.8911269878284217,B,Z,BZ,CUT GLASS HEXAGON T-LIGHT HOLDER
85183A,2275.75,1512,68,22.235294117647058,41.06315399881157,2.380918577067499,0.8912425096998069,B,Z,BZ,CHARLIE & LOLA WASTEPAPER BIN BLUE
21804,2270.99,605,35,17.285714285714285,14.773926612888845,2.019907074220097,0.8913577899435494,B,Z,BZ,WHITE CHRISTMAS GARLAND STARS TREES
85014C,2270.73,547,21,26.047619047619047,65.37390625507719,5.801899018852922,0.8914730569891435,B,Z,BZ,BLUE/BROWN DOTS RUFFLED UMBRELLA
22539,2269.39,5657,80,70.7125,91.42157097337862,1.5638993524483382,0.8915882560135103,B,Z,BZ,MINI JIGSAW DOLLY GIRL
35001G,2267.9700000000003,717,55,13.036363636363637,23.350758284430775,2.6167544504971136,0.8917033829556812,B,Z,BZ,HAND OPEN SHAPE GOLD
22024,2267.08,5415,97,55.824742268041234,42.12283879453005,0.8223821213483539,0.8918184647195744,B,Y,BY,RAINY LADIES BIRTHDAY CARD
20658,2263.86,1594,87,18.32183908045977,13.797955909341406,0.9303611147968042,0.891933383029474,B,Y,BY,RED SPOTTY LUGGAGE TAG
22133,2258.61,2464,100,24.64,30.261326454533993,1.2621291280642593,0.8920480348382971,B,Y,BY,PINK LOVE HEART SHAPE CUP
21681,2254.71,235,38,6.184210526315789,8.754474572215162,2.6602756522489157,0.8921624886748921,B,Z,BZ,GIANT MEDINA STAMPED METAL BOWL
21476,2249.41,144,41,3.5121951219512195,3.1868632793039002,1.8905221696859507,0.8922766734723051,B,Z,BZ,STEEL SWEETHEART ROUND TABLE CREAM
84469,2249.41,664,13,51.07692307692308,91.23911947775977,5.528430458090821,0.8923908582697181,B,Z,BZ,ROSE DES PADDED FLOOR CUSHION
21187,2247.08,1346,58,23.20689655172414,42.08252486450364,2.566647483614561,0.8925049247914152,B,Z,BZ,WHITE BELL HONEYCOMB PAPER GARLAND
22286,2245.2999999999997,1964,54,36.370370370370374,49.69275270659044,2.1105938839646785,0.8926189009565569,B,Z,BZ,"DECORATION , WOBBLY RABBIT , METAL"
23093,2244.2200000000003,941,31,30.35483870967742,34.46403766933176,2.5573338166471493,0.8927328222986199,B,Z,BZ,SMALL PARISIENNE HEART PHOTO FRAME
23079,2243.35,253,30,8.433333333333334,6.061087493939961,2.0488152872577525,0.8928466994776476,B,Z,BZ,TOADSTOOL BEDSIDE LIGHT
21651,2241.61,1386,50,27.72,38.301723731658946,2.229731414205394,0.8929604883306042,B,Z,BZ,HANGING GLASS ETCHED TEALIGHT
21710,2239.96,727,63,11.53968253968254,40.79643619667295,4.577737929468553,0.8930741934260795,B,Z,BZ,FOLDING UMBRELLA PINKWHITE POLKADOT
21638,2239.84,1029,65,15.830769230769231,17.92307279630193,1.61843472148432,0.8931878924301018,B,Z,BZ,ASSORTED TUTTI FRUTTI NOTEBOOK
85045,2239.34,471,29,16.24137931034483,25.300557831814405,3.314925439200711,0.893301566053069,B,Z,BZ,GREEN CHRISTMAS TREE STRING 20LIGHT
22163,2238.07,1270,65,19.53846153846154,28.92181104021935,2.0129304865738127,0.8934151752081568,B,Z,BZ,HEART STRING MEMO HOLDER HANGING
20931,2238.07,673,72,9.347222222222221,12.532953432959795,1.7335517581772464,0.8935287843632447,B,Z,BZ,BLUE POT PLANT CANDLE
22803,2237.84,59,19,3.1052631578947367,4.201781855383966,3.7373938260930686,0.8936423818430472,B,Z,BZ,IVORY EMBROIDERED QUILT
23326,2237.71,3443,17,202.52941176470588,179.06881276727768,3.1014113694831837,0.8937559727237756,B,Z,BZ,HANGING MINI COLOURED BOTTLES
22336,2235.34,4663,61,76.44262295081967,130.1364059477803,2.3590436799495107,0.8938694432983036,B,Z,BZ,DOVE DECORATION PAINTED ZINC
16237,2233.7799999999997,10388,103,100.85436893203884,90.94993319608518,0.9071194655503391,0.8939828346839405,B,Y,BY,SLEEPING CAT ERASERS
21620,2232.98,1104,67,16.47761194029851,27.236538631680176,2.174854868445886,0.8940961854598894,B,Z,BZ,SET OF 4 ROSE BOTANICAL CANDLES
51014L,2232.5499999999997,3457,81,42.67901234567901,45.05491847747975,1.302754022140607,0.8942095144081311,B,Y,BY,"FEATHER PEN,LIGHT PINK"
21398,2231.9,2295,54,42.5,88.76569752220603,3.0284900503764005,0.8943228103610014,B,Z,BZ,RED POLKADOT COFFEE  MUG
84691,2231.45,2754,39,70.61538461538461,58.43557648547914,1.8563254947326522,0.8944360834709223,B,Z,BZ,PACK 20 DOLLY PEGS
23438,2227.42,1823,19,95.94736842105263,112.69352425652828,3.409894331743159,0.8945491520095408,B,Z,BZ,RED SPOT GIFT BAG LARGE
22074,2222.94,2160,87,24.82758620689655,47.673601221306726,2.133618647330384,0.8946619931339074,B,Z,BZ,6 RIBBONS SHIMMERING PINKS
21125,2221.38,2131,90,23.677777777777777,40.578077819194725,1.8739504508968239,0.8947747550693825,B,Z,BZ,SET 6 FOOTBALL CELEBRATION CANDLES
22711,2220.84,5402,70,77.17142857142858,64.9106345384982,1.2336215678344347,0.8948874895933184,B,Y,BY,WRAP CIRCUS PARADE
23501,2220.37,1823,10,182.3,74.42826524020741,3.310618209191737,0.8950002002590628,B,Z,BZ,KEY RING BASEBALL BOOT UNION JACK
22453,2218.82,803,59,13.610169491525424,18.161172061858576,1.961672280670391,0.8951128322435369,B,Z,BZ,MEASURING TAPE BABUSHKA BLUE
22716,2216.45,5230,77,67.92207792207792,36.7995159556861,0.8613741901356973,0.8952253439218107,B,Y,BY,CARD CIRCUS PARADE
84913A,2211.54,608,76,8.0,5.959865770300536,1.0573086881558582,0.8953376063581254,B,Y,BY,SOFT PINK ROSE TOWEL
23403,2207.86,626,14,44.714285714285715,45.376084130178214,3.678617890298912,0.8954496819898761,B,Z,BZ,LETTER HOLDER HOME SWEET HOME
22514,2207.1200000000003,1084,72,15.055555555555555,33.04324477164922,2.7028909480145464,0.8955617200576655,B,Z,BZ,CHILDS GARDEN SPADE BLUE
22785,2207.11,412,38,10.842105263157896,23.029389349838567,3.7093986093666036,0.8956737576178339,B,Z,BZ,SQUARECUSHION COVER PINK UNION FLAG
85116,2206.24,1817,76,23.907894736842106,37.94142068384856,1.9415103672553744,0.8957857510149665,B,Z,BZ,BLACK CANDELABRA T-LIGHT HOLDER
22853,2205.57,645,54,11.944444444444445,9.858272393842388,1.4878027011642003,0.8958977104014857,B,Y,BY,CAT BOWL VINTAGE CREAM
17091J,2204.35,3964,81,48.93827160493827,57.77095846509135,1.4321689148562025,0.896009607858231,B,Y,BY,VANILLA INCENSE IN TIN
22920,2201.1400000000003,3481,49,71.04081632653062,225.74681237908922,4.702887868583806,0.8961213423686039,B,Z,BZ,HERB MARKER BASIL
23302,2194.62,1544,30,51.46666666666667,80.77330274776195,3.2742660259265954,0.8962327459100208,B,Z,BZ,KNEELING MAT HOUSEWORK  DESIGN
21611,2193.9900000000002,754,45,16.755555555555556,18.686596503614265,2.03020725949585,0.8963441174713084,B,Z,BZ,SET OF 12 LILY BOTANICAL T-LIGHTS
20770,2193.14,1046,77,13.584415584415584,23.929914470425075,2.118363052957726,0.8964554458848027,B,Z,BZ,ABSTRACT CIRCLE JOURNAL
85039B,2191.96,1657,78,21.243589743589745,28.92766881914309,1.6655286478997393,0.8965667143990076,B,Z,BZ,S/4 IVORY MINI ROSE CANDLE IN BOWL
23020,2191.84,180,26,6.923076923076923,5.2070957504011925,2.275039003871319,0.8966779768217592,B,Z,BZ,GLASS  SONGBIRD STORAGE JAR
23031,2182.0,1296,26,49.84615384615385,31.787660886189546,2.1363888975837826,0.8967887397453503,B,Z,BZ,DRAWER KNOB CRACKLE GLAZE PINK
23445,2177.84,2688,16,168.0,114.03274383556096,2.882279523863847,0.8968992914985647,B,Z,BZ,ICE CREAM BUBBLES
22069,2167.93,970,89,10.898876404494382,14.687691928200714,1.5056220147118717,0.8970093401992709,B,Z,BZ,BROWN  PIRATE TREASURE CHEST
85103,2166.9300000000003,319,47,6.787234042553192,11.403539058236657,2.7067054984826773,0.8971193381378673,B,Z,BZ,SILVER T-LIGHT SETTING
22948,2166.39,2157,56,38.517857142857146,31.20722006868898,1.433335590860196,0.8972293086649245,B,Y,BY,METAL DECORATION NAUGHTY CHILDREN
22182,2166.35,563,69,8.159420289855072,10.305086106335747,1.6960523606600926,0.8973392771614972,B,Z,BZ,CAKE STAND VICTORIAN FILIGREE SMALL
85216,2158.12,2855,56,50.982142857142854,58.9161163539635,1.8146628301057153,0.8974488278859063,B,Z,BZ,ASSORTED CAKES FRIDGE MAGNETS
22714,2157.91,5277,79,66.79746835443038,73.86393932068705,1.3805080749736027,0.8975583679502723,B,Y,BY,CARD BIRTHDAY COWBOY
23370,2157.85,1555,12,129.58333333333334,64.63809506268987,3.1053782101080736,0.8976679049689118,B,Z,BZ,SET 36 COLOURING PENCILS DOILY
22824,2153.9500000000003,61,31,1.967741935483871,1.3287555824339787,1.9583818164207396,0.8977772440153229,B,Z,BZ,3 TIER SWEETHEART GARDEN SHELF
22338,2152.75,6091,51,119.43137254901961,170.82590610349013,2.26479860325192,0.8978865221472023,B,Z,BZ,STAR DECORATION PAINTED ZINC
21359,2148.38,210,48,4.375,6.574046326759721,2.440679434045619,0.8979955784486618,B,Z,BZ,RELAX LARGE WOOD LETTERS
23005,2147.55,4783,28,170.82142857142858,145.27191708716416,2.303181070314023,0.8981045926175703,B,Z,BZ,TRAVEL CARD WALLET I LOVE LONDON
23161,2145.3,1715,29,59.13793103448276,47.19164888132147,2.1888649767303767,0.8982134925717317,B,Z,BZ,REGENCY CAKE FORK
21421,2144.48,1792,48,37.333333333333336,51.329694998630984,2.2753266946272057,0.898322350900963,B,Z,BZ,PORCELAIN ROSE LARGE
21905,2143.17,1616,89,18.15730337078652,39.87306532109241,2.395892567700226,0.8984311427318306,B,Z,BZ,MORE BUTTER METAL SIGN
22677,2143.03,1583,63,25.126984126984127,20.62686321084956,1.3212041895745525,0.8985399274560028,B,Y,BY,FRENCH BLUE METAL DOOR SIGN 2
21617,2142.51,838,69,12.144927536231885,16.943049383778067,1.843413950610977,0.8986486857838778,B,Z,BZ,4 LILY  BOTANICAL DINNER CANDLES
20764,2142.26,687,79,8.69620253164557,15.712443566493716,2.1353543110317874,0.8987574314212254,B,Z,BZ,ABSTRACT CIRCLES SKETCHBOOK
22708,2140.5,5325,70,76.07142857142857,116.36366301553666,1.9779861454870842,0.8988660877172597,B,Z,BZ,WRAP DOLLY GIRL
84670,2140.06,5223,46,113.54347826086956,125.2327089899687,1.9878182332067136,0.8989747216779657,B,Z,BZ,JAPANESE CROCHETED ANIMAL
23213,2139.67,1683,24,70.125,63.83423675903625,2.6027787119705583,0.899083335841449,B,Z,BZ,STAR WREATH DECORATION WITH BELL
23066,2137.81,259,24,10.791666666666666,12.28636277117551,2.952309981317466,0.8991918555874078,B,Z,BZ,SMALL DECO JEWELLERY STAND
21774,2134.81,1715,100,17.15,38.10468700458215,2.263344979217007,0.8993002230470373,B,Z,BZ,DECORATIVE CATS BATHROOM BOTTLE
22515,2131.84,1047,68,15.397058823529411,32.92467192047805,2.7239717499135163,0.8994084397432006,B,Z,BZ,CHILDS GARDEN SPADE PINK
21643,2127.94,1521,77,19.753246753246753,20.046102025709484,1.312851587814338,0.8995164584671359,B,Y,BY,ASSORTED TUTTI FRUTTI MIRROR
21195,2122.66,997,58,17.189655172413794,29.36727914004861,2.436481938662058,0.8996242091671313,B,Z,BZ,PINK  HONEYCOMB PAPER BALL
22023,2112.05,5059,100,50.59,47.06927947937031,0.9650286187436184,0.8997314212811417,B,Y,BY,EMPIRE BIRTHDAY CARD
23046,2111.49,349,21,16.61904761904762,52.799125173127806,7.180448870821806,0.8998386049683705,B,Z,BZ,PAPER LANTERN 9 POINT DELUXE STAR
22279,2110.87,1445,78,18.525641025641026,22.755461373284042,1.5229063605490267,0.8999457571830914,B,Z,BZ,POCKET BAG BLUE PAISLEY RED SPOT
22913,2107.85,450,46,9.782608695652174,18.34352812723303,3.006228924363382,0.9000527560962407,B,Z,BZ,RED COAT RACK PARIS FASHION
23251,2107.0,1713,26,65.88461538461539,54.88192921031616,2.380925908820465,0.9001597118615966,B,Z,BZ,VINTAGE RED ENAMEL TRIM MUG
23233,2105.5,5175,47,110.1063829787234,110.78518854905712,1.8453284247063058,0.9002665914837877,B,Z,BZ,WRAP POPPIES  DESIGN
84676,2102.46,848,30,28.266666666666666,48.05451884692214,3.4859511818981965,0.9003733167891652,B,Z,BZ,BATH DUCK WATERING CAN
40018F,2102.2799999999997,1093,36,30.36111111111111,58.93393530181682,3.531498015482321,0.9004800329573629,B,Z,BZ,CHERRY DESIGN PAPERLANTERNS
21291,2101.73,2439,75,32.52,34.013256557136984,1.3723619974557384,0.9005867212064002,B,Y,BY,SMALL POLKADOT CHOCOLATE GIFT BAG
22996,2099.97,4813,43,111.93023255813954,93.36140615622945,1.749904304091505,0.9006933201141241,B,Z,BZ,TRAVEL CARD WALLET VINTAGE TICKET
21070,2099.71,2047,93,22.010752688172044,55.12880069194004,2.6566914606231045,0.9007999058236995,B,Z,BZ,VINTAGE BILLBOARD MUG
21865,2098.2400000000002,902,93,9.698924731182796,10.115404681707387,1.149600585630622,0.9009064169129735,B,Y,BY,PINK UNION JACK  PASSPORT COVER
23152,2095.65,558,33,16.90909090909091,13.323765506519818,2.012202468674228,0.901012796528383,B,Z,BZ,IVORY SWEETHEART WIRE LETTER RACK
22859,2095.65,1256,32,39.25,36.27671429443411,2.2224987262671623,0.9011191761437926,B,Z,BZ,EASTER TIN BUNNY BOUQUET
23315,2094.24,213,25,8.52,7.036334272900911,2.4256585390390297,0.9012254841846272,B,Z,BZ,IVORY REFECTORY CLOCK
21619,2085.27,1138,58,19.620689655172413,36.186567046402054,2.605211493117758,0.9013313368893371,B,Z,BZ,4 VANILLA BOTANICAL CANDLES
22308,2085.05,677,88,7.693181818181818,11.645489437650284,1.6908812480279212,0.9014371784263828,B,Z,BZ,TEA COSY BLUE STRIPE
84854,2084.42,382,39,9.794871794871796,13.040785186199662,2.5044736705637316,0.9015429879832993,B,Z,BZ,GIRLY PINK TOOL SET
79323S,2084.32,334,17,19.647058823529413,40.77674149633372,5.469878794415968,0.901648792464005,B,Z,BZ,SILVER CHERRY LIGHTS
21640,2084.25,2266,80,28.325,30.404353036108226,1.333847734372241,0.9017545933913628,B,Y,BY,ASSORTED TUTTI FRUTTI  FOB NOTEBOOK
72799F,2082.7400000000002,1125,49,22.959183673469386,69.13873708700785,4.46954538522849,0.9018603176679347,B,Z,BZ,IVORY PILLAR CANDLE GOLD FLOCK
84797B,2077.82,344,12,28.666666666666668,49.127539644431124,5.567679367784695,0.9019657921949267,B,Z,BZ,BLUE SAVANNAH PICNIC HAMPER FOR 4
84990,2077.59,4276,45,95.02222222222223,156.63180463182508,2.7296779255592027,0.9020712550466332,B,Z,BZ,60 GOLD AND SILVER FAIRY CAKE CASES
22695,2071.6,1458,52,28.03846153846154,31.319956388458817,1.8567567011296364,0.902176413833302,B,Z,BZ,WICKER WREATH SMALL
23227,2070.06,1642,29,56.62068965517241,52.144999618579675,2.3501021373781494,0.9022814944463218,B,Z,BZ,FILIGREE HEART BUTTERFLY WHITE
85049H,2068.43,2067,90,22.966666666666665,26.62914260645761,1.3006872747500096,0.9023864923171026,B,Y,BY,URBAN BLACK RIBBONS
22935,2066.82,690,35,19.714285714285715,28.017401555389945,2.793106706619739,0.9024914084608865,B,Z,BZ,BAKING MOULD ROSE MILK CHOCOLATE
21200,2066.81,1422,71,20.028169014084508,42.71733399619474,2.652246599102001,0.9025963240970494,B,Z,BZ,MULTICOLOUR HONEYCOMB PAPER GARLAND
21058,2063.24,2405,94,25.585106382978722,31.709504553379873,1.3370713274865935,0.9027010585124802,B,Y,BY,PARTY INVITES WOODLAND
21077,2060.65,2793,39,71.61538461538461,124.59843189530609,3.0873441119595024,0.9028056614540466,B,Z,BZ,SET/20 WOODLAND PAPER NAPKINS
84509G,2060.37,804,73,11.013698630136986,20.908194267296874,2.342771225583158,0.9029102501822224,B,Z,BZ,SET OF 4 FAIRY CAKE PLACEMATS
23291,2060.28,1635,26,62.88461538461539,51.20806727309823,2.355936548160095,0.9030148343418083,B,Z,BZ,DOLLY GIRL CHILDRENS CUP
22400,2057.29,2461,71,34.66197183098591,52.78012170775007,1.9527616643912817,0.9031192667226858,B,Z,BZ,MAGNETS PACK OF 4 HOME SWEET HOME
23490,2055.27,548,9,60.888888888888886,28.919908559867736,3.587856692810237,0.9032235965641016,B,Z,BZ,T-LIGHT HOLDER HANGING LOVE BIRD
22903,2053.96,745,38,19.605263157894736,43.43590461114326,3.849314100484292,0.9033278599071535,B,Z,BZ,CALENDAR FAMILY FAVOURITES
84459A,2046.1599999999999,1266,70,18.085714285714285,31.54373217197791,2.222756674748155,0.9034317273057489,B,Z,BZ,PINK METAL CHICKEN HEART
23500,2044.58,1631,10,163.1,88.53555469100786,3.486840651159902,0.9035355145002109,B,Z,BZ,KEY RING BASEBALL BOOT ASSORTED
22928,2041.3500000000001,296,42,7.0476190476190474,8.817810084176452,2.2935183545502476,0.9036391377330582,B,Z,BZ,YELLOW GIANT GARDEN THERMOMETER
21348,2039.69,845,47,17.97872340425532,29.62555401184572,2.6633095998360705,0.9037426767008032,B,Z,BZ,PINK SPOTS CHOCOLATE NESTING BOXES
22201,2038.65,510,72,7.083333333333333,17.422464048495748,3.010270769184431,0.903846162875954,B,Z,BZ,FRYING PAN BLUE POLKADOT
85016,2033.33,1679,66,25.439393939393938,52.52548942777248,2.6817169099328644,0.9039493789966806,B,Z,BZ,SET OF 6 VINTAGE NOTELETS KIT
22832,2033.15,185,40,4.625,5.031630718992372,2.1448427963119263,0.9040525859802274,B,Z,BZ,BROCANTE SHELF WITH HOOKS
22261,2030.3,2112,66,32.0,65.7823918455621,2.670928659825446,0.9041556482917614,B,Z,BZ,FELT EGG COSY WHITE RABBIT
22799,2029.34,254,45,5.644444444444445,5.174920094049567,1.791801445781547,0.9042586618716699,B,Z,BZ,SWEETHEART WIRE FRUIT BOWL
47591C,2029.27,1055,35,30.142857142857142,38.410432756450625,2.5804156557254005,0.9043616718982308,B,Z,BZ,BLUE FAIRY CAKE CHILD'S APRON
21612,2025.7700000000002,698,33,21.151515151515152,20.79230809115659,2.259339120764497,0.9044645042574073,B,Z,BZ,SET 12 WILDFLOWER BOTANICAL T-LIGHT
21504,2025.18,4961,91,54.51648351648352,48.88179907522103,1.0254660598064604,0.9045673066669391,B,Y,BY,SKULLS GREETING CARD
22211,2023.9999999999998,1532,87,17.60919540229885,16.21753022363137,1.0943810580712674,0.9046700491771813,B,Y,BY,WOOD STAMP SET FLOWERS
35953,2020.9699999999998,3879,35,110.82857142857142,155.58910549231638,2.767736402737739,0.9047726378782307,B,Z,BZ,FOLKART STAR CHRISTMAS DECORATIONS
23268,2019.5900000000001,1448,20,72.4,101.08016620484949,3.7187379081728293,0.9048751565275687,B,Z,BZ,SET OF 2 CERAMIC CHRISTMAS REINDEER
21397,2017.74,2157,58,37.189655172413794,67.15377924246464,2.5571236152366583,0.9049775812670033,B,Z,BZ,BLUE  SPOTTY EGG CUP
21356,2015.4099999999999,1593,88,18.102272727272727,15.51050053864309,1.0196037288440944,0.9050798877307223,B,Y,BY,TOAST ITS - FAIRY FLOWER
23289,2013.7,1622,26,62.38461538461539,47.63450591583957,2.2896309256239387,0.9051821073912336,B,Z,BZ,DOLLY GIRL CHILDRENS BOWL
20686,2012.59,593,84,7.059523809523809,7.230043060872935,1.2333953548717917,0.9052842707058029,B,Y,BY,DOLLY MIXTURE CHILDREN'S UMBRELLA
23358,2012.13,595,16,37.1875,29.33080008000691,3.048092266358214,0.9053864106698016,B,Z,BZ,HOT STUFF HOT WATER BOTTLE
22520,2012.1299999999999,2295,57,40.26315789473684,43.404873951052615,1.705218779275889,0.9054885506338004,B,Z,BZ,CHILDS GARDEN TROWEL BLUE
23529,2011.9900000000002,637,10,63.7,97.96490301236571,5.615868674521142,0.9055906834911038,B,Z,BZ,WALL ART DOLLY GIRL
21389,2010.6399999999999,2302,84,27.404761904761905,25.290656900299208,1.131363417465778,0.9056927478195591,B,Y,BY,IVORY HANGING DECORATION  BIRD
37476,2010.6000000000001,209,45,4.644444444444445,11.475577932674629,3.886743381330221,0.90579481011753,B,Z,BZ,CONDIMENT TRAY 4 BOWLS AND 4 SPOONS
20703,2010.47,475,49,9.693877551020408,6.232321937664475,1.4077757942870766,0.9058968658164265,B,Y,BY,BLUE PADDED SOFT MOBILE
23274,2009.9499999999998,1183,24,49.291666666666664,42.9918891912403,2.5480273376158866,0.9059988951190259,B,Z,BZ,STAR T-LIGHT HOLDER WILLIE WINKIE
22496,2007.89,735,80,9.1875,14.261654128501808,1.8420979896495127,0.9061008198516792,B,Z,BZ,SET OF 2 ROUND TINS DUTCH CHEESE
79323G,2007.88,314,18,17.444444444444443,19.521397678451752,3.407536161182195,0.9062027440767113,B,Z,BZ,GOLD  CHERRY LIGHTS
22068,2003.31,1127,96,11.739583333333334,19.576701938067348,1.7505750861161806,0.9063044363189017,B,Z,BZ,BLACK PIRATE TREASURE CHEST
22932,2000.88,884,38,23.263157894736842,44.143919547333155,3.3663698698467748,0.9064060052091651,B,Z,BZ,BAKING MOULD TOFFEE CUP CHOCOLATE
22521,1998.1299999999999,2300,54,42.592592592592595,46.546596056773005,1.7842181493687541,0.9065074345036267,B,Z,BZ,CHILDS GARDEN TROWEL PINK
22405,1995.8799999999999,1644,71,23.154929577464788,27.276178977962196,1.57123370148675,0.9066087495833411,B,Z,BZ,MONEY BOX POCKET MONEY DESIGN
23357,1993.6000000000001,453,16,28.3125,19.19971787987174,2.8813748538322987,0.9067099489254453,B,Z,BZ,HOT WATER BOTTLE SEX BOMB
22719,1987.8300000000002,1467,51,28.764705882352942,22.90728114403289,1.5189242526822218,0.9068108553701759,B,Z,BZ,GUMBALL MONOCHROME COAT RACK
79160,1987.77,951,71,13.394366197183098,21.508456060176783,2.046609371549641,0.9069117587691798,B,Z,BZ,HEART SHAPE WIRELESS DOORBELL
21695,1987.5800000000002,642,61,10.524590163934427,9.57184509795447,1.4463788983479409,0.9070126525233829,B,Y,BY,SMALL SILVER FLOWER CANDLE POT
22559,1986.87,1583,72,21.98611111111111,27.678482543866863,1.6437381370222441,0.9071135102364882,B,Z,BZ,SEASIDE FLYING DISC
22343,1986.31,3300,80,41.25,66.46965615883248,1.906131809625386,0.9072143395228118,B,Z,BZ,PARTY PIZZA DISH RED RETROSPOT
85217,1985.75,2875,38,75.65789473684211,57.69129229146189,1.8128156086601555,0.9073151403823541,B,Z,BZ,ASSORTED ICE CREAM FRIDGE MAGNETS
20871,1984.3500000000001,1276,36,35.44444444444444,52.169199695082504,2.8237276357730203,0.9074158701749426,B,Z,BZ,OPULENT VELVET SET/3 CANDLES
17084R,1983.57,10697,47,227.59574468085106,444.17019160670077,3.075889367078085,0.9075165603730855,B,Z,BZ,ASSORTED INCENSE PACK
21657,1981.2800000000002,259,54,4.796296296296297,3.8134797145380976,1.4563254127276275,0.9076171343259969,B,Y,BY,MILK BOTTLE WITH GLASS STOPPER
23075,1981.0500000000002,477,31,15.387096774193548,12.68510259938757,2.135731308882957,0.9077176966036231,B,Z,BZ,PARLOUR CERAMIC WALL HOOK
23145,1979.4799999999998,2084,34,61.294117647058826,37.61409262961657,1.7823726962496298,0.9078181791847368,B,Z,BZ,ZINC T-LIGHT HOLDER STAR LARGE
22204,1978.04,538,72,7.472222222222222,17.25367666245247,2.8352762853498694,0.9079185886684125,B,Z,BZ,MILK PAN BLUE POLKADOT
21629,1977.27,179,62,2.8870967741935485,2.0890411849574533,1.241569052120158,0.9080189590652635,B,Y,BY,SQUARE FLOOR CUSHION VINTAGE RED
23068,1976.89,813,34,23.91176470588235,20.181551201844123,2.0429519382831987,0.9081193101725129,B,Z,BZ,ALUMINIUM STAMPED HEART
22599,1976.8799999999999,3119,35,89.11428571428571,75.54498910021273,2.0114249033948624,0.9082196607721411,B,Z,BZ,CHRISTMAS MUSICAL ZINC STAR
21630,1973.39,162,59,2.7457627118644066,2.8863126478855756,1.636303207775458,0.9083198342120062,B,Z,BZ,FLOOR CUSHION ELEPHANT CARNIVAL
21803,1969.62,4536,59,76.88135593220339,87.29973826752303,1.7311874556393974,0.9084198162787174,B,Z,BZ,CHRISTMAS TREE STAR DECORATION
22931,1968.4,815,41,19.878048780487806,32.93872729929863,2.8864547566418026,0.9085197364156544,B,Z,BZ,BAKING MOULD HEART WHITE CHOCOLATE
21082,1963.85,7187,65,110.56923076923077,535.8506662666955,6.131910629610535,0.908619425584992,B,Z,BZ,SET/20 FRUIT SALAD PAPER NAPKINS
23374,1962.83,2456,19,129.26315789473685,94.45036445154268,2.691144712724708,0.9087190629769775,B,Z,BZ,RED SPOT PAPER GIFT BAG
23228,1960.0,1492,28,53.285714285714285,36.849902902386916,2.104087992541784,0.9088185567121921,B,Z,BZ,FILIGREE HEART BIRD WHITE
22262,1958.87,2039,84,24.273809523809526,26.177959638880342,1.2887632336816905,0.9089179930862229,B,Y,BY,FELT EGG COSY CHICKEN
22098,1958.68,2871,92,31.206521739130434,62.81361545612425,2.158846844269449,0.9090174198154528,B,Z,BZ,BOUDOIR SQUARE TISSUE BOX
22438,1958.46,1483,64,23.171875,66.76553494690229,3.7289333970613487,0.9091168353770185,B,Z,BZ,BALLOON ART MAKE YOUR OWN FLOWERS
21647,1958.0800000000002,876,52,16.846153846153847,17.71050935969344,1.7798850128806543,0.9092162316489824,B,Z,BZ,ASSORTED TUTTI FRUTTI LARGE PURSE
20846,1958.06,1454,78,18.641025641025642,17.52695464689,1.2234971578792375,0.909315626905704,B,Y,BY,ZINC HEART LATTICE T-LIGHT HOLDER
23235,1957.69,739,25,29.56,45.85128133433133,3.573313276444014,0.9094150033804452,B,Z,BZ,STORAGE TIN VINTAGE LEAF
22614,1955.85,5731,78,73.47435897435898,50.015770073820285,0.9712154044980474,0.9095142864529044,B,Y,BY,PACK OF 12 SPACEBOY TISSUES
35971,1955.24,1969,88,22.375,52.64046616587775,2.5785237453512204,0.9096135385604764,B,Z,BZ,ROSE FOLKART HEART DECORATIONS
22802,1953.54,111,28,3.9642857142857144,3.834368390280328,2.4627242957551805,0.9097127043724619,B,Z,BZ,FAUX FUR CHOCOLATE THROW
20984,1953.04,5899,73,80.8082191780822,164.25933573453688,2.4961074510135135,0.9098118448033924,B,Z,BZ,12 PENCILS TALL TUBE POSY
21692,1940.37,511,48,10.645833333333334,9.411377413678352,1.6806872455577357,0.9099103420783917,B,Z,BZ,SILVER LATTICE VANILLA CANDLE POT
46775D,1938.19,153,56,2.732142857142857,4.457847305303604,2.39018276343381,0.9100087286919918,B,Z,BZ,SUNSET COLOUR CHUNKY KNITTED THROW
22753,1929.6599999999999,2349,65,36.13846153846154,41.21395278114141,1.6275659833958138,0.9101066823047951,B,Z,BZ,SMALL YELLOW BABUSHKA NOTEBOOK
21538,1928.26,1309,27,48.48148148148148,230.1470049221668,9.297242558527811,0.9102045648506448,B,Z,BZ,DAIRY MAID  PUDDING BOWL
21991,1927.54,1103,76,14.513157894736842,23.52558517645707,1.979079251706991,0.9103024108477753,B,Z,BZ,BOHEMIAN COLLAGE STATIONERY SET
84581,1927.52,508,88,5.7727272727272725,4.165339391526694,0.8888923333335483,0.9104002558296637,B,Y,BY,DOG TOY WITH PINK CROCHET SKIRT
20716,1926.29,1534,73,21.013698630136986,16.203988835644527,1.1225781244153004,0.9104980383741569,B,Y,BY,PARTY FOOD SHOPPER BAG
21043,1924.93,679,49,13.857142857142858,21.47382127149241,2.472925090638101,0.9105957518821809,B,Z,BZ,APRON MODERN VINTAGE COTTON
23094,1924.92,152,29,5.241379310344827,4.997536338850182,2.3945922454899633,0.9106934648825838,B,Z,BZ,LE GRAND TRAY CHIC SET
21802,1917.62,4378,65,67.35384615384615,81.03826850037248,1.6972221902289415,0.9107908073195852,B,Z,BZ,CHRISTMAS TREE HEART DECORATION
85232A,1915.17,378,62,6.096774193548387,6.495167629733623,1.5970336574090902,0.9108880253894176,B,Z,BZ,SET/3 POLKA DOT STACKING TINS
23155,1914.73,2233,37,60.351351351351354,59.59456361122223,2.1160093545167795,0.9109852211239216,B,Z,BZ,KNICKERBOCKERGLORY MAGNET ASSORTED
20684,1913.31,581,68,8.544117647058824,11.67269274530308,1.8280993094247997,0.9110823447762295,B,Z,BZ,STRAWBERRY DREAM CHILDS UMBRELLA
22522,1911.76,2246,73,30.767123287671232,41.42849279446091,1.7240463738031557,0.9111793897472675,B,Z,BZ,CHILDS GARDEN FORK BLUE
40001,1911.6499999999999,2484,70,35.48571428571429,47.59239461137378,1.7663375514723243,0.9112764291344732,B,Z,BZ,WHITE BAMBOO RIBS LAMPSHADE
21659,1906.6499999999999,121,30,4.033333333333333,3.6717310897453124,2.289942314462382,0.9113732147111299,B,Z,BZ,GLASS CAKE STAND
22513,1905.95,588,65,9.046153846153846,16.366343865948238,2.399287999651345,0.9114699647543097,B,Z,BZ,DOORSTOP FOOTBALL DESIGN
22565,1905.59,2090,81,25.80246913580247,27.830926930793385,1.3263748200372563,0.9115666965231302,B,Y,BY,FELTCRAFT HAIRBANDS PINK AND WHITE
85162B,1905.15,977,11,88.81818181818181,87.07791704194375,4.088529257149277,0.9116634059566221,B,Z,BZ,BLACK RETRODISC LAMPSHADE
84763,1903.0,1517,68,22.308823529411764,23.695365976167427,1.493141015654816,0.911760006251578,B,Y,BY,ZINC FINISH 15CM PLANTER POTS
21773,1901.9,1644,97,16.948453608247423,40.811653547633874,2.494978113939575,0.9118565507082131,B,Z,BZ,DECORATIVE ROSE BATHROOM BOTTLE
22210,1901.73,1589,81,19.617283950617285,30.453065486595335,1.827522788775732,0.9119530865352897,B,Z,BZ,WOOD STAMP SET BEST WISHES
84519B,1899.57,869,87,9.988505747126437,12.877323003685419,1.4694934635785852,0.9120495127162092,B,Y,BY,CARROT CHARLIE+LOLA COASTER SET
23491,1897.76,228,8,28.5,17.345234009869767,4.026573779144244,0.9121458470177098,B,Z,BZ,VINTAGE JINGLE BELLS HEART
22985,1895.24,4722,58,81.41379310344827,114.93141119857874,2.074833789919494,0.9122420533986937,B,Z,BZ,"WRAP, BILLBOARD FONTS DESIGN"
16169E,1892.46,4563,21,217.28571428571428,154.12175150092955,2.5150228908441132,0.9123381186610123,B,Z,BZ,WRAP 50'S  CHRISTMAS
21445,1892.23,1523,61,24.9672131147541,60.527395233650125,3.249714912213787,0.9124341722480458,B,Z,BZ,12 PINK ROSE PEG PLACE SETTINGS
23434,1892.0700000000002,2105,14,150.35714285714286,97.06588336941931,3.0501407678475987,0.9125302177131416,B,Z,BZ,3 RAFFIA RIBBONS 50'S CHRISTMAS
21581,1890.74,1172,74,15.837837837837839,44.400119408400144,3.361764349180928,0.9126261956646313,B,Z,BZ,SKULLS  DESIGN  COTTON TOTE BAG
22523,1889.09,2191,76,28.82894736842105,37.844731260910365,1.6418134308215335,0.9127220898586399,B,Z,BZ,CHILDS GARDEN FORK PINK
23394,1888.9,438,15,29.2,13.816139630363987,2.7169947412710567,0.9128179744078476,B,Z,BZ,POSTE FRANCE CUSHION COVER
85185B,1887.7100000000003,608,80,7.6,6.194321613636522,1.073679373054118,0.9129137985501448,B,Y,BY,PINK HORSE SOCK PUPPET
85231B,1886.97,2061,90,22.9,29.94828876580429,1.4525654034080477,0.9130095851284805,B,Y,BY,CINAMMON SET OF 9 T-LIGHTS
21687,1886.23,481,37,13.0,15.473992517913546,2.384454061647584,0.9131053341428551,B,Z,BZ,SILVER PLATE CANDLE BOWL LARGE
22858,1882.29,1138,23,49.47826086956522,45.84446984118983,2.6897795497191113,0.913200883154517,B,Z,BZ,EASTER TIN KEEPSAKE
84856S,1877.21,467,22,21.227272727272727,45.2084398127499,4.918785229926739,0.9132961742946611,B,Z,BZ,SMALL TAHITI BEACH BAG
85039A,1877.12,1514,81,18.691358024691358,34.655678457977366,2.1548287748105426,0.9133914608662155,B,Z,BZ,SET/4 RED MINI ROSE CANDLE IN BOWL
22678,1876.78,1401,64,21.890625,18.9193083429232,1.3490127986635465,0.9134867301786525,B,Y,BY,FRENCH BLUE METAL DOOR SIGN 3
21983,1875.8899999999999,6121,101,60.603960396039604,72.36851238044358,1.2179682896834294,0.9135819543128118,B,Y,BY,PACK OF 12 BLUE PAISLEY TISSUES
21841,1874.47,441,55,8.018181818181818,8.96596632764992,1.7922828476716997,0.913677106364775,B,Z,BZ,BABY MOUSE RED GINGHAM DRESS
21085,1873.3300000000002,13732,23,597.0434782608696,2658.4294317281133,9.448420100708878,0.913772200547933,B,Z,BZ,SET/6 WOODLAND PAPER CUPS
23359,1872.31,993,19,52.26315789473684,34.613488227155926,2.5977389794067762,0.913867242953739,B,Z,BZ,SET OF 12 T-LIGHTS VINTAGE DOILY
21241,1871.62,2216,44,50.36363636363637,42.033259759436085,1.7241253261692067,0.9139622503336894,B,Z,BZ,GREEN SPOTTY CUP
23090,1870.86,2238,28,79.92857142857143,69.22851509015126,2.3240390871509082,0.9140572191344363,B,Z,BZ,VINTAGE GLASS T-LIGHT HOLDER
16016,1870.7,2314,69,33.53623188405797,52.2611034388992,2.0284148735133187,0.9141521798132456,B,Z,BZ,LARGE CHINESE STYLE SCISSOR
21091,1868.7,13700,14,978.5714285714286,3454.1900912968276,9.611193356312791,0.9142470389678353,B,Z,BZ,SET/6 WOODLAND PAPER PLATES
23525,1867.57,583,11,53.0,96.79462795010889,6.092834656716977,0.9143418407612409,B,Z,BZ,WALL ART BUFFALO BILL
22535,1865.85,4462,84,53.11904761904762,54.785981137536666,1.2407402872500852,0.9144365552438178,B,Y,BY,MAGIC DRAWING SLATE BUNNIES
21394,1864.6299999999999,4005,53,75.56603773584905,93.80554958037116,1.9821874609900907,0.9145312077966206,B,Z,BZ,RED POLKADOT BEAKER
21613,1861.4500000000003,632,72,8.777777777777779,8.234626687489612,1.3030752577589033,0.9146256989259142,B,Y,BY,S/12 VANILLA  BOTANICAL T-LIGHTS
21287,1860.0,4107,58,70.8103448275862,118.12993988877088,2.3869275120111406,0.9147201164501486,B,Z,BZ,SCENTED VELVET LOUNGE CANDLE
21677,1859.3799999999999,2125,86,24.709302325581394,20.941299627667792,1.0333465103152102,0.9148145025018749,B,Y,BY,HEARTS  STICKERS
22686,1857.39,1406,65,21.630769230769232,27.07603254654453,1.7516803429174017,0.9149087875370028,B,Z,BZ,FRENCH BLUE METAL DOOR SIGN No
20772,1851.28,971,68,14.279411764705882,28.233485775791124,2.5338790038719683,0.9150027624156398,B,Z,BZ,GARDEN PATH JOURNAL
85164B,1851.22,141,29,4.862068965517241,3.8519395664580873,2.181620691044984,0.9150967342485501,B,Z,BZ,BLACK BAROQUE CUCKOO CLOCK
22587,1850.54,2123,79,26.873417721518987,30.166787259402366,1.3979809594483603,0.9151906715632258,B,Y,BY,FELTCRAFT HAIRBAND RED AND BLUE
21547,1848.47,719,53,13.566037735849056,36.3283685684439,3.842961605199416,0.9152845038003341,B,Z,BZ,CERAMIC BIRDHOUSE CRESTED TIT SMALL
21894,1844.89,1327,86,15.430232558139535,17.252137598279997,1.3051664135987786,0.9153781543090894,B,Y,BY,POTTING SHED SEED ENVELOPES
23378,1842.4199999999998,4003,15,266.8666666666667,188.7514869067892,3.0282906008380923,0.9154716794354336,B,Z,BZ,PACK OF 12 50'S CHRISTMAS TISSUES
85162C,1841.7,904,19,47.578947368421055,42.80227900146554,2.944543157033668,0.9155651680130585,B,Z,BZ,WHITE RETRODISC LAMPSHADE
21391,1839.64,1436,75,19.14666666666667,31.79057030567964,2.0392407422648895,0.9156585520207374,B,Z,BZ,FRENCH LAVENDER SCENT HEART
21357,1836.51,1395,54,25.833333333333332,33.737471469155416,2.037119973645981,0.9157517771430127,B,Z,BZ,TOAST ITS - DINOSAUR
22317,1836.49,590,76,7.7631578947368425,7.721603324099007,1.3055337110208578,0.9158450012500455,B,Y,BY,FIVE CATS HANGING DECORATION
21618,1826.24,700,64,10.9375,14.8878079446514,1.8943956012083516,0.9159377050454529,B,Z,BZ,4 WILDFLOWER BOTANICAL CANDLES
85173,1826.07,1018,74,13.756756756756756,22.766119269597894,2.0499727906059224,0.9160304002113017,B,Z,BZ,SET/6 FROG PRINCE T-LIGHT CANDLES
21529,1824.9400000000003,513,34,15.088235294117647,13.9422350433338,2.143319840993989,0.9161230380159665,B,Z,BZ,RETRO SPOT CERAMIC TOASTRACK
84327A,1824.47,961,35,27.457142857142856,34.557150326024605,2.558084857423463,0.9162156519624396,B,Z,BZ,PINK JUMPER LARRY THE LAMB
22680,1821.7,1357,65,20.876923076923077,18.41832281682063,1.3513618065028248,0.9163081252978685,B,Y,BY,FRENCH BLUE METAL DOOR SIGN 5
23148,1820.46,2144,34,63.05882352941177,39.91653502335774,1.8023401983159513,0.9164005356882813,B,Z,BZ,MINIATURE ANTIQUE ROSE HOOK IVORY
22586,1818.54,2091,78,26.807692307692307,26.272328879169898,1.2639326087110299,0.9164928486154432,B,Y,BY,FELTCRAFT HAIRBAND PINK AND BLUE
21088,1816.73,16615,59,281.6101694915254,1295.8492757308006,6.120013313152154,0.9165850696631865,B,Z,BZ,SET/6 FRUIT SALAD PAPER CUPS
22307,1815.81,1205,40,30.125,27.57292196414855,1.9296843666233923,0.9166772440097887,B,Z,BZ,GOLD MUG BONE CHINA TREE OF LIFE
21384,1815.29,1923,22,87.4090909090909,56.40724294163876,2.3677907323211382,0.9167693919600938,B,Z,BZ,IVORY HANGING DECORATION  BUTTERFLY
21761,1814.75,65,20,3.25,4.951076437981628,3.95785489686211,0.9168615124988596,B,Z,BZ,WOOD AND GLASS MEDICINE CABINET
23160,1809.48,1462,27,54.148148148148145,43.147959844544665,2.2819021096547805,0.9169533655213068,B,Z,BZ,REGENCY TEA SPOON
21161,1808.95,2362,67,35.25373134328358,132.4947504144269,4.706410858628958,0.9170451916398357,B,Z,BZ,KEEP OUT BOYS DOOR HANGER
21548,1802.67,691,38,18.18421052631579,42.38935056416621,4.027113119051467,0.9171366989723152,B,Z,BZ,CERAMIC BIRDHOUSE FINCH BLUE ROOF
90167,1801.1699999999998,2197,40,54.925,89.32579020009727,2.881820360818557,0.91722813016163,B,Z,BZ,BEADED LOVE HEART JEWELLERY SET
21280,1800.44,3333,48,69.4375,254.19609671493066,5.440411001789568,0.9173195242946046,B,Z,BZ,VINTAGE KITCHEN PRINT VEGETABLES
22770,1799.62,112,42,2.6666666666666665,1.6916821858393434,1.5649215928719034,0.9174108768026491,B,Z,BZ,MIRROR CORNICE
79302M,1797.95,628,65,9.661538461538461,12.109238367715527,1.7534905753778844,0.9175021445379702,B,Z,BZ,"ART LIGHTS,FUNK MONKEY"
21158,1797.51,2594,90,28.822222222222223,60.29433009991281,2.2707530597846834,0.9175933899379631,B,Z,BZ,MOODY GIRL DOOR HANGER
22324,1797.06,664,72,9.222222222222221,13.651829802777586,1.88832121312008,0.9176846124950064,B,Z,BZ,BLUE POLKADOT KIDS BAG
84748,1796.1200000000001,1174,41,28.634146341463413,94.81844654326525,5.354661196579851,0.9177757873356667,B,Z,BZ,FOLK FELT HANGING MULTICOL GARLAND
22254,1793.46,1399,69,20.27536231884058,28.306039709891795,1.8445477011918374,0.9178668271491148,B,Z,BZ,FELT TOADSTOOL LARGE
22103,1790.34,1764,51,34.588235294117645,135.34092898611095,5.625770823688753,0.9179577085847803,B,Z,BZ,MIRROR MOSAIC T-LIGHT HOLDER ROUND
22922,1789.1999999999998,2073,42,49.357142857142854,48.134882351104835,1.94298419040977,0.9180485321516406,B,Z,BZ,FRIDGE MAGNETS US DINER ASSORTED
22533,1787.5600000000002,4529,72,62.90277777777778,91.74661366467888,1.864032032578706,0.9181392724686408,B,Z,BZ,MAGIC DRAWING SLATE BAKE A CAKE
23317,1787.41,174,25,6.96,4.41097117046424,2.1826675242622615,0.9182300051713247,B,Z,BZ,BLUE REFECTORY CLOCK
23057,1783.52,776,23,33.73913043478261,74.61977400084216,4.967703109515668,0.9183205404094013,B,Z,BZ,BEADED CHANDELIER T-LIGHT HOLDER
20729,1778.12,5262,24,219.25,855.8171406678354,8.161297302821701,0.9184108015320851,B,Z,BZ,RED SPOTTY CANDY BAG
37343,1768.94,1116,50,22.32,25.821554040398585,1.9514442166369512,0.9185005966586008,B,Z,BZ,SPOTS DESIGN MUG W PINK INSIDE
21163,1766.34,2808,83,33.83132530120482,90.60202701618582,3.021802698383568,0.9185902598036311,B,Z,BZ,DO NOT TOUCH MY STUFF DOOR HANGER
84507B,1764.03,1349,57,23.666666666666668,70.08345365484264,4.0673934733643495,0.9186798056881877,B,Z,BZ,STRIPES DESIGN MONKEY DOLL
21205,1762.27,675,79,8.544303797468354,10.245446103281292,1.4782891531435194,0.9187692622314311,B,Y,BY,MULTICOLOUR 3D BALLS GARLAND
22422,1762.24,2745,73,37.602739726027394,65.48573630231485,2.1647808259266923,0.918858717251811,B,Z,BZ,TOOTHPASTE TUBE PEN
22546,1762.06,4378,68,64.38235294117646,98.1491447201982,2.0078647427528447,0.9189481631350113,B,Z,BZ,MINI JIGSAW PURDEY
21652,1761.59,903,29,31.137931034482758,15.990452816627432,1.8706541512241248,0.9190375851600199,B,Z,BZ,GLASS ETCHED T-LIGHT HOLDER MEDIUM
23096,1759.7899999999997,1047,30,34.9,35.45794011559864,2.4342928108074737,0.9191269158132309,B,Z,BZ,PETIT TRAY CHIC
22209,1759.7399999999998,1421,85,16.71764705882353,15.6840924602771,1.13480325503451,0.9192162439283363,B,Y,BY,WOOD STAMP SET HAPPY BIRTHDAY
22446,1755.28,619,57,10.859649122807017,13.032156104491289,1.8455525707797984,0.9193053456444322,B,Z,BZ,PIN CUSHION BABUSHKA PINK
20767,1754.3600000000001,817,81,10.08641975308642,17.572846618337195,2.0329998365809363,0.9193944006593869,B,Z,BZ,BLUE PAISLEY JOURNAL
23372,1752.79,1391,12,115.91666666666667,72.3570167902732,3.28057659422388,0.9194833759778294,B,Z,BZ,SET 36 COLOUR PENCILS DOLLY GIRL
23399,1752.35,1922,15,128.13333333333333,83.0300003154339,2.941182179551891,0.9195723289609435,B,Z,BZ,HOME SWEET HOME HANGING HEART
21000,1749.23,691,61,11.327868852459016,63.931661772936735,7.356601092029674,0.919661123566275,B,Z,BZ,ROSE DU SUD COSMETICS BAG
84535B,1748.41,2687,99,27.141414141414142,31.292892229741987,1.1970158774381259,0.9197498765466765,B,Y,BY,FAIRY CAKES NOTEBOOK A6 SIZE
21780,1745.85,203,4,50.75,22.969182252168522,5.384646571033728,0.919838499576077,B,Z,BZ,MA CAMPAGNE 4 DRAWER WALL SHELF
85060,1745.62,1448,28,51.714285714285715,64.61444463141702,2.8819556424661883,0.9199271109301921,B,Z,BZ,WOOD FAN WITH FLOWER DESIGN
23101,1744.61,2037,28,72.75,60.37329861110113,2.276163553149553,0.9200156710145763,B,Z,BZ,SILVER STARS TABLE DECORATION
21637,1741.72,1358,44,30.863636363636363,47.91154199393698,2.632516040468015,0.9201040843964631,B,Z,BZ,ASSORTED SANSKRIT MINI NOTEBOOK
21662,1741.0,270,56,4.821428571428571,7.186115761679583,2.215632203931902,0.9201924612296309,B,Z,BZ,VINTAGE GLASS COFFEE CADDY
21760,1740.0,15,10,1.5,1.0801234497346435,3.775358702604738,0.920280787300689,B,Z,BZ,FRENCH STYLE WALL DRESSER
84006,1739.77,1858,74,25.10810810810811,29.27038222886351,1.5131364244844223,0.9203691016964617,B,Z,BZ,MAGIC TREE -PAPER FLOWERS
47591B,1737.9,1067,58,18.396551724137932,20.414081530720203,1.7213367136290387,0.920457321167089,B,Z,BZ,SCOTTIES CHILDRENS APRON
84843,1737.01,281,68,4.132352941176471,5.552744142796817,1.8028590575523122,0.9205454954594389,B,Z,BZ,WHITE SOAP RACK WITH 2 BOTTLES
22035,1736.28,4095,94,43.56382978723404,28.58850002294828,0.760121539576147,0.9206336326954484,B,Y,BY,VINTAGE CARAVAN GREETING CARD
23244,1733.98,936,27,34.666666666666664,43.24260719386699,2.9365318614343985,0.9207216531786054,B,Z,BZ,ROUND STORAGE TIN VINTAGE LEAF
23181,1733.57,201,35,5.742857142857143,4.16810619390839,1.8686808236276062,0.9208096528492975,B,Z,BZ,BULL DOG BOTTLE TOP WALL CLOCK
21090,1731.43,3113,77,40.42857142857143,67.3930787816462,2.013718294150109,0.9208975438890744,B,Z,BZ,SET/6 COLLAGE PAPER PLATES
21275,1731.43,250,32,7.8125,17.38823758900289,4.224507545264892,0.9209854349288514,B,Z,BZ,ZINC TOP  2 DOOR WOODEN SHELF
37342,1731.4,1629,48,33.9375,41.083933936023875,2.0677899035402416,0.9210733244457651,B,Z,BZ,POLKADOT COFFEE CUP & SAUCER PINK
21927,1728.24,1260,66,19.09090909090909,18.25943572531728,1.4125878323048846,0.9211610535544117,B,Y,BY,BLUE/CREAM STRIPE CUSHION COVER
23122,1727.75,2253,25,90.12,129.7777972792984,3.382568070300516,0.9212487577896247,B,Z,BZ,PARTY CHARMS 50 PIECES
22516,1725.8000000000002,851,56,15.196428571428571,33.55181590688275,3.1222617943321844,0.9213363630387235,B,Z,BZ,CHILDS GARDEN RAKE BLUE
85127,1725.52,279,52,5.365384615384615,6.327744219545696,1.9308819577659637,0.9214239540744316,B,Z,BZ,SMALL SQUARE CUT GLASS CANDLESTICK
22026,1722.51,4041,99,40.81818181818182,40.940315850840776,1.047201643145746,0.9215113923161892,B,Y,BY,BANQUET BIRTHDAY  CARD
22319,1721.44,3023,75,40.306666666666665,71.21626244079393,2.1582027808005946,0.9215987762424893,B,Z,BZ,HAIRCLIPS FORTIES FABRIC ASSORTED
23073,1719.0,144,25,5.76,6.3919219853395175,2.842170314876544,0.9216860363092414,B,Z,BZ,GEORGIAN TRINKET BOX
21895,1718.63,555,36,15.416666666666666,42.35049333495757,4.804564220703515,0.9217732775940128,B,Z,BZ,POTTING SHED SOW 'N' GROW SET
10125,1718.33,2106,71,29.661971830985916,32.84898070259099,1.4953097898558045,0.9218605036501514,B,Y,BY,MINI FUNKY DESIGN TAPES
21281,1716.8,3680,41,89.7560975609756,334.6232045516124,5.994391774856943,0.921947652040262,B,Z,BZ,VINTAGE KITCHEN PRINT SEAFOOD
21283,1710.45,537,42,12.785714285714286,15.077904548540982,2.1995058174954947,0.9220344780909753,B,Z,BZ,NATURAL BARK CANDLE SMALL
35809A,1709.15,1148,70,16.4,24.46612565053621,1.9352130929966127,0.9221212381509458,B,Z,BZ,ENAMEL PINK TEA CONTAINER
22934,1707.47,589,25,23.56,24.351728206980845,2.7251638212716007,0.9222079129305718,B,Z,BZ,BAKING MOULD EASTER EGG WHITE CHOC
20990,1706.14,895,26,34.42307692307692,43.239956592876524,3.011433120692619,0.922294520196592,B,Z,BZ,SPRING FLOWER CHOPSTICKS SET/5
23214,1705.44,794,23,34.52173913043478,28.375516919948936,2.5384817560093764,0.9223810919291352,B,Z,BZ,JINGLE BELL HEART ANTIQUE GOLD
46776F,1704.6399999999999,494,70,7.057142857142857,19.08021641347637,3.3452836427956965,0.9224676230519906,B,Z,BZ,WOVEN ROSE GARDEN CUSHION COVER
22679,1704.43,1270,65,19.53846153846154,17.349420850453594,1.3572601535115694,0.9225541435148029,B,Y,BY,FRENCH BLUE METAL DOOR SIGN 4
84795A,1703.97,209,22,9.5,9.460443964212251,2.8639431349076108,0.9226406406270447,B,Z,BZ,PASTEL STRIPE HAMMOCK
22123,1700.93,656,75,8.746666666666666,13.278811951633582,1.8815002336140776,0.9227269834224726,B,Z,BZ,PING MICROWAVE APRON
21189,1700.53,798,58,13.758620689655173,15.039492274963512,1.7025477902866444,0.9228133059130568,B,Z,BZ,WHITE HONEYCOMB PAPER GARLAND
22706,1693.24,4222,54,78.18518518518519,82.00922039143124,1.7336705567090531,0.9228992583478602,B,Z,BZ,WRAP COWBOYS
21645,1692.1499999999999,999,45,22.2,27.871947448024766,2.2075045366845085,0.9229851554519641,B,Z,BZ,ASSORTED TUTTI FRUTTI ROUND BOX
20996,1688.6200000000001,6317,90,70.18888888888888,168.09473615968543,2.5902908342333753,0.9230708733658205,B,Z,BZ,JAZZ HEARTS ADDRESS BOOK
21576,1688.44,733,82,8.939024390243903,7.064687984644858,1.0250923695929588,0.9231565821424971,B,Y,BY,LETS GO SHOPPING COTTON TOTE BAG
22323,1687.21,637,43,14.813953488372093,17.70291315003791,2.1891098572545604,0.9232422284817786,B,Z,BZ,PINK POLKADOT KIDS BAG
21251,1686.88,596,71,8.394366197183098,14.495791382564843,2.18432405204538,0.9233278580695639,B,Z,BZ,DINOSAUR HEIGHT CHART STICKER SET
85221,1685.46,3558,18,197.66666666666666,222.26984130318078,3.4172353653985517,0.9234134155751532,B,Z,BZ,ASSORTED COLOUR SILK COIN PURSE
21278,1685.05,2770,49,56.53061224489796,238.83293516256785,6.18332584352006,0.9234989522682776,B,Z,BZ,VINTAGE KITCHEN PRINT PUDDINGS
17129F,1684.58,1580,81,19.506172839506174,22.52782915462014,1.4054737682999519,0.9235844651032102,B,Y,BY,BLUE GLASS GEMS IN BAG
70007,1684.58,1306,52,25.115384615384617,40.91869214082774,2.491320364260099,0.9236699779381429,B,Z,BZ,HI TEC ALPINE HAND WARMER
21446,1683.58,1269,92,13.793478260869565,15.074567800177874,1.210754551576589,0.9237554400109657,B,Y,BY,12 RED ROSE PEG PLACE SETTINGS
23368,1681.5,2382,12,198.5,114.76893783123154,3.212855645736833,0.9238407964986002,B,Z,BZ,SET 12 COLOUR PENCILS DOLLY GIRL
21382,1681.16,1244,56,22.214285714285715,29.7924421689396,2.0341706184440422,0.9239261357271173,B,Z,BZ,SET/4 SPRING FLOWER DECORATION
22975,1679.66,1245,49,25.408163265306122,18.896558733610448,1.5074674743284804,0.9240113988124699,B,Z,BZ,SPACEBOY CHILDRENS EGG CUP
21633,1675.86,176,43,4.093023255813954,6.3388971306355515,2.661711994901337,0.924096469001805,B,Z,BZ,SUNFLOWER DECORATIVE PARASOL
72816,1673.72,1346,40,33.65,73.39235969457897,3.695801802235743,0.9241814305602252,B,Z,BZ,SET/3 CHRISTMAS DECOUPAGE CANDLES
72817,1671.28,1553,42,36.976190476190474,47.66012194862656,2.3435242974593815,0.9242662682590976,B,Z,BZ,SET OF 2 CHRISTMAS DECOUPAGE CANDLE
85036C,1671.27,895,53,16.88679245283019,43.26246391208616,3.687596214848188,0.9243511054503488,B,Z,BZ,ROSE 1 WICK MORRIS BOXED CANDLE
22673,1671.25,1323,61,21.688524590163933,22.363318912605198,1.5772954236883134,0.9244359416263578,B,Z,BZ,FRENCH GARDEN SIGN BLUE METAL
22410,1671.21,1366,71,19.239436619718308,21.69889055013274,1.5171589624106347,0.9245207757718825,B,Z,BZ,MONEY BOX HOUSEKEEPING DESIGN
23366,1670.5500000000002,2253,12,187.75,100.51876803499297,3.1533870337065015,0.9246055764144147,B,Z,BZ,SET 12 COLOURING PENCILS DOILY
21284,1670.41,1548,62,24.967741935483872,47.08240691297755,2.558529712107414,0.9246903699502514,B,Z,BZ,RETROSPOT CANDLE  SMALL
23505,1660.04,1207,12,100.58333333333333,73.39984931038946,3.4492412589176826,0.9247746370830096,B,Z,BZ,PLAYING CARDS I LOVE LONDON
23270,1659.37,1183,27,43.81481481481482,41.29633717882815,2.4792919582703923,0.9248588702051542,B,Z,BZ,SET OF 2 CERAMIC PAINTED HEARTS
21294,1658.75,2250,69,32.608695652173914,44.20614057402125,1.7991996025668036,0.9249430718547906,B,Z,BZ,ETCHED GLASS COASTER
21162,1657.05,2405,88,27.329545454545453,58.292311669644846,2.344638301161761,0.9250271872088406,B,Z,BZ,TOXIC AREA  DOOR HANGER
37441,1652.4,706,26,27.153846153846153,41.777211307307056,3.4791122440122755,0.9251110665190797,B,Z,BZ,ASSORTED WHITE EMBOSSED CHINA MUGS
22025,1651.72,3994,93,42.946236559139784,47.05255285579923,1.202579764641528,0.9251949113110842,B,Y,BY,RING OF ROSES BIRTHDAY CARD
23483,1651.36,1340,10,134.0,50.173033925938086,3.2729529456790383,0.9252787378287293,B,Z,BZ,HANGING  BUTTERFLY T-LIGHT HOLDER
23273,1649.05,969,27,35.888888888888886,24.813664556408206,2.150577447865167,0.9253624470859007,B,Z,BZ,HEART T-LIGHT HOLDER WILLIE WINKIE
21426,1647.07,1028,69,14.898550724637682,36.46115778853543,3.0665453336161743,0.9254460558340947,B,Z,BZ,WOODLAND STORAGE BOX SMALL
21332,1644.17,270,32,8.4375,17.24947404527772,3.925415760004141,0.9255295173721703,B,Z,BZ,MOROCCAN BEATEN METAL MIRROR
21545,1643.0700000000002,698,30,23.266666666666666,50.41136525751348,4.265961817263818,0.9256129230719251,B,Z,BZ,CERAMIC BIRDHOUSE BUTTERFLY SMALL
48195,1642.97,271,25,10.84,25.89028131686998,5.093265581568622,0.9256963236954688,B,Z,BZ,DOOR MAT GREEN PAISLEY
23348,1642.1299999999999,750,24,31.25,34.0986420741992,2.8771034817059404,0.9257796816788403,B,Z,BZ,CHILDRENS TOY COOKING UTENSIL SET
21448,1641.82,956,80,11.95,15.33746963105532,1.5539356900847965,0.9258630239259579,B,Z,BZ,12 DAISY PEGS IN WOOD BOX
85180A,1636.42,629,37,17.0,30.763434283071987,3.281250766913903,0.9259460920576825,B,Z,BZ,RED HEARTS LIGHT CHAIN
21541,1636.24,1907,45,42.37777777777778,40.66900142329138,1.841819946194919,0.9260291510522272,B,Z,BZ,DINOSAURS WATER TRANSFER TATTOOS
23391,1632.32,390,14,27.857142857142858,23.23080561819434,3.350468776998381,0.9261120110593016,B,Z,BZ,I LOVE LONDON MINI BACKPACK
35241,1631.42,309,59,5.237288135593221,5.213837633051334,1.5748219253369,0.9261948253804773,B,Z,BZ,ENAMEL BLUE RIM BISCUIT BIN
21593,1630.56,1392,23,60.52173913043478,121.7735863153856,4.586026845196676,0.9262775960462383,B,Z,BZ,SWALLOW CIGAR BOX MATCHES
21837,1628.5900000000001,245,22,11.136363636363637,8.066954665532563,2.4688142359801852,0.9263602667106431,B,Z,BZ,CROSS STITCH ALPHABET CUSHION COVER
21793,1627.36,353,54,6.537037037037037,8.634535664964607,2.055195400540887,0.9264428749376529,B,Z,BZ,CLASSIC FRENCH STYLE BASKET BROWN
21656,1623.24,991,65,15.246153846153845,16.546365508426963,1.567017514574268,0.9265252740247701,B,Z,BZ,RIDGED GLASS POSY VASE
21286,1623.01,1006,49,20.53061224489796,38.75731223525026,2.9209412994396247,0.9266076614366023,B,Z,BZ,RETROSPOT CANDLE  LARGE
84619,1622.96,72,10,7.2,11.698053019389356,5.840207589748675,0.926690046310329,B,Z,BZ,BLUE GINGHAM ROSE QUILT
85160A,1622.7900000000002,8824,25,352.96,1194.1116809857722,6.990649809468365,0.9267724225544969,B,Z,BZ,WHITE BIRD GARDEN DESIGN MUG
21279,1621.83,3527,59,59.779661016949156,297.5294866752915,6.60966907425671,0.9268547500670393,B,Z,BZ,VINTAGE KITCHEN PRINT FRUITS
85131A,1620.48,2026,66,30.696969696969695,38.50073713458951,1.7369432527601658,0.9269370090507337,B,Z,BZ,BEADED PEARL HEART WHITE ON STICK
84919,1619.84,291,32,9.09375,28.933025415214004,5.8413250147335924,0.9270192355466776,B,Z,BZ,BLUE CUSHION COVER WITH FLOWER
21157,1619.0500000000002,690,64,10.78125,11.54902421494822,1.5686141350114966,0.927101421940555,B,Z,BZ,RED SPOTTY WASHBAG
23280,1614.99,2024,30,67.46666666666667,71.29720859909585,2.491808824676337,0.9271834022402664,B,Z,BZ,FOLDING BUTTERFLY MIRROR HOT PINK
23217,1613.82,1309,23,56.91304347826087,61.25350679644114,2.920915900107858,0.9272653231483095,B,Z,BZ,LAUREL HEART ANTIQUE SILVER
23287,1613.59,1891,26,72.73076923076923,60.213325895391435,2.3740646165642545,0.9273472323810672,B,Z,BZ,RED VINTAGE SPOT BEAKER
35471D,1613.57,2268,89,25.48314606741573,44.667232335742945,1.9283083119372206,0.9274291405985828,B,Z,BZ,SET OF 3 BIRD LIGHT PINK FEATHER
23462,1607.04,80,8,10.0,8.12403840463596,4.416729559300637,0.9275107173395213,B,Z,BZ,ROCOCO WALL MIRROR WHITE
82615,1606.92,583,33,17.666666666666668,31.135456744147284,3.4122562087707786,0.9275922879890067,B,Z,BZ,PINK MARSHMALLOW SCARF KNITTING KIT
35810A,1605.57,1206,77,15.662337662337663,20.829893997260655,1.6457688381935431,0.9276737901096439,B,Z,BZ,ENAMEL PINK COFFEE CONTAINER
21542,1605.0,1882,36,52.27777777777778,39.163839816932516,1.8614957399340633,0.9277552632958784,B,Z,BZ,WOODLAND WATER TRANSFER TATTOOS
22517,1604.1100000000001,813,60,13.55,32.04627215952011,3.2042136772973016,0.9278366913038353,B,Z,BZ,CHILDS GARDEN RAKE PINK
21550,1601.21,301,22,13.681818181818182,25.144129985491098,4.35517508569307,0.9279179721016737,B,Z,BZ,CERAMIC BIRDHOUSE CRESTED TIT LARGE
22260,1599.02,1562,72,21.694444444444443,41.37143291764067,2.3715936240635744,0.9279991417304916,B,Z,BZ,FELT EGG COSY BLUE RABBIT
21383,1597.5800000000002,2215,76,29.144736842105264,40.019230026698715,1.7072125372999485,0.9280802382618714,B,Z,BZ,PACK OF 12 STICKY BUNNIES
20802,1596.81,1051,72,14.597222222222221,24.88263137788988,2.140861189970405,0.9281612957064265,B,Z,BZ,SMALL GLASS SUNDAE DISH CLEAR
23226,1596.67,1247,28,44.535714285714285,36.84047908850941,2.272691014243923,0.9282423460442865,B,Z,BZ,FILIGREE HEART DAISY WHITE
84509C,1594.97,345,74,4.662162162162162,5.287040312028504,1.4793147706679046,0.9283233100865597,B,Y,BY,SET OF 4 POLKADOT PLACEMATS
84913B,1593.29,420,67,6.268656716417911,4.440113599257373,1.1486361823332398,0.9284041888484883,B,Y,BY,MINT GREEN ROSE TOWEL
21694,1593.16,556,47,11.829787234042554,18.705171511057962,2.57436370408835,0.9284850610113429,B,Z,BZ,SMALL REGAL  SILVER CANDLEPOT
22099,1592.02,2131,91,23.417582417582416,42.938733080224885,1.9857153473632685,0.9285658753053921,B,Z,BZ,CARAVAN SQUARE TISSUE BOX
35160,1590.64,2180,35,62.285714285714285,89.33597240969932,2.8123993496378286,0.9286466195477299,B,Z,BZ,BUDDHA INCENSE HOLDER ASSORTED
22106,1589.98,509,51,9.980392156862745,34.37469429454082,4.975483449752745,0.9287273302870752,B,Z,BZ,MIRROR MOSAIC HURRICANE LAMP
21675,1587.04,1794,88,20.386363636363637,15.495221227131383,0.9256443219145499,0.9288078917858177,B,Y,BY,BUTTERFLIES STICKERS
85170A,1585.06,848,43,19.72093023255814,34.1971354839048,2.9192587949190725,0.9288883527755827,B,Z,BZ,SET/6 IVORY BIRD T-LIGHT CANDLES
21867,1582.8700000000001,1160,92,12.608695652173912,15.498285280366636,1.3490032432493502,0.9289687025963274,B,Y,BY,PINK UNION JACK  LUGGAGE TAG
85222,1581.78,1407,22,63.95454545454545,97.58292067224882,3.772619770282874,0.9290489970863723,B,Z,BZ,ASSORTED COLOUR SILK COSMETIC PURSE
23369,1581.06,1105,12,92.08333333333333,54.005821796161825,3.224795801051209,0.929129255027698,B,Z,BZ,SET 36 COLOUR PENCILS LOVE LONDON
22608,1580.65,5771,56,103.05357142857143,130.58698524081836,1.9457568025870269,0.9292094921565589,B,Z,BZ,PENS ASSORTED FUNKY JEWELED
21099,1580.34,13388,18,743.7777777777778,3049.078868726163,9.822512641581795,0.9292897135491657,B,Z,BZ,SET/6 STRAWBERRY PAPER CUPS
22705,1578.36,3758,64,58.71875,35.649292052010296,1.102091809325754,0.929369834432795,B,Y,BY,WRAP GREEN PEARS
21282,1577.53,369,38,9.710526315789474,13.075473005214745,2.5629106123818075,0.9294499131838733,B,Z,BZ,NATURAL BARK CANDLE LARGE
85036B,1575.1,608,43,14.13953488372093,18.946769287801622,2.379151496249296,0.9295298685830248,B,Z,BZ,CHOCOLATE 1 WICK MORRIS BOX CANDLE
79323B,1572.45,243,20,12.15,11.27304656902332,2.9073396932343347,0.9296096894625853,B,Z,BZ,BLACK CHERRY LIGHTS
21631,1571.75,221,33,6.696969696969697,11.977804599771321,3.453597492490752,0.9296894748086688,B,Z,BZ,HIPPY CHIC DECORATIVE PARASOL
21092,1571.5,12846,13,988.1538461538462,3453.331913919122,9.858467352211656,0.929769247464225,B,Z,BZ,SET/6 STRAWBERRY PAPER PLATES
21289,1570.56,1430,65,22.0,35.017406385967526,2.142720790019002,0.9298489724033978,B,Z,BZ,LARGE STRIPES CHOCOLATE GIFT BAG
72803A,1570.5,728,63,11.555555555555555,51.000878480029805,5.683018854156943,0.9299286942968441,B,Z,BZ,ROSE SCENT CANDLE JEWELLED DRAWER
84536B,1567.97,3512,101,34.772277227722775,44.93481527459945,1.3161364758423184,0.9300082877621526,B,Y,BY,FAIRY CAKES NOTEBOOK A7 SIZE
21925,1567.33,1205,63,19.126984126984127,21.839954554699897,1.6640109233695237,0.9300878487397107,B,Z,BZ,UNION STRIPE CUSHION COVER
15059A,1567.0,509,1,509.0,0.0,10.148891565092221,0.9301673929657728,B,Z,BZ,ENGLISH ROSE EDWARDIAN PARASOL
84789,1565.89,447,55,8.127272727272727,8.673191017396217,1.733558476044382,0.9302468808458929,B,Z,BZ,ENCHANTED BIRD PLANT CAGE
21579,1565.35,1031,70,14.728571428571428,42.70930436203601,3.577712208678772,0.9303263413144739,B,Z,BZ,LOLITA  DESIGN  COTTON TOTE BAG
21610,1564.3200000000002,549,43,12.767441860465116,16.253698786814393,2.29068231256874,0.9304057494980816,B,Z,BZ,SET 12 PEAR BOTANICAL T-LIGHTS
85194L,1562.33,1820,38,47.89473684210526,46.34464864509153,2.057173381946912,0.9304850566650907,B,Z,BZ,HANGING SPRING FLOWER EGG LARGE
21972,1562.27,1056,85,12.423529411764706,13.185829759350641,1.2592062267141855,0.9305643607863734,B,Y,BY,SET OF 36 DINOSAUR PAPER DOILIES
22681,1562.02,1169,64,18.265625,16.191553929465623,1.3718459685412283,0.9306436522171285,B,Y,BY,FRENCH BLUE METAL DOOR SIGN 6
21711,1560.6100000000001,383,48,7.979166666666667,16.08420605429945,3.1284461940668966,0.930722872073309,B,Z,BZ,FOLDING UMBRELLA WHITE/RED POLKADOT
21276,1558.94,677,9,75.22222222222223,97.69311359786035,5.2802065694824964,0.930802007156766,B,Z,BZ,TWO EMBOSSED HEART MINI DRAWERS
23524,1557.63,481,11,43.72727272727273,64.16866978376738,5.192669267917637,0.9308810757418591,B,Z,BZ,WALL ART HORSE & PONY
20766,1555.97,520,71,7.323943661971831,14.929141825768943,2.5427120590787733,0.93096006006185,B,Z,BZ,GARDEN PATH SKETCHBOOK
21399,1555.1200000000001,2390,53,45.094339622641506,90.38215109508484,2.9489491068971363,0.9310390012340475,B,Z,BZ,BLUE POLKADOT COFFEE MUG
22786,1555.05,249,37,6.72972972972973,7.6181386201641175,2.3055112252963728,0.9311179388528974,B,Z,BZ,CUSHION COVER PINK UNION JACK
22982,1545.02,1155,40,28.875,25.256821876119947,1.8813577891182638,0.9311963673277859,B,Z,BZ,PANTRY PASTRY BRUSH
16033,1544.52,15121,36,420.02777777777777,630.7356469625023,2.8674487831461217,0.9312747704216195,B,Z,BZ,MINI HIGHLIGHTER PENS
75131,1543.03,1217,46,26.456521739130434,65.73032667962809,3.8617184668171736,0.9313530978799096,B,Z,BZ,METAL TUBE CHIME ON BAMBOO
20735,1540.29,1515,68,22.279411764705884,39.667967297298716,2.303582985318546,0.9314312862500188,B,Z,BZ,BLACK MINI TAPE MEASURE
84795D,1538.79,189,22,8.590909090909092,7.493864734435007,2.6759674454797424,0.9315093984769631,B,Z,BZ,SEASIDE STRIPE HAMMOCK
22322,1538.41,1629,85,19.16470588235294,23.657198169058063,1.437353536155402,0.931587491414306,B,Y,BY,BIRD DECORATION GREEN POLKADOT
21146,1537.07,801,17,47.11764705882353,43.47108572508452,3.1652327776865294,0.9316655163304215,B,Z,BZ,ANTIQUE GLASS RIDGED HANGING BALL
20768,1536.74,768,70,10.971428571428572,22.115619392592478,2.536982320962249,0.9317435244950408,B,Z,BZ,GREEN FERN JOURNAL
22340,1535.9199999999998,1824,36,50.666666666666664,59.89276130838231,2.411127116514469,0.9318214910347302,B,Z,BZ,NOEL GARLAND PAINTED ZINC
20986,1532.2,1218,78,15.615384615384615,31.244420081252684,2.3670433434520266,0.931899268739371,B,Z,BZ,BLUE CALCULATOR RULER
23267,1531.95,1202,23,52.26086956521739,40.68863744820297,2.478608847226115,0.9319770337534844,B,Z,BZ,SET OF 4 SANTA PLACE SETTINGS
72008,1531.82,3820,47,81.27659574468085,82.412457407756,1.854563780112774,0.9320547921685236,B,Z,BZ,FROSTED BOX 9 WHITE T-LIGHT CANDLES
23250,1531.03,1179,26,45.34615384615385,32.293581167398955,2.2250044092706336,0.932132510481496,B,Z,BZ,VINTAGE RED TRIM ENAMEL BOWL
22288,1528.49,1312,43,30.511627906976745,50.48874089151592,2.8084001613710705,0.9322100998587094,B,Z,BZ,HANGING METAL RABBIT DECORATION
20902,1525.22,206,59,3.4915254237288136,4.935350601932719,2.055479905888215,0.9322875232438238,B,Z,BZ,VINTAGE KEEPSAKE BOX PARIS DAYS
22337,1522.52,2473,36,68.69444444444444,93.25290326983911,2.6579491180329327,0.9323648095712417,B,Z,BZ,ANGEL DECORATION PAINTED ZINC
22682,1521.8600000000001,1166,64,18.21875,16.432129531876903,1.3878981304746227,0.9324420623956672,B,Y,BY,FRENCH BLUE METAL DOOR SIGN 7
21785,1519.73,2011,44,45.70454545454545,74.75030669469774,2.746348279791461,0.9325192070967988,B,Z,BZ,RAIN PONCHO
21661,1517.26,240,44,5.454545454545454,4.915351109816018,1.79984567239651,0.9325962264155193,B,Z,BZ,VINTAGE GLASS TEA CADDY
85159B,1516.5,660,61,10.819672131147541,12.355171922075538,1.7004833753452364,0.9326732071550362,B,Z,BZ,"WHITE TEA,COFFEE,SUGAR JARS"
85177,1515.6299999999999,1821,73,24.945205479452056,39.337178629467516,1.9796197991667899,0.9327501437315177,B,Z,BZ,BASKET OF FLOWERS SEWING KIT
21009,1509.99,1059,24,44.125,57.0875091035874,3.206929968813542,0.9328267940096997,B,Z,BZ,ETCHED GLASS STAR TREE DECORATION
22137,1508.28,606,32,18.9375,75.57091841229283,7.237893141346738,0.932903357484674,B,Z,BZ,BATHROOM SET LOVE HEART DESIGN
21634,1507.74,1771,46,38.5,57.9983716246509,2.5060201405870264,0.9329798935481091,B,Z,BZ,ASSORTED MINI MADRAS NOTEBOOK
21002,1507.22,417,57,7.315789473684211,6.074413242495237,1.435405552028035,0.933056403215247,B,Y,BY,ROSE DU SUD DRAWSTRING BAG
23528,1504.49,479,10,47.9,83.37125803696779,6.144551610131025,0.9331327743018251,B,Z,BZ,WALL ART SPACEBOY
84526,1503.6399999999999,538,25,21.52,89.32437144102012,8.48321843145904,0.9332091022406099,B,Z,BZ,GIANT BLACK SUNGLASSES
21066,1503.42,2291,71,32.267605633802816,76.45446034759681,2.927846790368583,0.9332854190117308,B,Z,BZ,VINTAGE RED MUG
84510B,1503.2,1188,26,45.69230769230769,46.32992055315374,2.6370902585399136,0.9333617246151873,B,Z,BZ,SET OF 4 FAIRY CAKES COASTERS
22683,1501.66,1131,65,17.4,16.965774370773648,1.4483565581773832,0.9334379520449948,B,Y,BY,FRENCH BLUE METAL DOOR SIGN 8
23271,1499.3799999999999,1734,21,82.57142857142857,73.51297261611138,2.773237137141218,0.9335140637371918,B,Z,BZ,CHRISTMAS TABLE SILVER CANDLE SPIKE
85125,1499.3100000000002,313,42,7.4523809523809526,9.047846748158642,2.244819923033445,0.9335901718760412,B,Z,BZ,SMALL ROUND CUT GLASS CANDLESTICK
22976,1496.51,1152,49,23.510204081632654,20.012623567159213,1.6214125286190935,0.9336661378809832,B,Z,BZ,CIRCUS PARADE CHILDRENS EGG CUP
21199,1495.6999999999998,1305,71,18.380281690140844,31.624748987002977,2.1771698159965203,0.9337420627686163,B,Z,BZ,PINK  HEART CONFETTI IN TUBE
22157,1493.9,1748,28,62.42857142857143,55.008705419757625,2.3441699421918365,0.9338178962844516,B,Z,BZ,ANGEL DECORATION WITH LACE PADDED
21849,1493.41,635,61,10.40983606557377,16.985657723680024,2.273701092807346,0.9338937049268531,B,Z,BZ,SILVER DIAMANTE PEN IN GIFT BOX
84856L,1492.28,238,37,6.4324324324324325,9.555511907156404,2.80106862697163,0.9339694562080707,B,Z,BZ,LARGE TAHITI BEACH BAG
23334,1491.75,2271,18,126.16666666666667,77.42035755992012,2.6139098484590972,0.93404518058537,B,Z,BZ,IVORY WICKER HEART SMALL
21051,1490.3600000000001,756,60,12.6,14.675241458470344,1.7451256266730084,0.9341208344033367,B,Z,BZ,RIBBONS PURSE
23559,1488.65,652,14,46.57142857142857,34.39524628539483,3.192348251279401,0.9341964014180955,B,Z,BZ,WOODLAND BUNNIES LOLLY MAKERS
23392,1485.43,667,14,47.642857142857146,47.78253163730789,3.6560956460229934,0.9342718049788609,B,Z,BZ,SPACEBOY ROCKET LOLLY MAKERS
21801,1482.78,3434,58,59.206896551724135,77.74762559034507,1.957488662384284,0.9343470740200353,B,Z,BZ,CHRISTMAS TREE DECORATION WITH BELL
21644,1482.72,1104,63,17.523809523809526,16.984677290805703,1.4754520060436418,0.934422340015483,B,Y,BY,ASSORTED TUTTI FRUTTI HEART BOX
85198,1479.7,3871,26,148.8846153846154,650.4241893978468,8.74094442539252,0.9344974527093591,B,Z,BZ,ASSORTED FARMYARD ANIMALS IN BUCKET
21851,1478.51,629,61,10.311475409836065,30.774741257296576,3.955024472356931,0.9345725049963247,B,Z,BZ,LILAC DIAMANTE PEN IN GIFT BOX
21392,1478.13,7545,36,209.58333333333334,847.2705209756125,6.913060906146823,0.9346475379936885,B,Z,BZ,RED SPOTTY PUDDING BOWL
79030G,1475.19,1763,50,35.26,68.60053251414664,2.9657678265433502,0.9347224217504495,B,Z,BZ,"TUMBLER, NEW ENGLAND"
84659A,1474.61,590,72,8.194444444444445,8.12167832667242,1.3578080245114736,0.9347972760651867,B,Y,BY,WHITE TRAVEL ALARM CLOCK
22915,1474.52,3281,49,66.95918367346938,79.51885499250933,2.013630586926369,0.934872125811334,B,Z,BZ,ASSORTED BOTTLE TOP  MAGNETS
21198,1473.95,1283,66,19.439393939393938,27.83640603895376,1.938530550892196,0.9349469466230789,B,Z,BZ,WHITE HEART CONFETTI IN TUBE
22815,1473.57,3445,62,55.564516129032256,39.51161728633369,1.2296075452509478,0.935021748145222,B,Y,BY,CARD PSYCHEDELIC APPLES
21869,1473.33,1267,22,57.59090909090909,69.59588048215626,3.212006427530788,0.9350965374844586,B,Z,BZ,POTTING SHED COFFEE MUG
21065,1473.21,611,54,11.314814814814815,21.979256150025996,2.8387684654423673,0.9351713207322422,B,Z,BZ,BOOM BOX SPEAKER GIRLS
84616,1472.62,72,17,4.235294117647059,6.657039617621953,4.398021440669951,0.9352460740303811,B,Z,BZ,SILVER ROCCOCO CHANDELIER
22912,1471.09,313,46,6.804347826086956,10.783978991937566,2.610798424129345,0.9353207496624918,B,Z,BZ,YELLOW COAT RACK PARIS FASHION
20734,1470.62,1592,58,27.448275862068964,58.63421323670573,2.972266232422676,0.935395401436411,B,Z,BZ,SILVER MINI TAPE MEASURE
21410,1466.78,314,48,6.541666666666667,5.9428424080169595,1.708087403678042,0.9354698582838286,B,Z,BZ,COUNTRY COTTAGE  DOORSTOP GREEN
23034,1466.07,991,25,39.64,36.18917886145895,2.547262703116188,0.9355442790901481,B,Z,BZ,DRAWER KNOB CERAMIC BLACK
22393,1464.47,836,61,13.704918032786885,30.67917005738317,3.0180125137211946,0.935618618677092,B,Z,BZ,PAPERWEIGHT VINTAGE COLLAGE
23365,1464.38,1859,12,154.91666666666666,115.68331248662784,3.4780335192847116,0.9356929536954459,B,Z,BZ,SET 12 COLOUR PENCILS LOVE LONDON
21317,1464.3,359,52,6.903846153846154,16.992800800182728,3.5893599622585013,0.9357672846528311,B,Z,BZ,GLASS SPHERE CANDLE STAND MEDIUM
23470,1460.5,232,11,21.09090909090909,16.046523271129765,3.6646753501663043,0.9358414227141991,B,Z,BZ,CARD HOLDER LOVE BIRD LARGE
22052,1460.5,3525,56,62.94642857142857,39.27081712827068,1.251829199311263,0.935915560775567,B,Y,BY,VINTAGE CARAVAN GIFT WRAP
22929,1459.75,23,12,1.9166666666666667,1.164500152881315,3.255647993308353,0.9359896607653526,B,Z,BZ,SCHOOL DESK AND CHAIR
85136C,1459.64,180,48,3.75,4.388088325106522,2.0178218301603352,0.9360637551713061,B,Z,BZ,RED SHARK HELICOPTER
22228,1458.3,1729,70,24.7,25.50836748194998,1.4309544521018003,0.9361377815560326,B,Y,BY,BUNNY WOODEN PAINTED WITH BIRD
21739,1457.75,496,62,8.0,7.236066316563505,1.423952414467581,0.9362117800215985,B,Y,BY,COSY SLIPPER SHOES SMALL GREEN
85098B,1456.94,366,44,8.318181818181818,7.932191483670526,1.8612233633428998,0.9362857373698557,B,Z,BZ,BLUE FLYING SINGING CANARY
23086,1455.18,1228,23,53.391304347826086,65.3144416234647,3.1613800067691065,0.9363596053767995,B,Z,BZ,ZINC  STAR T-LIGHT HOLDER
84637,1454.49,585,52,11.25,37.046803995412475,4.719243907442136,0.9364334383578874,B,Z,BZ,KITCHEN FLOWER POTS WALL PLAQUE
84596G,1454.0,2233,90,24.81111111111111,30.864289551811773,1.3870349039822123,0.9365072464655416,B,Y,BY,SMALL CHOCOLATES PINK BOWL
20733,1453.9,1929,81,23.814814814814813,68.63055280105048,3.2886986356584638,0.9365810494969848,B,Z,BZ,GOLD MINI TAPE MEASURE
22390,1453.62,815,50,16.3,24.449239377175907,2.3803601922580744,0.9366548383150374,B,Z,BZ,PAPERWEIGHT CHILDHOOD MEMORIES
85055,1450.44,361,52,6.9423076923076925,6.575096991869297,1.6611793657608283,0.9367284657095808,B,Z,BZ,FRENCH ENAMEL UTENSIL HOLDER
22249,1449.96,1654,61,27.114754098360656,27.943453831297553,1.5766922140293191,0.9368020687383114,B,Z,BZ,DECORATION WHITE CHICK MAGIC GARDEN
22287,1447.3,1347,47,28.659574468085108,46.67336853334853,2.6375176461860685,0.93687553673983,B,Z,BZ,"DECORATION , WOBBLY CHICKEN, METAL"
23249,1445.8999999999999,854,26,32.84615384615385,38.444445432537904,2.8755797433009223,0.9369489336743948,B,Z,BZ,VINTAGE RED ENAMEL TRIM PLATE
21159,1445.76,2106,87,24.20689655172414,56.00771083355179,2.5536509228037274,0.9370223235022643,B,Z,BZ,MOODY BOY  DOOR HANGER
35637A,1445.05,551,35,15.742857142857142,42.08139372072878,4.753546766743097,0.9370956772890359,B,Z,BZ,IVORY STRING CURTAIN WITH POLE
84313C,1442.3899999999999,548,44,12.454545454545455,33.402029283468686,4.240059220079481,0.9371688960485953,B,Z,BZ,ORANGE TV TRAY TABLE
21822,1442.34,1082,33,32.78787878787879,37.35033264222487,2.4732965561923046,0.9372421122700492,B,Z,BZ,GLITTER CHRISTMAS TREE WITH BELLS
22817,1439.94,3404,63,54.03174603174603,37.1930310216796,1.1918800227823079,0.9373152066624396,B,Y,BY,CARD SUKI BIRTHDAY
21807,1438.4099999999999,3263,42,77.69047619047619,88.13085838551507,2.141670799215078,0.937388223388802,B,Z,BZ,WHITE CHRISTMAS STAR DECORATION
20761,1437.46,462,72,6.416666666666667,12.901304661615853,2.4904796142474677,0.9374611918911602,B,Z,BZ,BLUE PAISLEY SKETCHBOOK
22093,1436.82,2355,76,30.986842105263158,54.41923518292716,2.1291891384462245,0.937534127905768,B,Z,BZ,MOTORING TISSUE BOX
22316,1435.3200000000002,1259,69,18.246376811594203,38.03883688652236,2.638744921890693,0.9376069877772111,B,Z,BZ,200 BENDY SKULL STRAWS
22396,1432.39,1902,74,25.7027027027027,38.757669936371364,1.8862322248045682,0.9376796989156725,B,Z,BZ,MAGNETS PACK OF 4 RETRO PHOTO
23527,1432.3100000000002,421,10,42.1,66.10505107613017,5.698866981527015,0.937752405993165,B,Z,BZ,WALL ART ANIMALS AND NATURE
35965,1429.53,631,72,8.76388888888889,9.430984378826933,1.447039846392499,0.9378249719519924,B,Y,BY,FOLKART HEART NAPKIN RINGS
15034,1428.0200000000002,10237,92,111.27173913043478,202.83767684675976,1.9611258184951077,0.9378974612600339,B,Z,BZ,PAPER POCKET TRAVELING FAN
21292,1427.11,2449,56,43.732142857142854,63.49044053210719,2.1683175559580485,0.9379699043745555,B,Z,BZ,SMALL STRIPES CHOCOLATE GIFT BAG
20801,1427.1,1094,45,24.31111111111111,40.862753779752126,2.7740427735393434,0.938042346981456,B,Z,BZ,LARGE PINK GLASS SUNDAE DISH
85167B,1426.34,692,34,20.352941176470587,30.466954132595003,2.9515166326298585,0.9381147510091532,B,Z,BZ,BLACK GRAND BAROQUE PHOTO FRAME
21532,1423.91,1389,36,38.583333333333336,190.11235399851623,8.371284195656287,0.9381870316849235,B,Z,BZ,DAIRY MAID SUGAR JAM BOWL
22545,1422.74,3455,77,44.87012987012987,72.0400748577431,1.9460249688999407,0.9382592529690251,B,Z,BZ,MINI JIGSAW BUNNIES
35004G,1419.51,359,50,7.18,10.225398550188842,2.283482144067639,0.9383313102915123,B,Z,BZ,SET OF 3 GOLD FLYING DUCKS
20840,1419.0900000000001,885,45,19.666666666666668,34.83858884523414,2.8986764225063046,0.9384033462939133,B,Z,BZ,FRENCH FLORAL CUSHION COVER
85071A,1418.64,1908,60,31.8,41.145380942231604,1.8938813952496594,0.9384753594533649,B,Z,BZ,BLUE CHARLIE+LOLA PERSONAL DOORSIGN
22819,1418.12,3351,62,54.04838709677419,40.68810895667984,1.2699275177219864,0.9385473462165194,B,Y,BY,"BIRTHDAY CARD, RETRO SPOT"
47503A,1416.84,2878,62,46.41935483870968,52.722766534509105,1.6752404922833122,0.9386192680041733,B,Z,BZ,ASS FLORAL PRINT MULTI SCREWDRIVER
21395,1415.6399999999999,2980,47,63.40425531914894,80.05559469748617,2.1599380065741687,0.9386911288772956,B,Z,BZ,BLUE POLKADOT BEAKER
23104,1405.42,118,24,4.916666666666667,7.033563427790612,3.439759416505142,0.9387624709616555,B,Z,BZ,IVORY CAFE HANGING LAMP
21828,1402.8700000000001,1110,81,13.703703703703704,26.952014973116782,2.277978477224808,0.9388336836026356,B,Z,BZ,EIGHT PIECE SNAKE  SET
23119,1402.32,2283,26,87.8076923076923,99.52729042057527,2.8180406444185415,0.9389048683244552,B,Z,BZ,PACK OF 6 LARGE FRUIT STRAWS
23055,1401.43,658,21,31.333333333333332,78.51772623639413,5.793943742642295,0.9389760078679971,B,Z,BZ,IVORY CHANDELIER T-LIGHT HOLDER
21358,1399.96,1130,87,12.988505747126437,11.318326621399805,1.0453256773805266,0.9390470727912376,B,Y,BY,TOAST ITS - HAPPY BIRTHDAY
21910,1398.18,1066,47,22.680851063829788,57.48954777703309,3.88932482217874,0.9391180473579226,B,Z,BZ,WAY OUT METAL SIGN
22756,1395.95,1206,59,20.440677966101696,29.72069474430504,2.103833243178321,0.9391889087251026,B,Z,BZ,LARGE YELLOW BABUSHKA NOTEBOOK
22685,1395.84,1082,59,18.338983050847457,16.629440210259762,1.479033012240133,0.9392597645084507,B,Y,BY,FRENCH BLUE METAL DOOR SIGN 0
23040,1394.03,253,21,12.047619047619047,25.923881249682097,5.078469999484003,0.9393305284123801,B,Z,BZ,PAPER LANTERN 9 POINT SNOW STAR
47503K,1393.34,3179,24,132.45833333333334,588.0292050693508,9.229065477833538,0.9394012572904537,B,Z,BZ,ASSORTED FLORAL SECATEURS
85087,1392.64,420,49,8.571428571428571,9.076067430335673,1.858387861071222,0.9394719506350503,B,Z,BZ,CANDY SPOT CUSHION COVER
22917,1390.55,2002,53,37.77358490566038,42.382707608280505,1.84010967248771,0.9395425378868376,B,Z,BZ,HERB MARKER ROSEMARY
85017B,1390.3899999999999,2231,89,25.06741573033708,39.46828351313155,1.7414951438348436,0.9396131170166873,B,Z,BZ,ENVELOPE 50 BLOSSOM IMAGES
21011,1389.75,1851,25,74.04,61.930391031652086,2.4400990853197757,0.9396836636587866,B,Z,BZ,GLITTER SNOW PEAR TREE DECORATION
23376,1389.59,3051,15,203.4,126.05203007375283,2.90148598268129,0.9397542021789483,B,Z,BZ,PACK OF 12 VINTAGE CHRISTMAS TISSUE
85169A,1389.57,1255,68,18.455882352941178,29.086301757977104,2.066935189079701,0.9398247396838679,B,Z,BZ,IVORY LOVE BIRD CANDLE
22250,1387.21,1526,81,18.839506172839506,22.87272217627553,1.4673532767452406,0.9398951573902085,B,Y,BY,DECORATION  BUTTERFLY  MAGIC GARDEN
84562A,1386.21,170,42,4.0476190476190474,4.37817414305843,2.0746951249741965,0.9399655243344391,B,Z,BZ,PINK/WHITE RIBBED MELAMINE JUG
22339,1386.1100000000001,3522,40,88.05,103.96225893107211,2.2658405652765263,0.9400358862024588,B,Z,BZ,CHRISTMAS TREE PAINTED ZINC
22984,1385.85,3385,63,53.73015873015873,48.845446299199146,1.4118860099461716,0.94010623487233,B,Y,BY,CARD GINGHAM ROSE
90200D,1385.01,330,71,4.647887323943662,5.088077356637056,1.4817035340168727,0.940176540902029,B,Y,BY,PINK SWEETHEART BRACELET
84873A,1384.46,121,17,7.117647058823529,10.890835326899726,4.3125531744968875,0.9402468190125676,B,Z,BZ,FUNKY FLOWER PICNIC BAG FOR 4
84396,1380.52,552,11,50.18181818181818,54.30988525456149,4.303701215278377,0.9403168971203933,B,Z,BZ,6 HOOK JEWELLERY STAND BLACK DRESS
23414,1378.75,141,14,10.071428571428571,7.269158090223334,3.1657512198015123,0.9403868853792848,B,Z,BZ,ZINC BOX SIGN HOME
35962,1376.98,593,24,24.708333333333332,22.020700077065168,2.5752309952393952,0.940456783789242,B,Z,BZ,12 ASS ZINC CHRISTMAS DECORATIONS
23546,1375.5,3275,21,155.95238095238096,66.09877169091435,2.19081309662818,0.9405266070712768,B,Z,BZ,WRAP PAISLEY PARK
21277,1375.24,57,40,1.425,0.7472170590486632,1.5155904677681022,0.9405964171551627,B,Z,BZ,FRENCH STYLE EMBOSSED HEART CABINET
46776B,1373.36,429,69,6.217391304347826,18.810877301692628,3.7555731937243513,0.9406661318062824,B,Z,BZ,WOVEN BERRIES CUSHION COVER
20866,1372.66,1283,70,18.32857142857143,36.222229314059774,2.491083334440096,0.9407358109239252,B,Z,BZ,BLUE ROSE FABRIC MIRROR
84819,1372.51,909,48,18.9375,52.30003712215436,4.1650622666725665,0.9408054824272516,B,Z,BZ,DANISH ROSE ROUND SEWING BOX
20704,1371.42,361,47,7.680851063829787,13.59044802502162,2.8271883952010737,0.9408750985998784,B,Z,BZ,MR ROBOT SOFT TOY
21530,1370.41,962,77,12.493506493506494,16.178790027478776,1.6081736215450146,0.9409446635027742,B,Z,BZ,DAIRY MAID TOASTRACK
84685,1369.92,436,53,8.226415094339623,19.197998202370716,3.383406136487386,0.9410142035322362,B,Z,BZ,BEACH HUT KEY CABINET
23000,1369.12,3171,43,73.74418604651163,40.35266735932312,1.4580655374053955,0.9410837029520104,B,Y,BY,TRAVEL CARD WALLET TRANSPORT
21209,1368.04,1476,69,21.391304347826086,29.093266550316674,1.8041210356095116,0.9411531475487058,B,Z,BZ,MULTICOLOUR HONEYCOMB FAN
21684,1367.81,1708,63,27.11111111111111,67.74099419042217,3.2853411931109076,0.9412225804701161,B,Z,BZ,SMALL MEDINA STAMPED METAL BOWL
35599D,1366.48,406,37,10.972972972972974,12.352432253713541,2.2970618187376104,0.9412919458779203,B,Z,BZ,PINK AND WHITE CHRISTMAS TREE 120CM
22916,1365.33,1965,54,36.388888888888886,41.470797484798354,1.8387561439302973,0.9413612529092982,B,Z,BZ,HERB MARKER THYME
84665,1364.7,226,34,6.647058823529412,5.772885171953115,2.0731965517915576,0.9414305279605469,B,Z,BZ,SQUARE CHERRY BLOSSOM CABINET
23221,1363.87,1537,25,61.48,63.67503435413286,2.728343734306324,0.9414997608792446,B,Z,BZ,REINDEER HEART DECORATION SILVER
35649,1362.8999999999999,1826,36,50.72222222222222,287.54146146858903,9.599480380381715,0.9415689445586957,B,Z,BZ,VINTAGE BEAD COSMETIC BAG
21285,1362.6200000000001,1007,49,20.551020408163264,38.956739481383806,2.931464672726678,0.9416381140247561,B,Z,BZ,RETROSPOT CANDLE  MEDIUM
22269,1360.2,1523,77,19.77922077922078,23.941608450024813,1.5178541068403946,0.9417071606465107,B,Z,BZ,EGG CUP NATURAL CHICKEN
84965B,1359.95,27,4,6.75,6.946221994724902,6.7564935995912005,0.9417761945777379,B,Z,BZ,BLUE KASHMIRI COFFEE TABLE
85141,1355.99,191,42,4.5476190476190474,6.981516995514137,2.6782906610575083,0.9418450274910102,B,Z,BZ,JARDIN ETCHED GLASS FRUITBOWL
23469,1355.24,332,11,30.181818181818183,32.908412850875024,4.321188097027718,0.9419138223327002,B,Z,BZ,CARD HOLDER LOVE BIRD SMALL
23061,1355.18,1033,33,31.303030303030305,19.31561034578776,1.8207427024471488,0.9419826141286636,B,Z,BZ,VINTAGE EMBOSSED HEART
22050,1354.0,3300,69,47.82608695652174,37.313046339182414,1.188017926297737,0.9420513460253375,B,Y,BY,PINK PAISLEY ROSE GIFT WRAP
84466,1352.11,1259,25,50.36,87.73439082442718,3.909071973230943,0.9421199819816238,B,Z,BZ,TOP SECRET PEN SET
17129D,1351.18,1125,11,102.27272727272727,160.478092529224,5.442122389175517,0.942188570729148,B,Z,BZ,CLEAR COLOUR GLASS GEMS IN BAG
21059,1349.41,1597,90,17.744444444444444,18.44978676598627,1.1793740633661225,0.9422570696277379,B,Y,BY,PARTY INVITES DINOSAURS
20780,1344.94,233,41,5.682926829268292,9.78120397596902,2.9778573383216282,0.942325341619697,B,Z,BZ,BLACK EAR MUFF HEADPHONES
22684,1344.94,1014,61,16.62295081967213,16.961882692698772,1.5655569272270526,0.9423936136116562,B,Z,BZ,FRENCH BLUE METAL DOOR SIGN 9
20762,1343.79,458,65,7.046153846153846,14.017211261105453,2.614298554229388,0.942461827227189,B,Z,BZ,GREEN FERN SKETCHBOOK
21738,1343.2800000000002,429,44,9.75,11.763413916748156,2.1739530601855437,0.9425300149540458,B,Z,BZ,COSY SLIPPER SHOES SMALL  RED
16235,1341.72,5864,93,63.053763440860216,85.27555916625433,1.4634488701011186,0.9425981234920112,B,Y,BY,RECYCLED PENCIL WITH RABBIT ERASER
22924,1338.72,1518,43,35.30232558139535,38.82655870830646,2.0678913667305716,0.9426660797436472,B,Z,BZ,FRIDGE MAGNETS LA VIE EN ROSE
21190,1337.59,806,41,19.658536585365855,25.623826564447356,2.3960498723513344,0.9427339786340992,B,Z,BZ,PINK HEARTS PAPER GARLAND
23538,1334.49,332,10,33.2,83.16890444551177,8.254594870642888,0.9428017201620108,B,Z,BZ,WALL ART VINTAGE HEART
20993,1334.1100000000001,10967,13,843.6153846153846,2570.644327091995,8.692998395559686,0.9428694424003206,B,Z,BZ,JAZZ HEARTS MEMO PAD
85032D,1333.98,1151,46,25.02173913043478,33.73128394989157,2.297883155991778,0.9429371580395562,B,Z,BZ,YULETIDE IMAGES GIFT WRAP SET
21580,1331.88,543,67,8.104477611940299,9.122290927636028,1.5778110912077545,0.9430047670783612,B,Z,BZ,RABBIT  DESIGN  COTTON TOTE BAG
20933,1329.4900000000002,505,32,15.78125,54.73675086412501,6.334551328645277,0.9430722547957238,B,Z,BZ,YELLOW POT PLANT CANDLE
20893,1328.99,567,48,11.8125,22.37271918721073,2.962597084153825,0.9431397171320314,B,Z,BZ,HANGING BAUBLE T-LIGHT HOLDER SMALL
22051,1328.0,3200,68,47.05882352941177,33.60476261241924,1.1392328833473866,0.9432071292138503,B,Y,BY,BLUE SCANDINAVIAN PAISLEY WRAP
21926,1327.77,1011,61,16.57377049180328,16.879434248411528,1.5634296805895782,0.943274529620384,B,Z,BZ,RED/CREAM STRIPE CUSHION COVER
21775,1327.54,875,92,9.51086956521739,13.520431884981566,1.5459875121601412,0.9433419183516325,B,Z,BZ,DECORATIVE FLORE BATHROOM BOTTLE
47593B,1327.22,2348,90,26.08888888888889,42.52313169427481,1.7864453311120656,0.9434092908390058,B,Z,BZ,SCOTTIE DOGS BABY BIB
22918,1326.1100000000001,1930,53,36.41509433962264,41.208398118244034,1.8514046015473862,0.9434766069804372,B,Z,BZ,HERB MARKER PARSLEY
22923,1325.09,1595,39,40.8974358974359,38.777228037921866,2.0006346218499154,0.9435438713445167,B,Z,BZ,FRIDGE MAGNETS LES ENFANTS ASSORTED
85032A,1324.16,1442,56,25.75,38.28754841507046,2.211266806450634,0.943611088499834,B,Z,BZ,ROMANTIC IMAGES GIFT WRAP SET
85071B,1323.72,2352,62,37.935483870967744,40.02739675204519,1.585817556179278,0.943678283319823,B,Z,BZ,RED CHARLIE+LOLA PERSONAL DOORSIGN
85200,1321.59,1047,26,40.26923076923077,43.57114429739728,2.7391149745940293,0.9437453700165181,B,Z,BZ,BUNNY EGG BOX
23405,1321.38,254,14,18.142857142857142,10.242123749550135,2.9371556400311007,0.9438124460531702,B,Z,BZ,HOME SWEET HOME 2 DRAWER CABINET
22701,1320.57,675,58,11.637931034482758,17.562618071888366,2.1923037847829536,0.9438794809725134,B,Z,BZ,PINK DOG BOWL
22232,1318.99,1109,68,16.308823529411764,16.134007240609357,1.415697564204299,0.943946435687723,B,Y,BY,JIGSAW TOADSTOOLS 3 PIECE
85135C,1317.92,162,48,3.375,3.6415159340407035,1.9069578758305188,0.9440133360874752,B,Z,BZ,RED DRAGONFLY HELICOPTER
21945,1317.3,1874,73,25.671232876712327,74.72115846311547,3.511300534291022,0.9440802050147193,B,Z,BZ,STRAWBERRIES  DESIGN FLANNEL
20798,1316.55,555,42,13.214285714285714,14.211873624416182,2.0669227045934884,0.9441470358703811,B,Z,BZ,CLEAR MILKSHAKE GLASS
21219,1315.77,1023,76,13.460526315789474,12.076909968446602,1.2064347268146172,0.9442138271315972,B,Y,BY,SET/4 BADGES BALLOON GIRL
22977,1315.1100000000001,1000,43,23.25581395348837,21.65101231907536,1.8617669027029138,0.9442805848898208,B,Z,BZ,DOLLY GIRL CHILDRENS EGG CUP
20760,1314.51,5551,44,126.1590909090909,651.8514934019229,7.939218025304008,0.9443473121907786,B,Z,BZ,GARDEN PATH POCKET BOOK
84688,1313.52,422,45,9.377777777777778,21.257393247450825,3.594776576353961,0.9444139892372476,B,Z,BZ,BEACH HUT DESIGN BLACKBOARD
23373,1313.3899999999999,1608,18,89.33333333333333,95.39885311926233,3.3167348672973604,0.9444806596846425,B,Z,BZ,VINTAGE CHRISTMAS PAPER GIFT BAG
22481,1313.09,1276,74,17.243243243243242,17.860042500072772,1.3757827504061428,0.9445473149034043,B,Y,BY,BLACK TEA TOWEL CLASSIC DESIGN
35598D,1312.2,1727,44,39.25,61.64154631868136,2.6572301049371028,0.9446139249438883,B,Z,BZ,PINK/WHITE CHRISTMAS TREE 60CM
21248,1309.7,1050,76,13.81578947368421,24.50562413069881,2.1487293086201795,0.9446804080790978,B,Z,BZ,DOOR HANGER  MUM + DADS ROOM
21842,1308.74,551,10,55.1,59.700083752035056,4.515318172030624,0.9447468424826819,B,Z,BZ,PINK HEART CANDY BUTTON CALCULATOR
84569D,1306.29,1038,80,12.975,12.432068577430067,1.215961441370556,0.944813152519097,B,Y,BY,PACK 6 HEART/ICE-CREAM PATCHES
22893,1306.09,2721,55,49.472727272727276,65.36786347860526,2.0327457059138228,0.9448794524030902,B,Z,BZ,MINI CAKE STAND T-LIGHT HOLDER
72818,1305.23,2420,34,71.17647058823529,131.1731380918469,3.4845672422145406,0.944945708631669,B,Z,BZ,CHRISTMAS DECOUPAGE CANDLE
46776A,1303.88,411,62,6.629032258064516,20.33508949136672,4.025845044767998,0.9450118963313995,B,Z,BZ,WOVEN BUBBLE GUM CUSHION COVER
20738,1301.72,1610,37,43.513513513513516,58.27359875889177,2.5914636421325774,0.9450779743849728,B,Z,BZ,GREEN MINI TAPE MEASURE
85170D,1296.3600000000001,723,75,9.64,16.184443648646567,2.0598747273604876,0.9451437803536376,B,Z,BZ,SET/6 PINK BIRD T-LIGHT CANDLES
79191C,1296.31,1622,76,21.342105263157894,34.89280828731672,1.9945095157086703,0.9452095837841968,B,Z,BZ,RETRO PLASTIC ELEPHANT TRAY
22258,1294.8,1345,40,33.625,45.654604901564404,2.504653288816522,0.9452753105639704,B,Z,BZ,FELT FARM ANIMAL RABBIT
22105,1294.7,692,40,17.3,75.34236387897445,7.048402368130331,0.9453410322675329,B,Z,BZ,MIRROR MOSAIC GOBLET CANDLE HOLDER
22267,1292.72,1473,48,30.6875,52.89940523737563,2.733281445951829,0.9454066534621179,B,Z,BZ,EASTER DECORATION EGG BUNNY
22097,1292.68,2081,88,23.647727272727273,54.45741556223421,2.525465541669395,0.9454722726262187,B,Z,BZ,SWALLOW SQUARE TISSUE BOX
22181,1291.3799999999999,1538,62,24.806451612903224,32.419301430402925,1.8698067979930766,0.9455378257995766,B,Z,BZ,SNOWSTORM PHOTO FRAME FRIDGE MAGNET
85231G,1291.09,1480,85,17.41176470588235,18.344776159030395,1.251287138624493,0.9456033642519227,B,Y,BY,ORANGE SCENTED SET/9 T-LIGHTS
17091A,1290.02,2089,59,35.40677966101695,52.32033910706428,2.1322497603412454,0.9456688483888114,B,Z,BZ,LAVENDER INCENSE IN TIN
21880,1289.8300000000002,2483,94,26.414893617021278,38.49072212590337,1.5590352289063045,0.9457343228808991,B,Z,BZ,RED RETROSPOT TAPE
85006,1289.31,3049,28,108.89285714285714,376.03519725780933,6.739824735521876,0.9457997709766898,B,Z,BZ,SET 4 NURSERY DES ROUND BOXES
84609,1289.24,143,32,4.46875,4.150276904869936,2.228378489607055,0.9458652155191326,B,Z,BZ,TALL ROCOCO CANDLE HOLDER
84559A,1288.42,1381,92,15.01086956521739,16.438025178318092,1.2129735075054444,0.9459306184366457,B,Y,BY,3D SHEET OF DOG STICKERS
85025C,1287.56,721,64,11.265625,20.92180618891087,2.4783026043831597,0.9459959776987442,B,Z,BZ,PINK HEART SHAPE PHOTO FRAME
72800B,1284.43,988,52,19.0,55.131927335843294,4.185171636109428,0.946061178075439,B,Z,BZ,4 PURPLE FLOCK DINNER CANDLES
82613D,1284.36,1188,86,13.813953488372093,26.08606192086087,2.1145987441196086,0.9461263748987861,B,Z,BZ,METAL SIGN CUPCAKE SINGLE HOOK
46775E,1282.9,101,14,7.214285714285714,11.741960073753715,4.970089932966044,0.946191497609453,B,Z,BZ,CANDY POP CHUNKY KNITTED THROW
22543,1282.33,3249,64,50.765625,94.46116900820583,2.4826113121682782,0.9462565913857172,B,Z,BZ,MINI JIGSAW BAKE A CAKE
22999,1280.31,2960,43,68.83720930232558,73.67946351872773,2.0310109498600504,0.9463215826225195,B,Z,BZ,TRAVEL CARD WALLET VINTAGE LEAF
20765,1280.06,446,67,6.656716417910448,14.621022887159697,2.8158400053539574,0.9463865611687945,B,Z,BZ,CHRYSANTHEMUM SKETCHBOOK
22214,1279.79,549,52,10.557692307692308,16.15781661324916,2.3652380529823818,0.9464515260092998,B,Z,BZ,CANDLE PLATE LACE WHITE
84816,1278.3500000000001,33,18,1.8333333333333333,0.9851843661437781,2.5206220171884866,0.9465164177523671,B,Z,BZ,DANISH ROSE BEDSIDE CABINET
22268,1278.09,2562,62,41.32258064516129,43.231657417535594,1.5760068540349037,0.9465812962972858,B,Z,BZ,EASTER DECORATION SITTING BUNNY
16225,1275.41,1523,61,24.9672131147541,55.53406378464624,3.000264266151446,0.9466460387997502,B,Z,BZ,RATTLE SNAKE EGGS
21425,1274.93,505,56,9.017857142857142,31.937149113634007,4.871805091998862,0.9467107569364019,B,Z,BZ,SKULLS STORAGE BOX LARGE
21759,1274.47,30,8,3.75,4.399675312695569,5.259066245806168,0.9467754517224831,B,Z,BZ,METAL WALL SHELF UNIT WITH HOOKS
23072,1273.76,334,16,20.875,59.63206631782378,7.431480303036826,0.9468401104674664,B,Z,BZ,MARIE ANTOINETTE TRINKET BOX SILVER
35648,1272.59,1043,54,19.314814814814813,19.325244096751316,1.6787580078692423,0.9469047098207812,B,Z,BZ,VINTAGE BEAD PINK PURSE
21689,1271.87,343,42,8.166666666666666,15.411298779833608,3.1755776024471043,0.946969272625377,B,Z,BZ,SILVER VANILLA  FLOWER CANDLE POT
21549,1270.3899999999999,547,17,32.1764705882353,64.89437118706603,5.342093387350289,0.9470337603020502,B,Z,BZ,CERAMIC BIRDHOUSE RED ROOF SMALL
85163B,1268.6599999999999,115,42,2.738095238095238,5.170552283609339,3.177413198087394,0.9470981601602735,B,Z,BZ,BLACK BAROQUE WALL CLOCK
20777,1262.7,3660,68,53.8235294117647,387.3755531000841,8.864882869361411,0.9471622574763223,B,Z,BZ,CHRYSANTHEMUM NOTEBOOK
22062,1261.15,769,67,11.477611940298507,16.878674198396418,1.9644307051887508,0.9472262761111009,B,Z,BZ,CERAMIC BOWL WITH LOVE HEART DESIGN
22290,1260.8200000000002,688,15,45.86666666666667,75.17205661173635,4.8285855036923975,0.9472902779943833,B,Z,BZ,STANDING METAL RABBIT WITH EGG
35957,1259.94,3577,32,111.78125,91.25318708530573,2.0852411595740694,0.9473542352070091,B,Z,BZ,SMALLFOLKART BAUBLE CHRISTMAS DEC
21752,1259.76,78,16,4.875,4.602535533087532,3.3063006414456524,0.9474181832824552,B,Z,BZ,GLASS CAKE STAND MIRRORED BASE
77101A,1258.47,1084,44,24.636363636363637,48.61480820868287,3.218416676998539,0.9474820658747795,B,Z,BZ,UNION FLAG WINDSOCK
22919,1258.04,1804,52,34.69230769230769,34.34972298403495,1.7096752798382095,0.9475459266393965,B,Z,BZ,HERB MARKER MINT
40003,1257.02,1150,42,27.38095238095238,42.25125334030867,2.6892237515002853,0.9476097356266617,B,Z,BZ,WHITE BAMBOO RIBS LAMPSHADE
21063,1256.27,1456,91,16.0,18.236715103816742,1.2693556382132378,0.9476735065423444,B,Y,BY,PARTY INVITES JAZZ HEARTS
21145,1256.21,869,32,27.15625,33.34967173509673,2.6454309662534223,0.9477372744123007,B,Z,BZ,ANTIQUE GLASS PLACE SETTING
23511,1256.17,573,12,47.75,45.986411036305064,3.8775135232896365,0.9478010402517726,B,Z,BZ,EMBROIDERED RIBBON REEL EMILY
23071,1255.1,319,14,22.785714285714285,57.15320648038053,7.0588421211047825,0.947864751775787,B,Z,BZ,MARIE ANTOINETTE TRINKET BOX GOLD
20825,1255.08,361,5,72.2,121.95982945216019,8.202450879351458,0.9479284622845591,B,Z,BZ,GOLD WINE GLASS
22280,1254.59,881,67,13.149253731343284,18.55887742437098,1.8969005120127655,0.9479921479198974,B,Z,BZ,POCKET BAG PINK PAISELY BROWN SPOT
79066K,1253.1599999999999,1415,93,15.21505376344086,17.452948836655203,1.2545487413983543,0.9480557609654187,B,Y,BY,RETRO MOD TRAY
20731,1252.92,4142,42,98.61904761904762,429.52247747088785,6.879629397905347,0.9481193618280337,B,Z,BZ,POSY CANDY BAG
84967B,1249.45,24,10,2.4,1.577621275493231,3.6666666666666665,0.9481827865461275,B,Z,BZ,BLUE KASHMIRI OCCASIONAL TABLE
23067,1249.1100000000001,297,31,9.580645161290322,8.701625110856734,2.243442706604366,0.9482461940051041,B,Z,BZ,HANGING ENGRAVED METAL HEART
85159A,1248.98,492,53,9.283018867924529,10.463080437884303,1.8461014117235377,0.9483095948650064,B,Z,BZ,"BLACK TEA,COFFEE,SUGAR JARS"
21438,1248.5700000000002,378,13,29.076923076923077,63.46056720313481,6.494258004363461,0.9483729749124438,B,Z,BZ,TUB 24 HANGING EASTER EGGS SPOTTY
84989A,1245.6399999999999,2197,84,26.154761904761905,84.58153463462014,3.609983398062584,0.9484362062268994,B,Z,BZ,75 GREEN FAIRY CAKE CASES
22389,1245.52,647,52,12.442307692307692,18.903691372621175,2.351129507510253,0.9484994314499018,B,Z,BZ,PAPERWEIGHT SAVE THE PLANET
20707,1244.93,1614,74,21.81081081081081,80.24204406014354,4.378424535559728,0.9485626267232594,B,Z,BZ,CRAZY DAISY HEART DECORATION
22808,1243.88,420,29,14.482758620689655,12.480329350207677,2.271004253069623,0.9486257686964017,B,Z,BZ,SET OF 6 T-LIGHTS EASTER CHICKS
79163,1240.83,1833,41,44.707317073170735,69.33694682578655,2.7366153868636305,0.948688755845109,B,Z,BZ,BLACK CHAMPAGNE GLASS
23138,1238.76,884,34,26.0,47.4494946807081,3.4564094139339794,0.9487516379162492,B,Z,BZ,SINGLE WIRE HOOK IVORY HEART
85162A,1234.27,607,13,46.69230769230769,48.73804915974208,3.8789017524911853,0.9488142920655163,B,Z,BZ,SILVER RETRODISC LAMPSHADE
21253,1231.07,334,70,4.771428571428571,5.956780154887755,1.6637980739801197,0.948876783776032,B,Z,BZ,SET OF PICTURE FRAME  STICKERS
84910A,1230.39,432,40,10.8,48.358808494155014,7.2405453701027085,0.9489392409683132,B,Z,BZ,PINK PAISLEY CUSHION COVER
22921,1229.97,1776,49,36.244897959183675,41.0114468838909,1.9453515108094774,0.9490016768405081,B,Z,BZ,HERB MARKER CHIVES
23539,1227.95,247,11,22.454545454545453,45.841822905211,6.654145141203041,0.9490640101732412,B,Z,BZ,WALL ART LOVES' SECRET
16046,1226.8999999999999,10060,42,239.52380952380952,989.2151912204093,6.534920757099228,0.949126290205759,B,Z,BZ,TEATIME PEN CASE & PENS
85135B,1226.51,151,42,3.5952380952380953,4.006455302167922,2.1161298047715587,0.9491885504410541,B,Z,BZ,BLUE DRAGONFLY HELICOPTER
20771,1222.08,626,67,9.343283582089553,19.106997162554816,2.6356859310324188,0.9492505858002026,B,Z,BZ,CHRYSANTHEMUM  JOURNAL
84660C,1221.96,756,61,12.39344262295082,30.903763896179694,3.33646866906348,0.9493126150678981,B,Z,BZ,PINK STITCHED WALL CLOCK
23142,1220.8200000000002,121,20,6.05,13.315898688963385,5.303847384371311,0.9493745864667884,B,Z,BZ,IVORY WIRE KITCHEN ORGANISER
23598,1218.48,428,5,85.6,67.0917282531908,5.4792504363004015,0.9494364390823417,B,Z,BZ,PAPER BUNTING VINTAGE PARTY
85130A,1217.54,710,44,16.136363636363637,14.136528485881366,1.7710112526386792,0.9494982439815117,B,Z,BZ,BEADED PEARL HEART WHITE LARGE
22216,1215.83,1396,65,21.476923076923075,33.40897507234569,2.100509336661786,0.9495599620774741,B,Z,BZ,T-LIGHT HOLDER WHITE LACE
21490,1214.5,639,6,106.5,244.7502808987152,9.62392291078135,0.9496216126598304,B,Z,BZ,SET OF THREE 50'S GIFT WRAPS
84687,1214.01,315,47,6.702127659574468,16.41038230964063,3.7678554502365866,0.9496832383687529,B,Z,BZ,BEACH HUT SHELF W 3 DRAWERS
84658,1213.56,216,45,4.8,5.458937625582473,2.057639917521607,0.9497448412347259,B,Z,BZ,WHITE STITCHED CUSHION COVER
22265,1211.7,1849,61,30.311475409836067,42.82193401502185,2.0129139460405296,0.9498063496831747,B,Z,BZ,EASTER DECORATION NATURAL CHICK
22233,1210.7,950,68,13.970588235294118,14.150545148757477,1.4406262104086345,0.9498678073695137,B,Y,BY,JIGSAW RABBIT AND BIRDHOUSE
84823,1210.0,120,9,13.333333333333334,28.310775333784132,7.540851705506775,0.9499292295223759,B,Z,BZ,DANISH ROSE FOLDING CHAIR
84596E,1209.78,1158,57,20.31578947368421,25.070014740676644,1.8852723982793753,0.949990640507574,B,Z,BZ,SMALL LICORICE DES PINK BOWL
22256,1207.57,939,43,21.837209302325583,30.74854253809527,2.4703093110647223,0.9500519393085094,C,Z,CZ,FELT FARM ANIMAL CHICKEN
22102,1206.54,1851,44,42.06818181818182,224.91935482159272,8.209374932898967,0.9501131858244716,C,Z,CZ,MIRROR MOSAIC T-LIGHT HOLDER
21904,1205.72,759,57,13.31578947368421,35.009773071619804,3.6353607962044907,0.9501743907155038,C,Z,CZ,HOUSE WRECKING METAL SIGN
21396,1205.25,948,18,52.666666666666664,42.07276609707072,2.874037244935834,0.9502355717483444,C,Z,CZ,RED SPOTTY EGG CUP
21130,1204.38,722,23,31.391304347826086,98.21763363730697,6.772199437091064,0.9502967086181494,C,Z,CZ,COLOURFUL STANDING GNOME
22403,1202.53,1721,70,24.585714285714285,36.86068281907159,1.9436101475570835,0.9503577515780515,C,Z,CZ,MAGNETS PACK OF 4 VINTAGE LABELS
23026,1201.04,557,25,22.28,19.965637146524195,2.5232938113461194,0.9504187189024097,C,Z,CZ,DRAWER KNOB VINTAGE GLASS STAR
84815,1200.82,930,24,38.75,165.37789400668686,8.88668116299485,0.9504796750591039,C,Z,CZ,SET OF 3 DANISH ROSE PLANTERS
21883,1200.13,2349,79,29.734177215189874,48.15405536101589,1.930145264121396,0.9505405961899422,C,Z,CZ,STARS GIFT TAPE
23444,1200.0,79,26,3.0384615384615383,2.7052655208798893,2.4594451352566513,0.9506015107217064,C,Z,CZ,Next Day Carriage
21650,1196.3,3254,70,46.48571428571429,55.75223212718537,1.6100511408595504,0.9506622374336644,C,Z,CZ,ASSORTED TUTTI FRUTTI BRACELET
85129D,1196.06,795,76,10.460526315789474,12.253370463643797,1.4904375923215825,0.9507229519627158,C,Y,CY,BEADED CRYSTAL HEART PINK SMALL
20934,1195.97,199,38,5.2368421052631575,5.795777636075067,2.236259950045538,0.9507836619231774,C,Z,CZ,SET/3 POT PLANT CANDLES
72232,1195.48,6292,65,96.8,196.53754412325395,2.66349752753645,0.9508443470102053,C,Z,CZ,FENG SHUI PILLAR CANDLE
84830,1195.15,113,6,18.833333333333332,39.816663178456665,8.994176725735636,0.9509050153457368,C,Z,CZ,LARGE ENGLISH ARBORETUM
84625A,1193.0,838,49,17.102040816326532,19.744455865254075,1.9732476937784973,0.9509655745427323,C,Z,CZ,PINK NEW BAROQUECANDLESTICK CANDLE
22252,1191.81,969,67,14.462686567164178,15.457006215883045,1.516175002290526,0.9510260733328171,C,Z,CZ,BIRDCAGE DECORATION TEALIGHT HOLDER
84750A,1189.23,544,24,22.666666666666668,22.968156910907283,2.75632333718313,0.9510864411566587,C,Z,CZ,PINK SMALL GLASS CAKE STAND
47503E,1186.9,6842,16,427.625,1671.6024597174214,9.93056051662419,0.9511466907047843,C,Z,CZ,ASS FLORAL PRINT SCISSORS
21312,1185.92,300,17,17.647058823529413,29.2103174761731,4.570903144407629,0.9512068905060426,C,Z,CZ,LARGE CHUNKY GLASS ROMAN BOWL
21806,1183.6299999999999,2717,32,84.90625,88.78984226086719,2.386009647358497,0.9512669740620692,C,Z,CZ,WHITE CHRISTMAS HEART DECORATION
22761,1182.78,48,25,1.92,1.2884098726725126,2.226731535981231,0.9513270144703025,C,Z,CZ,CHEST 7 DRAWER MA CAMPAGNE
84674,1178.88,461,69,6.681159420289855,8.033922113036015,1.6294340321494272,0.9513868569063076,C,Z,CZ,FLYING PIG WATERING CAN
23041,1178.48,272,25,10.88,9.692436914075497,2.515823625000514,0.9514466790374688,C,Z,CZ,PAPER LANTERN 9 POINT SNOW STAR
23225,1177.0,1356,19,71.36842105263158,65.43292623945004,2.97197017940015,0.9515064260407075,C,Z,CZ,CHERUB HEART DECORATION SILVER
72819,1176.56,695,58,11.982758620689655,24.792112058610066,2.8872958642996145,0.9515661507086177,C,Z,CZ,CUPID DESIGN SCENTED CANDLES
23431,1175.3799999999999,1454,15,96.93333333333334,140.87606846681473,4.427346548840076,0.9516258154772385,C,Z,CZ,NATURAL HANGING QUILTED HEARTS
23523,1173.81,360,10,36.0,66.01346663960149,6.393186960051524,0.9516854005493468,C,Z,CZ,WALL ART TREASURE AHOY
21393,1172.8100000000002,5244,30,174.8,631.823436707134,6.80065084443403,0.9517449348593453,C,Z,CZ,BLUE  SPOTTY PUDDING BOWL
37475,1170.51,117,47,2.4893617021276597,2.041656833847706,1.6338652543939078,0.9518043524164915,C,Z,CZ,SET/4 COLOURFUL MIXING BOWLS
23418,1168.0800000000002,558,14,39.857142857142854,30.020139759980985,3.215864807815652,0.9518636466217106,C,Z,CZ,LAVENDER TOILETTE BOTTLE
22048,1166.3,2815,65,43.30769230769231,31.328363285589084,1.1934774840228706,0.9519228504703744,C,Y,CY,BIRTHDAY BANQUET GIFT WRAP
23508,1165.13,2631,12,219.25,321.08682626355136,4.970421111669097,0.9519819949273697,C,Z,CZ,MINI PLAYING CARDS DOLLY GIRL
23515,1164.98,579,12,48.25,64.39808721044156,4.671035145204685,0.9520411317700486,C,Z,CZ,EMBROIDERED RIBBON REEL DAISY
22253,1164.53,969,18,53.833333333333336,64.05351622804535,3.535982483444994,0.952100245769778,C,Z,CZ,6 CROCHET STRAWBERRIES
84313B,1164.04,227,40,5.675,7.576574897635949,2.4735555328577266,0.9521593348960736,C,Z,CZ,BLUE TV TRAY TABLE
23269,1163.1299999999999,786,23,34.17391304347826,49.09235468520072,3.5280822697604624,0.9522183778288492,C,Z,CZ,SET OF 2 CERAMIC CHRISTMAS TREES
21649,1162.89,421,5,84.2,63.52322409953701,5.410264724864621,0.9522774085787186,C,Z,CZ,ASSORTED TUTTI FRUTTI PHOTO FRAME
22264,1159.87,2023,54,37.46296296296296,81.91498422213003,3.1564757712680818,0.9523362860270164,C,Z,CZ,FELT FARM ANIMAL WHITE BUNNY
23566,1159.43,883,8,110.375,86.22882762908073,4.3522964926518,0.9523951411399858,C,Z,CZ,EGG CUP MILKMAID HEIDI
21763,1157.8999999999999,43,15,2.8666666666666667,2.1995670569671746,3.121394621118315,0.9524539185869272,C,Z,CZ,VINTAGE WOODEN BAR STOOL
84847,1157.23,2332,35,66.62857142857143,262.61771430264605,6.842171460324408,0.952512662023255,C,Z,CZ,FLORAL BATHROOM SET
23507,1156.51,2884,12,240.33333333333334,309.32928419502423,4.563696322511739,0.9525713689108639,C,Z,CZ,MINI PLAYING CARDS BUFFALO BILL
22814,1152.81,2740,61,44.91803278688525,38.626974634300666,1.3946473717364145,0.9526298879786663,C,Y,CY,CARD PARTY GAMES
23402,1151.03,297,14,21.214285714285715,15.292927331731697,3.164365223721738,0.9526883166899135,C,Z,CZ,HOME SWEET HOME 3 PEG HANGER
21316,1149.06,694,31,22.387096774193548,39.05524072332661,3.4979548828087554,0.9527466453998041,C,Z,CZ,SMALL CHUNKY GLASS ROMAN  BOWL
22806,1149.02,430,33,13.030303030303031,20.9127425994369,3.165945758746172,0.9528049720792106,C,Z,CZ,SET OF 6 T-LIGHTS WEDDING CAKE
20932,1147.72,334,56,5.964285714285714,9.53074314705128,2.34833626391823,0.9528632327678741,C,Z,CZ,PINK POT PLANT CANDLE
22615,1146.75,3721,74,50.28378378378378,63.798381108474864,1.6239489054175984,0.9529214442172912,C,Z,CZ,PACK OF 12 CIRCUS PARADE TISSUES
22718,1146.4,2617,76,34.43421052631579,26.829503922021267,1.0900594485233077,0.9529796378999699,C,Y,CY,CARD CAT AND TREE
21261,1146.1200000000001,283,38,7.447368421052632,8.812452394875603,2.3383977920874863,0.9530378173692579,C,Z,CZ,GREEN GOOSE FEATHER CHRISTMAS TREE
72598,1145.76,1244,70,17.771428571428572,23.921472634477805,1.7717800416762628,0.9530959785641863,C,Z,CZ,SET/12 TAPER CANDLES
37482B,1145.26,1252,9,139.11111111111111,215.60522050987336,5.935418683582715,0.9531541143780599,C,Z,CZ,CUBIC MUG BLUE POLKA DOT
22040,1144.3,2815,61,46.14754098360656,53.668686110733695,1.724255579122088,0.953212201460308,C,Z,CZ,BOTANICAL ROSE GIFT WRAP
85118,1143.68,2062,39,52.87179487179487,81.68559091102377,2.8051112261165145,0.9532702570700481,C,Z,CZ,HEART T-LIGHT HOLDER
84750B,1142.02,609,40,15.225,16.737011803262977,2.159515991999348,0.9533282284146858,C,Z,CZ,BLACK SMALL GLASS CAKE STAND
21366,1140.0,238,48,4.958333333333333,13.697271561407781,4.166126886393249,0.9533860972198617,C,Z,CZ,MIRRORED WALL ART PHOTO FRAMES
23506,1139.2,2747,12,228.91666666666666,329.588299200225,4.912748683459785,0.9534439254153497,C,Z,CZ,MINI PLAYING CARDS SPACEBOY
85124C,1139.07,429,63,6.809523809523809,8.343158570402196,1.7577164158811023,0.9535017470117636,C,Z,CZ,GREEN JUICY FRUIT PHOTO FRAME
22715,1138.97,2729,67,40.73134328358209,35.29511172676201,1.303990277666778,0.9535595635319664,C,Y,CY,CARD WEDDING DAY
85110,1138.04,11520,18,640.0,1506.8316585003195,5.918317494333551,0.9536173328434071,C,Z,CZ,BLACK SILVER FLOWER T-LIGHT HOLDER
37424,1136.38,5251,43,122.11627906976744,455.18657657117586,5.851627565236907,0.9536750178897455,C,Z,CZ,WHITE WITH BLACK CATS MUG
21942,1136.28,1672,70,23.885714285714286,77.54877714341423,3.9903137281652246,0.953732697859873,C,Z,CZ,SKULLS DESIGN FLANNEL
20622,1135.99,586,68,8.617647058823529,25.04564752711891,3.641142399337549,0.9537903631089886,C,Z,CZ,VIPPASSPORT COVER
22230,1135.78,1659,77,21.545454545454547,37.83883602810374,2.112445906990591,0.9538480176980612,C,Z,CZ,JIGSAW TREE WITH WATERING CAN
21413,1134.89,3165,32,98.90625,524.4847769478158,9.528099039350893,0.9539056271088561,C,Z,CZ,PERIWINKLE T-LIGHT HOLDER
22598,1133.01,1794,32,56.0625,48.18642393468209,2.139145993967457,0.9539631410868845,C,Z,CZ,CHRISTMAS MUSICAL ZINC TREE
20832,1132.01,1705,63,27.063492063492063,35.22410877824604,1.8446797707999667,0.9540206043028032,C,Z,CZ,RED FLOCK LOVE HEART PHOTO FRAME
21555,1131.37,425,70,6.071428571428571,10.63944183532613,2.232244359135606,0.9540780350309717,C,Z,CZ,CERAMIC STRAWBERRY TRINKET TRAY
85224,1129.3600000000001,2008,38,52.8421052631579,68.91652856145318,2.503900070538964,0.9541353637272992,C,Z,CZ,ASSORTED COLOUR SILK GLASSES CASE
85136A,1129.23,139,49,2.836734693877551,2.4524387418063927,1.6359750194523253,0.9541926858245526,C,Z,CZ,YELLOW SHARK HELICOPTER
22255,1128.81,1187,67,17.71641791044776,17.54976126069962,1.432716833570927,0.9542499866017198,C,Y,CY,FELT TOADSTOOL  SMALL
85212,1128.01,2868,68,42.1764705882353,73.96629752425686,2.2724587713428184,0.9543072467691993,C,Z,CZ,MINI PAINTED GARDEN DECORATION
21040,1125.85,894,32,27.9375,73.76901067171683,4.919521075437033,0.9543643972905216,C,Z,CZ,MODERN VINTAGE COTTON SHOPPING BAG
20700,1125.05,420,51,8.235294117647058,24.0687251305873,4.256311839631875,0.954421507202156,C,Z,CZ,GREEN CAT FLORAL CUSHION COVER
21010,1122.26,856,20,42.8,40.84321756488623,2.9493422939376384,0.9544784754875041,C,Z,CZ,ETCHED GLASS BIRD TREE DECORATION
20669,1119.39,803,78,10.294871794871796,9.75825853949411,1.2312321572351361,0.954535298085597,C,Y,CY,RED HEART LUGGAGE TAG
23510,1119.22,2522,12,210.16666666666666,242.93876270418934,4.275733699977098,0.9545921120541312,C,Z,CZ,MINI PLAYING CARDS GYMKHANA
84559B,1119.09,1231,80,15.3875,16.911155594586194,1.3603559388739213,0.9546489194235911,C,Y,CY,3D SHEET OF CAT STICKERS
23411,1118.6100000000001,227,14,16.214285714285715,23.23518079063786,4.538015874434229,0.9547057024272384,C,Z,CZ,TRELLIS COAT RACK
17096,1117.51,6242,53,117.77358490566037,300.0065795117882,3.6680789425064737,0.9547624295925649,C,Z,CZ,ASSORTED LAQUERED INCENSE HOLDERS
84678,1115.93,568,47,12.085106382978724,13.333236971591354,1.9618585854499577,0.9548190765537579,C,Z,CZ,CLASSICAL ROSE SMALL VASE
22997,1115.93,2595,42,61.785714285714285,32.764894743095574,1.4683178795702125,0.9548757235149508,C,Y,CY,TRAVEL CARD WALLET UNION JACK
23513,1114.26,566,12,47.166666666666664,65.28794032220001,4.784163913413729,0.9549322857034205,C,Z,CZ,EMBROIDERED RIBBON REEL SUSIE
84631,1114.11,289,30,9.633333333333333,28.145537201620723,5.574272034121067,0.9549888402775736,C,Z,CZ,FRUIT TREE AND BIRDS WALL PLAQUE
47504H,1113.07,1028,54,19.037037037037038,30.702444720411485,2.417141167628741,0.9550453420591325,C,Z,CZ,ENGLISH ROSE SPIRIT LEVEL
21666,1109.05,1766,56,31.535714285714285,72.10773865561153,3.223881111874461,0.9551016397770101,C,Z,CZ,RIDGED GLASS T-LIGHT HOLDER
23375,1108.8899999999999,1352,16,84.5,64.45049779999117,3.007500864077733,0.9551579293729501,C,Z,CZ,50'S CHRISTMAS PAPER GIFT BAG
23433,1108.58,1258,14,89.85714285714286,75.78091615141145,3.366698222862781,0.955214203232636,C,Z,CZ,HANGING QUILTED PATCHWORK APPLES
20892,1108.1,103,29,3.5517241379310347,4.093428591714772,2.680578832065478,0.9552704527265092,C,Z,CZ,SET/3 TALL GLASS CANDLE HOLDER PINK
21944,1106.8600000000001,1790,68,26.323529411764707,84.61421516655965,4.012407802401494,0.9553266392753662,C,Z,CZ,KITTENS DESIGN FLANNEL
22116,1103.88,823,77,10.688311688311689,17.862235774083278,2.0183832746696853,0.955382674553136,C,Z,CZ,METAL SIGN HIS DINNER IS SERVED
21202,1103.48,854,50,17.08,31.477779658751317,2.8290349659527014,0.9554386895260619,C,Z,CZ,DOLLY HONEYCOMB GARLAND
21839,1101.94,204,38,5.368421052631579,6.231658720799605,2.308152144172023,0.9554946263253389,C,Z,CZ,MUMMY MOUSE RED GINGHAM RIBBON
84638,1101.55,400,41,9.75609756097561,30.974005623913804,5.145940147339454,0.9555505433273929,C,Z,CZ,SMALL KITCHEN FLOWER POTS PLAQUE
22532,1101.1000000000001,2862,67,42.71641791044776,56.03348727381805,1.7841845087862298,0.9556064374864975,C,Z,CZ,MAGIC DRAWING SLATE LEAP FROG
47587A,1099.8799999999999,2706,14,193.28571428571428,636.9280153230007,9.018426667822311,0.9556622697158281,C,Z,CZ,PINK FAIRY CAKE COASTER
22709,1099.58,2799,50,55.98,56.822850390759285,1.7833237278459386,0.9557180867165257,C,Z,CZ,WRAP WEDDING DAY
21131,1098.86,276,40,6.9,20.073965790647907,4.801652904512875,0.9557738671685043,C,Z,CZ,GOLD STANDING GNOME
21779,1097.8000000000002,301,5,60.2,73.23045814413562,6.6650703747031095,0.9558295938126466,C,Z,CZ,MA CAMPAGNE MINI WOODEN CHEST
84358,1097.48,121,27,4.481481481481482,9.78370061483883,4.53102894996268,0.9558853042129137,C,Z,CZ,FLOOR LAMP SHADE WOOD BASE
37479B,1095.85,1253,26,48.19230769230769,120.50759950501687,5.200881573819024,0.9559409318709419,C,Z,CZ,CUBIC MUG FLOCK BLUE ON BROWN
84791,1094.98,337,30,11.233333333333333,10.196968221954025,2.2864748279655194,0.9559965153659346,C,Z,CZ,GINGHAM HEART DECORATION
20867,1094.39,1099,56,19.625,40.94811017950312,2.966145318588905,0.9560520689112824,C,Z,CZ,PINK ROSE FABRIC MIRROR
85131D,1093.96,1444,72,20.055555555555557,21.528159671507932,1.4441886103163317,0.956107600628923,C,Y,CY,BEADED CRYSTAL HEART PINK ON STICK
85093,1092.46,1362,62,21.967741935483872,35.4136991840661,2.2285364976964597,0.9561630562033989,C,Z,CZ,CANDY SPOT EGG WARMER HARE
23087,1090.66,868,25,34.72,34.93269719522576,2.6837809209080095,0.9562184204060772,C,Z,CZ,ZINC  HEART T-LIGHT HOLDER
20755,1090.58,5146,53,97.09433962264151,594.6528484415521,8.554339086066323,0.9562737805477866,C,Z,CZ,BLUE PAISLEY POCKET BOOK
23432,1090.02,1278,15,85.2,82.53934126913576,3.4650527273244642,0.9563291122627144,C,Z,CZ,PRETTY HANGING QUILTED HEARTS
21632,1088.97,133,28,4.75,8.6136197062817,3.8068508958198146,0.9563843906774271,C,Z,CZ,VINTAGE PINK DECORATIVE PARASOL
85124A,1087.73,387,33,11.727272727272727,12.870199899556553,2.415000682866563,0.9564396061471236,C,Z,CZ,PINK JUICY FRUIT PHOTO FRAME
23102,1086.6499999999999,1288,27,47.7037037037037,35.871367213349785,2.224680071313247,0.9564947667937415,C,Z,CZ,SILVER HEARTS TABLE DECORATION
21817,1086.01,1699,32,53.09375,49.84062300586644,2.2415260703540953,0.9565498949526092,C,Z,CZ,GLITTER CHRISTMAS TREE
72815,1083.3600000000001,282,20,14.1,12.464264709032864,2.839068304494209,0.9566048885918859,C,Z,CZ,3 WICK CHRISTMAS BRIAR CANDLE
21815,1080.54,693,36,19.25,19.526355815373524,2.1860357435912996,0.9566597390820128,C,Z,CZ,STAR  T-LIGHT HOLDER
84247E,1078.8,381,29,13.137931034482758,13.860849638797745,2.537772731380103,0.9567145012460688,C,Z,CZ,PACK/12 XMAS FUN CARD
21850,1077.93,448,49,9.142857142857142,20.559871919186005,3.4111934031469793,0.9567692192470892,C,Z,CZ,BLUE  DIAMANTE PEN IN GIFT BOX
20615,1077.81,637,80,7.9625,14.964467408168138,2.19868954950679,0.9568239311566564,C,Z,CZ,BLUE POLKADOT PASSPORT COVER
23347,1077.3,860,21,40.95238095238095,52.46853932641559,3.4197340327159877,0.9568786171775477,C,Z,CZ,I LOVE LONDON BEAKER
85126,1075.91,157,29,5.413793103448276,7.51910538646772,3.043912992270869,0.9569332326391065,C,Z,CZ,LARGE ROUND CUTGLASS CANDLESTICK
22860,1075.6999999999998,621,22,28.227272727272727,27.612853836025295,2.836435443818972,0.956987837440622,C,Z,CZ,EASTER TIN CHICKS PINK DAISY
21827,1072.6399999999999,838,46,18.217391304347824,18.662991356607645,1.8926465758594921,0.9570422869100815,C,Z,CZ,EIGHT PIECE CREEPY CRAWLIE SET
85163A,1070.92,104,39,2.6666666666666665,3.9625439285848825,2.721000947049845,0.9570966490687124,C,Z,CZ,WHITE BAROQUE WALL CLOCK
21758,1069.76,135,54,2.5,2.007063000205139,1.4643266031007895,0.9571509523432958,C,Y,CY,VINTAGE SHELLS PRINT
72800F,1067.84,825,34,24.264705882352942,86.43277605852771,6.30308519789615,0.9572051581546284,C,Z,CZ,4 IVORY DINNER CANDLES GOLD FLOCK
23033,1067.6,720,25,28.8,34.56395039150859,2.985313847057307,0.9572593517830545,C,Z,CZ,DRAWER KNOB CERAMIC RED
22856,1067.3500000000001,883,21,42.04761904761905,82.07099133705903,4.682015853889116,0.9573135327209534,C,Z,CZ,ASSORTED EASTER DECORATIONS  BELLS
85008,1063.67,270,47,5.74468085106383,6.194205163967447,1.9314876957394438,0.9573675268542882,C,Z,CZ,SET OF 3 CONEY ISLAND OVAL BOXES
23516,1062.35,297,11,27.0,36.09986149557918,4.880523354461856,0.9574214539816379,C,Z,CZ,EMBROIDERED RIBBON REEL SOPHIE
23331,1062.28,1596,18,88.66666666666667,40.51724396875397,2.432535800231296,0.9574753775556399,C,Z,CZ,DECORATIVE WICKER HEART SMALL
22995,1062.0,2389,43,55.55813953488372,40.709366142134314,1.639193201589808,0.9575292869162513,C,Z,CZ,TRAVEL CARD WALLET SUKI
85179B,1061.25,247,22,11.227272727272727,16.127267114695677,3.6108072269469877,0.9575831582052802,C,Z,CZ,WHITE BITTY LIGHT CHAIN
22857,1060.18,1244,22,56.54545454545455,48.607002506230444,2.6573690369246274,0.9576369751788516,C,Z,CZ,ASSORTED EASTER GIFT TAGS
21825,1058.99,737,21,35.095238095238095,33.61830567102506,2.8775525550138186,0.9576907317455122,C,Z,CZ,PAINTED METAL TREE WITH HOLLY BELLS
85144,1058.0,290,36,8.055555555555555,13.629682827133358,3.1510751614343198,0.9577444380576843,C,Z,CZ,JARDIN ETCHED GLASS CHEESE DISH
35651,1057.62,459,27,17.0,16.316579581234826,2.5037590224318995,0.9577981250802547,C,Z,CZ,VINTAGE BEAD PINK SCARF
20783,1056.89,166,22,7.545454545454546,10.953265539282153,3.6381352986322555,0.9578517750464849,C,Z,CZ,HEART EAR MUFF HEADPHONES
16047,1056.4,10614,22,482.45454545454544,1521.8600688841498,6.973307790982593,0.9579054001392812,C,Z,CZ,POP ART PEN CASE & PENS
84707A,1055.83,126,38,3.3157894736842106,4.976187964414477,2.7818564160785693,0.9579589962976749,C,Z,CZ,SILVER JEWELLED MIRROR TRINKET TRAY
22821,1055.25,1672,57,29.333333333333332,29.325959571033728,1.6174708201770502,0.958012563014045,C,Z,CZ,GIFT BAG PSYCHEDELIC APPLES
22511,1054.16,399,51,7.823529411764706,10.378257815939898,2.1347837772811125,0.9580660743997155,C,Z,CZ,RETROSPOT BABUSHKA DOORSTOP
21269,1053.84,116,42,2.761904761904762,1.5271450137912583,1.488361507234982,0.9581195695415107,C,Y,CY,ANTIQUE CREAM CUTLERY SHELF
84908B,1052.29,435,22,19.772727272727273,55.285347941110906,6.245356790243629,0.9581729860020357,C,Z,CZ,BLUE 5 PATCH FLOWER CUSHION COVER
84908A,1052.11,433,23,18.82608695652174,54.19799742519262,6.274411122683117,0.958226393325381,C,Z,CZ,PINK 5 PATCH FLOWER CUSHION COVER
37327,1052.08,1740,39,44.61538461538461,47.25051678058547,2.140315071702457,0.9582797991258629,C,Z,CZ,ASSTD MULTICOLOUR CIRCLES MUG
85078,1052.02,2258,63,35.84126984126984,50.63315449234194,1.973080920067396,0.9583332018806183,C,Z,CZ,SCANDINAVIAN 3 HEARTS NAPKIN RING
23327,1051.14,1734,14,123.85714285714286,116.84628768195823,3.5450984219819945,0.9583865599647172,C,Z,CZ,HANGING CLEAR MINI BOTTLE
84965A,1050.0,20,3,6.666666666666667,7.371114795831994,7.868926229162401,0.9584398601800108,C,Z,CZ,PINK KASHMIRI COFFEE TABLE
84985A,1049.3799999999999,655,61,10.737704918032787,12.953637377643222,1.7735431748458688,0.9584931289227964,C,Z,CZ,SET OF 72 GREEN PAPER DOILIES
85160B,1048.83,6156,28,219.85714285714286,778.474325287787,6.90062615548618,0.9585463697464214,C,Z,CZ,BLACK BIRD GARDEN DESIGN MUG
21061,1047.41,1397,82,17.036585365853657,33.242262674229906,2.2445855757594377,0.9585995384878506,C,Z,CZ,PARTY INVITES FOOTBALL
72750B,1047.2,496,26,19.076923076923077,27.18223401697966,3.2876629826697665,0.9586526965692368,C,Z,CZ,FLOWER FAIRY SET 3 CANDLES LAVENDER
23419,1045.8,474,14,33.857142857142854,27.18273530940363,3.297718728937135,0.9587057835836693,C,Z,CZ,HOME SWEET HOME BOTTLE
46775A,1044.23,83,6,13.833333333333334,19.579751445477203,6.728362846854041,0.9587587909015893,C,Z,CZ,BUBBLE GUM CHUNKY KNITTED THROW
22134,1044.0,2355,96,24.53125,55.61445346499888,2.3650198728007217,0.9588117865442242,C,Z,CZ,MINI LADLE LOVE HEART RED
35646,1043.44,642,39,16.46153846153846,16.500153354703855,2.068129956804119,0.9588647537600775,C,Z,CZ,VINTAGE BEAD PINK EVENING BAG
18007,1043.4,11397,43,265.04651162790697,723.5099286345555,4.361394281822655,0.9589177189454464,C,Z,CZ,ESSENTIAL BALM 3.5g TIN IN ENVELOPE
22266,1042.71,2546,58,43.89655172413793,85.33744980240492,2.7300273974076985,0.9589706491049597,C,Z,CZ,EASTER DECORATION HANGING BUNNY
84405A,1042.16,129,27,4.777777777777778,8.0638477804111,3.6630429345903943,0.9590235513453124,C,Z,CZ,S/3 PINK COL METAL BASKET W HANDLE
72800D,1040.61,639,56,11.410714285714286,37.2655223476628,4.506787671039765,0.9590763749043949,C,Z,CZ,4 BLUE DINNER CANDLES SILVER FLOCK
20671,1039.97,787,50,15.74,18.867756753200926,2.002250622290498,0.9591291659757272,C,Z,CZ,BLUE TEATIME PRINT BOWL
21725,1038.1299999999999,1137,80,14.2125,15.270301904453778,1.3348985297034535,0.9591818636447774,C,Y,CY,SWEETIES  STICKERS
21664,1034.82,259,46,5.630434782608695,8.236392672232652,2.4482022364595184,0.9592343932912443,C,Z,CZ,RIDGED GLASS STORAGE JAR CREAM LID
20652,1033.54,1521,75,20.28,72.85297300505776,4.247708470240802,0.9592868579622105,C,Z,CZ,BLUE POLKADOT LUGGAGE TAG
23088,1033.28,795,26,30.576923076923077,27.68562526210752,2.4805589568522977,0.9593393094350282,C,Z,CZ,ZINC HEART FLOWER T-LIGHT HOLDER
82616C,1030.0,634,56,11.321428571428571,18.869029114934868,2.4338740512262613,0.9593915944081258,C,Z,CZ,MIDNIGHT GLAMOUR SCARF KNITTING KIT
22247,1027.89,1190,47,25.319148936170212,29.702954312864545,2.047758983902702,0.9594437722731717,C,Z,CZ,BUNNY DECORATION MAGIC GARDEN
84686,1027.79,389,38,10.236842105263158,26.39249914994412,4.410219572424701,0.9594959450620065,C,Z,CZ,BEACH HUT MIRROR
84923,1026.14,235,65,3.6153846153846154,2.51677067198913,1.1676567830746363,0.9595480340933603,C,Y,CY,PINK BUTTERFLY HANDBAG W BOBBLES
21417,1026.0,503,67,7.507462686567164,17.941295799903838,3.047120999452836,0.9596001160180186,C,Z,CZ,COCKLE SHELL DISH
23545,1025.6,2480,21,118.0952380952381,60.83741016998075,2.2812462136299168,0.9596521776378332,C,Z,CZ,WRAP RED VINTAGE DOILY
22049,1025.25,3550,27,131.4814814814815,101.33545600565797,2.248365581514108,0.9597042214909092,C,Z,CZ,WRAP CHRISTMAS SCREEN PRINT
21814,1025.23,676,42,16.095238095238095,18.34069116421059,2.1482386853534168,0.959756264328743,C,Z,CZ,HEART T-LIGHT HOLDER
35923,1025.02,1546,57,27.12280701754386,73.8415461297845,3.756442228726557,0.9598082965065337,C,Z,CZ,CANDY HEART HANGING DECORATION
21690,1024.59,267,44,6.068181818181818,7.098633105476952,2.127126512389009,0.9598603068566172,C,Z,CZ,SILVER  CANDLEPOT JARDIN
85104,1024.49,351,36,9.75,24.440452415733105,4.420101903078382,0.9599123121304897,C,Z,CZ,SILVER GLASS T-LIGHT SET
84625C,1024.15,770,41,18.78048780487805,20.28486159075525,2.1032466530073792,0.9599643001452448,C,Z,CZ,BLUE NEW BAROQUE CANDLESTICK CANDLE
22717,1023.46,2417,72,33.56944444444444,38.724678737840854,1.5296737792032211,0.9600162531341443,C,Z,CZ,CARD DOG AND BALL
85180B,1022.16,364,37,9.837837837837839,20.877304947283353,3.7586112536055105,0.960068140132301,C,Z,CZ,PINK HEARTS LIGHT CHAIN
82613B,1021.86,911,89,10.235955056179776,18.718623730434715,2.008096132303818,0.9601200119018247,C,Z,CZ,"METAL SIGN,CUPCAKE SINGLE HOOK"
23452,1021.76,518,9,57.55555555555556,20.292308340299233,3.439820756971044,0.9601718785951376,C,Z,CZ,HEART MINI PORTRAIT FRAME
21636,1020.84,1032,48,21.5,27.241239075764863,2.1383443772415487,0.9602236985873094,C,Z,CZ,MADRAS NOTEBOOK MEDIUM
84929,1020.72,3120,57,54.73684210526316,90.18681530099252,2.385551236266935,0.9602755124880279,C,Z,CZ,ASSTD FRUIT+FLOWERS FRIDGE MAGNETS
23153,1020.69,263,32,8.21875,6.5191250897251445,2.0569147368713043,0.9603273248658832,C,Z,CZ,ZINC SWEETHEART WIRE LETTER RACK
84709B,1020.4300000000001,177,48,3.6875,3.7989710252993283,1.8488910971512336,0.96037912404559,C,Z,CZ,PINK OVAL JEWELLED MIRROR
22643,1019.78,470,42,11.19047619047619,10.48399033890477,1.896798665861494,0.9604308902299253,C,Z,CZ,SET OF 4 NAPKIN CHARMS LEAVES
47589,1019.6300000000001,185,35,5.285714285714286,5.680572819973811,2.3033307099473173,0.9604826487999443,C,Z,CZ,CONGRATULATIONS BUNTING
84596L,1019.34,1540,70,22.0,31.19271561192415,1.8519662664629488,0.9605343926489512,C,Z,CZ,BISCUITS SMALL BOWL LIGHT BLUE
17021,1018.44,3834,54,71.0,136.49936070069379,2.8129222363503734,0.9605860908120596,C,Z,CZ,NAMASTE SWAGAT INCENSE
20839,1018.11,633,47,13.46808510638298,12.388372991797743,1.7450307331627992,0.9606377722236715,C,Z,CZ,FRENCH PAISLEY CUSHION COVER
85031C,1017.48,481,38,12.657894736842104,20.51535524560774,2.955828471535209,0.9606894216551544,C,Z,CZ,CURIOUS IMAGES SCRAP BOOK SET
20619,1016.52,579,82,7.060975609756097,13.064273742506733,2.1347255059521073,0.9607410223550118,C,Z,CZ,TROPICAL PASSPORT COVER
23544,1015.78,164,8,20.5,45.94406537146167,8.314748262422611,0.960792585490908,C,Z,CZ,WALL ART MID CENTURY MODERN
22420,1015.1700000000001,2112,69,30.608695652173914,36.88344814145051,1.632202200108359,0.9608441176619172,C,Z,CZ,LIPSTICK PEN BABY PINK
20730,1011.7,2218,24,92.41666666666667,286.77364451498295,6.581802585949635,0.9608954736884053,C,Z,CZ,STRAWBERRY CANDY BAG
72586,1010.9399999999999,2305,61,37.78688524590164,96.48594280241007,3.4115554134754333,0.9609467911356901,C,Z,CZ,SET OF 6 HALLOWEEN GHOST T-LIGHTS
23107,1009.51,359,27,13.296296296296296,13.052600138300813,2.5350194294584685,0.9609980359931579,C,Z,CZ,WHITE HEARTS WIRE PLANT POT HOLDER
21084,1008.8100000000001,2929,72,40.68055555555556,75.57215121407904,2.3151769274522214,0.9610492453171487,C,Z,CZ,SET/6 COLLAGE PAPER CUPS
84905,1007.91,269,44,6.113636363636363,7.471545741790664,2.193998379327035,0.9611004089552407,C,Z,CZ,PINK BUTTERFLY CUSHION COVER
21836,1007.64,250,39,6.410256410256411,4.934934269908069,1.790695954091593,0.9611515588875631,C,Z,CZ,GINGHAM OVEN GLOVE RED HEART
23460,1007.08,108,8,13.5,10.596495377515826,4.359842938991599,0.9612026803931039,C,Z,CZ,SWEETHEART WALL TIDY
20782,1006.46,157,36,4.361111111111111,4.134542833790025,2.100781398933481,0.9612537704261367,C,Z,CZ,CAMOUFLAGE EAR MUFF HEADPHONES
47310M,1004.94,746,71,10.507042253521126,12.159503325660985,1.5488439402784413,0.9613047833007626,C,Z,CZ,SMALL POP BOX FUNKY MONKEY
21127,1003.98,298,24,12.416666666666666,35.73077673095145,6.141812385257611,0.9613557474437632,C,Z,CZ,COLOURFUL FISHING GNOME
23121,1002.54,2506,25,100.24,136.2067301323005,3.245550820101135,0.9614066384893255,C,Z,CZ,PACK OF 6 COCKTAIL PARASOL STRAWS
23281,1000.82,1280,28,45.714285714285715,54.705174203690135,2.800589363196611,0.9614574422240589,C,Z,CZ,FOLDING BUTTERFLY MIRROR RED
84907,999.1700000000001,391,27,14.481481481481481,39.22849275558066,5.483599620395597,0.9615081622013114,C,Z,CZ,PINK YELLOW PATCH CUSHION COVER
21427,999.0600000000001,507,62,8.17741935483871,16.906225639161516,2.780557957314999,0.9615588765947316,C,Z,CZ,SKULLS STORAGE BOX SMALL
23533,998.64,215,10,21.5,46.07059799915777,7.237267591084692,0.9616095696680658,C,Z,CZ,WALL ART GARDEN HAVEN
21250,997.5500000000001,402,41,9.804878048780488,19.578329234379428,3.3769442373789316,0.9616602074107002,C,Z,CZ,SET OF SKULL WALL STICKERS
23517,996.38,334,12,27.833333333333332,37.28717384481336,4.682355230030845,0.9617107857616661,C,Z,CZ,EMBROIDERED RIBBON REEL REBECCA
20705,996.19,273,40,6.825,10.99857216840394,2.8606510818161732,0.9617613544678313,C,Z,CZ,MRS ROBOT SOFT TOY
84918,995.12,208,24,8.666666666666666,10.461800770532712,3.063431961806135,0.961811868858539,C,Z,CZ,CREAM CUSHION COVER WITH FLOWERS
85170C,993.03,543,60,9.05,15.680523382825013,2.418725245573042,0.9618622771564371,C,Z,CZ,SET/6 EAU DE NIL BIRD T-LIGHTS
20617,992.99,498,66,7.545454545454546,24.53705632033176,4.121489734820615,0.9619126834238508,C,Z,CZ,FIRST CLASS PASSPORT COVER
85025B,992.0,574,54,10.62962962962963,20.81572001781917,2.8591541318916676,0.9619630394367759,C,Z,CZ,EAU DE NILE HEART SHAPE PHOTO FRAME
72484,991.38,1818,11,165.27272727272728,166.92518737991034,4.149978197724071,0.9620133639771927,C,Z,CZ,ROSES IN WHITE HEART CANDLE
21721,991.3499999999999,1091,58,18.810344827586206,15.656910246772796,1.4191467054994242,0.9620636869947464,C,Y,CY,CANDY SHOP  STICKER SHEET
84964B,990.0,17,2,8.5,10.606601717798213,9.56474929445325,0.9621139414834519,C,Z,CZ,BLUE PAINTED KASHMIRI TABLE
21335,989.62,42,17,2.4705882352941178,1.374665734770799,2.6268282694857716,0.9621641766825556,C,Z,CZ,LIBRARY LAMP
35958,986.3299999999999,1133,28,40.464285714285715,47.83883603103479,2.7785560746588733,0.962214244874318,C,Z,CZ,FOLKART ZINC STAR CHRISTMAS DEC
21303,985.54,96,11,8.727272727272727,15.479605350853808,5.95775055425004,0.9622642729640136,C,Z,CZ,FILIGREE WALL MIRROR  ANTIQUE WHITE
22529,984.87,2439,65,37.52307692307692,53.00386415521623,1.9347964023814055,0.9623142670430959,C,Z,CZ,MAGIC DRAWING SLATE GO TO THE FAIR
71279,983.9100000000001,297,53,5.60377358490566,5.104069351777104,1.5998297985633376,0.9623642123905526,C,Z,CZ,PINK GLASS CANDLEHOLDER
23380,983.5,2344,14,167.42857142857142,153.08605638444234,3.4921831260603198,0.9624141369255442,C,Z,CZ,PACK OF 12 VINTAGE DOILY TISSUES
23518,983.3000000000001,362,11,32.90909090909091,47.32537278343308,5.121457561486179,0.9624640513081141,C,Z,CZ,EMBROIDERED RIBBON REEL RACHEL
20661,983.01,899,58,15.5,54.74029594366475,4.7719868747893335,0.962513950969672,C,Z,CZ,BLUE SPOTTY PURSE
35653,982.5300000000001,311,52,5.980769230769231,5.557155375483934,1.6411917010025445,0.9625638262654173,C,Z,CZ,VINTAGE BEAD NOTEBOOK
85019B,982.47,718,34,21.11764705882353,29.176334023025802,2.779552112829775,0.9626136985154358,C,Z,CZ,BLOSSOM  IMAGES NOTEBOOK SET
82616B,980.5,607,55,11.036363636363637,13.665262307741989,1.9331947106357361,0.9626634707640981,C,Z,CZ,FRAPPUCINO SCARF KNITTING KIT
21691,979.74,254,35,7.257142857142857,5.310050720611075,1.8753221146421932,0.9627132044335569,C,Z,CZ,SILVER VANILLA FLOWER CANDLE POT
72814,979.1700000000001,269,20,13.45,13.531542099071611,3.0331633905337076,0.9627629091686132,C,Z,CZ,SET OF 3 CHRISTMAS BRIAR CANDLES
22108,978.74,313,59,5.305084745762712,6.0351105960444045,1.7335705847197265,0.9628125920759621,C,Z,CZ,PING! MICROWAVE PLATE
85018D,977.55,790,23,34.34782608695652,59.60674816560177,4.06782349059653,0.9628622145764005,C,Z,CZ,YULETIDE IMAGES S/6 PAPER BOXES
23514,977.39,478,11,43.45454545454545,47.17915564391469,4.311164772912298,0.9629118289549013,C,Z,CZ,EMBROIDERED RIBBON REEL SALLY
23512,977.3199999999999,501,12,41.75,59.83025230524346,4.89712779392547,0.9629614397800546,C,Z,CZ,EMBROIDERED RIBBON REEL ROSIE
20830,977.21,413,54,7.648148148148148,14.033863905873586,2.7000770720861764,0.9630110450213756,C,Z,CZ,SILVER PHOTO FRAME
21208,976.91,1078,69,15.623188405797102,21.343893912115202,1.810972606897961,0.9630606350340637,C,Z,CZ,PASTEL COLOUR HONEYCOMB FAN
35599B,974.81,268,29,9.241379310344827,16.55867311025898,3.701733261310521,0.9631101184463211,C,Z,CZ,BLACK CHRISTMAS TREE 120CM
85189,971.3499999999999,1180,21,56.19047619047619,78.89842777116606,3.6402439535513857,0.9631594262216788,C,Z,CZ,HANGING BUTTERFLY  EGG
22512,971.1700000000001,388,41,9.463414634146341,19.58710999736256,3.4839870243933064,0.9632087248598568,C,Z,CZ,DOORSTOP RACING CAR DESIGN
78124,970.86,731,26,28.115384615384617,60.130742169427386,4.537914568019107,0.9632580077617805,C,Z,CZ,MAGAZINE RACK GEBRA ASSORTED
84800L,970.7900000000001,650,31,20.967741935483872,28.154909425021827,2.8650681291402798,0.9633072871103565,C,Z,CZ,LARGE WHITE/PINK ROSE ART FLOWER
21129,970.2900000000001,127,41,3.097560975609756,2.576867071162,1.8025649776030257,0.9633565410778777,C,Z,CZ,SILVER FISHING GNOME
21562,970.2800000000001,678,51,13.294117647058824,17.200341993864026,2.0942602474231307,0.9634057945377779,C,Z,CZ,HAWAIIAN GRASS SKIRT
22104,968.0799999999999,1187,65,18.26153846153846,72.33759329592155,5.031850287997558,0.9634549363210363,C,Z,CZ,MIRROR MOSAIC CANDLE PLATE
85197,967.86,1673,27,61.96296296296296,269.563533467527,8.547037363255402,0.9635040669366306,C,Z,CZ,SET OF 12 MINI BUNNIES IN A BUCKET
23183,967.1700000000001,226,31,7.290322580645161,5.520830543720131,2.053459687281328,0.9635531625263694,C,Z,CZ,MOTHER'S KITCHEN SPOON REST
21299,966.35,166,14,11.857142857142858,29.78346764658113,7.067587361771506,0.9636022164911779,C,Z,CZ,EDWARDIAN TOILET ROLL UNIT
20773,965.63,3340,57,58.59649122807018,405.20884648929245,9.302976513485891,0.9636512339072675,C,Z,CZ,BLUE PAISLEY NOTEBOOK
90175A,964.4499999999999,107,45,2.3777777777777778,2.552083719851548,1.9784629541026029,0.9637001914240674,C,Z,CZ,WHITE GLASS CHUNKY CHARM BRACELET
20774,964.13,3485,54,64.53703703703704,436.8358662862678,9.355767132990865,0.9637491326969921,C,Z,CZ,GREEN FERN NOTEBOOK
85130D,962.15,790,67,11.791044776119403,23.861048081728743,2.610379489030383,0.9637979734609394,C,Z,CZ,BEADED CRYSTAL HEART PINK LARGE
85032B,961.14,994,53,18.754716981132077,24.216893071046794,2.0426043647058325,0.9638467629551559,C,Z,CZ,BLOSSOM IMAGES GIFT WRAP SET
22994,958.2,2197,43,51.093023255813954,35.059686490794235,1.5908951119691617,0.9638954032087695,C,Z,CZ,TRAVEL CARD WALLET RETROSPOT
72753B,957.73,445,8,55.625,65.1918870938489,5.255875209145892,0.9639440196041916,C,Z,CZ,S/3 FLWR FAIRY LAVENDER CANDLES
85111,957.63,2919,44,66.3409090909091,155.72515191416323,3.7538475682681147,0.9639926309234027,C,Z,CZ,SILVER GLITTER FLOWER VOTIVE HOLDER
21805,957.63,2221,24,92.54166666666667,78.10248516152221,2.508247062799355,0.9640412422426138,C,Z,CZ,WHITE CHRISTMAS TREE DECORATION
90147,957.3499999999999,95,42,2.261904761904762,1.515119311240486,1.6002423639151346,0.9640898393484342,C,Z,CZ,CHUNKY SILVER NECKLACE PASTEL FLOWE
84360,956.89,179,34,5.264705882352941,7.119366772698733,2.7363981636946066,0.964138413103684,C,Z,CZ,TABLE LAMP WHITE SHADE WOOD BASE
20758,955.9699999999999,5428,52,104.38461538461539,668.330174179991,9.02270710383684,0.9641869401577927,C,Z,CZ,ABSTRACT CIRCLES POCKET BOOK
84664,955.35,193,17,11.352941176470589,12.529670668410384,3.482940711047354,0.9642354357393935,C,Z,CZ,CHERRY BLOSSOM BATHROOM CABINET
84660B,954.24,754,43,17.53488372093023,34.804452942533295,3.2749963954615717,0.9642838749750523,C,Z,CZ,BLACK STITCHED WALL CLOCK
20878,953.76,738,20,36.9,29.18164527665689,2.699914737387614,0.9643322898448986,C,Z,CZ,SET/9 CHRISTMAS T-LIGHTS SCENTED
17012C,952.9499999999999,857,60,14.283333333333333,36.230005200609035,3.420474069704274,0.9643806635974357,C,Z,CZ,ORIGAMI LAVENDER INCENSE/CANDL SET
21060,952.55,1276,75,17.013333333333332,33.70960779447987,2.3995549618004404,0.9644290170451291,C,Z,CZ,PARTY INVITES BALLOON GIRL
22953,949.8000000000001,761,46,16.543478260869566,25.9124221791095,2.5859290662225662,0.9644772308970204,C,Z,CZ,BIRTHDAY PARTY CORDON BARRIER TAPE
85124B,948.6999999999999,355,64,5.546875,6.5366602013032304,1.6871311230323223,0.9645253889105909,C,Z,CZ,BLUE JUICY FRUIT PHOTO FRAME
85032C,947.89,888,57,15.578947368421053,25.826998172193118,2.3981484484588753,0.9645735058068525,C,Z,CZ,CURIOUS IMAGES GIFT WRAP SET
22143,947.08,448,26,17.23076923076923,30.338500546081956,3.8631009703530736,0.9646215815858051,C,Z,CZ,CHRISTMAS CRAFT HEART DECORATIONS
23540,947.06,150,8,18.75,47.79345442332335,9.268604114008875,0.9646696563495155,C,Z,CZ,WALL ART THE MAGIC FOREST
37492B,946.7199999999999,489,27,18.11111111111111,36.37870608488235,4.221028812705168,0.9647177138541085,C,Z,CZ,BLUE YELLOW FLOWER PIGGY BANK
21331,946.68,110,25,4.4,9.394147114027968,4.622152909701404,0.9647657693282173,C,Z,CZ,MOROCCAN BEATEN METAL DISH LARGE
21641,946.31,1666,59,28.23728813559322,73.14801691588018,3.520087764777254,0.9648138060203454,C,Z,CZ,ASSORTED TUTTI FRUTTI KEYRING BALL
20778,946.01,3612,42,86.0,518.0161500448775,9.443407816444557,0.9648618274838406,C,Z,CZ,GARDEN PATH NOTEBOOK
37482P,945.69,681,36,18.916666666666668,35.53861079365451,3.4353975286733753,0.9649098327034608,C,Z,CZ,CUBIC MUG PINK POLKADOT
22096,944.09,1676,69,24.28985507246377,62.63388047855742,3.222416655982837,0.9649577567037051,C,Z,CZ,PINK PAISLEY SQUARE TISSUE BOX
23178,943.92,330,29,11.379310344827585,15.218442273165637,2.962979415320102,0.9650056720743908,C,Z,CZ,JAM CLOCK MAGNET
85031A,943.4399999999999,477,44,10.840909090909092,19.810665651939583,3.012863087981322,0.9650535630792638,C,Z,CZ,ROMANTIC IMAGES SCRAP BOOK SET
20998,942.26,324,71,4.563380281690141,3.302520225378522,1.1050589629926046,0.9651013941848473,C,Y,CY,ROSE DU SUD OVEN GLOVE
20831,940.5600000000001,480,53,9.056603773584905,18.660339569772468,3.0224966685028973,0.965149138994844,C,Z,CZ,GOLD PHOTO FRAME
21726,938.64,1086,63,17.238095238095237,18.950456872281542,1.616841176947064,0.96519678634159,C,Z,CZ,MULTI HEARTS  STICKERS
84817,937.44,1059,49,21.612244897959183,52.07399235964254,3.6322066637174393,0.9652443727738041,C,Z,CZ,DANISH ROSE DECORATIVE PLATE
85121B,936.74,86,21,4.095238095238095,3.176550989749132,2.605792939113921,0.9652919236725414,C,Z,CZ,RETRO LAUNDRY TUB PINK
20775,934.79,3609,55,65.61818181818182,452.87331606536543,9.451051260670694,0.9653393755851645,C,Z,CZ,DAISY NOTEBOOK
85226A,934.72,1717,41,41.8780487804878,78.15311737926748,3.1867470203428265,0.96538682394444,C,Z,CZ,WHITE/BLUE PULL BACK RACING CAR
82607A,932.47,670,41,16.341463414634145,14.888938437809397,1.8949723023653964,0.9654341580889684,C,Z,CZ,GLASS BONBON JAR PARFUME AUX FLEURE
47504E,931.86,4387,27,162.4814814814815,802.378261572355,9.659516445581755,0.9654814612686098,C,Z,CZ,ENGLISH ROSE SCISSORS
22647,931.23,1066,45,23.68888888888889,37.737624234022505,2.6544195879211157,0.965528732468122,C,Z,CZ,CERAMIC LOVE HEART MONEY BANK
21720,930.66,1069,45,23.755555555555556,23.797589216667564,1.8917896810393848,0.9655759747332318,C,Z,CZ,CAKE SHOP  STICKER SHEET
23179,930.48,324,27,12.0,17.970060570935114,3.342123754496132,0.9656232078611616,C,Z,CZ,CLOCK MAGNET MUM'S KITCHEN
72800C,929.94,662,49,13.510204081632653,38.34336233788255,4.227236063865225,0.9656704135775523,C,Z,CZ,4 PINK DINNER CANDLE SILVER FLOCK
21014,929.79,1852,45,41.15555555555556,58.606916887605564,2.427674611482737,0.9657176116796264,C,Z,CZ,SWISS CHALET TREE DECORATION
23413,929.11,177,14,12.642857142857142,9.278653274770353,3.184952771977038,0.9657647752634659,C,Z,CZ,VINTAGE COFFEE GRINDER BOX
37330,927.4599999999999,517,20,25.85,25.25923489277577,2.986098909788675,0.9658118550898243,C,Z,CZ,SPOTS MUG
84341B,926.43,1762,38,46.36842105263158,53.256351506819584,2.2917617475716283,0.9658588826312096,C,Z,CZ,SMALL PINK MAGIC CHRISTMAS TREE
23099,925.35,137,25,5.48,4.1645327869202005,2.3380349385458623,0.9659058553495162,C,Z,CZ,FRENCH CARRIAGE LANTERN
23002,925.29,2145,43,49.883720930232556,44.50479337604069,1.8163059476120569,0.9659528250220962,C,Z,CZ,TRAVEL CARD WALLET SKULLS
22703,923.9100000000001,514,57,9.017543859649123,13.452948731558253,2.1941212976981013,0.9659997246429647,C,Z,CZ,PINK CAT BOWL
72529W,923.05,465,15,31.0,38.79432948254164,4.008440049332168,0.9660465806084189,C,Z,CZ,WHITE ADVENT CANDLE
21264,921.75,393,33,11.909090909090908,11.990526563613765,2.2911716351576827,0.9660933705831302,C,Z,CZ,WHITE GOOSE FEATHER TREE 60CM
20903,919.8,187,47,3.978723404255319,5.723670765385383,2.3863392949521756,0.9661400615717275,C,Z,CZ,VINTAGE KEEPSAKE BOX TRAVELOGUE
85121C,918.91,98,27,3.6296296296296298,2.8168196489077775,2.2551712982254495,0.9661867073820469,C,Z,CZ,RETRO LAUNDRY TUB PISTACHIO
21702,918.6800000000001,2636,5,527.2,888.6502124008073,8.190150024981774,0.9662333415170812,C,Z,CZ,SET 5 MINI GATEAUX  FRIDGE MAGNETS
72045D,918.65,539,3,179.66666666666666,280.8920314521815,9.495038967151686,0.966279974129252,C,Z,CZ,ROSES ON BLUE TEACUP CANDLE
85130B,918.33,911,51,17.862745098039216,28.898456434794667,2.5043553560215774,0.9663265904975478,C,Z,CZ,BEADED CRYSTAL HEART GREEN LARGE
84600,918.27,108,36,3.0,3.153229636873461,2.234226834348988,0.9663732038201169,C,Z,CZ,NEW BAROQUE JEWELLERY BOX
23338,915.4,431,26,16.576923076923077,19.528795307285243,2.8875406769815886,0.966419671455431,C,Z,CZ,EGG FRYING PAN RED
85019A,915.04,647,41,15.78048780487805,24.659189154473385,2.7530787982041676,0.9664661208163855,C,Z,CZ,ROMANTIC IMAGES NOTEBOOK SET
21220,914.9300000000001,680,73,9.315068493150685,7.980665372442965,1.2066711910548786,0.966512564593508,C,Y,CY,SET/4 BADGES DOGS
21007,914.6700000000001,1927,17,113.3529411764706,136.92741744098888,3.676875829622719,0.966558995172482,C,Z,CZ,ETCHED GLASS DROPLET DECORATION
21320,913.34,398,35,11.371428571428572,18.375312265110928,3.083621981884032,0.9666053582378499,C,Z,CZ,GLASS CHALICE GREEN  LARGE
84974,909.4,92,43,2.13953488372093,1.5209864491559602,1.616315677864444,0.966651521300505,C,Z,CZ,S/2 ZINC HEART DESIGN PLANTERS
23472,909.37,59,11,5.363636363636363,3.7755192297941558,3.5655715917141793,0.966697682840297,C,Z,CZ,NINE DRAWER OFFICE TIDY
84660A,907.96,867,31,27.967741935483872,45.11724272822808,3.2869080590750723,0.9667437728055143,C,Z,CZ,WHITE STITCHED WALL CLOCK
23004,906.9399999999999,2011,43,46.76744186046512,28.194762439403462,1.5090439077837796,0.9667898109933795,C,Z,CZ,TRAVEL CARD WALLET PANTRY
22707,905.94,2157,54,39.94444444444444,21.308530196132647,1.2098940927611408,0.9668357984191349,C,Y,CY,WRAP MONSTER FUN
46000P,905.25,213,29,7.344827586206897,11.004141629628641,3.218449399932854,0.9668817508190345,C,Z,CZ,POLYESTER FILLER PAD 65CMx65CM
46776C,905.1,258,51,5.0588235294117645,11.094884883955997,3.2642839255036167,0.9669276956046177,C,Z,CZ,WOVEN FROST CUSHION COVER
21318,903.72,974,47,20.72340425531915,44.998406796753024,3.379903617898525,0.9669735703384892,C,Z,CZ,GLASS CHALICE BLUE SMALL
22248,903.1999999999999,1015,65,15.615384615384615,17.157990401424772,1.5817760837492345,0.9670194186760636,C,Z,CZ,DECORATION  PINK CHICK MAGIC GARDEN
21480,902.4700000000001,286,4,71.5,51.64300533470143,5.930676014679929,0.9670652299572978,C,Z,CZ,PINK STRIPE HOT WATER BOTTLE
21444,902.0300000000001,291,16,18.1875,52.08738650895563,7.448547742739404,0.967111018903204,C,Z,CZ,BLUE CHALET BIRDFEEDER
23532,901.58,210,10,21.0,43.52521619066866,7.043338468371752,0.9671567850061604,C,Z,CZ,WALL ART WORK REST AND PLAY
85031B,901.0400000000001,497,39,12.743589743589743,21.92297274876402,3.0587994745577114,0.9672025236975778,C,Z,CZ,BLOSSOM IMAGES SCRAP BOOK SET
84820,900.95,325,39,8.333333333333334,19.10543231281745,3.9145802407842485,0.9672482578204051,C,Z,CZ,DANISH ROSE TRINKET TRAYS
21270,899.93,78,27,2.888888888888889,3.154158833780878,2.696943505805095,0.9672939401658806,C,Z,CZ,ANTIQUE CREAM CUTLERY CUPBOARD
20913,898.7200000000001,314,6,52.333333333333336,83.9801563862956,7.316381157561975,0.967339561089203,C,Z,CZ,SET/5 BLUE SPOTTY LID GLASS BOWLS
84086C,896.5500000000001,301,49,6.142857142857143,7.242812529213588,2.0032065552279814,0.9673850718587473,C,Z,CZ,PINK/PURPLE RETRO RADIO
23502,896.41,714,12,59.5,53.05828698876188,3.739523075048181,0.9674305755215963,C,Z,CZ,PLAYING CARDS VINTAGE DOILY
17109B,896.3399999999999,4542,11,412.90909090909093,1155.9398301421622,8.707221267764087,0.9674760756310975,C,Z,CZ,FLOWER FAIRY INCENSE LAVENDER
20941,896.28,998,57,17.50877192982456,52.423795989654465,4.110305446681135,0.9675215726948722,C,Z,CZ,FROG CANDLE
84760L,896.0,560,1,560.0,0.0,10.148891565092217,0.9675670555452561,C,Z,CZ,LARGE HANGING GLASS+ZINC LANTERN
22936,895.97,279,29,9.620689655172415,18.61338572315144,3.9429765262604244,0.9676125368727766,C,Z,CZ,BAKING MOULD ROSE WHITE CHOCOLATE
21676,893.72,1193,77,15.493506493506494,22.770955286240927,1.7972827686785091,0.9676579039855502,C,Z,CZ,FLOWERS  STICKERS
20757,893.25,5350,40,133.75,760.5720434865676,9.141829724505515,0.967703247240132,C,Z,CZ,RED DAISY POCKET BOOK
84666,892.7,226,16,14.125,12.595634164265011,3.216458087924178,0.9677485625755535,C,Z,CZ,SQUARE CHERRY BLOSSOM CABINET
20759,891.13,5777,36,160.47222222222223,881.6512263478314,9.309579879055573,0.9677937982144627,C,Z,CZ,CHRYSANTHEMUM POCKET BOOK
85214,889.53,516,64,8.0625,8.931618527669523,1.6087465993923429,0.9678389526339962,C,Z,CZ,TUB 24 PINK FLOWER PEGS
85194S,889.46,1760,54,32.592592592592595,29.193252333902226,1.5628334354970264,0.9678841035001821,C,Z,CZ,HANGING SPRING FLOWER EGG SMALL
21724,888.34,996,76,13.105263157894736,14.169054494325225,1.395338165922759,0.9679291975128048,C,Y,CY,PANDA AND BUNNIES STICKER SHEET
20803,886.7,1161,47,24.70212765957447,49.031895073565,3.1217653749854515,0.9679742082755676,C,Z,CZ,SMALL PINK GLASS SUNDAE DISH
20991,884.5600000000002,7084,9,787.1111111111111,2262.5828407179065,9.768810519554716,0.9680191104074152,C,Z,CZ,JAZZ HEARTS MAGNETIC MEMO PAD
35598B,883.5,934,29,32.206896551724135,49.43276769681714,3.2776745921522763,0.9680639587314266,C,Z,CZ,BLACK CHRISTMAS TREE 60CM
22164,883.2200000000001,315,31,10.161290322580646,11.73909926752914,2.586113272733898,0.9681087928420471,C,Z,CZ,STRING OF STARS CARD HOLDER
21147,883.08,483,39,12.384615384615385,14.448848769685105,2.281072754509914,0.9681536198459723,C,Z,CZ,JINGLE BELLS TREE DECORATION
23479,880.23,114,8,14.25,8.430387213611755,3.997652435155578,0.9681983021778846,C,Z,CZ,WIRE EGG BASKET
84826,878.4300000000001,1745,35,49.857142857142854,63.18979015499207,2.570640971938544,0.9682428931379992,C,Z,CZ,ASSTD DESIGN 3D PAPER STICKERS
90200E,878.22,210,57,3.6842105263157894,4.119456858862594,1.750905175684955,0.9682874734380708,C,Z,CZ,GREEN SWEETHEART BRACELET
72799A,877.8000000000001,612,12,51.0,98.47380823899779,6.106166955977491,0.9683320324180562,C,Z,CZ,BLACK PILLAR CANDLE SILVER FLOCK
23423,876.9,219,14,15.642857142857142,8.767133930917069,2.9317735550592476,0.9683765457121428,C,Z,CZ,PANTRY 3 HOOK ROLLING PIN HANGER
21062,876.72,1054,73,14.438356164383562,11.03150324873907,1.1157608204000462,0.9684210498690496,C,Y,CY,PARTY INVITES SPACEMAN
21185,876.29,132,14,9.428571428571429,8.967585093969413,3.5592840872790363,0.9684655321982493,C,Z,CZ,HOME SWEET HOME  BLACKBOARD
84925F,875.66,715,27,26.48148148148148,61.4719262818217,4.779004197411958,0.9685099825473198,C,Z,CZ,PSYCHEDELIC WALL THERMOMETER
90200C,874.63,206,46,4.478260869565218,4.420855273887284,1.8483101345481674,0.9685543806114172,C,Z,CZ,BLUE SWEETHEART BRACELET
21338,873.25,199,9,22.11111111111111,53.08588429244738,8.35241638831239,0.968598708623803,C,Z,CZ,MARAKESH LANTERN SMALL
85165,872.76,90,23,3.9130434782608696,3.9302214080386784,2.8080132249697365,0.9686430117627551,C,Z,CZ,CANDY PINK FRENCH BOUDOIR CLOCK
21293,872.34,343,45,7.622222222222222,6.586104134977496,1.731550180794807,0.9686872935816211,C,Z,CZ,MIRRORED DOVE WALL DECORATION
21414,870.89,1637,25,65.48,298.9310288344119,9.294718198072891,0.9687315017954279,C,Z,CZ,SCALLOP SHELL SOAP DISH
23220,869.98,994,19,52.31578947368421,42.17694556084052,2.800731832578675,0.9687756638157147,C,Z,CZ,REINDEER HEART DECORATION GOLD
17033,867.8399999999999,3280,26,126.15384615384616,143.77752044257608,2.8276898456472694,0.9688197172050865,C,Z,CZ,"BROCADE PURSE,SMALL ARCH BUTTON"
17012B,867.4499999999999,721,58,12.431034482758621,19.993957042299467,2.313383272896332,0.9688637507972355,C,Z,CZ,ORIGAMI JASMINE INCENSE/CANDLE SET
35954,865.49,2243,38,59.026315789473685,74.48797720586798,2.4455230881352055,0.9689076848956492,C,Z,CZ,SMALL FOLKART STAR CHRISTMAS DEC
21478,865.48,207,29,7.137931034482759,12.09700121615458,3.539948813445049,0.968951618486442,C,Z,CZ,SILVER SKULL HOT WATER BOTTLE
85166B,864.1,510,27,18.88888888888889,35.28710086107227,3.974511254921042,0.9689954820255232,C,Z,CZ,BLACK METAL BAROQUE PHOTO FRAME
85161,863.85,51,25,2.04,2.3359509127262643,2.897651808858778,0.969039332874077,C,Z,CZ,ACRYLIC GEOMETRIC LAMP
21255,860.0799999999999,476,18,26.444444444444443,24.130094030245647,3.0530696644694144,0.9690829923494766,C,Z,CZ,"FRENCH BOTTLE , LAVENDER"
20894,859.75,278,43,6.465116279069767,8.218297927155634,2.2882108981549476,0.9691266350733801,C,Z,CZ,HANGING BAUBLE T-LIGHT HOLDER LARGE
84632,859.25,15,10,1.5,0.97182531580755,3.6508750853581518,0.9691702524162288,C,Z,CZ,DECORATIVE HANGING SHELVING UNIT
84578,858.66,223,18,12.38888888888889,6.722559814350211,2.526757608426984,0.9692138398094327,C,Z,CZ,ELEPHANT TOY WITH BLUE T-SHIRT
20756,856.6599999999999,5734,32,179.1875,935.3004843192064,9.382387574782006,0.9692573256784168,C,Z,CZ,GREEN FERN POCKET BOOK
22486,856.4,104,26,4.0,4.890807704254994,2.958039891549808,0.9693007983492524,C,Z,CZ,PLASMATRONIC LAMP
21635,855.24,398,30,13.266666666666667,32.400439900518734,4.738624191503512,0.9693442121360407,C,Z,CZ,MADRAS NOTEBOOK LARGE
21376,854.91,187,35,5.3428571428571425,8.804887870959407,3.132206580762431,0.9693876091713327,C,Z,CZ,LARGE  TALL CAMPHOR WOOD TOADSTOOL
84951B,853.99,575,53,10.849056603773585,14.02113271295963,2.0439917948629143,0.9694309595054837,C,Z,CZ,SET OF 4 BLACK LOVEBIRD COASTERS
82613C,853.74,784,83,9.44578313253012,19.330408883697512,2.331822436790168,0.9694742971491073,C,Z,CZ,"METAL SIGN,CUPCAKE SINGLE HOOK"
84951A,852.1,624,60,10.4,12.528205466202644,1.7907347009623644,0.9695175515428709,C,Z,CZ,SET OF 4 PISTACHIO LOVEBIRD COASTER
22547,850.6,1989,76,26.17105263157895,34.896184378962204,1.6641390942671432,0.9695607297934697,C,Z,CZ,MINI JIGSAW DINOSAUR
20936,849.2900000000001,335,53,6.320754716981132,11.875594859441877,2.785378556787438,0.9696038415457047,C,Z,CZ,FORKED CACTUS CANDLE
21458,849.24,768,31,24.774193548387096,53.19756239867847,4.162286108743807,0.9696469507598341,C,Z,CZ,2 PICTURE BOOK EGGS EASTER BUNNY
20897,848.7,351,44,7.9772727272727275,23.589994564471546,4.643625567927528,0.9696900325624243,C,Z,CZ,VINTAGE NOTEBOOK PARIS DAYS
22229,845.3,1007,56,17.982142857142858,16.50728882692686,1.5473186339846539,0.9697329417738412,C,Z,CZ,BUNNY WOODEN PAINTED WITH FLOWER
22820,845.1300000000001,1353,46,29.41304347826087,33.021592994050636,2.0121061770724378,0.9697758423556992,C,Z,CZ,GIFT BAG BIRTHDAY
90161C,843.91,169,61,2.7704918032786887,2.499289516528986,1.4386244884447241,0.9698186810077836,C,Y,CY,ANT COPPER LIME BOUDICCA BRACELET
37423,843.88,6168,39,158.15384615384616,658.2204693222612,6.83174388123393,0.9698615181370044,C,Z,CZ,WHITE WITH BLACK CATS PLATE
21552,843.5500000000001,166,10,16.6,22.376575053191473,5.138847291745419,0.9699043385147291,C,Z,CZ,CERAMIC BIRDHOUSE BLACK ROSE  LARGE
85208,843.24,423,49,8.63265306122449,14.149048668772489,2.5899367476123962,0.9699471431561998,C,Z,CZ,SET/12 FUNKY FELT FLOWER PEG IN BAG
85231L,841.75,1043,18,57.94444444444444,65.27360715365494,3.420860267222061,0.9699898721621268,C,Z,CZ,LAVENDER SCENTED SET/9 T-LIGHTS
21300,841.7,53,4,13.25,17.23127002477376,7.614394006355047,0.9700325986299484,C,Z,CZ,ANTIQUE EDWARDIAN DRESSER
21128,841.63,126,45,2.8,2.981762748930419,1.9681899631170232,0.9700753215444222,C,Z,CZ,GOLD FISHING GNOME
23564,841.31,644,9,71.55555555555556,79.45771062507261,4.818827125470184,0.9701180282150209,C,Z,CZ,EGG CUP MILKMAID INGRID
23551,841.01,1843,15,122.86666666666666,64.27270767892816,2.7756279349991937,0.9701607196569867,C,Z,CZ,PACK OF 12 PAISLEY PARK TISSUES
40018E,840.92,386,23,16.782608695652176,16.423255467723283,2.76832837231529,0.9702034065303627,C,Z,CZ,TEA TIME PAPER LANTERNS
84782A,840.4499999999999,119,16,7.4375,13.899490398332356,5.175208566011227,0.970246069545547,C,Z,CZ,PINK 3 TIER GLASS PLATE STAND
79342B,838.5200000000001,120,13,9.23076923076923,14.950773927313628,5.135389198709502,0.9702886345898594,C,Z,CZ,BROWN FLOWER LIGHTS
17039,837.88,3707,28,132.39285714285714,238.82603916685255,3.790694709228249,0.9703311671464215,C,Z,CZ,INLAID WOOD INCENSE HOLDER
47563A,837.87,344,64,5.375,7.009064425940464,1.8289481619564432,0.9703736991953625,C,Z,CZ,RETRO LONGBOARD IRONING BOARD COVER
84762B,837.77,113,22,5.136363636363637,7.059579473145858,3.5002097651471304,0.9704162261680925,C,Z,CZ,PINK PICNIC BARBECUE BUCKET
85071C,837.23,1285,63,20.396825396825395,42.77644048687415,2.7921709412220395,0.9704587257292834,C,Z,CZ,"CHARLIE+LOLA""EXTREMELY BUSY"" SIGN"
72801G,836.2199999999999,1345,41,32.80487804878049,102.82539071459809,5.084309029872693,0.9705011740207431,C,Z,CZ,4 BURGUNDY WINE DINNER CANDLES
84849A,835.26,471,64,7.359375,12.877157316564686,2.349994319769989,0.9705435735805776,C,Z,CZ,HELLO SAILOR BLUE SOAP HOLDER
47367B,834.95,242,61,3.9672131147540983,5.0595362538304975,1.8526964457074888,0.970585957404158,C,Z,CZ,PAIR PADDED HANGERS PINK CHECK
20776,834.3100000000001,3259,29,112.37931034482759,563.5070929831892,9.468197312259916,0.9706283087399881,C,Z,CZ,ABSTRACT CIRCLES NOTEBOOK
85213,832.4799999999999,1390,47,29.574468085106382,82.4625724537452,4.248550049963295,0.9706705671811573,C,Z,CZ,MINI  ZINC GARDEN DECORATIONS
85196,831.0400000000001,1564,12,130.33333333333334,109.32381702857327,3.640918057242328,0.9707127525248883,C,Z,CZ,EASTER BUNNIES ON A STICK
23017,826.28,67,17,3.9411764705882355,2.9468327963106025,2.8873171940736926,0.9707546962409768,C,Z,CZ,APOTHECARY MEASURING JAR
85188A,825.8199999999999,945,26,36.34615384615385,28.21764314423486,2.3061226372627712,0.9707966166064946,C,Z,CZ,GREEN METAL SWINGING BUNNY
22510,825.32,317,52,6.096153846153846,9.33737926742351,2.3668284311159447,0.9708385115909577,C,Z,CZ,GINGHAM BABUSHKA DOORSTOP
21551,824.95,169,7,24.142857142857142,35.937114387165124,6.4863920439515494,0.97088038779344,C,Z,CZ,CERAMIC BIRDHOUSE BUTTERFLY LARGE
21654,824.89,1195,46,25.97826086956522,39.192680229538766,2.5089734788511566,0.9709222609501958,C,Z,CZ,RIDGED GLASS FINGER BOWL
22289,822.48,768,42,18.285714285714285,47.0491625151797,4.180799598935391,0.9709640117702669,C,Z,CZ,"DECORATION , HANGING METAL CHICKEN"
37494A,820.5500000000001,242,12,20.166666666666668,17.983999622560116,3.7395849495048523,0.9710056646194662,C,Z,CZ,FAIRY CAKE CERAMIC BUTTER DISH
21375,820.1,136,42,3.238095238095238,4.382946574353299,2.429988537145276,0.9710472946257162,C,Z,CZ,LARGE CAMPHOR WOOD FIELD MUSHROOM
23186,819.46,1982,26,76.23076923076923,69.01553894149212,2.480430257320406,0.9710888921442157,C,Z,CZ,FRENCH STYLE STORAGE JAR CAFE
17107D,818.55,321,51,6.294117647058823,4.276887268315867,1.40082688841712,0.9711304434691954,C,Y,CY,"FLOWER FAIRY,5 SUMMER B'DRAW LINERS"
85187,818.1299999999999,480,38,12.631578947368421,14.306341539693353,2.270493093776964,0.9711719734740888,C,Z,CZ,S/12 MINI RABBIT EASTER
21719,816.54,910,76,11.973684210526315,11.957673892203308,1.309666991839278,0.9712134227672277,C,Y,CY,LOVELY BONBON STICKER SHEET
23324,816.0400000000001,399,16,24.9375,26.591900395922565,3.525494522217167,0.9712548466793116,C,Z,CZ,RUSTIC STRAWBERRY JAM POT LARGE
23106,815.59,291,25,11.64,7.999374975584031,2.246358397390552,0.9712962477484463,C,Z,CZ,ZINC HEARTS PLANT POT HOLDER
85145,813.0,92,21,4.380952380952381,4.352886289304954,2.934057881530955,0.9713375173437164,C,Z,CZ,JARDIN ETCHED GLASS LARGE BELL JAR
20901,812.93,92,34,2.7058823529411766,2.222875720904845,2.0155351280868277,0.971378783385639,C,Z,CZ,VINTAGE KEEPSAKE BOX PINK FLOWER
84920,812.88,203,50,4.06,3.2224341161074284,1.5375693442772778,0.9714200468894559,C,Z,CZ,PINK FLOWER FABRIC PONY
47594B,812.29,410,57,7.192982456140351,7.422067955215012,1.653212401147401,0.9714612804436281,C,Z,CZ,SCOTTIES DESIGN WASHBAG
21222,812.15,627,68,9.220588235294118,7.313544148155785,1.2155066882524965,0.971502506891105,C,Y,CY,SET/4 BADGES BEETLES
20833,811.8,52,4,13.0,16.041612554021285,7.395424781059415,0.9715437155718435,C,Z,CZ,SHAKER THROW  QUILTED
37333,810.05,146,37,3.945945945945946,8.055177582517091,3.634218434436588,0.9715848354188897,C,Z,CZ,"RETRO ""TEA FOR ONE"""
21374,809.67,470,49,9.591836734693878,11.984222905113862,2.0899942709281403,0.9716259359763344,C,Z,CZ,MIRRORED WALL ART SKULLS
16011,809.4,3860,67,57.61194029850746,51.58633693430279,1.3334867067057672,0.9716670228280093,C,Y,CY,ANIMAL STICKERS
21454,809.3,939,60,15.65,18.435250868276004,1.7602409992365033,0.9717081046034732,C,Z,CZ,PAINTED PINK RABBIT
20769,808.81,438,47,9.319148936170214,20.465353950113418,3.4142520763838924,0.9717491615055033,C,Z,CZ,DAISY JOURNAL
84922,808.22,342,15,22.8,76.74466012135866,8.902273318100063,0.9717901884578886,C,Z,CZ,PINK BUTTERFLY WASHBAG
23022,808.1600000000001,422,15,28.133333333333333,27.81280965584709,3.5011188757309437,0.9718312123645474,C,Z,CZ,SMALL BONNE JAM JAR  T-LIGHT HOLDER
22344,807.89,1583,62,25.532258064516128,48.956225927992435,2.597118215208006,0.9718722225654365,C,Z,CZ,PARTY PIZZA DISH PINK POLKADOT
22058,807.64,528,35,15.085714285714285,21.850254310771263,2.8332016660380486,0.9719132200757982,C,Z,CZ,CERAMIC LOVE HEARTS DESIGN MUG
22135,806.5699999999999,1625,96,16.927083333333332,32.81246386798346,2.0277302202595506,0.9719541632707024,C,Z,CZ,MINI LADLE LOVE HEART PINK
85044,806.35,150,17,8.823529411764707,9.322253577580149,3.397750890090548,0.9719950952979425,C,Z,CZ,RED REINDEER STRING OF 20 LIGHTS
84767,806.22,195,5,39.0,82.73753682579631,9.730926994430705,0.9720360207261082,C,Z,CZ,ZINC POLICE BOX LANTERN
17012A,806.16,726,53,13.69811320754717,30.141706925314523,3.206875444729581,0.9720769431085473,C,Z,CZ,ORIGAMI VANILLA INCENSE/CANDLE SET
23409,801.6800000000001,215,13,16.53846153846154,13.226333484223714,3.423884547923917,0.9721176380767346,C,Z,CZ,PHOTO FRAME LINEN AND LACE LARGE
22408,801.17,652,53,12.30188679245283,16.787798803870785,2.1325086305993497,0.9721583071562458,C,Z,CZ,MONEY BOX CONFECTIONERY DESIGN
20699,800.51,295,48,6.145833333333333,5.779603105468194,1.7443864906235433,0.9721989427327647,C,Z,CZ,MOUSEY LONG LEGS SOFT TOY
22825,799.02,100,28,3.5714285714285716,2.936722428888815,2.266274475874447,0.9722395026737399,C,Z,CZ,DECORATIVE PLANT POT WITH FRIEZE
47574A,797.73,575,42,13.69047619047619,33.17910604305807,3.958997027899707,0.9722799971315934,C,Z,CZ,ENGLISH ROSE SCENTED HANGING FLOWER
21455,797.27,901,57,15.807017543859649,17.5798571793435,1.7440611078406345,0.9723204682388764,C,Z,CZ,PAINTED YELLOW WOODEN DAISY
20997,796.74,170,43,3.953488372093023,3.0624724556358447,1.6840797390486144,0.9723609124422411,C,Z,CZ,ROSE DU SUD CUSHION COVER
22447,796.34,248,44,5.636363636363637,5.636636425234009,1.9167100237898704,0.972401336340762,C,Z,CZ,PIN CUSHION BABUSHKA BLUE
84625D,796.29,651,26,25.03846153846154,20.829749435325947,2.379458924111093,0.9724417577011774,C,Z,CZ,WHITE NEWBAROQUE CANDLESTICK CANDLE
23487,795.5799999999999,80,8,10.0,6.047431568147635,4.019950248448356,0.9724821430204947,C,Z,CZ,SWEET HEART CAKE CARRIER
23521,793.37,413,10,41.3,80.90192965697557,6.731750028190152,0.9725224161555495,C,Z,CZ,WALL ART CAT AND BIRD
35915C,793.3199999999999,662,30,22.066666666666666,52.84716632427652,4.656920120833071,0.9725626867524988,C,Z,CZ,PEACH KNITTED HEN
85017A,793.0,1158,45,25.733333333333334,48.306972957986474,3.0453781408451266,0.972602941105573,C,Z,CZ,ENVELOPE 50 ROMANTIC IMAGES
23335,792.86,378,25,15.12,20.710947185808124,3.263907048190372,0.9726431883519517,C,Z,CZ,EGG FRYING PAN IVORY
23519,792.3100000000001,224,9,24.88888888888889,31.4143456260211,5.188383561340839,0.97268340767917,C,Z,CZ,EMBROIDERED RIBBON REEL CLAIRE
45008C,792.0699999999999,83,19,4.368421052631579,4.692908672973032,3.2339243655577894,0.972723614823482,C,Z,CZ,DECORATIVE NET CANOPY CREAM
23568,787.52,630,9,70.0,68.54742883580681,4.517221602411266,0.9727635910001944,C,Z,CZ,EGG CUP HENRIETTA HEN CREAM
23115,785.1700000000001,155,11,14.090909090909092,10.995040204151556,3.6996892183229146,0.9728034478859489,C,Z,CZ,RED APPLES CHOPPING BOARD
84534B,783.86,824,54,15.25925925925926,14.47468210643881,1.6207414089472194,0.9728432382733394,C,Z,CZ,FAIRY CAKE NOTEBOOK A5 SIZE
72799C,783.1,471,28,16.821428571428573,45.14753885374334,5.339897764818345,0.9728829900815266,C,Z,CZ,PINK PILLAR CANDLE SILVER FLOCK
20989,782.18,407,14,29.071428571428573,36.39413368982654,4.152010658640315,0.9729226951885727,C,Z,CZ,URBAN CHIC CHOPSTICKS SET/5
20910,781.8199999999999,108,36,3.0,4.049691346263317,2.647047168178613,0.9729623820212592,C,Z,CZ,VINTAGE PHOTO ALBUM PARIS DAYS
90200B,779.7,184,55,3.3454545454545452,3.373195988739934,1.6668399405832672,0.9730019612382729,C,Z,CZ,BLACK SWEETHEART BRACELET
85130C,779.14,684,45,15.2,19.011479785549668,2.2014184719251415,0.9730415120285052,C,Z,CZ,BEADED CRYSTAL HEART BLUE  LARGE
37461,778.64,742,44,16.863636363636363,35.90853426389014,3.440505218990291,0.9730810374376826,C,Z,CZ,FUNKY MONKEY MUG
84761,776.5,279,29,9.620689655172415,7.743263399808749,2.1975477164055315,0.973120454215945,C,Z,CZ,IVORY HANGING BIRD PLANTER
21456,776.05,738,24,30.75,58.986549682773116,4.314444001094386,0.973159848151258,C,Z,CZ,2 PICTURE BOOK EGGS EASTER CHICKS
84029C,773.97,205,5,41.0,33.45893004864322,5.5571381710366765,0.9731991365013826,C,Z,CZ,BROWN FURRY HOT WATER BOTTLE
21554,773.7,168,6,28.0,45.51043836308325,7.3819507773292266,0.9732384111457374,C,Z,CZ,CERAMIC BIRDHOUSE RED ROOF LARGE
21723,772.53,870,71,12.253521126760564,11.490018413337422,1.31703675367964,0.973277626398424,C,Y,CY,ALPHABET HEARTS STICKER SHEET
21015,772.31,1702,43,39.58139534883721,56.16906136966775,2.485130822696582,0.9733168304834462,C,Z,CZ,DARK BIRD HOUSE TREE DECORATION
85135A,770.49,96,34,2.823529411764706,3.0892834143633126,2.369144829304916,0.9733559421814285,C,Z,CZ,YELLOW DRAGONFLY HELICOPTER
35095B,769.58,1959,78,25.115384615384617,60.942804944681335,2.8431152305500387,0.973395007685891,C,Z,CZ,RED VICTORIAN FABRIC OVAL BOX
84712B,767.16,98,40,2.45,2.6306867583414064,2.126663789946252,0.9734339503460478,C,Z,CZ,PINK JEWELLED PHOTO FRAME
72755C,767.0,592,8,74.0,68.23698201331676,4.655346565352082,0.9734728848842671,C,Z,CZ,FLOWER FAIRY OIL BURNER SET ROSE
72750A,766.85,383,11,34.81818181818182,45.35817055794509,4.8000940472576845,0.9735118118081699,C,Z,CZ,"F.FAIRY S/3 CANDLE/GLASS,LILY/VALLY"
47581B,766.52,47,22,2.1363636363636362,1.9831541626662395,2.759649107407733,0.9735507219805765,C,Z,CZ,FAIRY CAKE WICKER PICNIC BASKET
23140,766.1,182,25,7.28,8.394045508573322,2.910221255351909,0.973589610832897,C,Z,CZ,TRIPLE WIRE HOOK IVORY HEART
16259,766.09,5473,37,147.9189189189189,109.39591155735879,1.8184217456895682,0.9736284991775963,C,Z,CZ,PIECE OF CAMO STATIONERY SET
22640,765.39,357,51,7.0,8.306623862918075,1.9632777263625125,0.9736673519888188,C,Z,CZ,SET OF 4 NAPKIN CHARMS 3 KEYS
23006,765.27,1764,42,42.0,34.35041803984625,1.7587193997091095,0.9737061987085881,C,Z,CZ,TRAVEL CARD WALLET FLOWER MEADOW
16244B,765.02,345,15,23.0,64.12710592476253,7.499185981169705,0.9737450327378299,C,Z,CZ,MAXWELL 2 TONE BLUE 60 PAGE PHOTO A
84963A,763.35,23,8,2.875,2.416461403433896,4.476149776783234,0.9737837819943485,C,Z,CZ,PINK PAINTED KASHMIRI CHAIR
23550,763.1,1855,20,92.75,60.577809902897435,2.5114337386965895,0.9738225185603395,C,Z,CZ,WRAP ALPHABET POSTER
35811A,762.97,434,36,12.055555555555555,16.721149045350483,2.7003939847973304,0.9738612485272562,C,Z,CZ,ENAMEL PINK SUGAR CONTAINER
23458,762.45,51,8,6.375,3.3354160160315836,3.8876474098995373,0.9738999520978758,C,Z,CZ,DOLLY CABINET 3 DRAWERS
90200A,762.44,180,53,3.3962264150943398,3.8497733331952326,1.853658378104242,0.9739386551608744,C,Z,CZ,PURPLE SWEETHEART BRACELET
84762C,761.25,105,18,5.833333333333333,8.480080465766958,4.038533219733797,0.9739772978169623,C,Z,CZ,GREEN PICNIC BARBECUE BUCKET
23025,760.8,350,20,17.5,11.691202270353369,2.5307706336213083,0.9740159176301009,C,Z,CZ,DRAWER KNOB VINTAGE GLASS BALL
23123,760.4,936,24,39.0,57.03850720651642,3.495146546672407,0.9740545171383953,C,Z,CZ,COCKTAIL SWORDS 50 PIECES
84620,758.51,123,31,3.967741935483871,3.082032564912771,2.0769613043178765,0.9740930207063024,C,Z,CZ,BLUE GINGHAM ROSE CUSHION COVER
84663A,758.29,375,43,8.720930232558139,19.28646895697473,3.6017250188085033,0.9741315131065452,C,Z,CZ,GRASS HOPPER WOODEN WALL CLOCK
23282,757.86,812,30,27.066666666666666,25.43271492597177,2.329247198419397,0.9741699836790808,C,Z,CZ,FOLDING BUTTERFLY MIRROR IVORY
21194,757.8,581,53,10.962264150943396,13.249038084315846,1.9428095386774138,0.97420845120589,C,Z,CZ,PINK  HONEYCOMB PAPER FAN
21298,755.8,52,4,13.0,16.268579122549905,7.4524131352509935,0.9742468172084794,C,Z,CZ,EDWARDIAN 2 DRAWER WALL CABINET
22124,754.88,299,67,4.462686567164179,7.037407318317431,2.0867823227186237,0.9742851365099278,C,Z,CZ,SET OF 2 TEA TOWELS PING MICROWAVE
17165B,754.83,813,30,27.1,58.098222419243285,4.227129605418688,0.9743234532732706,C,Z,CZ,ASS COL LARGE SAND GECKO P'WEIGHT
90209C,754.46,399,46,8.673913043478262,21.5262675175404,3.85781862656852,0.974361751254633,C,Z,CZ,PINK ENAMEL+GLASS HAIR COMB
23454,753.9499999999999,179,8,22.375,9.440603794249604,3.7449965580424363,0.9744000233473193,C,Z,CZ,THREE MINI HANGING FRAMES
84821,752.6999999999999,1330,52,25.576923076923077,45.01213176503844,2.6599216994754102,0.9744382319873683,C,Z,CZ,DANISH ROSE DELUXE COASTER
23223,751.85,803,20,40.15,34.7779043586434,2.811847895618383,0.9744763974796241,C,Z,CZ,CHRISTMAS TREE HANGING SILVER
23124,751.38,567,15,37.8,67.99180622902817,5.183632144533631,0.9745145391136882,C,Z,CZ,18PC WOODEN CUTLERY SET DISPOSABLE
72800A,750.91,677,19,35.63157894736842,86.33282530501477,5.908992402061959,0.9745526568895607,C,Z,CZ,S/4 BLACK DINNER CANDLE SILVER FLOC
84653,750.48,14,7,2.0,0.8164965809277263,3.9974481656094927,0.974590752837726,C,Z,CZ,GREEN ROSE QUILT
21344,749.82,166,23,7.217391304347826,17.59379157476536,5.405853721997819,0.9746288152828989,C,Z,CZ,MOROCCAN BEATEN METAL DISH
84615,748.48,240,9,26.666666666666668,34.03674485023502,5.223929980813722,0.9746668097068446,C,Z,CZ,PINK ROUND BUTTERFLY MIRROR
35647,748.24,563,36,15.63888888888889,38.0219130635989,4.300068302666991,0.9747047919478838,C,Z,CZ,VINTAGE BEAD PINK SHADE
84842,747.9,1506,29,51.93103448275862,185.33385532879439,6.832822385445714,0.9747427569298058,C,Z,CZ,HELLO SAILOR BATHROOM SET
90161B,744.0600000000001,149,51,2.9215686274509802,2.356634356491494,1.5297155710754247,0.9747805269852261,C,Z,CZ,ANT COPPER TURQ BOUDICCA BRACELET
21319,743.61,508,42,12.095238095238095,16.07726697410235,2.3972983740200107,0.9748182741976971,C,Z,CZ,GLASS CHALICE GREEN  SMALL
84689,742.9,312,23,13.565217391304348,31.205806695893983,5.139091010116128,0.9748559853690699,C,Z,CZ,S/2 BEACH HUT TREASURE CHESTS
21377,742.56,518,62,8.35483870967742,19.502918465247284,3.1097240337586967,0.9748936792813255,C,Z,CZ,SMALL CAMPHOR WOOD FIELD  MUSHROOM
23325,740.9399999999999,462,15,30.8,20.53290042833696,2.9680400006780707,0.9749312909589634,C,Z,CZ,RUSTIC STRAWBERRY JAM POT SMALL
21503,740.42,1801,43,41.883720930232556,37.26303498510579,1.813415473279268,0.9749688762403041,C,Z,CZ,TOYBOX  WRAP
23114,737.95,149,11,13.545454545454545,13.426567963285603,4.1108848076875715,0.9750063361392336,C,Z,CZ,VINTAGE LEAF CHOPPING BOARD
22638,737.78,406,35,11.6,14.042372851271171,2.490268374972464,0.9750437874086044,C,Z,CZ,SET OF 4 NAPKIN CHARMS CROWNS
84033,737.03,393,26,15.115384615384615,17.819824742296255,2.8888723287322122,0.9750812006063929,C,Z,CZ,FLAG OF ST GEORGE
21133,736.5699999999999,424,16,26.5,42.9123136951,4.634572589025624,0.9751185904536108,C,Z,CZ,PAINTED BIRD ASSORTED CHRISTMAS
47503F,736.55,2571,6,428.5,1016.8871618817891,9.883366258792359,0.9751559792855866,C,Z,CZ,ASS FLORAL PRINT TORCH
84715,734.89,241,28,8.607142857142858,6.2972027047540635,2.1520793989931226,0.9751932838524601,C,Z,CZ,SET OF 6 ICE CREAM SKITTLES
23435,734.79,827,14,59.07142857142857,65.01652368166381,3.8451079127464505,0.9752305833431225,C,Z,CZ,3 RAFFIA RIBBONS VINTAGE CHRISTMAS
84708B,732.7900000000001,142,42,3.380952380952381,2.921346005779185,1.8113245560888798,0.9752677813095654,C,Z,CZ,PINK JEWELLED PHOTO FRAME
90209B,732.76,381,49,7.775510204081633,13.776890835324032,2.7658002597946103,0.9753049777531451,C,Z,CZ,GREEN ENAMEL+GLASS HAIR COMB
84971L,732.1800000000001,590,17,34.705882352941174,38.85190585074681,3.511875858891085,0.9753421447547009,C,Z,CZ,LARGE HEART FLOWERS HOOK
85131B,731.99,949,66,14.378787878787879,16.545289965625265,1.6218898624881506,0.9753793021114558,C,Z,CZ,BEADED CRYSTAL HEART GREEN ON STICK
21443,731.6800000000001,258,13,19.846153846153847,58.09166055158886,8.382763082900064,0.9754164437319569,C,Z,CZ,OLIVE CHALET BIRDFEEDER
21378,730.62,561,53,10.584905660377359,20.31618714441966,2.838080203509135,0.9754535315446216,C,Z,CZ,SMALL TALL CAMPHOR WOOD TOADSTOOL
23562,730.37,253,3,84.33333333333333,76.00219295081776,7.241347278397103,0.9754906066667587,C,Z,CZ,SET OF 6 RIBBONS PERFECTLY PRETTY
21415,730.36,350,59,5.932203389830509,7.129018907157492,1.8070067707088853,0.9755276812812748,C,Z,CZ,CLAM SHELL SMALL
20657,727.72,1878,61,30.78688524590164,158.98690876443234,6.739910656027429,0.9755646218838209,C,Z,CZ,TROPICAL LUGGAGE TAG
23522,727.44,354,10,35.4,74.91802927941386,7.16393760295252,0.9756015482729764,C,Z,CZ,WALL ART DOG AND BALL
82613A,726.2,536,52,10.307692307692308,13.827421550202285,2.128344602330331,0.9756384117171156,C,Z,CZ,"METAL SIGN,CUPCAKE SINGLE HOOK"
85230F,725.6999999999999,2946,40,73.65,155.12964801193772,3.5842183803920946,0.9756752497801999,C,Z,CZ,JASMINE VOTIVE CANDLE
35095A,725.56,1809,74,24.445945945945947,58.87556925051664,2.9063950192282353,0.9757120807365889,C,Z,CZ,BLUE VICTORIAN FABRIC OVAL BOX
85017C,723.92,1092,48,22.75,47.413751484007605,3.222056811407243,0.9757488284431178,C,Z,CZ,ENVELOPE 50 CURIOUS IMAGES
85088,723.85,347,49,7.081632653061225,11.61148270516065,2.5907877147981653,0.9757855725962992,C,Z,CZ,CANDY SPOT HAND BAG
21001,723.75,142,57,2.491228070175439,2.0969604449701533,1.4472816182496442,0.9758223116732694,C,Y,CY,ROSE DU SUD WASHBAG
10134,723.63,627,29,21.620689655172413,41.52659543086596,3.9191425561328552,0.9758590446587865,C,Z,CZ,COLOURING PENCILS BROWN TUBE
84595E,723.5699999999999,367,34,10.794117647058824,21.358100318096195,3.6989750647891526,0.9758957745985769,C,Z,CZ,LARGE TORTILLA DESIGN RED BOWL
84976,722.7600000000001,674,38,17.736842105263158,33.19775652671168,3.327497261110797,0.9759324634210585,C,Z,CZ,RECTANGULAR SHAPED MIRROR
21221,722.16,545,58,9.39655172413793,8.922551077205883,1.543370148364957,0.9759691217862743,C,Z,CZ,SET/4 BADGES CUTE CREATURES
20701,721.49,353,21,16.80952380952381,36.95621605037378,5.172037307083694,0.9760057461408762,C,Z,CZ,PINK CAT FLORAL CUSHION COVER
84684,720.6999999999999,609,19,32.05263157894737,59.08795109759925,4.7006647616296,0.9760423303934116,C,Z,CZ,BEACH HUT PHOTO FRAME
21026,720.48,552,52,10.615384615384615,9.83820852127022,1.6385466483053046,0.9760789034782827,C,Z,CZ,SPACE OWL
23222,718.53,799,17,47.0,47.35636176903797,3.311053684092169,0.9761153775770399,C,Z,CZ,CHRISTMAS TREE HANGING GOLD
35951,717.99,1352,22,61.45454545454545,52.38477357175939,2.6468908083442395,0.9761518242642576,C,Z,CZ,FOLKART BAUBLE CHRISTMAS DECORATION
21457,717.25,686,28,24.5,55.56877620470769,4.597761922898733,0.9761882333875141,C,Z,CZ,2 PICTURE BOOK EGGS EASTER DUCKS
35915B,717.03,565,26,21.73076923076923,56.172276216872454,5.357168363796687,0.9762246313431066,C,Z,CZ,BLUE KNITTED HEN
20854,716.3199999999999,444,46,9.652173913043478,17.30923631578669,2.8937155710301314,0.9762609932576011,C,Z,CZ,BLUE PATCH PURSE PINK HEART
85186A,716.11,1545,39,39.61538461538461,41.672037440632074,2.1311366412082506,0.9762973445120523,C,Z,CZ,EASTER BUNNY GARLAND OF FLOWERS
21076,715.4,844,15,56.266666666666666,48.64076283862959,3.281650879820076,0.9763336597254056,C,Z,CZ,SET/20 COLLAGE PAPER NAPKIN
79030D,713.98,1015,38,26.710526315789473,58.15631679791361,3.790720126427257,0.9763699028565631,C,Z,CZ,TUMBLER BAROQUE
20850,713.8000000000001,820,15,54.666666666666664,178.62917161645504,8.661814563291681,0.9764061368505409,C,Z,CZ,ZINC HEART LATTICE PLANTER BOWL
21379,712.96,647,69,9.376811594202898,23.32513252548908,3.1142658788235464,0.9764423282043464,C,Z,CZ,CAMPHOR WOOD PORTOBELLO MUSHROOM
22100,712.39,1008,63,16.0,29.24589852689025,2.465505921863353,0.9764784906237494,C,Z,CZ,SKULLS SQUARE TISSUE BOX
23042,711.51,103,18,5.722222222222222,5.442810212246607,3.1168375347947173,0.9765146083724957,C,Z,CZ,PAPER LANTERN 7 POINT SNOW STAR
16015,711.38,1572,54,29.11111111111111,45.21548685541634,2.342236075921934,0.9765507195221677,C,Z,CZ,MEDIUM CHINESE STYLE SCISSOR
22345,711.17,1469,63,23.317460317460316,46.669332818287046,2.675584021653053,0.9765868200117966,C,Z,CZ,PARTY PIZZA DISH BLUE POLKADOT
23070,709.54,160,25,6.4,4.890466917040404,2.3434749838647733,0.9766228377591866,C,Z,CZ,EDWARDIAN HEART PHOTO FRAME
21442,708.37,977,71,13.76056338028169,25.265145267588593,2.3093687924737756,0.976658796114908,C,Z,CZ,GREEN BIRDHOUSE DECORATION
21365,707.9200000000001,469,46,10.195652173913043,12.669507690544766,2.1624285251329707,0.9766947316276802,C,Z,CZ,MIRRORED WALL ART STARS
21740,706.86,204,8,25.5,32.01785216317386,5.471115302461267,0.9767306133326159,C,Z,CZ,COSY SLIPPER SHOES LARGE RED
21308,705.9,132,4,33.0,62.005376111000785,9.687305790582702,0.976766446305926,C,Z,CZ,LOUVRE VANITY MIRROR
21386,705.74,1196,47,25.4468085106383,19.718462448479595,1.5852948647036735,0.9768022711572987,C,Z,CZ,IVORY HANGING DECORATION  EGG
21265,705.5899999999999,321,25,12.84,16.08487902762509,3.0703664858815523,0.9768380883943548,C,Z,CZ,PINK GOOSE FEATHER TREE 60CM
22981,705.5799999999999,472,35,13.485714285714286,26.4167632035278,3.6121383984075446,0.9768739051237899,C,Z,CZ,PANTRY APPLE CORER
22036,705.1899999999999,1673,36,46.47222222222222,37.405489368816376,1.9257483527463786,0.9769097020560022,C,Z,CZ,DINOSAUR BIRTHDAY CARD
84952C,705.01,374,23,16.26086956521739,24.028803532624885,3.6008608183426096,0.9769454898510349,C,Z,CZ,MIRROR LOVE BIRD T-LIGHT HOLDER
22641,704.9,300,39,7.6923076923076925,8.90048445208357,2.268313127512259,0.9769812720622353,C,Z,CZ,SET OF 4 NAPKIN CHARMS INSTRUMENT
84869,703.54,302,14,21.571428571428573,27.012003843631287,4.15268754229777,0.9770169852369663,C,Z,CZ,CANDY BUTTON PHOTO ALBUM
84986B,703.34,470,32,14.6875,16.76100986256208,2.5199502750776133,0.9770526882592755,C,Z,CZ,SET OF 36 SILVER PAPER DOILIES
20763,702.86,267,47,5.680851063829787,10.230190577889768,2.8698402587947105,0.9770883669157719,C,Z,CZ,DAISY SKETCHBOOK
84569A,702.42,562,61,9.21311475409836,6.83401969097339,1.2757845807682946,0.9771240232369401,C,Y,CY,PACK 3 IRON ON DOG PATCHES
72801D,702.4,657,65,10.107692307692307,30.817062581528536,3.9043795765309572,0.977159678542866,C,Z,CZ,4 SKY BLUE DINNER CANDLES
84931B,701.48,279,53,5.264150943396227,6.400573722470349,1.9515297960457214,0.977195287147651,C,Z,CZ,BLUE SCOTTIE DOG W FLOWER PATTERN
21674,697.8,44,7,6.285714285714286,4.23140188409963,4.4303610658222565,0.9772307089478719,C,Z,CZ,RIDGED GLASS PENDANT LAMPSHADE
85231E,697.74,837,23,36.391304347826086,37.338426624146855,2.8416444829469314,0.9772661277023661,C,Z,CZ,STRAWBERRY SCENTED SET/9 T-LIGHTS
84584,696.75,282,46,6.130434782608695,6.547632975705119,1.9452156668978715,0.9773014962023716,C,Z,CZ,PINK GINGHAM CAT WITH SCARF
72131,696.18,750,34,22.058823529411764,42.90224347914304,3.6454016087241867,0.9773368357679746,C,Z,CZ,COLUMBIAN CANDLE RECTANGLE
23120,695.41,1716,25,68.64,90.24313454957853,3.172224408734561,0.977372136246753,C,Z,CZ,PACK OF 6 SMALL FRUIT STRAWS
23187,695.06,2338,22,106.27272727272727,80.38134219556285,2.5117294054155783,0.9774074189587929,C,Z,CZ,FRENCH STYLE STORAGE JAR BONBONS
20898,693.9200000000001,327,32,10.21875,25.560471466952702,4.684942430426495,0.9774426438020278,C,Z,CZ,VINTAGE NOTEBOOK TRAVELOGUE
72755D,693.25,533,8,66.625,63.74264663472956,4.7341389469597255,0.9774778346346491,C,Z,CZ,FLOWER FAIRY OIL BURNER SET SUMMER
84993A,691.32,1522,88,17.295454545454547,17.13446422152819,1.1526302762862533,0.9775129274963984,C,Y,CY,75 GREEN PETIT FOUR CASES
20862,691.1400000000001,325,16,20.3125,27.712136330496065,4.103926824958674,0.977548011220968,C,Z,CZ,PINK PATCH PENCIL CASE BLUE HEART
35964,690.93,1190,36,33.05555555555556,46.68737635711725,2.7370979865612353,0.9775830842854945,C,Z,CZ,FOLKART CLIP ON STARS
72753A,690.24,315,6,52.5,65.7533269120278,6.244287891130721,0.9776181223241651,C,Z,CZ,S/3 FLWR FAIRY LILLY CANDLES
17165D,689.6700000000001,723,43,16.813953488372093,22.578177215593325,2.382929184348779,0.9776531314284334,C,Z,CZ,ASS COL LARGE SAND FROG P'WEIGHT
22034,688.61,1653,23,71.8695652173913,79.11401688692207,2.9601985797105237,0.9776880867248652,C,Z,CZ,ROBIN CHRISTMAS CARD
90161D,687.52,138,47,2.9361702127659575,2.3443201973683294,1.6103921071963796,0.9777229866905972,C,Z,CZ,ANT COPPER PINK BOUDICCA BRACELET
22033,686.97,1615,59,27.372881355932204,17.950024786348024,1.2279521411306396,0.9777578587371688,C,Y,CY,BOTANICAL ROSE GREETING CARD
84917,686.03,229,31,7.387096774193548,14.407584621429642,3.8346852701453074,0.9777926830673573,C,Z,CZ,WHITE HAND TOWEL WITH BUTTERFLY
84563A,685.15,139,34,4.088235294117647,4.845289165207187,2.4958015571682206,0.9778274627268891,C,Z,CZ,PINK & WHITE BREAKFAST TRAY
72801C,685.03,770,52,14.807692307692308,36.16250818861579,3.5635293990232233,0.9778622362949678,C,Z,CZ,4 ROSE PINK DINNER CANDLES
23597,684.97,251,5,50.2,49.77650047964401,6.013353974695298,0.9778970068173198,C,Z,CZ,PAPER BUNTING PAISLEY PARK
85084,683.0999999999999,684,19,36.0,49.87651417918725,3.798343528848811,0.9779316824145267,C,Z,CZ,HOLLY TOP CHRISTMAS STOCKING
37492D,682.9899999999999,361,15,24.066666666666666,45.84830058646304,5.4238814265438275,0.9779663524279012,C,Z,CZ,PURPLE GREEN FLOWER PIGGY BANK
47594A,682.51,345,57,6.052631578947368,5.708455672545205,1.5553283958121433,0.9780009980754633,C,Z,CZ,CAROUSEL DESIGN WASHBAG
85023B,682.35,293,31,9.451612903225806,17.809807615800572,3.725910601796277,0.9780356356010877,C,Z,CZ,EAU DE NILE JEWELLED PHOTOFRAME
85096,680.67,165,45,3.6666666666666665,3.3166247903553994,1.777638883463118,0.9780701878463678,C,Z,CZ,HILDA CANDY SPOT RABBIT
17012F,680.65,586,49,11.959183673469388,18.680380955779814,2.4890328933430723,0.9781047390764054,C,Z,CZ,ORIGAMI SANDLEWOOD INCENSE/CAND SET
90184C,678.9399999999999,75,37,2.027027027027027,1.8780380792271034,2.0392155354449413,0.9781392035032355,C,Z,CZ,BLACK CHUNKY BEAD BRACELET W STRAP
62094B,677.99,305,38,8.026315789473685,16.054782636934185,3.5212183643091604,0.978173619706061,C,Z,CZ,TURQ ICE CREAM BUM BAG
84925D,677.45,452,20,22.6,66.51505567598171,6.854980588530955,0.9782080084973473,C,Z,CZ,LA PALMIERA WALL THERMOMETER
90160C,677.0,97,41,2.3658536585365852,2.2333394005499434,1.9343843765799702,0.9782423744456843,C,Z,CZ,TURQ+RED BOUDICCA LARGE BRACELET
84824,676.45,38,17,2.235294117647059,1.9212434698882481,3.0612401303612353,0.9782767124748607,C,Z,CZ,DANISH ROSE UMBRELLA STAND
23428,675.9100000000001,77,4,19.25,7.88986691902975,5.317495951840596,0.9783110230924981,C,Z,CZ,IVORY RETRO KITCHEN WALL CLOCK
21847,675.37,347,40,8.675,20.265402499371643,3.9286198508949104,0.9783453062985961,C,Z,CZ,GREEN  DIAMANTE PEN IN GIFT BOX
37444C,674.5,1656,32,51.75,188.61857740407092,6.638953811994757,0.9783795453416585,C,Z,CZ,PINK BREAKFAST CUP AND SAUCER
20856,674.09,408,59,6.915254237288136,4.91404789807688,1.279740398030555,0.9784137635722558,C,Y,CY,DENIM PATCH PURSE PINK BUTTERFLY
90082D,670.7,104,34,3.0588235294117645,2.347676820340254,1.9513309067639726,0.978447809719301,C,Z,CZ,DIAMANTE BOW BROOCH BLACK COLOUR
75013B,669.62,390,39,10.0,14.330681109166846,2.6462681350791044,0.9784818010432677,C,Z,CZ,"STRING OF 8 BUTTERFLIES,PINK"
72023F,669.62,640,19,33.68421052631579,77.57437480077422,5.654806445626587,0.9785157923672343,C,Z,CZ,RED ORGANIC CANDLE IN GLASS
85205B,669.38,241,24,10.041666666666666,7.153467791866778,2.3325518634369855,0.9785497715082945,C,Z,CZ,PINK FELT EASTER RABBIT GARLAND
23024,667.8500000000001,255,9,28.333333333333332,32.37282811247729,4.895385393874106,0.9785836729833268,C,Z,CZ,LARGE BONNE JAM JAR  T-LIGHT HOLDER
21879,666.7900000000001,1570,55,28.545454545454547,59.438987760503345,2.9900569536089083,0.9786175206505227,C,Z,CZ,HEARTS GIFT TAPE
85203,666.75,1465,86,17.03488372093023,22.088830115437826,1.4896179594947994,0.978651366287234,C,Y,CY,HANGING WOOD AND FELT BUTTERFLY
46776E,666.23,206,45,4.5777777777777775,12.768015594532388,4.346295185117645,0.9786851855276484,C,Z,CZ,WOVEN CANDY CUSHION COVER
21247,666.22,423,37,11.432432432432432,10.150370930662092,1.9916482506959876,0.9787190042604417,C,Z,CZ,SET OF RED SALAD SERVERS
21263,666.09,303,25,12.12,15.685237220605451,3.1382633335753085,0.9787528163941606,C,Z,CZ,GREEN GOOSE FEATHER TREE 60CM
21750,665.95,310,42,7.380952380952381,9.931355570167236,2.419199995044844,0.9787866214211842,C,Z,CZ,LARGE SKULL WINDMILL
21884,664.26,1449,76,19.06578947368421,46.96816951264357,2.926384403886072,0.9788203406602423,C,Z,CZ,CAKES AND BOWS GIFT  TAPE
22056,662.8299999999999,611,18,33.94444444444444,66.10995495226759,5.0473779979694315,0.9788539873094833,C,Z,CZ,CERAMIC PLATE LOVE HEART DESIGN
17012D,662.12,522,50,10.44,14.977752208675701,2.2968413953033777,0.9788875979176264,C,Z,CZ,ORIGAMI ROSE INCENSE/CANDLE SET
85168B,662.12,73,31,2.3548387096774195,2.550142311019448,2.482401938546598,0.9789212085257695,C,Z,CZ,BLACK BAROQUE CARRIAGE CLOCK
21197,661.81,453,32,14.15625,13.765570363023643,2.286275643528722,0.9789548033976584,C,Z,CZ,MULTICOLOUR  CONFETTI IN TUBE
85188B,661.7299999999999,749,21,35.666666666666664,35.55465276631644,2.9392780349208163,0.9789883942085787,C,Z,CZ,PINK METAL SWINGING BUNNY
23547,661.5,1575,20,78.75,38.28133391505303,2.3167535343181225,0.9790219733442137,C,Z,CZ,WRAP FLOWER SHOP
17109C,661.23,3124,9,347.1111111111111,820.0840573448011,8.239558093592228,0.979055538774079,C,Z,CZ,FLOWER FAIRY INCENSE ROSE
23482,661.02,418,8,52.25,60.267854497354435,5.209019074535138,0.9790890935439013,C,Z,CZ,PEARLISED IVORY HEART LARGE
37474,661.0,64,31,2.064516129032258,1.730808748744697,2.1533041471190266,0.9791226472984814,C,Z,CZ,SET/4 2 TONE EGG SHAPE MIXING BOWLS
21764,659.15,17,8,2.125,1.7268882005337975,4.417251490083353,0.9791561071431583,C,Z,CZ,VINTAGE WOODEN PLATE RACK
71403,659.0,177,47,3.765957446808511,3.924354092284248,1.8879780301911882,0.9791895593735187,C,Z,CZ,"PINK/WHITE ""KEEP CLEAN"" BULLET BIN"
16169K,658.75,2075,34,61.029411764705884,99.65683096115012,3.158350490321267,0.9792229989133517,C,Z,CZ,WRAP FOLK ART
22054,658.31,363,14,25.928571428571427,23.473272151417355,3.4759148985208177,0.9792564161178564,C,Z,CZ,MINI CAKE STAND HANGING HEARTS
85186C,658.19,1400,39,35.8974358974359,34.77657626061335,2.0261373727023604,0.9792898272309081,C,Z,CZ,BUNNY EGG GARLAND
46776D,658.0699999999999,153,42,3.642857142857143,4.275976160531714,2.1924086206333473,0.9793232322525064,C,Z,CZ,WOVEN SUNSET CUSHION COVER
85028S,656.82,430,19,22.63157894736842,37.41540165094789,4.318210774639549,0.9793565738214676,C,Z,CZ,FRENCH CHATEAU SMALL FRUITBOWL
21441,655.46,928,69,13.44927536231884,26.590321233311712,2.5126611613529786,0.9793898463539593,C,Z,CZ,BLUE BIRDHOUSE DECORATION
21307,654.27,751,37,20.2972972972973,48.53055444474867,4.176769076631325,0.9794230584795405,C,Z,CZ,SET/4 BUTTERFLY MIRROR MAGNETS
85028L,654.01,271,20,13.55,33.14319013962867,5.8099405422006285,0.9794562574069731,C,Z,CZ,FRENCH CHATEAU LARGE FRUIT BOWL
21350,653.6500000000001,227,17,13.352941176470589,15.6961029258483,3.615725817848231,0.9794894380600461,C,Z,CZ,GINGHAM HEART WREATH
35004P,651.69,121,18,6.722222222222222,8.230542513428837,3.599730958535733,0.9795225192193839,C,Z,CZ,SET OF 3 PINK FLYING DUCKS
85215,651.69,843,43,19.6046511627907,20.98654845244553,2.0311910737962204,0.9795556003787218,C,Z,CZ,ASSORTED CHEESE FRIDGE MAGNETS
85019C,651.19,423,21,20.142857142857142,34.054787790097464,4.175392670244208,0.9795886561570047,C,Z,CZ,CURIOUS  IMAGES NOTEBOOK SET
17164B,650.76,1630,43,37.906976744186046,55.521258885775914,2.546857129391529,0.9796216901075806,C,Z,CZ,ASS COL SMALL SAND GECKO P'WEIGHT
20618,650.64,298,74,4.027027027027027,4.319351083216257,1.4143568811105358,0.9796547179667031,C,Y,CY,QUEEN OF THE SKIES PASSPORT COVER
20714,649.8199999999999,1580,5,316.0,386.15346690143804,6.681948409389726,0.9796877042008956,C,Z,CZ,POSY SHOPPER BAG
21134,649.74,379,20,18.95,28.48725476788745,3.9196607197249103,0.9797206863741192,C,Z,CZ,VICTORIAN METAL POSTCARD CHRISTMAS
23224,649.02,738,17,43.411764705882355,49.19865194231623,3.537343261572974,0.9797536319986239,C,Z,CZ,CHERUB HEART DECORATION GOLD
21003,647.75,109,34,3.2058823529411766,2.7389382123725055,2.05568060315639,0.979786513155249,C,Z,CZ,ROSE DU SUD CUSHION COVER
84916,646.43,261,35,7.457142857142857,18.303556159042618,4.40017421862365,0.9798193273058893,C,Z,CZ,HAND TOWEL PALE BLUE W FLOWERS
22391,645.39,327,41,7.975609756097561,10.591241204122511,2.429126119573615,0.9798520886639354,C,Z,CZ,PAPERWEIGHT HOME SWEET HOME
84865,645.32,79,29,2.7241379310344827,2.711042916403442,2.4526602661250667,0.9798848464686337,C,Z,CZ,NEW BAROQUE BLACK PHOTO ALBUM
17181,645.21,354,27,13.11111111111111,18.76439618273298,3.2325420490021197,0.9799175986895001,C,Z,CZ,CIRCLE OF FRIENDS CANDLE HOLDER
47597,644.88,322,28,11.5,7.951240294584375,2.103922093522122,0.9799503341588701,C,Z,CZ,NEW ENGLAND TEATOWELS
23408,644.8,310,14,22.142857142857142,14.81608867132225,3.084943800431544,0.9799830655672714,C,Z,CZ,PHOTO FRAME LINEN AND LACE SMALL
84766,643.9499999999999,201,21,9.571428571428571,11.724211822427248,3.3210250221643376,0.9800157538278793,C,Z,CZ,SILVER ROCOCO CANDLE STICK
22042,642.31,1774,38,46.68421052631579,57.06142032845333,2.3912408632472832,0.9800483588386271,C,Z,CZ,CHRISTMAS CARD SINGING ANGEL
85185D,642.01,197,38,5.184210526315789,5.848794115296711,2.2646592439938145,0.980080948620742,C,Z,CZ,FROG SOCK PUPPET
84520D,641.17,701,11,63.72727272727273,52.92842508348592,3.7925533296340235,0.9801134957626848,C,Z,CZ,PACK OF 20 FAIRY CAKE PAPER NAPKINS
16169M,640.95,2060,43,47.906976744186046,89.72996896867008,3.1154612171445977,0.9801460317369634,C,Z,CZ,WRAP DAISY CARPET
17084N,640.26,2768,82,33.75609756097561,44.02596343281876,1.5489974651737937,0.9801785326853861,C,Z,CZ,FAIRY DREAMS INCENSE
21816,640.2399999999999,424,24,17.666666666666668,17.596112877729475,2.7300198145741086,0.9802110326185667,C,Z,CZ,CHRISTMAS TREE T-LIGHT HOLDER
21665,638.8,879,21,41.857142857142854,39.48580214999528,2.854760379855297,0.9802434594543091,C,Z,CZ,TRIANGULAR RIDGED GLASS POSY HOLDER
84601A,638.34,260,13,20.0,41.352146256270665,6.210413091673594,0.9802758629394811,C,Z,CZ,NEW BAROQUE IVORY CUSHION COVER
47592A,637.37,331,33,10.030303030303031,9.80588104304264,2.2521782237403056,0.9803082171854066,C,Z,CZ,CAROUSEL DES CHILD'S OVERALL
23492,635.38,76,8,9.5,8.194074514114277,4.5235609731843285,0.9803404704147335,C,Z,CZ,VINTAGE JINGLE BELLS WREATH
84507C,634.64,433,51,8.490196078431373,18.194914178439653,3.197031482370934,0.9803726860800991,C,Z,CZ,BLUE CIRCLES DESIGN MONKEY DOLL
23456,634.1,158,8,19.75,16.14886108323786,4.427756908976913,0.9804048743339255,C,Z,CZ,MEDIUM PARLOUR PICTURE FRAME
22263,632.4799999999999,842,57,14.771929824561404,41.54688296020861,3.8735630961938483,0.9804369803531341,C,Z,CZ,FELT EGG COSY LADYBIRD
23453,631.5799999999999,324,9,36.0,22.58317958127243,3.8206834877638967,0.9804690406864437,C,Z,CZ,OVAL  MINI PORTRAIT FRAME
20819,631.49,228,43,5.3023255813953485,9.49319275842515,2.998511993751191,0.9805010964511633,C,Z,CZ,SILVER TEDDY BEAR
23216,630.73,525,21,25.0,29.842922108935646,3.2669987336427884,0.9805331136366797,C,Z,CZ,LAUREL HEART ANTIQUE GOLD
84964A,630.0,11,2,5.5,6.363961030678928,9.263364256865424,0.9805650937658559,C,Z,CZ,PINK PAINTED KASHMIRI TABLE
23019,629.05,81,18,4.5,4.076474832354976,3.0423270199113888,0.9805970256710278,C,Z,CZ,SMALL APOTHECARY MEASURING JAR
85230E,628.41,2445,47,52.02127659574468,35.90354794246126,1.4981183073677,0.9806289250884495,C,Y,CY,STRAWBRY SCENTED VOTIVE CANDLE
84596J,628.01,813,56,14.517857142857142,29.245040649611045,2.8737844283475664,0.9806608042010272,C,Z,CZ,MIXED NUTS LIGHT GREEN BOWL
23027,627.95,295,18,16.38888888888889,18.79342466017081,3.4573462830449597,0.9806926802678783,C,Z,CZ,DRAWER KNOB VINTAGE GLASS HEXAGON
71101E,627.83,779,37,21.054054054054053,17.12688910252911,1.9027763763959233,0.980724550243276,C,Z,CZ,STANDING FAIRY POLE SUPPORT
23471,626.74,66,10,6.6,4.575295983139597,3.728011752307703,0.9807563648879741,C,Z,CZ,SIX DRAWER OFFICE TIDY
16169N,626.25,2025,29,69.82758620689656,123.81208946438528,3.6704474002871437,0.9807881546592385,C,Z,CZ,WRAP BLUE RUSSIAN FOLKART
20694,626.08,167,37,4.513513513513513,5.449880842844291,2.4079228471607497,0.9808199358009442,C,Z,CZ,FLORAL PINK MONSTER
90184B,625.48,69,35,1.9714285714285715,1.4447819759338063,1.8766297265136729,0.9808516864853841,C,Z,CZ,AMETHYST CHUNKY BEAD BRACELET W STR
85218,625.1999999999999,1992,2,996.0,1374.6155826266483,10.026174193829702,0.9808834229564332,C,Z,CZ,S/5 MINI ICE CREAM FRIDGE MAGNETS
21004,625.07,137,37,3.7027027027027026,3.071959787649724,1.9217884428062084,0.980915152828408,C,Z,CZ,ROSE DU SUD CHILDS APRON
22043,624.29,2209,40,55.225,53.02127657111594,1.9841172012879915,0.9809468431059373,C,Z,CZ,CHRISTMAS CARD SCREEN PRINT
82616A,624.21,316,26,12.153846153846153,17.885619492077556,3.3658987142786825,0.9809785293224976,C,Z,CZ,BUBBLE GUM SCARF KNITTING KIT
85092,622.57,391,15,26.066666666666666,63.46142435332177,6.654984553592862,0.9810101322891981,C,Z,CZ,CANDY SPOT TEA COSY
23425,621.44,275,15,18.333333333333332,23.599838578947548,4.081210321209924,0.9810416778947144,C,Z,CZ,STORAGE TIN HOME SWEET HOME
23180,621.09,122,28,4.357142857142857,3.792920166078293,2.3298882951517172,0.9810732057334922,C,Z,CZ,MUM'S KITCHEN CLOCK
20689,620.0500000000001,430,20,21.5,74.76595059531479,7.996184866392409,0.9811046807796758,C,Z,CZ,RETRO SISTERS EXPRESSO CUPS
16156N,619.5,1475,23,64.1304347826087,46.96836880267602,2.416963415461755,0.9811361279066991,C,Z,CZ,"WRAP, FRIENDSHIP ON GREEN"
84707B,618.52,79,37,2.135135135135135,2.4962434238734073,2.3556210409791585,0.9811675252868547,C,Z,CZ,PINK JEWELLED MIRROR TRINKET TRAY
16012,618.09,2949,51,57.8235294117647,56.49166518429172,1.7168022012974733,0.9811989008393032,C,Z,CZ,FOOD/DRINK SPONGE STICKERS
20696,617.9399999999999,151,42,3.5952380952380953,3.499543690181474,1.9407363580631625,0.9812302687774351,C,Z,CZ,FLORAL SOFT CAR TOY
84051,617.33,757,42,18.023809523809526,26.50769616291225,2.5893237895459853,0.98126160575068,C,Z,CZ,ASS COLOUR GLOWING TIARAS
82095,616.21,102,33,3.090909090909091,4.68617405489033,3.0292055263258058,0.981292885870362,C,Z,CZ,HEART BUTTONS JEWELLERY BOX
72772,615.84,457,5,91.4,117.96948758047566,6.893508002155682,0.9813241472080634,C,Z,CZ,SET/4 SCENTED CANDLES IN RAMEKINS
84952B,615.49,364,26,14.0,23.831072153807934,3.7609077363809207,0.9813553907790262,C,Z,CZ,BLACK LOVE BIRD T-LIGHT HOLDER
84932C,615.4,282,19,14.842105263157896,11.653626797862529,2.769583003010173,0.9813866297813992,C,Z,CZ,SMALL ORIENTAL BLUE FOLDING STOOL
90143,614.13,81,32,2.53125,2.34155138812408,2.2235592685509937,0.9814178043158928,C,Z,CZ,SILVER BRACELET W PASTEL FLOWER
22346,614.03,1304,49,26.612244897959183,50.0607199336177,2.9119866332596267,0.9814489737741755,C,Z,CZ,PARTY PIZZA DISH GREEN POLKADOT
90198A,613.6800000000001,145,53,2.7358490566037736,2.296744714693004,1.5228579427878393,0.9814801254657196,C,Z,CZ,VINTAGE ROSE BEAD BRACELET RASPBERR
84859A,613.53,293,39,7.512820512820513,12.182540990829967,2.9152731761411563,0.9815112695429474,C,Z,CZ,SILVER DISCO HANDBAG
47583A,612.8199999999999,71,4,17.75,32.170120712653016,9.4368194218936,0.9815423775790771,C,Z,CZ,SET OF 3 WICKER BASKET ROSE
84247G,612.75,1438,57,25.228070175438596,23.52128029182119,1.5436222616586495,0.9815734820618592,C,Z,CZ,"DECOUPAGE,GREETING CARD,"
37351,612.5099999999999,5404,11,491.27272727272725,1616.102291992007,10.073074925107727,0.981604574361735,C,Z,CZ,ORANGE FLOWER MUG
23018,612.1600000000001,51,13,3.923076923076923,3.988766276714695,3.825439442482991,0.9816356488948723,C,Z,CZ,LARGE APOTHECARY MEASURING JAR
79315W,611.5100000000001,199,11,18.09090909090909,40.76874917250846,7.218331908937631,0.9816666904326383,C,Z,CZ,FLYING SAUCER TABLE LIGHT IN WHITE
35972,611.38,440,41,10.731707317073171,14.467246438496689,2.4564134306237544,0.9816977253713299,C,Z,CZ,DAISY FOLKART HEART DECORATION
21173,611.26,342,15,22.8,19.113196637775843,3.2374165483389232,0.9817287542185684,C,Z,CZ,LOO ROLL  METAL SIGN
84858C,611.0699999999999,347,22,15.772727272727273,34.4797135914823,5.029001755492329,0.9817597734210061,C,Z,CZ,PINK RIVIERA HANDBAG
22538,610.85,1444,55,26.254545454545454,33.47703368746676,1.9772146099344865,0.9817907814557796,C,Z,CZ,MINI JIGSAW GO TO THE FAIR
20655,609.73,415,82,5.060975609756097,4.795439090789481,1.1802974399451953,0.98182173263699,C,Y,CY,QUEEN OF SKIES LUGGAGE TAG
21440,608.81,481,30,16.033333333333335,14.006115248983788,2.2414139774997417,0.9818526371170594,C,Z,CZ,12 MINI TOADSTOOL PEGS
21416,606.8100000000002,752,18,41.77777777777778,169.2719898150539,9.713853904252177,0.9818834400729092,C,Z,CZ,CLAM SHELL LARGE
20863,605.73,295,26,11.346153846153847,20.30555058636393,3.9138892623946133,0.9819141882056804,C,Z,CZ,BLUE PATCH PENCIL CASE PINK HEART
20695,604.58,142,30,4.733333333333333,7.324655262375402,3.239038554844614,0.9819448779620253,C,Z,CZ,FLORAL BLUE MONSTER
23520,604.3,168,11,15.272727272727273,26.777195182060833,5.905529903972379,0.9819755535049797,C,Z,CZ,EMBROIDERED RIBBON REEL RUBY
84876D,604.27,332,28,11.857142857142858,12.954948391664395,2.6438303412977455,0.9820062275250705,C,Z,CZ,BLUE HEART COMPACT MIRROR
85169D,603.98,521,55,9.472727272727273,19.47253958732137,2.955669037254124,0.9820368868241497,C,Z,CZ,PINK LOVE BIRD CANDLE
79190B,603.08,1485,75,19.8,48.620149309920045,2.938790825232601,0.9820675004373298,C,Z,CZ,RETRO PLASTIC POLKA TRAY
84932A,602.6,262,14,18.714285714285715,24.170638804545074,4.2350041538318495,0.9820980896846975,C,Z,CZ,SMALL GREEN PEONY FOLDING STOOL
84563B,601.84,132,34,3.8823529411764706,3.101951544884167,1.9884884504876263,0.9821286403528616,C,Z,CZ,BLUE & WHITE BREAKFAST TRAY
85117,600.9200000000001,351,19,18.473684210526315,22.296906664011168,3.468104871269289,0.9821591443198848,C,Z,CZ,NIGHTINGALE COATHOOK WHITE
18094C,600.66,433,60,7.216666666666667,5.8079188100346935,1.3554654013063716,0.9821896350887593,C,Y,CY,WHITE AND BLUE CERAMIC OIL BURNER
17109D,600.0,1258,29,43.37931034482759,85.99269644780617,4.024042723928262,0.9822200923546414,C,Z,CZ,FLOWER FAIRY INCENSE BOUQUET
85146,599.38,118,19,6.2105263157894735,5.642880936468348,2.95882885594849,0.9822505181480153,C,Z,CZ,JARDIN ETCHED GLASS SMALL BELL JAR
82605,599.27,270,52,5.1923076923076925,4.5505374021720915,1.5832282832813995,0.9822809383575573,C,Z,CZ,OLD DOC RUSSEL METAL SIGN
47469,597.53,1225,23,53.26086956521739,99.2436017590987,4.3056864853300905,0.9823112702410282,C,Z,CZ,ASSORTED SHAPES PHOTO CLIP SILVER
22092,597.4399999999999,938,60,15.633333333333333,18.439058274665147,1.7619514935661038,0.9823415975559092,C,Z,CZ,BLUE PAISLEY TISSUE BOX
84682,596.94,295,32,9.21875,15.401580092796928,3.3223227131457893,0.9823718994897354,C,Z,CZ,CLASSICAL ROSE DISH
82011C,595.18,131,43,3.046511627906977,2.8781069205799397,1.8780332573105196,0.9824021120822481,C,Z,CZ,BATHROOM SCALES FOOTPRINTS IN SAND
20781,594.81,107,38,2.8157894736842106,3.065547551795378,2.2125465058056677,0.9824323058927803,C,Z,CZ,GOLD EAR MUFF HEADPHONES
72122,594.28,587,64,9.171875,9.524495883005924,1.5329613638021438,0.9824624727993944,C,Z,CZ,COFFEE SCENT PILLAR CANDLE
23377,593.62,1354,15,90.26666666666667,48.99922253999351,2.800021678043117,0.9824926062030159,C,Z,CZ,PACK OF 12 DOLLY GIRL TISSUES
16236,593.29,2652,90,29.466666666666665,29.432153937373634,1.1382426666843621,0.9825227228551412,C,Y,CY,KITTY PENCIL ERASERS
21553,593.1700000000001,92,10,9.2,8.066391179868893,4.073752954953973,0.9825528334158133,C,Z,CZ,CERAMIC BIRDHOUSE FINCH BLUE  LARGE
20849,593.03,674,19,35.473684210526315,131.55580498237774,8.70590730394441,0.9825829368697901,C,Z,CZ,ZINC HEART LATTICE DOUBLE PLANTER
62096A,592.79,383,38,10.078947368421053,10.581425794050293,2.1619413848295608,0.9826130281408605,C,Z,CZ,PINK/YELLOW FLOWERS HANDBAG
20804,592.51,333,16,20.8125,34.758632021413035,4.743055730090025,0.9826431051985403,C,Z,CZ,GLASS CHICKEN BUTTER DISH
21223,592.08,496,18,27.555555555555557,47.96226730428119,4.616222300178124,0.9826731604285126,C,Z,CZ,SET/4 BADGES WOODLAND ANIMAL
85113,591.6600000000001,285,17,16.764705882352942,21.678126682686127,3.8399224753639456,0.9827031943383989,C,Z,CZ,POLKA DOT PISTACHIO PAIL
90199C,591.64,100,24,4.166666666666667,10.076518837577687,5.255549447964503,0.982733227233043,C,Z,CZ,5 STRAND GLASS NECKLACE CRYSTAL
21304,591.58,86,10,8.6,12.88582339023954,5.514865107617687,0.9827632570819606,C,Z,CZ,ARCHED GREY MIRROR
84963B,591.5,18,5,3.6,2.9664793948382653,5.576626707257603,0.9827932828699093,C,Z,CZ,BLUE PAINTED KASHMIRI CHAIR
20794,591.02,212,41,5.170731707317073,4.164747525507339,1.7725810085370635,0.9828232842920452,C,Z,CZ,BLUE  TILE HOOK
21322,590.45,301,4,75.25,101.02598675588375,7.755447315132952,0.9828532567797786,C,Z,CZ,GLASS SPHERE CANDLE STAND LARGE
21256,588.64,326,11,29.636363636363637,22.65953542009512,3.6713934429504955,0.9828831373880934,C,Z,CZ,"FRENCH BOTTLE, BRASSERIE DES ARTIST"
21893,587.8,172,9,19.11111111111111,38.740948763693325,7.263934037149012,0.9829129753562359,C,Z,CZ,POTTING SHED SEED TIN
21167,587.52,2440,67,36.417910447761194,40.05494304370289,1.5498307247772531,0.9829427991109876,C,Z,CZ,WHITE SAGE INCENSE
23499,587.49,1315,8,164.375,96.33118097776767,3.9883244861250136,0.982972621342876,C,Z,CZ,SET 12 VINTAGE DOILY CHALK
84934,586.5,687,10,68.7,77.65171529907687,4.621489300425686,0.9830023933202757,C,Z,CZ,ASSTD DESIGN POP ART SLIM PEN
23565,586.31,410,9,45.55555555555556,27.345525735991583,3.7757956719840475,0.9830321556528745,C,Z,CZ,EGG CUP MILKMAID HELGA
90195A,585.1999999999999,70,25,2.8,2.179449471770337,2.3621159659793785,0.9830618616395315,C,Z,CZ,PURPLE GEMSTONE BRACELET
84569C,584.93,415,40,10.375,10.219858747581243,2.0148829320302,0.9830915539204188,C,Z,CZ,PACK 4 FLOWER/BUTTERFLY PATCHES
21016,584.55,836,21,39.80952380952381,46.12658566122041,3.2069554225693593,0.9831212269117044,C,Z,CZ,LIGHT BIRD HOUSE TREE DECORATION
23537,581.13,111,10,11.1,11.75159563633807,4.459950832879437,0.9831507262965744,C,Z,CZ,WALL ART I LOVE LONDON
20935,580.38,302,25,12.08,19.18315233045219,3.6374379421077374,0.9831801876098621,C,Z,CZ,ROUND CACTUS CANDLE
90010B,578.02,63,23,2.739130434782609,2.4535205003932212,2.644227205772424,0.9832095291245707,C,Z,CZ,BLACK/WHITE GLASS/SILVER BRACELET
21419,577.6899999999999,1259,14,89.92857142857143,319.53775852139773,9.670513639578589,0.9832388538877831,C,Z,CZ,CONCH SHELL
47421,576.9,1473,52,28.326923076923077,33.683487054502386,1.9425563500087681,0.9832681385489287,C,Z,CZ,ASSORTED COLOUR LIZARD SUCTION HOOK
35922,575.99,97,23,4.217391304347826,4.358445529180105,2.853249932810628,0.9832973770165543,C,Z,CZ,EASTER BUNNY WREATH
23016,575.25,74,15,4.933333333333334,3.5750457872525745,3.05477150147495,0.9833265779202187,C,Z,CZ,GLASS TWIST BON BON JAR
23125,574.88,459,17,27.0,74.17631023446772,6.969541816108166,0.9833557600419025,C,Z,CZ,6PC WOOD PLATE SET DISPOSABLE
84932D,574.71,239,11,21.727272727272727,25.30648497555877,4.484932144497878,0.9833849335340277,C,Z,CZ,SMALL ORIENTAL RED FOLDING STOOL
85202,573.45,1216,73,16.65753424657534,24.988452432008017,1.8938771578584952,0.9834140430658944,C,Z,CZ,HANGING WOOD AND FELT HEART
17013D,572.4,1068,27,39.55555555555556,57.76832598560813,3.280712887858476,0.9834430992975458,C,Z,CZ,ORIGAMI ROSE INCENSE IN TUBE
84846A,571.75,253,37,6.837837837837838,7.251488404740374,2.2105535967941146,0.983472122533826,C,Z,CZ,SCENTED CANDLE IN DIGITALIS TIN
84675,571.71,206,30,6.866666666666666,10.76307010852013,3.271066716307054,0.9835011437396217,C,Z,CZ,FROG KING WATERING CAN
84924A,571.0,133,39,3.41025641025641,2.9887327777394455,1.913722164536147,0.9835301289043196,C,Z,CZ,WAKE UP COCKEREL CALENDAR SIGN
16162L,570.43,8101,25,324.04,1031.2715646230142,6.603750664109228,0.9835590851346147,C,Z,CZ,THE KING GIFT BAG
85129A,570.41,445,34,13.088235294117647,13.92266007119726,2.3277243650411252,0.9835880403496677,C,Z,CZ,"WHITE PEARL BEADED HEART, SMALL"
23455,569.4300000000001,207,9,23.0,26.253571185650156,4.892723000568135,0.9836169458178531,C,Z,CZ,SMALL PARLOUR PICTURE FRAME
85086A,568.73,587,56,10.482142857142858,8.24178063600021,1.4088153434811654,0.9836458157525616,C,Y,CY,CANDY SPOT HEART DECORATION
23069,568.71,90,21,4.285714285714286,2.4112830016996583,2.3335449639476487,0.983674684672028,C,Z,CZ,EDWARDIAN PHOTO FRAME
23219,568.6,430,17,25.294117647058822,18.00265503294706,2.834489737393653,0.9837035480076624,C,Z,CZ,LAUREL STAR ANTIQUE SILVER
84806B,568.02,450,28,16.071428571428573,14.75460649080187,2.3943761268934,0.9837323819012729,C,Z,CZ,WHITE CANDYSTUFT ARTIFICIAL FLOWER
85230B,568.0,2144,46,46.608695652173914,34.56104310467338,1.5738397268636695,0.9837612147796412,C,Z,CZ,CINNAMON SCENTED VOTIVE CANDLE
23381,567.95,1509,14,107.78571428571429,147.52062623523247,4.398840410262823,0.9837900451199041,C,Z,CZ,PACK OF 12 VINTAGE LEAF TISSUES
85119,567.48,413,26,15.884615384615385,42.83206922209285,5.5646003196929135,0.9838188516019754,C,Z,CZ,WATERING CAN SINGLE HOOK PISTACHIO
16169C,567.0,1350,12,112.5,84.27498280790526,3.482072447872953,0.9838476337182339,C,Z,CZ,WRAP BLUE REINDEER
85169C,566.82,505,46,10.978260869565217,23.63000835137369,3.3923046170185867,0.9838764066973127,C,Z,CZ,EAU DE NIL LOVE BIRD CANDLE
20838,565.8,446,34,13.117647058823529,12.956254382700019,2.226000115613143,0.9839051278990395,C,Z,CZ,FRENCH LATTICE CUSHION COVER
37444A,564.21,2711,35,77.45714285714286,307.3760240618439,6.8867725410626575,0.9839337683890118,C,Z,CZ,YELLOW BREAKFAST CUP AND SAUCER
23272,562.22,364,18,20.22222222222222,17.89694537050307,3.0086218335842116,0.9839623078623855,C,Z,CZ,TREE T-LIGHT HOLDER WILLIE WINKIE
37345,561.05,321,5,64.2,120.80645678108435,8.872435483674266,0.9839907879440907,C,Z,CZ,ASSTD HEARTS DESIGN MUGS
84569B,560.93,436,41,10.634146341463415,11.727651294187117,2.1322332545077356,0.9840192619343427,C,Z,CZ,PACK 3 FIRE ENGINE/CAR PATCHES
84773,560.5,190,29,6.551724137931035,6.310910093393546,2.408088861890068,0.9840477140968876,C,Z,CZ,RED ROSE AND LACE C/COVER
16049,560.48,3169,20,158.45,187.4848695649584,3.3341141764735243,0.9840761652441903,C,Z,CZ,TEATIME GEL PENS ASST
16238,559.96,2449,86,28.476744186046513,26.65894695602918,1.1210791012252836,0.9841045899951958,C,Y,CY,PARTY TIME PENCIL ERASERS
85090,559.2800000000001,106,28,3.7857142857142856,3.8524368705106435,2.5344195206932048,0.9841329802279668,C,Z,CZ,CANDY SPOT APRON
21160,558.94,795,28,28.392857142857142,88.97579333134264,6.155246273130295,0.9841613532016203,C,Z,CZ,KEEP OUT GIRLS DOOR HANGER
23451,558.12,278,9,30.88888888888889,16.92959276270729,3.6933811239994676,0.984189684550344,C,Z,CZ,SQUARE MINI PORTRAIT FRAME
84306,557.4799999999999,48,19,2.526315789473684,1.775400457256258,2.6523050771399244,0.9842179834113172,C,Z,CZ,S/3 PINK SQUARE PLANTERS ROSES
21371,556.01,404,44,9.181818181818182,12.622005013896345,2.393481164147549,0.9842462076519891,C,Z,CZ,MIRRORED WALL ART POPPIES
23074,555.59,250,14,17.857142857142858,13.17256556318789,3.1909371664136543,0.9842744105725748,C,Z,CZ,EMBOSSED HEART TRINKET BOX
20823,555.47,261,13,20.076923076923077,28.60204403669296,4.689077606985565,0.9843026074017073,C,Z,CZ,GOLD WINE GOBLET
21881,554.95,1332,59,22.576271186440678,48.123477455478515,2.938740334448055,0.9843307778345427,C,Z,CZ,CUTE CATS TAPE
23457,554.83,113,9,12.555555555555555,9.773831274263832,4.096331991180887,0.9843589421759248,C,Z,CZ,LARGE PARLOUR PICTURE FRAME
90120D,554.13,134,28,4.785714285714286,5.769377287516763,2.814175047591245,0.9843870709838302,C,Z,CZ,WHITE MURANO TWIST BRACELET
23473,552.85,679,8,84.875,55.55804557911868,4.107797771197997,0.9844151348162351,C,Z,CZ,WOODLAND SMALL RED FELT HEART
84859C,552.72,304,26,11.692307692307692,21.32748317222495,3.974533718884327,0.9844431920495655,C,Z,CZ,PINK DISCO HANDBAG
84805B,551.4000000000001,340,8,42.5,45.73838650411709,5.017422931343571,0.9844711822769111,C,Z,CZ,BLUE CLIMBING HYDRANGA ART FLOWER
22044,550.28,1940,27,71.85185185185185,69.65779193462836,2.517533372161079,0.9844991156506938,C,Z,CZ,CHRISTMAS CARD STACK OF PRESENTS
22394,549.39,348,38,9.157894736842104,13.62534664233374,2.7632862844758335,0.9845270038461987,C,Z,CZ,PAPERWEIGHT KINGS CHOICE
90203,549.27,73,22,3.3181818181818183,2.6616565489212887,2.575014552134465,0.9845548859502505,C,Z,CZ,SILVER CHARM NECKLACE 70CM
21373,548.89,636,31,20.516129032258064,18.541612601105182,2.2375445808642054,0.9845827487647005,C,Z,CZ,MIRRORED WALL ART SNOWFLAKES
85071D,548.86,884,51,17.333333333333332,42.6265957668058,3.6235558558123047,0.9846106100562872,C,Z,CZ,CHARLIE+LOLA MY ROOM DOOR SIGN
85091,548.8100000000001,343,13,26.384615384615383,79.05434677226637,8.561223869275741,0.9846384688097685,C,Z,CZ,CANDY SPOT BREAD BASKETS
23549,548.1,1305,19,68.6842105263158,46.33339644069917,2.6140911979238526,0.9846662915221518,C,Z,CZ,WRAP BIRD GARDEN
20888,547.74,367,11,33.36363636363637,77.39415058939885,7.396293518241911,0.9846940959601754,C,Z,CZ,SET 3 JARDIN DE FEMME SCENT CANDLES
23484,547.35,185,11,16.818181818181817,13.90552538970162,3.7855401329112426,0.9847218806009764,C,Z,CZ,HEART TRELLIS TRIPLE T-LIGHT HOLDER
85030,547.35,213,17,12.529411764705882,23.9716437876578,5.117980322930783,0.9847496652417774,C,Z,CZ,FRENCH CHATEAU OVAL PLATTER
90058B,547.24,1118,22,50.81818181818182,36.13946051147701,2.451399716309562,0.9847774442987461,C,Z,CZ,CRYSTAL STUD EARRINGS ASSORTED COL
21311,547.21,727,52,13.98076923076923,25.640417225059213,2.7563713652721664,0.9848052218328518,C,Z,CZ,SET/4 BIRD MIRROR MAGNETS
72267,546.96,273,9,30.333333333333332,37.72929895982696,5.142636679577957,0.9848329866764299,C,Z,CZ,PREMIUM CHURCH CANDLE
35969,545.77,525,32,16.40625,21.642042976427813,2.7800435566499218,0.9848606911130974,C,Z,CZ,FOLKART CROWN TABLE DECORATIONS
21339,544.5,30,10,3.0,3.231786571610886,4.501357819838612,0.9848883310818853,C,Z,CZ,MARAKESH LANTERN LARGE
20943,543.96,384,21,18.285714285714285,15.633754690229908,2.720306068104592,0.984915943639134,C,Z,CZ,SET/6 GINGERBREAD STAR T-LIGHTS
23043,543.51,81,13,6.230769230769231,4.418782753840816,3.273235093518714,0.9849435333534334,C,Z,CZ,PAPER LANTERN 9 POINT HOLLY STAR L
84596K,543.41,428,36,11.88888888888889,18.05828306627148,2.892881924841896,0.9849711179915217,C,Z,CZ,JELLY BABIES YELLOW SMALL BOWL
84510C,542.95,332,73,4.5479452054794525,4.600848641194153,1.3648002176873537,0.9849986792790395,C,Y,CY,SET OF 4 POLKADOT COASTERS
84592,542.3000000000001,175,38,4.605263157894737,3.292411206167581,1.7603617439003139,0.985026207571186,C,Z,CZ,CROCHET ROSE PURSE WITH SUEDE BACK
47021G,541.96,713,42,16.976190476190474,46.93092386051928,4.466541725312605,0.9850537186042151,C,Z,CZ,SET/6 BEAD COASTERS GAUZE BAG GOLD
84984B,541.3,322,13,24.76923076923077,53.740353934688976,6.462347134058732,0.9850811961342517,C,Z,CZ,RED PEONY CUSHION COVER
23398,538.75,610,15,40.666666666666664,23.708547785455732,2.8518013185613476,0.9851085442209083,C,Z,CZ,HANGING HEART BONHEUR
20659,538.51,373,68,5.485294117647059,4.595561281747119,1.2598111682780493,0.9851358801246587,C,Y,CY,ECONOMY LUGGAGE TAG
85027L,538.5,190,25,7.6,9.920517459622086,3.1566839784197893,0.9851632155207878,C,Z,CZ,FRENCH CHATEAU LARGE PLATTER
21017,538.44,662,24,27.583333333333332,45.031309558791534,3.794926329993033,0.9851905478711904,C,Z,CZ,RED BIRD HOUSE TREE DECORATION
84804B,537.3700000000001,367,14,26.214285714285715,33.01323410957531,4.167572036950751,0.9852178259061356,C,Z,CZ,BLUE DELPHINIUM ARTIFICIAL FLOWER
16048,537.18,3462,58,59.689655172413794,123.30623792882383,2.8832642832873976,0.9852450942962798,C,Z,CZ,TEATIME ROUND PENCIL SHARPENER
21418,536.39,195,50,3.9,4.6827952580239325,2.0046953431390566,0.9852723225843573,C,Z,CZ,STARFISH SOAP DISH
84414B,536.24,78,6,13.0,18.686893802876924,6.795549071229431,0.9852995432581182,C,Z,CZ,FUSCHIA/GREEN STRIPE WOOLLY BLANKET
84661B,535.18,244,37,6.594594594594595,9.429444014066492,2.72071887681636,0.9853267101240428,C,Z,CZ,BLACK SQUARE TABLE CLOCK
23660,534.66,306,7,43.714285714285715,23.120800777036866,4.1736773008906365,0.9853538505936703,C,Z,CZ,HENRIETTA HEN MUG
85142,534.38,61,23,2.652173913043478,2.102135184048783,2.497781870051392,0.9853809768499071,C,Z,CZ,JARDIN ETCHED GLASS GINGER JAR
16169P,533.75,1750,31,56.45161290322581,99.78471449732083,3.5353607326840186,0.9854080711260147,C,Z,CZ,WRAP GREEN RUSSIAN FOLKART
85020,533.48,240,42,5.714285714285714,7.689986248475491,2.419481119762849,0.9854351516963527,C,Z,CZ,ROUND PINK HEART MIRROR
21734,533.24,98,12,8.166666666666666,6.846808590780662,3.6401550602925914,0.9854622200837841,C,Z,CZ,SMALL MARAKESH LANTERN ON STICK
90195B,532.29,60,18,3.3333333333333335,4.0,3.5546526631382083,0.9854892402472114,C,Z,CZ,BLACK GEMSTONE BRACELET
23139,530.15,415,22,18.863636363636363,52.117354256702384,6.178339097365264,0.9855161517797236,C,Z,CZ,SINGLE WIRE HOOK PINK HEART
84799,530.03,679,25,27.16,23.37498663101222,2.4734723409639106,0.9855430572207828,C,Z,CZ,SPRIG LAVENDER ARTIFICIAL FLOWER
90160D,529.22,76,23,3.3043478260869565,2.8193291047322786,2.5827040308179576,0.9855699215445329,C,Z,CZ,PINK BOUDICCA LARGE BRACELET
21943,529.16,591,66,8.954545454545455,11.97488630834974,1.8305974290339726,0.9855967828225566,C,Z,CZ,CAKES AND RABBITS DESIGN FLANNEL
71270,529.15,373,57,6.543859649122807,8.04911302886091,1.8805914718348393,0.985623643592959,C,Z,CZ,PHOTO CLIP LINE
20653,528.77,2004,46,43.56521739130435,264.781893655381,9.108336673891252,0.9856504850737597,C,Z,CZ,CHERRY BLOSSOM LUGGAGE TAG
16202B,528.56,1039,20,51.95,134.55246482124988,6.110563134949089,0.9856773158945173,C,Z,CZ,PASTEL BLUE PHOTO ALBUM
23060,528.17,249,22,11.318181818181818,9.146356878880473,2.5834221050901025,0.9857041269180523,C,Z,CZ,HEART BEADED TRELLIS DECORATION
90175D,527.82,58,34,1.7058823529411764,1.1941628680530643,1.8744797137830183,0.9857309201748489,C,Z,CZ,TIGRIS EYE CHUNKY CHARM BRACELET
21336,527.5600000000001,1823,28,65.10714285714286,226.08034286193796,6.775021869721407,0.9857577002334966,C,Z,CZ,GOLD WASHBAG
85179A,527.5,220,27,8.148148148148149,11.38387423474946,3.176775224413317,0.985784477246418,C,Z,CZ,GREEN BITTY LIGHT CHAIN
84931A,526.4399999999999,209,51,4.098039215686274,3.991264972215121,1.713366331065255,0.985811200451503,C,Z,CZ,PINK SCOTTIE DOG W FLOWER PATTERN
84989B,523.5,1020,28,36.42857142857143,46.96604649967382,2.9440926719279155,0.9858377744159851,C,Z,CZ,75 BLACK FAIRY CAKE CASES
84657,523.43,247,8,30.875,43.88438544305122,5.914422738946462,0.9858643448271195,C,Z,CZ,GREEN ROSE CUSHION COVER
85226C,523.41,991,35,28.314285714285713,81.25224754486756,5.073636374878435,0.9858909142230118,C,Z,CZ,BLUE PULL BACK RACING CAR
72728,523.15,643,23,27.956521739130434,36.929266862315885,3.326974327847299,0.9859174704207554,C,Z,CZ,ROSE SCENT CANDLES IN GLASS
21403,523.07,2319,76,30.513157894736842,39.129355875455836,1.6090882766024137,0.9859440225575302,C,Z,CZ,BLUE EGG  SPOON
22861,522.93,305,15,20.333333333333332,15.121728296285008,3.084210902858015,0.9859705675876098,C,Z,CZ,EASTER TIN CHICKS IN GARDEN
22407,522.37,439,48,9.145833333333334,13.197339485803422,2.3630806470599817,0.9859970841909078,C,Z,CZ,MONEY BOX FIRST ADE DESIGN
23336,521.33,226,25,9.04,8.753475500241795,2.6276331754315323,0.9860235480016116,C,Z,CZ,EGG FRYING PAN PINK
21459,520.55,263,24,10.958333333333334,15.272820891080158,3.376372331984223,0.9860499722178698,C,Z,CZ,YELLOW EASTER EGG HUNT START POST
84683,519.35,539,33,16.333333333333332,22.58686934186911,2.8276524215199292,0.9860763355195963,C,Z,CZ,CLASSICAL ROSE CANDLESTAND
20793,518.5,281,20,14.05,53.207117648121596,8.662894672193497,0.9861026556735294,C,Z,CZ,BLUE TILED TRAY
35004S,518.4,146,4,36.5,35.679125549822544,6.605510133278745,0.9861289707512515,C,Z,CZ,SET OF 3 SILVER FLYING DUCKS
20868,518.07,882,42,21.0,45.03711206787835,3.54880934224352,0.9861552690774773,C,Z,CZ,SILVER FABRIC MIRROR
85039C,517.96,537,62,8.661290322580646,17.453397948454562,2.716423918196409,0.9861815618198712,C,Z,CZ,S/4 BLACK MINI ROSE CANDLE IN BOWL
35810B,517.71,325,39,8.333333333333334,7.86174392510082,1.9947932223666691,0.9862078418717376,C,Z,CZ,ENAMEL BLUE RIM COFFEE CONTAINER
84762A,517.4300000000001,59,15,3.933333333333333,4.651676605063516,3.8709059235240195,0.9862341077102131,C,Z,CZ,WHITE PICNIC BARBECUE BUCKET
71143,514.45,349,43,8.116279069767442,10.323826584597265,2.289279934972597,0.9862602222776016,C,Z,CZ,SILVER BOOK MARK WITH BEADS
90114,514.18,205,51,4.019607843137255,6.256165586294632,2.4253224884767888,0.9862863231392203,C,Z,CZ,SUMMER DAISIES BAG CHARM
85129C,513.98,393,43,9.13953488372093,10.041773215041532,2.066494601455218,0.9863124138484171,C,Z,CZ,BEADED CRYSTAL HEART BLUE SMALL
46118,513.58,373,43,8.674418604651162,9.187778969480414,2.0171390067403085,0.9863384842527698,C,Z,CZ,FUNKY MONKEY CUSHION COVER
16168M,512.38,1686,64,26.34375,75.29965929853994,3.700550310594624,0.9863644937425908,C,Z,CZ,FUNKY MONKEY GIFT BAG MEDIUM
23136,511.89,135,22,6.136363636363637,4.642407570641342,2.5119631461740486,0.9863904783589782,C,Z,CZ,IVORY WIRE SWEETHEART LETTER TRAY
84875B,511.01,373,20,18.65,42.74560611460858,5.490982493465096,0.9864164183047089,C,Z,CZ,GREEN SQUARE COMPACT MIRROR
84782C,509.9,74,15,4.933333333333334,5.391351098441527,3.696186809682,0.9864423019044977,C,Z,CZ,GREEN 3 TIER GLASS PLATE STAND
21117,509.58000000000004,334,24,13.916666666666666,18.258807682075368,3.2375612521376613,0.9864681692604113,C,Z,CZ,BLOND DOLL DOORSTOP
20753,509.00000000000006,218,7,31.142857142857142,41.2368305095844,6.015376028023685,0.9864940071743011,C,Z,CZ,RETRO PINK SPOT WASHING UP GLOVES
84247L,508.29,1161,41,28.317073170731707,20.381902541703806,1.6788909533729053,0.9865198090470931,C,Z,CZ,FAWN AND MUSHROOM GREETING CARD
20654,507.91,400,65,6.153846153846154,6.197859431970166,1.4825653442597395,0.9865455916302834,C,Y,CY,FIRST CLASS LUGGAGE TAG
84218,507.40999999999997,263,21,12.523809523809524,15.567976900095426,3.352687335296487,0.9865713488324188,C,Z,CZ,BOX/12 CHICK & EGG IN BASKET
85169B,505.40999999999997,430,50,8.6,12.944150045799192,2.3870164400621743,0.9865970045103346,C,Z,CZ,BLACK LOVE BIRD CANDLE
23021,504.97,121,16,7.5625,6.531653695657785,3.169494218351553,0.9866226378529219,C,Z,CZ,GLASS BONNE JAM JAR
37352,504.55,4643,7,663.2857142857143,1739.4582216201413,10.071703787441269,0.9866482498754233,C,Z,CZ,BIRD IN TREE MUG
84877B,504.43,291,31,9.387096774193548,10.849508189636488,2.586857494680263,0.9866738558064715,C,Z,CZ,GREEN ROUND COMPACT MIRROR
22541,504.34,1246,46,27.08695652173913,51.436617344696515,3.0391294858245264,0.9866994571689297,C,Z,CZ,MINI JIGSAW LEAP FROG
20845,502.27,76,18,4.222222222222222,5.035819409409258,3.5412097092640744,0.9867249534538207,C,Z,CZ,ZINC HEART LATTICE 2 WALL PLANTER
23560,502.07,173,3,57.666666666666664,47.08856903042747,7.005472722599961,0.9867504395862897,C,Z,CZ,SET OF 6 RIBBONS COUNTRY STYLE
79337,502.03,1194,19,62.8421052631579,91.15143880006303,3.9222023874780643,0.9867759236882744,C,Z,CZ,BLUE FLOCK GLASS CANDLEHOLDER
90014A,502.01,55,34,1.6176470588235294,1.3260720278977705,2.0134260099444083,0.9868014067750169,C,Z,CZ,SILVER/MOP ORBIT NECKLACE
90010E,501.65,56,29,1.9310344827586208,1.437533465020619,2.1225225654433753,0.9868268715873998,C,Z,CZ,AMBER GLASS/SILVER BRACELET
23117,501.23,93,11,8.454545454545455,4.967164912978759,3.3795444047769823,0.9868523150796966,C,Z,CZ,POPPY FIELDS CHOPPING BOARD
20865,500.49,251,18,13.944444444444445,23.92997682509687,4.565950851255034,0.9868777210080321,C,Z,CZ,PATCHWORK PENCIL CASE BUTTERFLY
84706D,500.19,219,14,15.642857142857142,14.041735279883667,3.4621840470065472,0.9869031117077347,C,Z,CZ,CHERRY BLOSSOM TABLE CLOCK
16219,499.55,3357,61,55.032786885245905,105.33153488123658,2.616901931342234,0.9869284699196871,C,Z,CZ,HOUSE SHAPE PENCIL SHARPENER
21882,499.44,1052,63,16.6984126984127,36.485363800206024,2.8994259118557566,0.9869538225478074,C,Z,CZ,SKULLS TAPE
35471A,499.31,421,32,13.15625,23.446726678482946,3.499984484368202,0.9869791685768532,C,Z,CZ,SET OF 3 BIRD L.BLUE FEATHER
20864,498.14000000000004,252,18,14.0,23.341455169114127,4.466103686274908,0.9870044552142307,C,Z,CZ,DENIM PATCH PENCIL CASE BUTTERFLY
23466,498.03,55,9,6.111111111111111,3.9510898637098997,3.8534732642574685,0.9870297362677762,C,Z,CZ,TUSCAN VILLA DOVECOTE BIRD FEEDER
23045,497.9800000000001,118,16,7.375,8.601356482167992,3.7133345900484254,0.9870550147832162,C,Z,CZ,PAPER LANTERN 5 POINT STAR MOON
35600D,497.70000000000005,141,9,15.666666666666666,14.637281168304447,4.418337259606922,0.9870802790852653,C,Z,CZ,PINK AND WHITE CHRISTMAS TREE 180CM
85230A,497.03999999999996,1992,37,53.83783783783784,53.78636419180026,2.130827718824355,0.987105509884322,C,Z,CZ,OPIUM SCENTED VOTIVE CANDLE
22031,493.99,1125,67,16.791044776119403,12.241926607920924,1.1683392032398643,0.9871305858589438,C,Y,CY,BOTANICAL LAVENDER BIRTHDAY CARD
84798B,492.90000000000003,326,9,36.22222222222222,61.17756487834772,6.313151723001106,0.9871556065028658,C,Z,CZ,PURPLE FOXGLOVE ARTIIFCIAL FLOWER
16239,492.17,347,9,38.55555555555556,96.06522668363291,8.62105998211982,0.9871805900904478,C,Z,CZ,BALLERINA HEART DECORATION.
90160B,490.92,71,25,2.84,2.8237091446063163,2.6660673465257902,0.9872055102253926,C,Z,CZ,RED BOUDICCA LARGE BRACELET
84876B,490.81,346,27,12.814814814814815,14.161260909301493,2.7168798400655616,0.9872304247765052,C,Z,CZ,GREEN HEART COMPACT MIRROR
84827,489.78999999999996,1027,23,44.65217391304348,44.122359509614306,2.7829572485121306,0.9872552875502658,C,Z,CZ,ASS DES PHONE SPONGE CRAFT STICKER
35967,488.51,936,50,18.72,14.857197802096206,1.5375175166352133,0.987280085348526,C,Z,CZ,FOLK ART METAL STAR T-LIGHT HOLDER
21663,488.16,76,15,5.066666666666666,4.605379876787995,3.358538133377646,0.9873048653800476,C,Z,CZ,VINTAGE GLASS SUGAR CADDY
51020B,488.12,1084,41,26.4390243902439,47.85762675921561,3.1056434395240813,0.987329643381085,C,Z,CZ,STRIPY DESIGN SHOWER CAP
22259,485.45,592,26,22.76923076923077,42.43141071640932,4.044363417960559,0.987354285847289,C,Z,CZ,FELT FARM ANIMAL HEN
84875D,483.75,371,16,23.1875,46.87176655514491,5.513619896145021,0.9873788420179064,C,Z,CZ,BLUE SQUARE COMPACT MIRROR
23218,483.03000000000003,379,14,27.071428571428573,28.42118463864123,3.745868389962184,0.9874033616398048,C,Z,CZ,LAUREL STAR ANTIQUE GOLD
84901,482.38,126,35,3.6,3.1173140776674284,2.033667246413681,0.9874278482663318,C,Z,CZ,BLACK FACE LAMB WITH PANTS
84926E,482.28,1108,34,32.588235294117645,43.752137711970164,2.722170082806803,0.9874523298166479,C,Z,CZ,FLOWERS TILE COASTER
23691,481.5,1175,6,195.83333333333334,108.87684173719711,4.56049325042684,0.9874767717725182,C,Z,CZ,WRAP KEEP CALM BIRTHDAY
22038,481.0,1150,38,30.263157894736842,14.423487246597952,1.5304100788520034,0.9875011883473337,C,Z,CZ,BOTANICAL LAVENDER GIFT WRAP
21132,480.86,94,35,2.6857142857142855,2.4346932234753877,2.0841291674462674,0.9875255978154538,C,Z,CZ,SILVER STANDING GNOME
16244A,479.41,186,12,15.5,26.37664255979659,5.538281619971653,0.9875499336785146,C,Z,CZ,MAXWELL 2 TONE PINK 60 PAGE PHOTO A
21536,478.94000000000005,223,14,15.928571428571429,17.75241819156905,3.8725471836450747,0.9875742456833839,C,Z,CZ,DAIRY MAID  SMALL  MILK JUG
23422,477.89,213,13,16.384615384615383,14.03886546661601,3.5244147402952386,0.987598504388038,C,Z,CZ,PANTRY HOOK BALLOON WHISK
37492C,477.29999999999995,242,15,16.133333333333333,28.73988434877483,5.144765838376512,0.9876227331430472,C,Z,CZ,GREEN BLUE FLOWER PIGGY BANK
72750C,476.4,232,10,23.2,26.011963059758145,4.600703043002556,0.9876469162121575,C,Z,CZ,"F.FAIRY S/3 CANDLE/GLASS, ROSE"
23561,476.0,170,3,56.666666666666664,55.5007507456731,7.472385147487215,0.9876710789764239,C,Z,CZ,SET OF 6 RIBBONS PARTY
85170B,475.91,283,41,6.902439024390244,13.63415724943933,3.3454650272306883,0.9876952371721005,C,Z,CZ,SET/6 BLACK BIRD T-LIGHT CANDLES
85109,475.43000000000006,4211,16,263.1875,629.6690367433779,6.354540575895131,0.9877193710019644,C,Z,CZ,PINK BOUDOIR T-LIGHT HOLDER
47422,475.14,1217,49,24.836734693877553,32.70661690110498,2.174383148171967,0.9877434901108164,C,Z,CZ,ASSORTED MONKEY SUCTION CUP HOOK
84809A,474.84,276,19,14.526315789473685,16.473441322499923,3.338055885878557,0.9877675939910354,C,Z,CZ,WHITE CHRYSANTHEMUMS ART FLOWER
21518,474.32,1119,56,19.982142857142858,16.698928731485164,1.4597868221024353,0.9877916714749575,C,Y,CY,BANK ACCOUNT  GREETING  CARD
85136B,473.77,59,28,2.107142857142857,2.0246496855521325,2.45376669334088,0.987815721039719,C,Z,CZ,BLUE SHARK HELICOPTER
40046A,472.07,355,38,9.342105263157896,10.42677508587017,2.2486408423245994,0.9878396843088939,C,Z,CZ,RED DAISY PAPER LAMPSHADE
20662,471.33000000000004,728,33,22.060606060606062,72.24089016700454,5.909508608481806,0.9878636100141075,C,Z,CZ,FIRST CLASS HOLIDAY PURSE
90192,469.18,94,36,2.611111111111111,2.032279195917414,1.8948119586210324,0.9878874265807851,C,Z,CZ,JADE DROP EARRINGS W FILIGREE
84948,469.10999999999996,279,13,21.46153846153846,22.149549975170245,3.855603052883113,0.987911239594115,C,Z,CZ,SILVER HANGING T-LIGHT HOLDER DOME
79071B,469.1000000000001,154,38,4.052631578947368,4.775768614641778,2.331847023585948,0.9879350520998238,C,Z,CZ,ENGLISH ROSE METAL WASTE BIN
85211,469.05,307,47,6.531914893617022,10.592965393065645,2.628402119709501,0.9879588620674272,C,Z,CZ,S/4 GROOVY CAT MAGNETS
35911A,468.78999999999996,389,44,8.840909090909092,11.65181527292353,2.31859933622714,0.9879826588368819,C,Z,CZ,MULTICOLOUR RABBIT EGG WARMER
72799B,467.71,322,4,80.5,127.1285438706299,8.58095383960898,0.9880064007832581,C,Z,CZ,PURPLE PILLAR CANDLE BLACK FLOCK
72225C,466.38,1926,33,58.36363636363637,112.80093588425424,3.683347282783575,0.9880300752160283,C,Z,CZ,LAVENDER SCENT CAKE CANDLE
23379,465.36,1220,14,87.14285714285714,135.24442666910508,4.800353834490479,0.9880536978714464,C,Z,CZ,PACK OF 12 RED APPLE TISSUES
51020A,464.56,1304,38,34.31578947368421,63.62776262282773,3.3012847972884978,0.9880772799171765,C,Z,CZ,SUMMER FUN DESIGN SHOWER CAP
72132,464.1,550,20,27.5,49.95524312611714,4.527842242382217,0.9881008386123364,C,Z,CZ,COLUMBIAN CUBE CANDLE
90120C,462.32,109,40,2.725,2.183710086891056,1.7966432428772787,0.9881243069509408,C,Z,CZ,GREEN MURANO TWIST BRACELET
84972L,462.15000000000003,117,11,10.636363636363637,5.201398413363992,3.2419086214715414,0.9881477666599864,C,Z,CZ,GIANT PINK HEART MEMO HOLDER
84984A,462.12,266,14,19.0,38.823070064470286,5.935369967779431,0.9881712248461688,C,Z,CZ,GREEN PEONY CUSHION COVER
85204,461.92,2359,77,30.636363636363637,80.60411852656772,3.09493220678694,0.9881946728799292,C,Z,CZ,HANGING WOOD AND FELT FLOWER
72789,461.53,122,22,5.545454545454546,6.0295089646652285,3.0102842624970414,0.9882181011164669,C,Z,CZ,BASKET/8 SCENTED LOVE TOKEN CANDLES
84915,459.56,234,28,8.357142857142858,20.625791631432726,4.952864241782816,0.9882414293516482,C,Z,CZ,HAND TOWEL PINK FLOWER AND DAISY
16207B,457.65000000000003,265,20,13.25,28.58206099157854,5.214115354689065,0.9882646606311997,C,Z,CZ,PINK HEART RED HANDBAG
23023,457.61999999999995,286,15,19.066666666666666,14.104035221304914,3.0780274559703926,0.9882878903878879,C,Z,CZ,RIDGED BONNE JAM JAR T-LIGHT HOLDER
90145,455.86,75,38,1.9736842105263157,1.3849937477712946,1.746157686655666,0.9883110308032629,C,Z,CZ,SILVER HOOP EARRINGS WITH FLOWER
90201B,454.31000000000006,154,46,3.347826086956522,3.572844439841224,1.9441953166403003,0.9883340925373676,C,Z,CZ,BLACK ENAMEL FLOWER RING
21757,454.3,80,20,4.0,2.7144835701531846,2.544602129999894,0.9883571537638514,C,Z,CZ,LIGHTHOUSE PRINTED METAL SIGN
20621,453.77000000000004,208,20,10.4,22.448537638457946,5.2169288047515225,0.9883801880864169,C,Z,CZ,ECONOMY PASSPORT COVER
84508B,453.76,169,56,3.017857142857143,2.6525532908952014,1.5054142915985327,0.9884032219013614,C,Z,CZ,STRIPES DESIGN TEDDY
23509,452.72,1065,12,88.75,163.07227901092872,5.872683836020295,0.9884262029237115,C,Z,CZ,MINI PLAYING CARDS FUN FAIR
23548,451.5,1075,18,59.72222222222222,36.52043031051742,2.6111836686516727,0.9884491220162878,C,Z,CZ,WRAP MAGIC FOREST
90120B,451.44,107,32,3.34375,3.298184984737573,2.305041242138364,0.9884720380631375,C,Z,CZ,BLUE MURANO TWIST BRACELET
82081,451.35,174,10,17.4,12.139924949429375,3.735809014382401,0.9884949495413974,C,Z,CZ,PINK HEARTS PHOTO ALBUM
84597C,450.98,364,30,12.133333333333333,12.86999540051182,2.49740838983537,0.9885178422376766,C,Z,CZ,RETRO PINK BALL ASHTRAY
17164D,450.78,1159,11,105.36363636363636,112.29449917718385,4.268202042281088,0.9885407247815339,C,Z,CZ,ASS COL SMALL SAND FROG P'WEIGHT
72127,449.69,369,44,8.386363636363637,11.098325683677357,2.3257385628991822,0.9885635519946915,C,Z,CZ,COLUMBIAN CANDLE ROUND
20616,449.26,283,63,4.492063492063492,6.883531107798728,2.1132012441573407,0.9885863573801418,C,Z,CZ,CHERRY BLOSSOM PASSPORT COVER
16218,448.13,4629,52,89.01923076923077,111.2320468676949,2.0155870288919893,0.988609105404408,C,Z,CZ,CARTOON  PENCIL SHARPENERS
72128,447.34,720,57,12.631578947368421,26.52938504143456,2.954918477704003,0.9886318133266074,C,Z,CZ,COLUMBIAN CANDLE ROUND
90198B,446.15,105,36,2.9166666666666665,2.4304614494253673,1.9593834932114202,0.9886544608418962,C,Z,CZ,VINTAGE ROSE BEAD BRACELET BLACK
84857C,445.03,197,13,15.153846153846153,19.573988495986853,4.395549272877217,0.9886770515036221,C,Z,CZ,PINK MONTE CARLO HANDBAG
90010A,443.85,49,25,1.96,2.2818121453499773,2.92791360029837,0.9886995822660585,C,Z,CZ,MIDNIGHT BLUE GLASS/SILVER BRACELET
62096B,441.99,257,33,7.787878787878788,8.324502897161397,2.375539759181297,0.9887220186109704,C,Z,CZ,PURPLE/TURQ FLOWERS HANDBAG
16243B,441.77,212,5,42.4,90.89994499448281,9.812245965084472,0.9887444437882182,C,Z,CZ,BROWN COZY SQUARE PHOTO ALBUM
21027,441.11,361,41,8.804878048780488,6.592493883937709,1.709944723763309,0.9887668354624736,C,Z,CZ,NINJA RABBIT PINK
90154,439.65,59,7,8.428571428571429,19.21680811908456,8.947338670824626,0.9887891530240486,C,Z,CZ,LAZER CUT NECKLACE W PASTEL BEADS
16161M,439.0,1050,30,35.0,15.536386656646634,1.7683280597740134,0.9888114375902524,C,Z,CZ,WRAP  PINK FLOCK
79030A,438.25,171,12,14.25,9.430366810565651,3.338556490537731,0.9888336840848737,C,Z,CZ,"TUMBLER, ENGLISH ROSE"
23044,435.74,104,17,6.117647058823529,5.348859141690596,3.0853250670279087,0.9888558031665994,C,Z,CZ,PAPER LANTERN 9 POINT HOLLY STAR S
84859B,435.40999999999997,283,15,18.866666666666667,50.556710260666215,7.238818408601131,0.988877905496829,C,Z,CZ,BLUE DISCO HANDBAG
84510F,435.25,1101,25,44.04,199.19514719657872,9.212003842742407,0.9888999997051209,C,Z,CZ,SET OF 4 NEW ENGLAND COASTERS
90013A,434.27,115,53,2.169811320754717,1.649427045704097,1.440410569489009,0.9889220441665452,C,Y,CY,MIDNIGHT BLUE VINTAGE EARRINGS
84798A,432.45000000000005,195,9,21.666666666666668,48.24417063231578,7.841049118711812,0.9889439962409297,C,Z,CZ,PINK FOXGLOVE ARTIIFCIAL FLOWER
37464,431.18,316,34,9.294117647058824,12.181778274338017,2.6756511575929824,0.9889658838474347,C,Z,CZ,ROBOT MUG IN DISPLAY BOX
84858B,431.0,326,5,65.2,61.15308659421861,5.86842766834363,0.98898776231676,C,Z,CZ,BLUE RIVIERA HANDBAG
23058,430.86,490,13,37.69230769230769,32.57653709697777,3.537810286649526,0.9890096336793899,C,Z,CZ,CHRISTMAS HANGING SNOWFLAKE
84802B,430.35,435,14,31.071428571428573,61.98072192311,5.820362341217469,0.9890314791533439,C,Z,CZ,PURPLE ANEMONE ARTIFICIAL FLOWER
20851,429.57,335,23,14.565217391304348,60.05590281105258,8.778039692440355,0.9890532850328522,C,Z,CZ,ZINC HEART LATTICE TRAY OVAL
16045,429.44,9312,36,258.6666666666667,236.72769166280483,2.0594421369448006,0.9890750843132863,C,Z,CZ,POPART WOODEN PENCILS ASST
90013B,428.92,104,53,1.9622641509433962,1.5186312682420438,1.454436184706849,0.9890968571974232,C,Y,CY,BLACK VINTAGE EARRINGS
84966B,428.0,33,4,8.25,7.544313531837517,6.427029126868223,0.9891185833804191,C,Z,CZ,BLUE KASHMIRI BOXED MIRROR
84422,427.95,782,33,23.696969696969695,88.02147637383902,6.657028625064338,0.9891403070253094,C,Z,CZ,PINK/BLUE DISC/MIRROR STRING
84801A,427.44,272,14,19.428571428571427,42.92159988005732,6.332022340486113,0.9891620047815239,C,Z,CZ,PINK HYDRANGEA ART FLOWER
85230G,425.76,1680,38,44.21052631578947,34.634116826680504,1.8363673101967328,0.9891836172573939,C,Z,CZ,ORANGE VOTIVE CANDLE
72803B,424.85,95,25,3.8,4.672615256292063,3.032876184439204,0.989205183539744,C,Z,CZ,OCEAN SCENT CANDLE JEWELLED DRAWER
21678,424.7,574,54,10.62962962962963,16.947528674179146,2.3939463000845134,0.9892267422077775,C,Z,CZ,PAISLEY PATTERN  STICKERS
20715,424.0,400,1,400.0,0.0,10.148891565092221,0.9892482653423341,C,Z,CZ,LITTLE FLOWER SHOPPER BAG
21028,423.9,323,53,6.09433962264151,6.572858384597737,1.7893317350793732,0.9892697834006797,C,Z,CZ,NINJA RABBIT BLACK
45016,423.73,101,18,5.611111111111111,8.59643488956076,4.1935222498414975,0.9892912928294668,C,Z,CZ,DECORATIVE NET CANOPY LEOPARD
16207A,423.53,143,39,3.6666666666666665,2.365690433693761,1.6577851936399204,0.9893127921058319,C,Z,CZ,PINK STRAWBERRY HANDBAG
16008,422.96,3141,43,73.04651162790698,97.31024354838647,2.3687583000242407,0.9893342624477944,C,Z,CZ,SMALL FOLDING SCISSOR(POINTED EDGE)
21729,422.9,124,7,17.714285714285715,20.677800380394153,5.586515651816584,0.9893557297440302,C,Z,CZ,SMALL MARAKESH METAL  LANTERN
72801E,422.32,776,18,43.111111111111114,133.98282984326934,7.581782120956991,0.9893771675982425,C,Z,CZ,S/4 FESTIVE GREEN DINNER CANDLES
85097B,420.92,107,19,5.631578947368421,5.144690103136432,2.966711990266442,0.989398534385501,C,Z,CZ,BLUE ROCKING SINGING CANARY
47579,420.87,185,33,5.606060606060606,5.516675821653119,2.2607199380777367,0.9894198986346541,C,Z,CZ,TEA TIME BREAKFAST BASKET
46126A,419.99,317,30,10.566666666666666,16.353178185955446,3.2392899273987465,0.9894412182131503,C,Z,CZ,ELVIS WALLHANGING / CURTAIN
84967C,419.85,9,4,2.25,2.5,7.00528900717694,0.9894625306849514,C,Z,CZ,GREEN KASHMIRI OCCASIONAL TABLE
84770,419.25,135,6,22.5,25.422431040323428,5.896924403545023,0.9894838126994865,C,Z,CZ,ROUND GEORGIAN SILVER MIRROR
21736,418.89000000000004,205,24,8.541666666666666,7.609942961945114,2.574791998783937,0.9895050764396621,C,Z,CZ,GOLD SCROLL GLASS T-LIGHT HOLDER
84007,418.21999999999997,159,23,6.913043478260869,9.090019719341852,3.3166009374675554,0.989526306169224,C,Z,CZ,MAGIC GARDEN MOUNT FUJI
72780,418.18,514,37,13.891891891891891,15.614778939239624,2.294793059646966,0.9895475338683016,C,Z,CZ,BLACK SILOUETTE CANDLE PLATE
22032,418.12,980,57,17.19298245614035,12.869452475437475,1.352376161723813,0.9895687585216527,C,Y,CY,BOTANICAL LILY GREETING CARD
84532B,417.58,54,14,3.857142857142857,2.213842564659669,2.9497390087054716,0.9895899557634643,C,Z,CZ,FAIRY CAKES RECTANGLUAR BOXES
35240,416.01,49,20,2.45,1.7614288458371994,2.598737398873706,0.9896110733087637,C,Z,CZ,ENAMEL BLUE RIM OVAL TRAY SET/2
20857,415.8,252,42,6.0,5.07504655751803,1.7904170878458718,0.9896321801940201,C,Z,CZ,BLUE ROSE PATCH PURSE PINK BUTTERFL
84529C,414.74,78,13,6.0,3.3166247903554,3.0424349222966556,0.9896532332714398,C,Z,CZ,YELLOW KNITTED KIDS RUCKSACK
84804A,414.08000000000004,224,15,14.933333333333334,23.7139701642804,4.717159567764812,0.9896742528458672,C,Z,CZ,CREAM DELPHINIUM ARTIFICIAL FLOWER
85112,414.02,466,6,77.66666666666667,156.6443955801377,8.665480506811658,0.989695269374568,C,Z,CZ,S/3 TEAR DROP CUT GLASS DECORATION
22395,413.76,234,33,7.090909090909091,13.574709104534332,3.6539536146540894,0.9897162727051203,C,Z,CZ,PAPERWEIGHT VINTAGE PAISLEY
23459,412.5,33,9,3.6666666666666665,1.8027756377319946,3.6108956635595204,0.9897372120754143,C,Z,CZ,DOLLY CABINET 2 DRAWERS
20666,412.45000000000005,911,28,32.535714285714285,103.99482969443532,6.269457056607034,0.9897581489076027,C,Z,CZ,ECONOMY HOLIDAY PURSE
23415,412.17999999999995,328,13,25.23076923076923,26.153883861209618,3.864564684703901,0.9897790720340215,C,Z,CZ,HOME SWEET HOME HOOK
21520,411.63,957,59,16.220338983050848,13.539301408925425,1.4035857378769072,0.9897999672412798,C,Y,CY,BOOZE & WOMEN GREETING CARD
21341,410.64,72,11,6.545454545454546,8.914747740274386,4.939448162310052,0.9898208121940495,C,Z,CZ,KASBAH LANTERN WITH GLASS
90149,410.26000000000005,62,8,7.75,17.490813915554973,8.36293044447619,0.9898416378572176,C,Z,CZ,SILVER FLOWR PINK SHELL NECKLACE
37444B,409.6,2010,21,95.71428571428571,295.3174804946607,6.989471408945806,0.9898624300173932,C,Z,CZ,BLUE BREAKFAST CUP AND SAUCER
16169F,409.5,975,11,88.63636363636364,81.67285072442706,3.9688961629320505,0.9898832171013576,C,Z,CZ,WRAP BLIZZARD
84595B,408.9,230,14,16.428571428571427,27.031930651088807,5.0104088253707895,0.9899039737280562,C,Z,CZ,LARGE TRIFLE DESIGN L BLUE BOWL
21252,408.66,168,8,21.0,19.190771591723827,4.636748117654868,0.9899247181718485,C,Z,CZ,SET OF MEADOW  FLOWER STICKERS
90206C,407.56,81,39,2.076923076923077,1.3838279362279908,1.6793300353041003,0.9899454067773199,C,Z,CZ,CRYSTAL DIAMANTE STAR BROOCH
23339,405.0,175,22,7.954545454545454,6.373137619484074,2.573681552697201,0.9899659654317903,C,Z,CZ,EGG FRYING PAN BLUE
84984D,404.91,159,17,9.352941176470589,26.06707975701965,7.0598849981887675,0.9899865195176708,C,Z,CZ,ORIENTAL RED C/COVER
82076,403.64,290,6,48.333333333333336,28.444097220102922,4.6190784633061135,0.990007009135672,C,Z,CZ,BEECH WOOD PHOTO FRAME
21698,401.56,533,63,8.46031746031746,10.139073885342397,1.7274476585375245,0.9900273931684845,C,Z,CZ,MOCK LOBSTER FRIDGE MAGNET
84932B,401.3,189,11,17.181818181818183,21.5676525464325,4.690156122975218,0.9900477640031488,C,Z,CZ,SMALL PINK PEONY FOLDING STOOL
84984C,401.16,232,13,17.846153846153847,38.74241034027645,6.465494252832695,0.9900681277311175,C,Z,CZ,ORIENTAL BLUE C/COVER
23576,400.03999999999996,198,3,66.0,66.20422947214173,7.544602604941033,0.9900884346055232,C,Z,CZ,SNACK TRAY RED VINTAGE DOILY
23429,400.01,47,3,15.666666666666666,11.06044001535804,6.722023828123333,0.9901087399570658,C,Z,CZ,RED RETRO KITCHEN WALL CLOCK
23039,399.71,199,14,14.214285714285714,11.988318490087767,3.3667854192825306,0.9901290300799753,C,Z,CZ,T-LIGHT HOLDER SILVER HEART HANDLE
85007,399.62,143,8,17.875,13.912353195220838,4.346338090823782,0.9901493156342951,C,Z,CZ,SET OF 3 VINTAGE TEA TIME BOXES
16156L,399.0,950,33,28.78787878787879,11.041845338748795,1.612795099583638,0.9901695697161067,C,Z,CZ,"WRAP, CAROUSEL"
20889,398.04,657,9,73.0,132.22045983886156,6.6522517092400895,0.9901897750662928,C,Z,CZ,JARDIN DE FEMME SCENTED CANDLE
79191B,397.37,479,45,10.644444444444444,23.11055991961206,3.45878996462689,0.9902099464058655,C,Z,CZ,RETRO PLASTIC POLKA TRAY
21025,397.37,301,36,8.36111111111111,7.0108193031618855,1.9656069741743878,0.9902301177454381,C,Z,CZ,SPACE FROG
85167A,396.8,176,7,25.142857142857142,33.81532478738287,6.073882239107494,0.9902502601506081,C,Z,CZ,WHITE GRAND BAROQUE PHOTO FRAME
90180A,396.64,44,21,2.0952380952380953,1.8948551898433268,2.7946229361707995,0.9902703944338406,C,Z,CZ,BLACK+WHITE NECKLACE W TASSEL
90120A,395.68,93,27,3.4444444444444446,3.092588327615327,2.4170120078107304,0.9902904799854476,C,Z,CZ,PINK MURANO TWIST BRACELET
84726,394.85,233,4,58.25,48.59612467402451,6.210641513274626,0.9903105234045037,C,Z,CZ,LILLIES CANVAS PICTURE
22869,393.63,167,38,4.394736842105263,8.125832925902863,3.293516601533273,0.9903305048937855,C,Z,CZ,NUMBER TILE COTTAGE GARDEN 1
23661,393.5899999999999,219,9,24.333333333333332,22.847319317591726,4.428421054225353,0.990350484352583,C,Z,CZ,MILK MAIDS MUG
84673B,393.26000000000005,506,68,7.4411764705882355,12.563132931041531,2.1965440780171446,0.9903704470598844,C,Z,CZ,BLUE FLY SWAT
84952A,392.53000000000003,148,22,6.7272727272727275,6.4452405340006935,2.8052179284334366,0.9903903727108456,C,Z,CZ,CLEAR LOVE BIRD T-LIGHT HOLDER
23116,392.34000000000003,78,11,7.090909090909091,11.058522012046144,5.418392230078435,0.9904102887170059,C,Z,CZ,VEGETABLE GARDEN CHOPPING BOARD
90201D,391.37,133,43,3.0930232558139537,3.2936732532912685,2.024204823394355,0.9904301554839198,C,Z,CZ,GREEN ENAMEL FLOWER RING
90124B,391.18,39,23,1.6956521739130435,1.0195713274212868,2.2550986864148728,0.9904500126060326,C,Z,CZ,BLUE MURANO TWIST NECKLACE
84711A,390.95,42,19,2.210526315789474,1.134261745631201,2.416402753593385,0.9904698580528603,C,Z,CZ,SILVER OVAL SHAPE TRINKET BOX
23150,390.75,148,25,5.92,4.132392366011081,2.2596275639003762,0.990489693347266,C,Z,CZ,IVORY SWEETHEART SOAP DISH
47562,390.0,104,16,6.5,2.6832815729997477,2.557041559783794,0.9905094905700893,C,Z,CZ,ENGLISH ROSE IRONING BOARD COVER
84081,389.3,100,12,8.333333333333334,11.452140199609643,4.761344347975684,0.9905292522594358,C,Z,CZ,WHITE CERAMIC PARTY SET (5PCS)
16044,389.22,6193,3,2064.3333333333335,3533.1731252987497,10.068119581325412,0.9905490098878135,C,Z,CZ,POP-ART FLUORESCENT PENS
23337,388.75,180,24,7.5,6.3929308785088,2.520043111526193,0.9905687436579995,C,Z,CZ,EGG FRYING PAN MINT
79051A,387.53999999999996,943,39,24.17948717948718,26.746245968627168,2.201335206007092,0.9905884160060328,C,Z,CZ,SMOKEY GREY COLOUR D.O.F. GLASS
84497,387.13,97,27,3.5925925925925926,2.530722901575438,2.166199932833133,0.9906080675416009,C,Z,CZ,BUTTONS AND STRIPES NOTEBOOK
90208,386.83,159,44,3.6136363636363638,5.779739710446086,2.6968081170181595,0.990627703848536,C,Z,CZ,PAIR OF PINK FLOWER CLUSTER SLIDE
90158,386.32,77,46,1.673913043478261,1.174816256575885,1.533072739838753,0.9906473142667954,C,Z,CZ,ST TROPEZ NECKLACE
84292,385.98,44,12,3.6666666666666665,2.902454551623922,3.5559285846559905,0.9906669074259373,C,Z,CZ,ROSE PINK METAL FOLDING CHAIR
90070,385.15000000000003,63,31,2.032258064516129,2.1830234533438855,2.47002692410324,0.9906864584525281,C,Z,CZ,RUBY GLASS CLUSTER BRACELET
90201A,382.84000000000003,130,43,3.0232558139534884,3.218165494079946,2.02370566421716,0.9907058922186452,C,Z,CZ,PURPLE ENAMEL FLOWER RING
16258A,380.96999999999997,1075,52,20.673076923076923,37.18671550372191,2.710518102302525,0.990725231059617,C,Z,CZ,SWIRLY CIRCULAR RUBBERS IN BAG
90035B,380.89,43,3,14.333333333333334,23.09401076758503,9.677967819439976,0.99074456583962,C,Z,CZ,"PEARL & SHELL 42""NECKL. PINK"
90184A,380.82,42,22,1.9090909090909092,1.444499943433743,2.512102226497139,0.9907638970662754,C,Z,CZ,AMBER CHUNKY BEAD BRACELET W STRAP
20670,378.85,694,32,21.6875,73.61908829434336,6.207184400945795,0.9907831282915746,C,Z,CZ,VIP HOLIDAY PURSE
84533B,377.93,59,13,4.538461538461538,3.5734060459498265,3.402645269356197,0.9908023128157325,C,Z,CZ,FAIRY CAKES ROUND NESTING BOXES
20976,376.99,550,34,16.176470588235293,18.18669275119535,2.410684207254745,0.9908214496235073,C,Z,CZ,12 PENCILS SMALL TUBE POSY
85033G,376.04999999999995,236,6,39.333333333333336,21.18175315375634,4.530150518175153,0.9908405387148989,C,Z,CZ,SET/6 GOLD REINDEER T-LIGHT CANDLES
84429A,374.73,110,31,3.5483870967741935,4.4108858496332255,2.7150635808271386,0.9908595608003056,C,Z,CZ,MEDIUM PINK BUDDHA HEAD
84741C,374.09,186,30,6.2,5.019960159204453,2.1595242342904344,0.9908785503979619,C,Z,CZ,CITRUS GARLAND FELT FLOWERS
84877D,373.09999999999997,161,34,4.735294117647059,7.589102328556236,3.1119872001564746,0.9908974897411297,C,Z,CZ,BLUE ROUND COMPACT MIRROR
84680,372.3,94,12,7.833333333333333,13.374557483475401,5.5521316344113,0.9909163884746095,C,Z,CZ,CLASSICAL ROSE URN
16216,371.64,4158,53,78.45283018867924,224.97585905002683,4.098097309922902,0.9909352537050969,C,Z,CZ,LETTER SHAPE PENCIL SHARPENER
20906,371.19,102,26,3.923076923076923,3.918398416935949,2.614763043700526,0.990954096092635,C,Z,CZ,VINTAGE NOTEBOOK BEAUTY GIRL
90134,370.92,126,60,2.1,1.8839194628149265,1.4508839539816378,0.9909729247744034,C,Y,CY,OLD ROSE COMBO BEAD NECKLACE
78033,370.6,76,14,5.428571428571429,4.878749614624407,3.4641016151377553,0.9909917372122966,C,Z,CZ,FLAG OF ST GEORGE CHAIR
85026B,370.09999999999997,303,27,11.222222222222221,23.886483679355205,4.43354966882853,0.9910105242691349,C,Z,CZ,EAU DE NILE JEWELLED T-LIGHT HOLDER
22870,369.91999999999996,156,33,4.7272727272727275,8.441981133273483,3.449265994010305,0.9910293021887935,C,Z,CZ,NUMBER TILE COTTAGE GARDEN 2
79336,369.78,840,19,44.21052631578947,73.96814550674907,4.35767626191163,0.9910480730017567,C,Z,CZ,LIGHT PINK FLOCK GLASS CANDLEHOLDER
20663,369.41,1074,30,35.8,126.21530591919453,6.642267544966274,0.9910668250327391,C,Z,CZ,QUEEN OF THE SKIES HOLIDAY PURSE
84760S,368.90999999999997,228,32,7.125,5.63256659539973,2.0536809433432937,0.9910855516826668,C,Z,CZ,SMALL HANGING GLASS+ZINC LANTERN
90082B,368.3,58,22,2.6363636363636362,2.012945118960786,2.5214890944182007,0.9911042473677074,C,Z,CZ,DIAMANTE BOW BROOCH RED COLOUR
47504G,368.06,267,21,12.714285714285714,13.657023310893399,3.0650139449410605,0.9911229308698416,C,Z,CZ,ENGLISH ROSE TAPE MEASURE
47503G,367.36,284,14,20.285714285714285,22.02246605148958,3.815523892584862,0.991141578838499,C,Z,CZ,ASS FLORAL PRINT TAPE MEASURE
23575,367.35,179,3,59.666666666666664,55.30220007679019,7.315763510595072,0.9911602262995354,C,Z,CZ,SNACK TRAY PAISLEY PARK
35915A,365.76,288,1,288.0,0.0,10.148891565092221,0.9911787930488172,C,Z,CZ,CREAM KNITTED HEN
90002D,365.74,104,26,4.0,9.682974749528162,5.053559294048259,0.9911973587828566,C,Z,CZ,FLOWER BURST SILVER RING CRYSTAL
84926D,365.34999999999997,773,34,22.735294117647058,28.945412389456845,2.6212724046241846,0.9912159047196734,C,Z,CZ,LA PALMIERA TILE COASTER
79190A,364.25,790,75,10.533333333333333,11.210918101774032,1.3915923980603546,0.9912343948181692,C,Y,CY,RETRO PLASTIC 70'S TRAY
35968,363.34000000000003,761,46,16.543478260869566,21.64430283956099,2.2464911602190125,0.9912528387231453,C,Z,CZ,FOLK ART METAL HEART T-LIGHT HOLDER
90164B,362.94,67,32,2.09375,2.219552047220921,2.4058571878226305,0.9912712623232773,C,Z,CZ,WHITE  ROSEBUD PEARL BRACELET
23579,362.65,171,5,34.2,45.66399018920707,7.0331575813503,0.9912896712023975,C,Z,CZ,SNACK TRAY I LOVE LONDON
90160A,362.51,52,22,2.3636363636363638,2.0364641286273977,2.660248687044705,0.9913080729748225,C,Z,CZ,PURPLE BOUDICCA LARGE BRACELET
85094,362.43,762,44,17.318181818181817,22.652863392364996,2.305608082840027,0.9913264706862785,C,Z,CZ,CANDY SPOT EGG WARMER RABBIT
21946,358.96999999999997,625,41,15.24390243902439,52.25886550998063,5.5335816683229675,0.9913446927608346,C,Z,CZ,PARTY TIME DESIGN FLANNEL
84402D,358.93,373,9,41.44444444444444,31.317371821048106,4.0522422374075795,0.9913629128049063,C,Z,CZ,PINK DRESS JEWELLERY STAND
90036E,358.87,45,23,1.9565217391304348,1.9182914005002478,2.7711921934141457,0.9913811298032515,C,Z,CZ,"FLOWER GLASS GARLD NECKL36""AMETHYST"
35912B,358.08000000000004,290,25,11.6,19.38212234680884,3.7827759091799944,0.9913993066995299,C,Z,CZ,WHITE/PINK CHICK DECORATION
84711B,357.71,39,25,1.56,1.0832051206181281,2.2550986864148728,0.9914174648138278,C,Z,CZ,PINK OVAL SHAPE TRINKET BOX
84800M,357.22,250,21,11.904761904761905,10.8208352815518,2.8016338090478565,0.9914355980546917,C,Z,CZ,MEDIUM WHITE/PINK ROSE ART FLOWER
90148,356.73,28,17,1.6470588235294117,0.6063390625908325,2.428571428571429,0.9914537064221218,C,Z,CZ,LONG SILVER NECKLACE PASTEL FLOWER
21038,355.48,166,33,5.03030303030303,4.984255514146825,2.269765684097253,0.9914717513369148,C,Z,CZ,SET/4 MODERN VINTAGE COTTON NAPKINS
20799,355.33000000000004,200,15,13.333333333333334,26.242459234352765,5.567836204487341,0.9914897886373912,C,Z,CZ,PINK MILKSHAKE GLASS
18096C,355.14,131,9,14.555555555555555,19.723787105365382,5.42368963899644,0.9915078162930668,C,Z,CZ,WHITE ROUND PORCELAIN TLIGHT HOLDER
72487,355.05,827,3,275.6666666666667,167.67329344094526,6.497456587734002,0.9915258393801526,C,Z,CZ,ROSES WHITE ROUND CANDLE
90019A,354.59000000000003,68,42,1.619047619047619,0.7635725068956292,1.419098597860567,0.9915438391166678,C,Y,CY,SILVER M.O.P ORBIT BRACELET
90082A,353.71,55,27,2.037037037037037,1.628625694388263,2.285346782734597,0.9915617941825264,C,Z,CZ,DIAMANTE BOW BROOCH GREEN COLOUR
90013C,353.55,88,42,2.0952380952380953,1.4450845837261956,1.6205039518159898,0.9915797411264474,C,Z,CZ,GREEN VINTAGE EARRINGS
23420,353.45,165,11,15.0,12.625371281669306,3.813614391769215,0.9915976829941575,C,Z,CZ,PANTRY HOOK TEA STRAINER
20950,353.39,687,24,28.625,25.676604983491504,2.583542238621305,0.9916156218161409,C,Z,CZ,SET/6  ANGEL T-LIGHTS WHITE/GOLD
23421,353.36,162,13,12.461538461538462,9.106914814353841,3.30815824729992,0.9916335591152611,C,Z,CZ,PANTRY HOOK SPATULA
84802A,353.21000000000004,209,20,10.45,12.999898785031082,3.4416484460221572,0.9916514888000648,C,Z,CZ,WHITE ANEMONE ARTIFICIAL FLOWER
22039,353.0,850,23,36.95652173913044,24.851336640235754,2.3404077957738543,0.9916694078248254,C,Z,CZ,BOTANICAL LILY GIFT WRAP
84898F,352.75,165,31,5.32258064516129,4.2613542196051055,2.1061543471616586,0.9916873141590585,C,Z,CZ,YELLOW FLOWERS FELT HANDBAG KIT
46000R,352.34999999999997,243,43,5.651162790697675,6.13298544923166,2.0496264750004185,0.9917052001884479,C,Z,CZ,POLYESTER FILLER PAD 45x30cm
84249D,352.34,835,26,32.11538461538461,19.84807682991362,2.1140133193839183,0.9917230857102161,C,Z,CZ,FAIRY CAKE GREETINGS CARD
84809B,351.59999999999997,296,7,42.285714285714285,76.89324696338052,7.481069364152674,0.991740933668023,C,Z,CZ,PINK CHRYSANTHEMUMS ART FLOWER
90201C,350.94,119,36,3.3055555555555554,2.993511501750262,2.0475079194420602,0.9917587481228375,C,Z,CZ,RED ENAMEL FLOWER RING
90161A,349.96,70,35,2.0,1.9553847221876068,2.1749970677906574,0.9917765128307844,C,Z,CZ,ANT COPPER RED BOUDICCA BRACELET
82011B,348.8,93,38,2.4473684210526314,2.4015464434519895,2.0743214730029385,0.9917942186546839,C,Z,CZ,BATHROOM SCALES RUBBER DUCKS
84535A,346.93,607,19,31.94736842105263,74.52775298445728,5.71788178055273,0.9918118295534379,C,Z,CZ,ENGLISH ROSE NOTEBOOK A6 SIZE
22257,346.73,420,26,16.153846153846153,30.136612029479767,4.048011185486415,0.9918294302997701,C,Z,CZ,FELT FARM ANIMAL SHEEP
23015,346.63,41,14,2.9285714285714284,2.3026501693044477,3.2700213848272983,0.9918470259698913,C,Z,CZ,CORDIAL GLASS JUG
84801B,345.0,214,15,14.266666666666667,20.369678679935273,4.37322265907977,0.9918645388977735,C,Z,CZ,WHITE HYDRANGEA ART FLOWER
90014B,343.65999999999997,35,26,1.3461538461538463,0.5615911461059687,1.9155646047841979,0.9918819838044285,C,Z,CZ,GOLD M PEARL  ORBIT NECKLACE
21306,343.09,682,45,15.155555555555555,22.106103183958,2.4736326782581917,0.991899399776681,C,Z,CZ,SET/4 DAISY MIRROR MAGNETS
84881,342.94,52,21,2.4761904761904763,1.2497618820818475,2.2702083943651856,0.991916808134617,C,Z,CZ,BLUE WIRE SPIRAL CANDLE HOLDER
20940,342.75,118,2,59.0,9.899494936611665,7.192494252400413,0.9919342068477521,C,Z,CZ,SET/6 GARDEN GNOME T-LIGHT CANDLES
90191,342.6,40,19,2.1052631578947367,2.5142866636285897,3.4452866353904423,0.991951597946571,C,Z,CZ,SILVER LARIAT 40CM
35833P,342.16999999999996,185,29,6.379310344827586,6.172599551378242,2.4141232848547154,0.9919689672176825,C,Z,CZ,4 PINK FLOCK CHRISTMAS BALLS
72811,340.45,445,20,22.25,35.3223874140973,4.080432953652885,0.991986249177965,C,Z,CZ,SMALL ZINC/GLASS CANDLEHOLDER
75149N,340.0,272,14,19.428571428571427,13.414769619939209,3.117230826820764,0.9920035082952982,C,Z,CZ,STRING CRYSTALS NATURAL
79303B,339.57,109,9,12.11111111111111,29.357471129358384,8.420794018661294,0.9920207455849241,C,Z,CZ,BLUE STAR BLOCK TABLE LAMP
84925A,339.29,179,14,12.785714285714286,37.91524672299962,8.190727210347367,0.9920379686611593,C,Z,CZ,WAKE UP COCKEREL WALL THERMOMETER
21420,338.65999999999997,122,28,4.357142857142857,7.093107169088122,3.4937268618355857,0.9920551597572653,C,Z,CZ,OYSTER TRINKET BOX
84509E,338.59999999999997,163,26,6.269230769230769,12.663515127507662,4.323543188942446,0.9920723478076449,C,Z,CZ,SET OF 4 CAROUSEL PLACEMATS
35914,337.43,244,26,9.384615384615385,14.948115394462068,3.5718523954765007,0.9920894764663558,C,Z,CZ,PINK CHICK EGG WARMER + EGG CUP
84576,337.04,96,22,4.363636363636363,6.418317941237034,3.672816811839835,0.992106585327844,C,Z,CZ,BLUE CAT BISCUIT BARREL PINK HEART
17011F,336.2,385,19,20.263157894736842,43.45219864692075,5.321584785707395,0.9921236515491598,C,Z,CZ,ORIGAMI SANDLEWOOD INCENSE+FLOWER
22889,335.52,200,26,7.6923076923076925,19.869110157768475,5.353578242633612,0.992140683252241,C,Z,CZ,NUMBER TILE VINTAGE FONT No
90178A,334.35999999999996,28,16,1.75,0.8563488385776754,2.638026473231341,0.9921576560712749,C,Z,CZ,AMBER CHUNKY GLASS+BEAD NECKLACE
20847,334.35,80,25,3.2,3.0,2.5826343140289914,0.9921746283826878,C,Z,CZ,ZINC HEART LATTICE CHARGER LARGE
17109A,333.61,709,9,78.77777777777777,102.26531398496972,5.278747666004479,0.9921915631301393,C,Z,CZ,FLOWER FAIRY INCENSE LILY
23047,333.5,58,19,3.0526315789473686,1.985326287499427,2.5820656498652452,0.9922084922937587,C,Z,CZ,PAPER LANTERN 5 POINT SEQUIN STAR
21402,333.42,1698,68,24.970588235294116,28.616856835983974,1.5838409930077169,0.9922254173964095,C,Z,CZ,RED  EGG  SPOON
90175C,332.95,37,17,2.176470588235294,1.7760663739584404,2.991954148623488,0.9922423186408685,C,Z,CZ,BLUE GLASS CHUNKY CHARM BRACELET
20688,332.9,464,6,77.33333333333333,168.1412104948298,9.198740414213546,0.992259217347222,C,Z,CZ,BEAUTY SPEED EXPRESSO CUPS
47583B,332.6,27,4,6.75,8.220908303425682,7.343333996476903,0.9922761008249428,C,Z,CZ,SET OF 3 WICKER BASKET TEA AND CAKE
85089,332.29,104,19,5.473684210526316,4.48910311572654,2.8216198293778807,0.9922929685664093,C,Z,CZ,CANDY SPOT BUNNY
35637C,331.14,100,18,5.555555555555555,10.934146311237816,5.090697398196046,0.9923097779314496,C,Z,CZ,PINK STRING CURTAIN WITH POLE
85024B,330.90000000000003,218,19,11.473684210526315,32.323655632528514,6.75497927243023,0.9923265751135836,C,Z,CZ,EAU DE NILE JEWELLED PHOTOFRAME
84030C,330.78,53,5,10.6,8.96102672688794,5.629570252848354,0.9923433662042643,C,Z,CZ,KNITTED RAINBOW HOT WATER BOTTLE
84870C,330.36,93,23,4.043478260869565,3.0818863891154424,2.4564892081930223,0.9923601359748591,C,Z,CZ,GREEN GEISHA GIRL
35921,330.32,183,24,7.625,7.574628703771559,2.7260640572279304,0.9923769037149693,C,Z,CZ,EASTER BUNNY HANGING GARLAND
22878,330.26,128,31,4.129032258064516,6.667043000130672,3.2892758986591564,0.9923936684093531,C,Z,CZ,NUMBER TILE COTTAGE GARDEN No
90129B,329.95,146,42,3.4761904761904763,4.272647521254555,2.2645041362125236,0.9924104173674827,C,Z,CZ,TURQUOISE GLASS TASSLE BAG CHARM
37467,328.51,273,41,6.658536585365853,7.411510494148817,2.145379061363523,0.9924270932281744,C,Z,CZ,PIG MUG IN TWO COLOUR DESIGNS
72739B,328.39,394,8,49.25,55.4610545466688,5.140523197306319,0.9924437629974127,C,Z,CZ,WHITE CHOCOLATE SCENT CANDLE
21722,327.75,347,51,6.803921568627451,12.026669710012223,2.6992022765866377,0.9924604002789008,C,Z,CZ,SWEET PUDDING STICKER SHEET
84902,326.33,84,23,3.652173913043478,3.1566480445989473,2.598621647550905,0.9924769654781929,C,Z,CZ,PINK KNITTED COW STUFFED TOY
84706A,325.88,137,5,27.4,33.33616654626023,6.665664495686485,0.9924935078345355,C,Z,CZ,ENGLISH ROSE TABLE CLOCK
21309,325.6,49,4,12.25,19.241881404893856,8.550582035424437,0.9925100359774877,C,Z,CZ,LOUVRE CHALKBOARD
90209A,325.5,173,10,17.3,17.062304129929878,4.301692782368221,0.9925265590442287,C,Z,CZ,PURPLE ENAMEL+GLASS HAIR COMB
90018A,325.49,77,39,1.9743589743589745,1.1118306262333753,1.5781759188693036,0.9925430816033485,C,Z,CZ,SILVER M.O.P ORBIT DROP EARRINGS
23037,325.15999999999997,196,12,16.333333333333332,10.464948710583894,3.305744498426887,0.9925595874109722,C,Z,CZ,CANDLE HOLDER SILVER MADELINE
17091B,324.48,282,30,9.4,12.158720440844945,2.8413705584754156,0.9925760587003613,C,Z,CZ,JASMINE TEA INCENSE IN TIN
23478,324.40000000000003,285,5,57.0,82.64986388373546,7.401721743252913,0.9925925259287814,C,Z,CZ,WOODLAND LARGE PINK FELT HEART
23695,323.32,765,5,153.0,86.22064717919949,5.008429649195638,0.9926089383341231,C,Z,CZ,DOILY THANK YOU CARD
90175B,322.85,36,24,1.5,1.2158375177486578,2.4620577562400374,0.9926253268812733,C,Z,CZ,PINK GLASS CHUNKY CHARM BRACELET
84870B,322.61,90,27,3.3333333333333335,2.660248687044705,2.2834887754605497,0.9926417032455168,C,Z,CZ,BLUE GEISHA GIRL
90197B,322.52,64,34,1.8823529411764706,1.1485090699593827,1.7787811838447134,0.9926580750411707,C,Z,CZ,BLACK GLASS BRACELET W HEART CHARMS
85131C,321.4,440,49,8.979591836734693,15.813351157484984,2.751423373185667,0.9926743899832614,C,Z,CZ,BEADED CRYSTAL HEART BLUE ON STICK
85070,320.0,3,3,1.0,0.0,5.802298395176403,0.9926906338583985,C,Z,CZ,ANT WHITE SWEETHEART TABLE W 3 DRAW
85033S,319.95,260,11,23.636363636363637,27.68491548577574,4.4995726292786795,0.9927068751954301,C,Z,CZ,SET/6 SILVER REINDEER T-LIGHTS
84661A,319.01,224,31,7.225806451612903,13.345934905229518,3.664719063765534,0.9927230688160785,C,Z,CZ,WHITE SQUARE TABLE CLOCK
84933C,317.0,136,5,27.2,36.928308924184435,7.104326378144322,0.9927391604048863,C,Z,CZ,LARGE BLUE ORIENTAL FOLDING STOOL
84673A,316.14,502,47,10.680851063829786,22.973620394760456,3.3514454778029528,0.9927552083382796,C,Z,CZ,PINK FLY SWAT
21401,315.7,1437,65,22.107692307692307,25.47739382577908,1.640802151193761,0.9927712339363445,C,Z,CZ,BLUE PUDDING SPOON
85129B,315.11,233,42,5.5476190476190474,7.150651960562181,2.343548074246524,0.9927872295847646,C,Z,CZ,BEADED CRYSTAL HEART GREEN SMALL
84933A,314.35,131,4,32.75,43.15379473464645,7.671839276442985,0.9928031866539814,C,Z,CZ,LARGE GREEN PEONY FOLDING STOOL
46000U,313.75,251,42,5.976190476190476,5.828810259049838,1.9431083931311468,0.9928191132659322,C,Z,CZ,POLYESTER FILLER PAD 30CMx30CM
90000D,313.75,51,27,1.8888888888888888,1.8045526471705546,2.4974419823510488,0.9928350398778831,C,Z,CZ,COPPER/OLIVE GREEN FLOWER NECKLACE
35638B,313.28999999999996,118,11,10.727272727272727,18.536941004874073,5.841215041657363,0.9928509431392634,C,Z,CZ,PINK/BLUE STRING CURTAIN
84838,312.5,50,3,16.666666666666668,24.54248017893329,9.153185237937667,0.9928668062985769,C,Z,CZ,ANT WHITE HIGH RISE BIRD BOX
90016B,312.14,37,24,1.5416666666666667,0.931532942621143,2.202163754328127,0.992882651183531,C,Z,CZ,GOLD/M.O.P PENDANT ORBIT NECKLACE
84671B,311.86999999999995,111,5,22.2,17.297398648351724,5.468275520884756,0.9928984823627155,C,Z,CZ,CROCHET BEAR WITH BLUE STRIPES
84522,311.86,186,22,8.454545454545455,21.174394403500145,5.659623053003859,0.9929143130342788,C,Z,CZ,PINK PARTY SUNGLASSES
84219,311.51,140,9,15.555555555555555,22.962529864493977,5.739160146195039,0.9929301259391037,C,Z,CZ,BOX/12 MOTHER & CHICK IN BASKET/BOW
90098,311.47999999999996,141,29,4.862068965517241,7.543796590250422,3.3048047323857483,0.9929459373210653,C,Z,CZ,NECKLACE+BRACELET PINK BUTTERFLY
22872,311.3,136,28,4.857142857142857,9.004995674065986,3.876220647123988,0.9929617395658472,C,Z,CZ,NUMBER TILE COTTAGE GARDEN 4
35979,311.0300000000001,94,6,15.666666666666666,22.606783642673864,6.812465606626336,0.9929775281048594,C,Z,CZ,SIX STRING SCANDINAVIAN HEART DECS
62095B,310.83,292,12,24.333333333333332,44.260249626156615,5.82670230478147,0.9929933064914496,C,Z,CZ,TURQOISE ICE CREAM SUNHAT
84623,310.44000000000005,56,7,8.0,10.723805294763608,6.061336149593367,0.993009065080817,C,Z,CZ,PINK GINGHAM ROSE FLOOR CUSHION
47593A,309.18,304,44,6.909090909090909,9.452004049389892,2.3847028073167476,0.993024759709926,C,Z,CZ,CAROUSEL DESIGN BABY BIB
84933B,309.15000000000003,136,4,34.0,43.104524124504614,7.506110544198647,0.9930404528161717,C,Z,CZ,LARGE PINK PEONY FOLDING STOOL
17012E,308.78999999999996,287,17,16.88235294117647,46.87067627117883,7.03549033787511,0.9930561276480578,C,Z,CZ,ORIGAMI OPIUM INCENSE/CANDLE SET
20795,308.7,135,25,5.4,6.946221994724902,3.125390510579662,0.9930717979113541,C,Z,CZ,LARGE BLUE PROVENCAL CERAMIC BALL
21196,308.54,179,21,8.523809523809524,6.4700776472856,2.582619389548126,0.9930874600527129,C,Z,CZ,ROUND WHITE CONFETTI IN TUBE
77081,308.38,242,20,12.1,19.48521706860168,4.124380972608208,0.9931031140721339,C,Z,CZ,FLOWER WINDMILL
84906,307.47,66,19,3.473684210526316,2.4122009556196597,2.640887793512762,0.9931187218980352,C,Z,CZ,PINK B'FLY C/COVER W BOBBLES
23495,306.66,225,7,32.142857142857146,19.591057240729093,4.3113745623970035,0.9931342886066276,C,Z,CZ,SET OF 3 PANTRY WOODEN SPOONS
90173,306.64,81,35,2.3142857142857145,1.8907114840626495,1.9743439002122811,0.9931498542999777,C,Z,CZ,PAIR BUTTERFLY HAIR CLIPS
72130,306.35,753,42,17.928571428571427,28.859113500863977,2.7819680603910566,0.993165405272316,C,Z,CZ,COLUMBIAN CANDLE ROUND
16254,305.65999999999997,941,24,39.208333333333336,177.21026056432333,9.389639168009658,0.9931809212187985,C,Z,CZ,TRANSPARENT ACRYLIC TAPE DISPENSER
44235,305.1,819,19,43.10526315789474,105.94647219591711,5.9833204860026745,0.9931964087384997,C,Z,CZ,ASS COL CIRCLE MOBILE
20800,303.96,1005,5,201.0,442.18661218992145,10.01662235723397,0.9932118383893955,C,Z,CZ,LARGE GLASS SUNDAE DISH CLEAR
84627,303.45,51,15,3.4,4.08481508586549,3.90816336261633,0.9932272421516154,C,Z,CZ,CANDY STRIPE ROSE C/COVER
21030,303.4,249,31,8.03225806451613,6.53444142457355,2.122150827982656,0.9932426433757297,C,Z,CZ,SPACE CADET RED
72753D,302.40000000000003,144,5,28.8,33.75203697556638,6.531027559860266,0.9932579938377342,C,Z,CZ,S/3 FLWR FAIRY SUMMER CANDLES
90036D,302.29,38,15,2.533333333333333,1.5976172734359606,2.916663368946823,0.9932733387159066,C,Z,CZ,"FLOWER GLASS GARLAND NECKL.36""BLACK"
85147,301.95,61,6,10.166666666666666,8.134289561274953,5.057662664305224,0.9932886663349617,C,Z,CZ,JARDIN ETCHED GLASS CANDLEHLDR LONG
23430,301.88,36,4,9.0,7.52772652709081,6.21626699142194,0.9933039904006692,C,Z,CZ,BLUE RETRO KITCHEN WALL CLOCK
35645,301.81,61,24,2.5416666666666665,1.6145847942957392,2.238110213701525,0.9933193109130288,C,Z,CZ,VINTAGE BEAD PINK JEWEL BOX
21321,301.79999999999995,122,13,9.384615384615385,12.85520945984196,4.566890648002087,0.9933346309177676,C,Z,CZ,GLASS CHALICE BLUE  LARGE
90035C,301.0,28,4,7.0,11.343133018115703,8.729494924258395,0.9933499103128184,C,Z,CZ,"PEARL & SHELL 42""NECKL. IVORY"
22954,300.14,243,35,6.942857142857143,7.271794248783353,2.2667053679928215,0.9933651460524549,C,Z,CZ,HEN PARTY CORDON BARRIER TAPE
84800S,299.53999999999996,394,17,23.176470588235293,51.1691255716248,5.760504410591474,0.9933803513348254,C,Z,CZ,SMALL WHITE/PINK ROSE ART FLOWER
23440,299.35999999999996,164,3,54.666666666666664,78.27089710315919,9.002478342091223,0.9933955474800161,C,Z,CZ,PAINT YOUR OWN EGGS IN CRATE
17001,299.34999999999997,1211,16,75.6875,101.56096280887982,4.058584037389086,0.9934107431175858,C,Z,CZ,HEAVENS SCENT FRAGRANCE OILS ASSTD
90124A,299.28,30,18,1.6666666666666667,1.1375929179890423,2.705549851693737,0.9934259352018079,C,Z,CZ,PINK MURANO TWIST NECKLACE
35981C,298.0,590,21,28.095238095238095,33.533423269783775,3.2667327194239704,0.9934410623105293,C,Z,CZ,WHITE SNOW SCANDINAVIAN STOCKING
84247N,297.48,113,38,2.973684210526316,4.438692540056064,2.7702224937806283,0.9934561630229537,C,Z,CZ,PACK/12 BLUE FOLKART CARDS
47471,297.02,430,49,8.775510204081632,19.720194076676037,3.4090675384747215,0.9934712403848075,C,Z,CZ,RAINBOW PEGS PHOTO CLIP STRING
84882,296.93,68,32,2.125,1.5606036879899208,1.9869818534181807,0.9934863131780713,C,Z,CZ,GREEN WIRE STANDING CANDLE HOLDER
84482,296.77,76,21,3.619047619047619,3.6259645678934933,2.9473684210526323,0.9935013778493977,C,Z,CZ,BUTTONS DESIGN JEWELLERY BOX
79190D,296.58,641,70,9.157142857142857,7.4145093054203945,1.2024337200173354,0.9935164328759232,C,Y,CY,RETRO PLASTIC DAISY TRAY
20869,296.37,530,38,13.947368421052632,39.222130658955344,4.776063194397814,0.9935314772424056,C,Z,CZ,GOLD FABRIC MIRROR
35920,296.34,1070,15,71.33333333333333,246.7122866436781,9.129045251414615,0.9935465200860248,C,Z,CZ,FOUR RABBIT EASTER DECORATIONS
16202A,296.0,663,18,36.833333333333336,96.18502390460488,6.479866742116957,0.9935615456705267,C,Z,CZ,PASTEL PINK PHOTO ALBUM
DCGSSGIRL,295.63,92,16,5.75,4.9866488413228645,3.17540167591482,0.9935765524730478,C,Z,CZ,GIRLS PARTY BAG
90129A,295.38,151,43,3.511627906976744,3.614600636724918,1.9802874864554099,0.9935915465850415,C,Z,CZ,PINK GLASS TASSLE BAG CHARM
21697,295.08000000000004,372,6,62.0,88.31760866327846,6.755966261377414,0.9936065254684022,C,Z,CZ,SET 5 MINI DOUGHNUT FRIDGE MAGNET
21388,293.57,315,13,24.23076923076923,18.92596913482392,3.391924962446728,0.9936214277009772,C,Z,CZ,IVORY HANGING DECORATION  CHICKEN
90185D,293.33,69,23,3.0,2.15322168769582,2.397882914170188,0.9936363177506458,C,Z,CZ,CRYSTAL DIAMANTE EXPANDABLE RING
84926A,293.08,664,35,18.97142857142857,24.395618837967504,2.5970214187937284,0.9936511951097868,C,Z,CZ,WAKE UP COCKEREL TILE COASTER
16212,292.86,375,27,13.88888888888889,13.477426521447843,2.5188342982860585,0.9936660613012639,C,Z,CZ,FUNKY GIRLZ ASST MAGNETIC MEMO PAD
72801F,292.5,234,6,39.0,32.34810659064917,5.12549073461803,0.9936809092183814,C,Z,CZ,S/4 FESTIVE RED DINNER CANDLES
90030B,292.08000000000004,139,29,4.793103448275862,5.777909349687132,2.7600314141642563,0.9936957358154127,C,Z,CZ,RED KUKUI COCONUT SEED NECKLACE
37422,292.08,434,23,18.869565217391305,47.49191734852084,5.560535638258268,0.9937105624124439,C,Z,CZ,WHITE WITH BLACK CATS BOWL
23567,291.58,211,9,23.444444444444443,17.685524526509745,4.049776205680756,0.9937253636284203,C,Z,CZ,EGG CUP HENRIETTA HEN PINK
84529A,290.78,50,11,4.545454545454546,7.005192879052458,5.372969383869593,0.9937401242347091,C,Z,CZ,PINK KNITTED KIDS RUCKSACK
20826,290.72,355,11,32.27272727272727,43.215948234629565,4.8853606479951885,0.993754881795271,C,Z,CZ,SILVER APERITIF GLASS
23410,290.1,36,9,4.0,3.082207001484488,4.080970593823769,0.9937696078833251,C,Z,CZ,CURIO CABINET LINEN AND LACE
22871,289.39,127,26,4.884615384615385,9.296566777372917,4.114841900225053,0.9937842979302812,C,Z,CZ,NUMBER TILE COTTAGE GARDEN 3
72812,288.46,105,26,4.038461538461538,3.736102452886101,2.508344351005251,0.9937989407684752,C,Z,CZ,LARGE ZINC GLASS CANDLEHOLDER
20987,288.35,131,4,32.75,36.53651141894457,7.019244816739986,0.9938135780228371,C,Z,CZ,GEISHA GIRL CHOPSTICKS SET/5
47578A,287.53,316,49,6.448979591836735,6.380508157955877,1.7769825661886434,0.9938281736522689,C,Z,CZ,ENGLISH ROSE SMALL SCENTED FLOWER
21144,287.47,543,24,22.625,25.056132634720303,2.90284688113753,0.993842766235974,C,Z,CZ,PINK POODLE HANGING DECORATION
20821,286.42,42,23,1.826086956521739,1.6963108075265056,2.693319189024623,0.993857305519464,C,Z,CZ,GOLDIE LOOKING MIRROR
90014C,284.68,29,17,1.7058823529411764,1.3585242858683528,2.961304144365115,0.9938717564768829,C,Z,CZ,SILVER/BLACK ORBIT NECKLACE
37413,284.49,703,35,20.085714285714285,30.33767937591744,2.925164680309307,0.9938861977895008,C,Z,CZ,ICON MUG REVOLUTIONARY
90185B,284.43,67,24,2.7916666666666665,2.7183621454146225,2.696457747499467,0.9939006360563921,C,Z,CZ,AMETHYST DIAMANTE EXPANDABLE RING
82093,283.49,139,6,23.166666666666668,18.323936985993665,5.036870423318549,0.9939150266069002,C,Z,CZ,HEART SHAPE BUTTON FRAME
84977,282.58,224,32,7.0,5.639720880762027,2.072121189624245,0.9939293709638884,C,Z,CZ,WIRE FLOWER T-LIGHT HOLDER
84508C,282.37,104,38,2.736842105263158,2.355949461743044,1.926535351748953,0.9939437046608337,C,Z,CZ,BLUE CIRCLES DESIGN TEDDY
20980,282.31,233,33,7.0606060606060606,7.5537217397261935,2.376826204280935,0.9939580353120523,C,Z,CZ,36 PENCILS TUBE POSY
16052,281.32,848,27,31.40740740740741,69.5674875759886,4.588029838604889,0.9939723157087822,C,Z,CZ,TEATIME PUSH DOWN RUBBER
23481,281.17,228,8,28.5,18.708286933869708,4.111144385247957,0.9939865884911957,C,Z,CZ,PEARLISED IVORY HEART SMALL
90163A,280.71,37,22,1.6818181818181819,1.393398163325344,2.6124106787446886,0.9940008379230386,C,Z,CZ,PINK ROSEBUD & PEARL NECKLACE
84457,280.43,293,28,10.464285714285714,11.344707177903754,2.631341769953681,0.9940150731414908,C,Z,CZ,SET/3 RABBITS FLOWER SKIPPPING ROPE
84192,279.85,233,28,8.321428571428571,9.41650863752776,2.7019647266251945,0.9940292789179194,C,Z,CZ,ASSORTED COLOUR METAL CAT
21412,279.84000000000003,277,20,13.85,11.49038499652736,2.7568348061769656,0.9940434841867268,C,Z,CZ,VINTAGE GOLD TINSEL REEL
84926F,279.15,485,33,14.696969696969697,21.56021342729016,2.95434995454979,0.9940576544296783,C,Z,CZ,PSYCHEDELIC TILE COASTER
72739C,279.08,326,8,40.75,48.47311478688838,5.300496334765138,0.9940718211192822,C,Z,CZ,DARK CHOCOLATE SCENTCANDLE
84625B,279.0,180,11,16.363636363636363,10.423749107425095,3.455752048718516,0.9940859837479173,C,Z,CZ,BLCK NEW BAROQUE CANDLESTICK CANDLE
90115,278.96,108,28,3.857142857142857,2.6765689163593684,2.1068833560485762,0.9941001443460682,C,Z,CZ,SUMMER BUTTERFLIES BAG CHARM
90122A,278.84000000000003,56,26,2.1538461538461537,1.5669666924936902,2.2440397246292867,0.9941142988527658,C,Z,CZ,PINK CRYSTAL+GLASS BRACELET
21367,278.48,211,36,5.861111111111111,9.541346948272114,3.054836016912706,0.9941284350851038,C,Z,CZ,MIRRORED WALL ART GENTS
35096A,277.49,777,13,59.76923076923077,147.38111245235024,7.204236264844972,0.9941425210629532,C,Z,CZ,BLUE VICTORIAN FABRIC HEART BOX
90146,276.49,41,17,2.411764705882353,2.152290161938318,3.1149884245671586,0.9941565562786926,C,Z,CZ,FINE SILVER NECKLACE W PASTEL FLOWE
75178,276.43,499,20,24.95,52.0399391156244,5.06864259803305,0.9941705884487055,C,Z,CZ,ASSTD COL BUTTERFLY/CRYSTAL W/CHIME
84966C,276.0,23,2,11.5,10.606601717798213,8.550859738554422,0.9941845987910113,C,Z,CZ,GREEN KASHMIRI BOXED MIRROR
DCGS0076,275.96,17,12,1.4166666666666667,0.6685579234215215,3.0718050327404485,0.9941986071028327,C,Z,CZ,SUNJAR LED NIGHT NIGHT LIGHT
23137,275.62,83,14,5.928571428571429,7.342859280796713,4.124337659119758,0.9942125981555369,C,Z,CZ,ZINC WIRE SWEETHEART LETTER TRAY
90085,275.53,311,20,15.55,36.136400950900054,5.556812488412662,0.9942265846396511,C,Z,CZ,CRYSTAL STILETTO PHONE CHARM
47586A,275.53,202,23,8.782608695652174,21.129377484568153,5.343737808987161,0.9942405711237653,C,Z,CZ,PINK FAIRY CAKE CUSHION COVER
21095,274.57,295,31,9.516129032258064,8.48477447251619,2.2216789849591536,0.994254508876254,C,Z,CZ,SET/6 POSIES PAPER PLATES
84924F,274.55,975,8,121.875,221.04585012422842,7.029832401255637,0.9942684456135006,C,Z,CZ,PSYCHEDELIC METAL SIGN CALENDAR
21193,274.37,111,13,8.538461538461538,11.801238526918722,4.594197121122283,0.9942823732135674,C,Z,CZ,WHITE HONEYCOMB PAPER FAN
84927F,273.32,335,42,7.976190476190476,11.694251444230312,2.583065987407139,0.9942962475134189,C,Z,CZ,PSYCHEDELIC TILE HOOK
23141,272.91,79,16,4.9375,5.208566661440234,3.504455012567083,0.9943101010008054,C,Z,CZ,TRIPLE WIRE HOOK PINK HEART
84924D,272.61,764,14,54.57142857142857,134.4834644028856,6.951276781763617,0.9943239392595589,C,Z,CZ,LA PALMIERA METAL SIGN CALENDAR
79303D,272.45,78,11,7.090909090909091,11.622861484630585,5.616672373123481,0.9943377693963747,C,Z,CZ,LILAC FLOWER BLOCK TABLE LAMP
22868,272.33,125,22,5.681818181818182,9.987546357894027,4.203579427107331,0.9943515934417374,C,Z,CZ,NUMBER TILE COTTAGE GARDEN 0
84499,272.17,326,25,13.04,21.188597562525622,3.701918981783761,0.9943654093651627,C,Z,CZ,BLACK FLOWER CANDLE PLATE
22874,272.02,126,17,7.411764705882353,11.175077312536878,4.266948923014549,0.9943792176742715,C,Z,CZ,NUMBER TILE COTTAGE GARDEN 6
90185C,271.96,64,23,2.782608695652174,2.1523036651907823,2.4717149916606482,0.9943930229376536,C,Z,CZ,BLACK DIAMANTE EXPANDABLE RING
90032,271.88,48,18,2.6666666666666665,2.0,2.801289385661935,0.994406824140067,C,Z,CZ,IVORY SHELL HEART NECKLACE
22877,271.64,128,19,6.7368421052631575,10.856857051156185,4.235729718714356,0.994420613159574,C,Z,CZ,NUMBER TILE COTTAGE GARDEN 9
23474,270.96,312,7,44.57142857142857,13.745995087747593,3.881800621924839,0.9944343676608464,C,Z,CZ,WOODLAND SMALL BLUE FELT HEART
47351B,269.90000000000003,98,13,7.538461538461538,13.513051620657864,5.543324497143665,0.9944480683542822,C,Z,CZ,BLUE  VOILE LAMPSHADE
47591A,269.54,163,33,4.9393939393939394,5.771370038492778,2.5147014009590776,0.9944617507733586,C,Z,CZ,CAROUSEL DES CHILD'S APRON
85195,269.44000000000005,146,15,9.733333333333333,23.965650021486606,6.720473113299324,0.9944754281162241,C,Z,CZ,HANGING HEART BASKET
90122C,269.1,54,24,2.25,1.7507762253652945,2.418209384134137,0.9944890881999724,C,Z,CZ,TURQUOISE CRYSTAL+GLASS BRACELET
72793,268.75,55,9,6.111111111111111,7.557189365836423,5.124789856606822,0.994502730516982,C,Z,CZ,BLACK BOX MIRROR LANTERN
20818,268.5,87,20,4.35,5.779045632373275,3.594284301587654,0.9945163601434642,C,Z,CZ,GOLD TEDDY BEAR
22875,268.34999999999997,123,23,5.3478260869565215,9.805419167954451,4.24996452065924,0.99452998215563,C,Z,CZ,NUMBER TILE COTTAGE GARDEN 7
90157,268.23,54,20,2.7,1.8381913307436342,2.5474913020766876,0.9945435980763427,C,Z,CZ,RIVIERA NECKLACE
21372,267.01,156,35,4.457142857142857,5.756545415963504,2.605057539925901,0.9945571520672815,C,Z,CZ,MIRRORED WALL ART TABLE LAMP
47481,266.25,327,36,9.083333333333334,23.909800740043217,4.620558305356997,0.9945706674790166,C,Z,CZ,50CM METAL STRING WITH  7 CLIPS
21032,265.90999999999997,214,33,6.484848484848484,7.111264005616425,2.4138035803876243,0.9945841656316344,C,Z,CZ,SPACE CADET WHITE
44234,265.85,1239,42,29.5,72.47480638798292,4.008237691634656,0.9945976607385257,C,Z,CZ,ASSORTED CIRCULAR MOBILE
23476,264.72,205,7,29.285714285714285,14.896468101693163,4.141503633922321,0.9946110984842329,C,Z,CZ,WOODLAND LARGE RED FELT HEART
21950,263.63,211,9,23.444444444444443,58.77948432725297,8.667321331545393,0.9946244808992403,C,Z,CZ,SET OF 6 DOTS CHOPSTICKS
90129E,263.14,129,43,3.0,3.415650255319866,2.116818513182303,0.994637838440814,C,Z,CZ,PURPLE GLASS TASSLE BAG CHARM
22873,262.5,120,27,4.444444444444445,9.324629641370102,4.379370832538493,0.9946511634946374,C,Z,CZ,NUMBER TILE COTTAGE GARDEN 5
84806A,261.90999999999997,319,16,19.9375,30.805775973562707,4.477515183177336,0.994664458598816,C,Z,CZ,PINK CANDYSTUFT ARTIFICIAL FLOWER
21268,261.66,397,25,15.88,21.605014849952465,3.2484123712539503,0.9946777410124672,C,Z,CZ,VINTAGE BLUE TINSEL REEL
84993B,261.07,572,47,12.170212765957446,15.130331110685054,2.135433512743727,0.9946909934764736,C,Z,CZ,75 BLACK PETIT FOUR CASES
79328,260.76,594,13,45.69230769230769,40.602513500571646,3.5820469459015767,0.994704230204226,C,Z,CZ,BLUE FLOCK GLASS CANDLEHOLDER
72799D,260.67,78,13,6.0,7.560864148142503,4.3274121281079445,0.9947174623633886,C,Z,CZ,BLUE PILLAR CANDLE SILVER FLOCK
84597B,259.37,205,21,9.761904761904763,8.745883385369153,2.7817669287140308,0.9947306285318084,C,Z,CZ,RETRO BROWN BALL ASHTRAY
85095,259.09,174,22,7.909090909090909,7.514488170696156,2.792961540314471,0.9947437804868373,C,Z,CZ,THREE CANVAS LUGGAGE TAGS
84613C,258.06,62,11,5.636363636363637,10.181087636129327,6.0413938065574335,0.9947568801568932,C,Z,CZ,BLUE NEW BAROQUE FLOCK CANDLESTICK
90035A,257.55,24,13,1.8461538461538463,1.214231845389905,3.1928740101113355,0.994769953938273,C,Z,CZ,"PEARL & SHELL 42""NECKL. GREEN"
85179C,257.15,116,16,7.25,8.54400374531753,3.736728397956577,0.994783007414809,C,Z,CZ,PINK BITTY LIGHT CHAIN
84371,257.1,30,5,6.0,9.027735042633894,7.580970327808381,0.9947960583532395,C,Z,CZ,BIG PINK POODLE
10123C,256.36,653,35,18.65714285714286,38.272200675396434,3.7573891984644834,0.9948090717277087,C,Z,CZ,HEARTS WRAPPING TAPE
90040B,255.97,71,31,2.2903225806451615,1.531742980770529,1.9511490823408495,0.994822065304955,C,Z,CZ,MURANO STYLE GLASS BRACELET BLACK
22882,255.07999999999998,126,34,3.7058823529411766,6.259680559981674,3.244896374575533,0.9948350137039236,C,Z,CZ,NUMBER TILE VINTAGE FONT 3
17038,254.51000000000002,2559,45,56.86666666666667,60.75045828484079,1.9723262515068702,0.9948479331684897,C,Z,CZ,PORCELAIN BUDAH INCENSE HOLDER
84461,253.79,99,18,5.5,4.949747468305833,3.0327094821936718,0.9948608160843367,C,Z,CZ,12 PINK HEN+CHICKS IN BASKET
90028,253.29000000000002,30,20,1.5,0.9459053029269173,2.48282992660481,0.9948736736191288,C,Z,CZ,NEW BAROQUE LARGE NECKLACE BLK/WHIT
21493,252.45,272,4,68.0,129.3599628942433,9.775961355039456,0.9948864885137486,C,Z,CZ,VINTAGE DESIGN GIFT TAGS
79338,252.29,553,8,69.125,79.3967208750732,5.196800576391649,0.994899295286431,C,Z,CZ,DARK PINK FLOCK GLASS CANDLEHOLDER
22876,252.22,118,19,6.2105263157894735,10.664473458734227,4.445688724288544,0.9949120985057655,C,Z,CZ,NUMBER TILE COTTAGE GARDEN 8
21370,251.97,54,18,3.0,5.434097143473411,4.7625367011608395,0.9949248890345727,C,Z,CZ,MIRRORED WALL ART FOXY
23149,251.45000000000002,99,14,7.071428571428571,7.363781279021989,3.7294346471644557,0.9949376531670827,C,Z,CZ,ANTIQUE IVORY WIRE BOWL SMALL
DCGSSBOY,251.35,77,17,4.529411764705882,5.374914500003971,3.6367114861455043,0.9949504122233819,C,Z,CZ,BOYS PARTY BAG
90081C,250.47,50,29,1.7241379310344827,1.250615611955566,2.0995237555217137,0.9949631266090242,C,Z,CZ,LILY BROOCH OLIVE COLOUR
90073,250.34,50,29,1.7241379310344827,1.3335385720528332,2.1581473536345936,0.9949758343955925,C,Z,CZ,VINTAGE ENAMEL & CRYSTAL EARRINGS
47503H,250.01999999999998,162,39,4.153846153846154,5.5323853308851065,2.505138751568275,0.9949885259382855,C,Z,CZ,ASS FLORAL PRINT SPIRIT LEVEL
20836,250.00000000000003,224,19,11.789473684210526,5.613267491383655,2.3768118759964056,0.9950012164657364,C,Z,CZ,FRENCH PAISLEY CUSHION COVER
21460,249.65,113,18,6.277777777777778,7.193179412843771,3.4557153862495684,0.9950138892264487,C,Z,CZ,GREEN EASTER EGG HUNT START POST
90170,249.58,150,44,3.409090909090909,3.215646210279184,1.84901174805474,0.9950265584338134,C,Z,CZ,DAISY HAIR BAND
90087,249.55999999999997,311,38,8.18421052631579,18.900672465025053,3.993655859588172,0.9950392266259358,C,Z,CZ,CRYSTAL SEA HORSE PHONE CHARM
46307,249.33,53,17,3.1176470588235294,2.689850203570277,3.066545676358084,0.995051883142773,C,Z,CZ,ROSES BLUE BASE CUSHION COVER
90081A,247.75,50,22,2.272727272727273,1.315903389919538,2.289104628451919,0.9950644594554768,C,Z,CZ,LILY BROOCH AMETHYST COLOUR
23465,247.63,29,8,3.625,2.326094212561969,4.084569728772338,0.9950770296767274,C,Z,CZ,TUSCAN VILLA BIRD FEEDER
84621,247.26,29,9,3.2222222222222223,2.5873624493766707,4.144678406862698,0.9950895811159975,C,Z,CZ,BLUE GINGHAM ROSE FLOOR CUSHION
90036C,246.83,31,13,2.3846153846153846,1.7577666482623882,3.3185067413998004,0.9951021107275602,C,Z,CZ,"FLOWER GLASS GARLAND NECKL.36""BLUE"
82011A,246.57999999999998,59,29,2.0344827586206895,2.9457324898024657,3.1376997047109856,0.9951146276485955,C,Z,CZ,"BATHROOM SCALES, TROPICAL BEACH"
90119,245.62,98,34,2.8823529411764706,2.899996926668726,2.250364401978258,0.9951270958380054,C,Z,CZ,METALIC LEAVES BAG CHARMS
90096,243.60999999999999,104,34,3.0588235294117645,3.600851553078574,2.484567753770648,0.9951394619955746,C,Z,CZ,NECKLACE+BRACELET SET BLUE BLOSSOM
90129C,243.38,107,35,3.057142857142857,3.124315050985596,2.232979997244329,0.9951518164778586,C,Z,CZ,GREEN GLASS TASSLE BAG CHARM
35818P,243.29,562,19,29.57894736842105,38.87632211324306,3.6649051132657613,0.9951641663915526,C,Z,CZ,"ACRYLIC JEWEL ICICLE, PINK"
90196A,242.25,19,10,1.9,1.286683937707919,3.700340629674959,0.9951764635126524,C,Z,CZ,PURPLE GEMSTONE NECKLACE 45CM
23475,242.18,286,7,40.857142857142854,31.79323078596329,4.644172773504334,0.9951887570804047,C,Z,CZ,WOODLAND SMALL PINK FELT HEART
90196B,241.98,19,13,1.4615384615384615,0.9674179220468453,3.199290087458765,0.9952010404957349,C,Z,CZ,BLACK GEMSTONE NECKLACE 45CM
23143,239.97000000000003,30,8,3.75,5.007137762377681,5.681549084536717,0.9952132218792243,C,Z,CZ,ZINC WIRE KITCHEN ORGANISER
20855,239.25,145,26,5.576923076923077,5.811527007065024,2.6789086815600736,0.9952253667139949,C,Z,CZ,PINK PATCH PURSE BLUE HEART
90210D,238.68,143,16,8.9375,20.57334440483608,6.147322511655082,0.9952374826143627,C,Z,CZ,PURPLE ACRYLIC FACETED BANGLE
84629,237.8,24,10,2.4,2.319003617456812,4.258977446393546,0.995249553844074,C,Z,CZ,WHITE 3 FRAME BIRDS AND TREE
82553,237.73,114,9,12.666666666666666,16.718253497300488,5.333766141256595,0.9952616215204376,C,Z,CZ,POP'S GREASY SPOON METAL SIGN
37508,237.22,92,27,3.4074074074074074,3.8556577734670476,2.7570154543456855,0.9952736633081252,C,Z,CZ,NEW ENGLAND CERAMIC CAKE SERVER
82585,237.15,165,12,13.75,17.30015764510412,4.499235727364689,0.995285701542465,C,Z,CZ,SWEET VALENCIA CANDLE+CUP
23580,236.87,117,3,39.0,35.510561809129406,7.268229529522795,0.9952977255634141,C,Z,CZ,SNACK TRAY HAPPY FOREST
90133,236.46,47,22,2.1363636363636362,1.3556040489989463,2.3545992480318283,0.9953097287718984,C,Z,CZ,TEAL/FUSCHIA COL BEAD NECKLACE
84247K,236.43000000000004,76,24,3.1666666666666665,5.214250262223845,3.8200520656050645,0.9953217304575191,C,Z,CZ,"FOLK ART GREETING CARD,pack/12"
44217M,236.40000000000003,72,1,72.0,0.0,10.148891565092221,0.9953337306202766,C,Z,CZ,MULTICOLOUR FEATHERS CURTAIN
20891,236.33,684,3,228.0,392.30982654019766,10.10400076043724,0.9953457272296864,C,Z,CZ,LARGE GLASS ROSE SCENTED CANDLE
37483,235.44,144,5,28.8,52.16991470186625,8.625659752902354,0.9953576786608186,C,Z,CZ,ENGLISH ROSE MUG IN GIFT BOX
90210B,234.99,103,20,5.15,5.584518072785078,3.1636634052874437,0.9953696072490011,C,Z,CZ,CLEAR ACRYLIC FACETED BANGLE
20736,234.35,291,8,36.375,40.826943134580695,5.131253941089592,0.9953815033494338,C,Z,CZ,PINK MINI TAPE MEASURE
22880,234.17,113,25,4.52,7.012607693766038,3.5738957500863013,0.9953933903126865,C,Z,CZ,NUMBER TILE VINTAGE FONT 1
23036,233.67000000000002,185,13,14.23076923076923,10.264451975579329,3.292699497082325,0.9954052518948844,C,Z,CZ,T-LIGHT HOLDER SILVER PETIT FOUR
90185A,233.29,55,23,2.391304347826087,2.1049536905893422,2.621651741028863,0.9954170941874804,C,Z,CZ,AMBER DIAMANTE EXPANDABLE RING
35991,232.5,403,22,18.318181818181817,16.95480368407042,2.7555348055061906,0.9954288963780097,C,Z,CZ,SET/6 BLACK SNOWFLAKE T-LIGHTS
16256B,232.35,524,22,23.818181818181817,22.37906411855757,2.7768428134703607,0.9954406909542226,C,Z,CZ,FLOWER PENCIL/RUBBER+5 MINI PENCILS
23447,231.9,158,3,52.666666666666664,79.32422916948727,9.278705507844178,0.9954524626874859,C,Z,CZ,PINK BUNNY EASTER EGG BASKET
90181B,231.27,25,21,1.1904761904761905,0.40237390808147816,2.1192451486319364,0.9954642024406202,C,Z,CZ,AMETHYST GLASS/SHELL/PEARL NECKLACE
16202C,230.59,97,9,10.777777777777779,11.723670263379315,4.76541861558703,0.9954759076755197,C,Z,CZ,BEIGE PHOTO ALBUM
21226,230.55,213,23,9.26086956521739,10.432542579066313,3.0017554577995034,0.995487610879935,C,Z,CZ,POCKET MIRROR WOODLAND
90164A,230.39,40,20,2.0,1.7770466332772772,2.8460498941515415,0.9954993059624125,C,Z,CZ,PINK ROSEBUD PEARL BRACELET
23446,230.25,157,2,78.5,92.63098833543772,9.33826389338493,0.9955109939381949,C,Z,CZ,BLUE BUNNY EASTER EGG BASKET
72781,229.5,121,12,10.083333333333334,12.759725939870576,4.515324633587708,0.9955226438423947,C,Z,CZ,BLACK SILOUETTE CANDLE PLATE
90122B,228.99,46,23,2.0,1.7056057308448835,2.5821109167480425,0.9955342678579185,C,Z,CZ,JADE CRYSTAL+GLASS BRACELET
21639,228.65,259,3,86.33333333333333,74.71501410916908,7.13974574830832,0.995545874614325,C,Z,CZ,ASSORTED TUTTI FRUTTI KEYRING
90199B,228.61,36,22,1.6363636363636365,0.8477114595277798,2.2222222222222223,0.9955574793402472,C,Z,CZ,5 STRAND GLASS NECKLACE AMETHYST
17084P,228.0,1015,46,22.065217391304348,32.573610432654796,2.465938606631775,0.9955690531012823,C,Z,CZ,DRAGONS BLOOD INCENSE
90090,227.72,263,13,20.23076923076923,30.892700988404595,4.921308213320699,0.9955806126489267,C,Z,CZ,PINK CRYSTAL HEART PHONE CHARM
35809B,227.54000000000002,104,22,4.7272727272727275,5.20239704991219,3.0318818730794397,0.9955921630593914,C,Z,CZ,ENAMEL BLUE RIM TEA CONTAINER
71028B,227.48000000000002,494,6,82.33333333333333,45.63624290699955,4.557537549935377,0.9956037104241294,C,Z,CZ,SILVER BLUE EGG T-LIGHT HOLDER
84705C,227.33,162,8,20.25,41.140004861448425,7.677851128905041,0.995615250174551,C,Z,CZ,PINK FLOCK PHOTO FRAME
72750D,226.5,110,7,15.714285714285714,10.980502200328933,4.480517974778592,0.9956267477924214,C,Z,CZ,F.FAIRY S/3 CANDLE/GLASS
23003,226.2,542,16,33.875,47.226934405414596,4.1646361977559065,0.995638230181659,C,Z,CZ,TRAVEL CARD WALLET VINTAGE ROSE
90003D,226.17000000000002,60,24,2.5,1.7693034738587656,2.3266571155486866,0.9956497110480333,C,Z,CZ,CRYSTAL PAIR HEART HAIR SLIDES
90155,226.16,30,18,1.6666666666666667,1.1881770515720091,2.74792851273666,0.9956611914067864,C,Z,CZ,RESIN NECKLACE W PASTEL BEADS
84966A,225.95,13,4,3.25,3.304037933599835,6.719661163618754,0.9956726611054966,C,Z,CZ,PINK KASHMIRI BOXED MIRROR
90116,225.51999999999998,106,44,2.409090909090909,2.5455678017691463,1.9856193565895461,0.9956841089764994,C,Z,CZ,FRUIT SALAD BAG CHARM
21369,225.35999999999999,133,19,7.0,6.831300510639733,3.0679548002071297,0.9956955487255646,C,Z,CZ,MIRRORED WALL ART SPLODGES
90186A,224.38000000000002,76,22,3.4545454545454546,4.273141731763675,3.2606102108912713,0.9957069387277623,C,Z,CZ,AMETHYST HOOP EARRING FLORAL LEAF
84927E,224.31,494,24,20.583333333333332,53.130615645224545,5.567993983454626,0.9957183251766123,C,Z,CZ,FLOWERS TILE HOOK
35597B,224.1,78,7,11.142857142857142,21.919767117289148,7.945863838296762,0.9957297009654192,C,Z,CZ,BLACKCHRISTMAS TREE 30CM
90125D,223.74,136,22,6.181818181818182,10.490977364412052,4.089398903384636,0.9957410584798666,C,Z,CZ,PURPLE BERTIE GLASS BEAD BAG CHARM
84690,222.60000000000002,28,12,2.3333333333333335,1.6696942198734437,3.4255939452233712,0.995752358125509,C,Z,CZ,S/2 BEACH HUT STOOLS
16258B,221.48,1017,4,254.25,214.09402140181308,6.231115691443787,0.9957636009175882,C,Z,CZ,DAISY ERASERS IN BAG
17011C,221.4,335,1,335.0,0.0,10.148891565092221,0.9957748396486986,C,Z,CZ,ORIGAMI LAVENDER INCENSE+FLOWER
21102,221.07999999999998,82,11,7.454545454545454,8.226343493480398,4.349882218211673,0.9957860621359339,C,Z,CZ,"CANDLE IN JAR COLLAGE , VANILLA"
17013B,221.03,256,2,128.0,4.242640687119285,7.143428060331048,0.9957972820850638,C,Z,CZ,ORIGAMI JASMINE INCENSE IN TUBE
90024B,220.74,26,19,1.368421052631579,0.6839855680567694,2.401922307076307,0.9958084873131817,C,Z,CZ,NEW BAROQUE B'FLY NECKLACE RED
35833G,220.66,134,16,8.375,8.663140308225417,3.467026359209157,0.995819688480331,C,Z,CZ,4 GOLD FLOCK CHRISTMAS BALLS
62086A,220.35,113,19,5.947368421052632,6.501911549780541,3.2667096062638254,0.9958308739112263,C,Z,CZ,PINK RETRO BIG FLOWER BAG
90124C,220.20999999999998,22,16,1.375,0.6191391873668904,2.5952913497491266,0.9958420522354261,C,Z,CZ,GREEN MURANO TWIST NECKLACE
90123A,220.02,37,16,2.3125,1.352466881911223,2.753973157446477,0.9958532209148251,C,Z,CZ,PINK HEART OF GLASS BRACELET
72225D,219.46,962,8,120.25,224.2560717445254,7.180614053327181,0.9958643611674426,C,Z,CZ,VANILLA SCENT CAKE CANDLE
85168A,218.89999999999998,22,13,1.6923076923076923,0.9473309334313419,3.0518927875626396,0.9958754729932785,C,Z,CZ,WHITE BAROQUE CARRIAGE CLOCK
90058A,218.88,576,11,52.36363636363637,24.75185943428383,3.2210246816812815,0.9958865838038722,C,Z,CZ,CRYSTAL STUD EARRINGS CLEAR DISPLAY
22881,218.82,112,30,3.7333333333333334,6.3350874763757865,3.48081476504732,0.9958976915687394,C,Z,CZ,NUMBER TILE VINTAGE FONT 2
22884,217.26,110,33,3.3333333333333335,6.137317546507322,3.5371464429222725,0.9959087201447154,C,Z,CZ,NUMBER TILE VINTAGE FONT 5
90005A,216.87,106,34,3.1176470588235294,2.637316196466135,2.045321311345221,0.9959197289234686,C,Z,CZ,JADE GREEN ENAMEL HAIR COMB
35817P,216.70000000000002,420,10,42.0,72.00617257491811,6.075496303084892,0.9959307290726629,C,Z,CZ,"ACRYLIC JEWEL SNOWFLAKE,PINK"
84725,216.5,134,22,6.090909090909091,11.087999050492517,4.322152009716818,0.9959417190694354,C,Z,CZ,FREESTYLE CANVAS ART PICTURE
35793,216.33,108,4,27.0,36.32262839241309,7.764715663039205,0.9959527004366491,C,Z,CZ,S/3 PUPPIES CHRISTMAS DECORATIONS
37492A,216.07,108,4,27.0,28.35489375751565,6.8195434480254,0.9959636686057143,C,Z,CZ,YELLOW RED FLOWER PIGGY BANK
84807,215.93,233,7,33.285714285714285,60.9718904789037,7.522437227104723,0.9959746296680841,C,Z,CZ,RED POPPY ARTIFICIAL FLOWER
90036A,215.76000000000002,27,15,1.8,1.01418510567422,2.826243853772645,0.9959855821008954,C,Z,CZ,FLOWER GARLAND NECKLACE RED
84247C,215.35000000000002,73,14,5.214285714285714,6.588785010310164,4.176420060131814,0.9959965137212416,C,Z,CZ,PACK/12 BLUE REINDEER CARD
21368,215.33999999999997,203,35,5.8,9.806360480950767,3.197340343192755,0.9960074448339667,C,Z,CZ,MIRRORED WALL ART LADIES
21543,215.0,284,4,71.0,115.5825823095043,8.756577146621684,0.9960183586875745,C,Z,CZ,BUTTERFLY WATER TRANSFER TATTOOS
48179,214.47000000000003,34,3,11.333333333333334,11.846237095944574,7.675738076387249,0.9960292456372639,C,Z,CZ,DOOR MAT SWEET HOME
51012C,213.75,171,8,21.375,21.980104640333266,4.901851222983375,0.9960400960382344,C,Z,CZ,"FEATHER DUSTER, COAL BLACK"
90214A,213.65,213,59,3.610169491525424,4.410086202740816,1.8298961485502532,0.9960509413629939,C,Z,CZ,"LETTER ""A"" BLING KEY RING"
90019C,213.38,40,28,1.4285714285714286,0.7417981870189158,1.9183326093250876,0.9960617729819837,C,Z,CZ,SILVER BLACK ORBIT BRACELET
16201A,213.37,101,7,14.428571428571429,12.12239171749457,4.779779239614838,0.9960726040933525,C,Z,CZ,PASTEL PINK PHOTO ALBUM
21400,213.07,1078,54,19.962962962962962,18.295233901430077,1.5854178613297578,0.9960834199760884,C,Z,CZ,RED PUDDING SPOON
22883,213.04999999999998,109,27,4.037037037037037,6.745263189718806,3.634127810403057,0.9960942348435821,C,Z,CZ,NUMBER TILE VINTAGE FONT 4
84805A,212.85,147,8,18.375,31.676658824530627,6.767907517763792,0.9961050395586537,C,Z,CZ,CREAM CLIMBING HYDRANGA ART FLOWER
47574B,212.5,50,20,2.5,2.23606797749979,2.855170747958868,0.996115826506987,C,Z,CZ,ENGLISH ROSE SCENTED HANGING HEART
84313A,212.42,38,18,2.111111111111111,1.4095843729891318,2.685242319752442,0.9961266093943515,C,Z,CZ,PINK TV TRAY TABLE
84927D,211.68,954,20,47.7,131.49788871629121,6.460874113645411,0.9961373547177547,C,Z,CZ,LA PALMIERA TILE HOOK
47343A,210.73000000000002,203,20,10.15,13.596729482915327,3.6145116690290724,0.9961480518171536,C,Z,CZ,FUSCHIA FLOWER PURSE WITH BEADS
90210A,210.29000000000002,89,16,5.5625,7.822776574422495,4.18953493894861,0.9961587265812242,C,Z,CZ,GREY ACRYLIC FACETED BANGLE
22885,210.26,112,27,4.148148148148148,6.729405641280683,3.5515518309836427,0.9961693998224315,C,Z,CZ,NUMBER TILE VINTAGE FONT 6
20827,209.36,173,7,24.714285714285715,31.97245838589981,5.930441466577857,0.9961800273777399,C,Z,CZ,GOLD APERITIF GLASS
20814,208.89000000000001,189,6,31.5,27.54450943473127,5.232392277855085,0.9961906310748568,C,Z,CZ,SILVER FINCH DECORATION
84706F,208.3,34,17,2.0,1.1726039399558572,2.663998088052765,0.9962012048223289,C,Z,CZ,RED PEONY TABLE CLOCK
90211B,208.21,35,20,1.75,1.019545822516343,2.424197742321684,0.9962117740012111,C,Z,CZ,JET BLACK LAS VEGAS NECKLACE 45CM
90056,207.94,19,13,1.4615384615384615,1.3913653136029502,3.700340629674959,0.9962223294743238,C,Z,CZ,CHUNKY CRACKED GLAZE NECKLACE IVORY
90016A,207.86,29,16,1.8125,2.0402205763103165,3.6360920339602587,0.9962328808864674,C,Z,CZ,SILVER/M.O.P PENDANT ORBIT NECKLACE
37485,207.69,49,8,6.125,10.246079389558862,6.62052265936877,0.9962434236690526,C,Z,CZ,ENGLISH ROSE TEA SET IN GIFT BOX
90040A,207.05,53,25,2.12,1.6155494421403511,2.3407635684331014,0.9962539339638874,C,Z,CZ,MURANO STYLE GLASS BRACELET RED
17014D,204.35999999999999,479,7,68.42857142857143,90.45414518391284,6.009094575742346,0.9962643077086468,C,Z,CZ,ORIGAMI ROSE INCENSE CONES
35824B,203.24,528,5,105.6,146.16873810770895,7.1889628506959795,0.9962746245998432,C,Z,CZ,"HANGING FLOWERS+MIRROR,BLUE"
20890,202.62,605,4,151.25,253.2974207001195,8.926907620597932,0.9962849100185316,C,Z,CZ,SMALL GLASS ROSE SCENTED CANDLE
37506,202.3,34,23,1.4782608695652173,0.8979555170897592,2.2622217085916954,0.9962951791933449,C,Z,CZ,NEW ENGLAND MILK JUG W GIFT BOX
48103,201.73,35,10,3.5,5.816642788871716,5.937291349717358,0.9963054194337556,C,Z,CZ,DOOR MAT KISS MY.......
84723,201.3,54,12,4.5,6.487750695804293,4.91728565539315,0.996315637846459,C,Z,CZ,CHERRY BLOSSOM CANVAS ART PICTURE
72754A,201.24,292,4,73.0,75.33480824514875,6.765154169724358,0.9963258532134358,C,Z,CZ,FLOWER FAIRY POTPOURRI CUSHION LILY
20672,201.0,138,11,12.545454545454545,9.882951344245669,3.7132855819428277,0.9963360563975063,C,Z,CZ,PINK TEATIME PRINT BOWL
90144,199.45,53,28,1.8928571428571428,1.3148520748875057,2.107725368726932,0.9963461809003066,C,Z,CZ,SILVER DROP EARRINGS WITH FLOWER
79403,199.01999999999998,216,27,8.0,8.23687767580373,2.604601815495787,0.9963562835753996,C,Z,CZ,FROSTED WHITE BASE
90000A,198.98000000000002,33,19,1.736842105263158,1.0457376590053493,2.5206220171884866,0.9963663842200083,C,Z,CZ,RASPBERRY ANT COPPER FLOWER NECKLAC
47504F,198.11,528,4,132.0,233.5622686422902,9.276362799892262,0.9963764407015815,C,Z,CZ,ENGLISH ROSE TORCH
84985B,197.94,129,12,10.75,10.05552765217402,3.8233246565785626,0.996386488553596,C,Z,CZ,SET OF 72 BLACK PAPER DOILIES
22330,197.9,128,9,14.222222222222221,15.089547522853177,4.702995222461957,0.9963965343751261,C,Z,CZ,72 ROUND PINK DOILIES
37471,197.85,1405,10,140.5,286.4981093596722,6.951219489261413,0.9964065776585508,C,Z,CZ,MULTICOLOUR DOTS PLATE
84855,196.70000000000002,36,7,5.142857142857143,4.879500364742666,5.031996388544112,0.9964165625655491,C,Z,CZ,BLOKEY SILVER TOOL SET
90029,195.14,23,11,2.090909090909091,1.7580981459830651,3.811979922071468,0.9964264682836561,C,Z,CZ,NEW BAROQUE SMALL NECKLACE BLACK
23697,194.57999999999998,456,5,91.2,72.70281975274412,5.511320507792319,0.9964363455749816,C,Z,CZ,A PRETTY THANK YOU CARD
90065A,193.96,28,10,2.8,1.7511900715418263,3.614031611621005,0.9964461913937991,C,Z,CZ,WHITE VINTAGE CRYSTAL BRACELET
35819B,193.06,387,22,17.59090909090909,17.08705745491401,2.825752414868225,0.9964559915267177,C,Z,CZ,"ACRYLIC HANGING JEWEL,BLUE"
21582,193.05,117,3,39.0,58.19793810780585,9.226649127990841,0.9964657911520153,C,Z,CZ,KINGS CHOICE SMALL TUBE MATCHES
84893,192.3,34,10,3.4,2.716206504995115,3.920931320763643,0.9964755527057305,C,Z,CZ,ANT WHITE IRON BASKET
84255B,192.26000000000002,66,9,7.333333333333333,6.837397165588672,4.4141645285204865,0.9964853122289614,C,Z,CZ,ORANGE COCKTAIL GLASS LAMP
90036F,192.17000000000002,24,13,1.8461538461538463,1.7722938923964169,3.715582801601325,0.9964950671836025,C,Z,CZ,"FLOWER GLASS GARLD NECKL36""TURQUOIS"
84899F,192.17,121,28,4.321428571428571,4.154904031771072,2.454628932548252,0.9965048221382435,C,Z,CZ,YELLOW PURPLE DAISY FELT PURSE KIT
84926C,192.1,140,14,10.0,7.716116998754073,3.2458450677876836,0.9965145735395369,C,Z,CZ,FAIRY CAKES TILE COASTER
72051S,191.73,302,39,7.743589743589744,12.499932523434612,2.9046738113669104,0.9965243061588495,C,Z,CZ,BAG OF SILVER STONES
90003C,191.54,51,29,1.7586206896551724,1.327058304613013,2.134915071057986,0.9965340291333612,C,Z,CZ,MIDNIGHT BLUE PAIR HEART HAIR SLIDE
90178B,191.40999999999997,16,11,1.4545454545454546,0.6875516509523286,3.221024681681281,0.9965437455087987,C,Z,CZ,PURPLE CHUNKY GLASS+BEAD NECKLACE
47518F,190.89000000000001,912,34,26.823529411764707,52.05909846146321,3.638905335485918,0.9965534354879391,C,Z,CZ,ICON PLACEMAT POP ART ELVIS
90094,190.17,75,23,3.260869565217391,3.7684985110343328,3.0493132195809456,0.9965630889183605,C,Z,CZ,NECKLACE+BRACELET SET FRUIT SALAD
84744,190.02,150,25,6.0,6.4031242374328485,2.776376535462484,0.9965727347344653,C,Z,CZ,S/6 SEW ON CROCHET FLOWERS
84661C,189.87,152,21,7.238095238095238,12.696081135156476,4.296974391320897,0.9965823729362537,C,Z,CZ,PINK SQUARE TABLE CLOCK
84803A,189.28,112,14,8.0,6.2634470725607025,3.2644888964586847,0.9965919811883974,C,Z,CZ,PINK ALLIUM  ARTIFICIAL FLOWER
85128,188.95000000000002,167,4,41.75,81.5,9.965351066550244,0.9966015726890447,C,Z,CZ,PLANTPOT SINGLE HOOK PISTACHIO
84706B,188.73,20,7,2.857142857142857,1.3451854182690985,4.084115571332427,0.996611153022028,C,Z,CZ,FAIRY CAKES TABLE CLOCK
90159,188.58,38,20,1.9,1.3337718577107005,2.575723011208875,0.9966207257406946,C,Z,CZ,COTE D'AZURE NECKLACE
90130B,188.09,64,36,1.7777777777777777,1.3117297437486581,1.8487749322186302,0.9966302735859275,C,Z,CZ,TURQ STONE/CRYSTAL EARRINGS
20837,188.07000000000002,165,14,11.785714285714286,4.475206422889622,2.724544089543748,0.9966398204159183,C,Z,CZ,FRENCH FLORAL CUSHION COVER
90210C,186.56,118,10,11.8,22.17004986713181,6.514628975799757,0.9966492905951232,C,Z,CZ,RED   ACRYLIC FACETED BANGLE
84452,186.16,198,23,8.608695652173912,7.732688174442447,2.6479100070370216,0.9966587404694842,C,Z,CZ,METAL RABBIT LADDER EASTER
16053,185.73,4313,10,431.3,826.9577511712567,6.618905739406403,0.996668168516138,C,Z,CZ,POPART COL BALLPOINT PEN ASST
84877A,185.66,74,16,4.625,6.427804187019598,4.1557514687803785,0.9966775930094441,C,Z,CZ,PINK ROUND COMPACT MIRROR
35838A,185.25,181,7,25.857142857142858,30.05233530264923,5.573090601095635,0.9966869966902852,C,Z,CZ,S/6 MULTICOLOUR ORNAMENETAL CANDLE
20968,185.11,43,4,10.75,7.365459931328117,5.844154119421578,0.9966963932644309,C,Z,CZ,GREEN FLORAL FELTCRAFT SHOULDER BAG
35911B,184.76,159,14,11.357142857142858,13.97033749307187,4.106831555424107,0.9967057720718383,C,Z,CZ,PINK/FLOWER RABBIT EGG WARMER
23416,184.68,132,12,11.0,12.030264865216921,4.143544660164837,0.9967151468182768,C,Z,CZ,CHAMBRE HOOK
20957,184.61,126,13,9.692307692307692,10.160254388093303,3.887787339940893,0.9967245180113675,C,Z,CZ,PORCELAIN HANGING BELL SMALL
84029D,183.98000000000002,51,7,7.285714285714286,9.621404708847278,6.005476163022935,0.9967338572243292,C,Z,CZ,LEOPARD PRINT HOT WATER BOTTLE
90125A,183.97,149,14,10.642857142857142,14.090952595724145,4.303510403462741,0.9967431959296696,C,Z,CZ,PINK BERTIE GLASS BEAD BAG CHARM
21018,183.56,214,18,11.88888888888889,11.276674983913052,3.112402111498402,0.9967525138225451,C,Z,CZ,BIRD BOX CHRISTMAS TREE DECORATION
90129F,183.26000000000002,81,31,2.6129032258064515,2.124106390223721,2.1214101535242285,0.9967618164867877,C,Z,CZ,RED GLASS TASSLE BAG CHARM
90086,182.79,216,34,6.352941176470588,10.769998601449437,3.254415592772397,0.9967710952928387,C,Z,CZ,CRYSTAL FROG PHONE CHARM
17090A,182.65,173,24,7.208333333333333,10.303984736463626,3.437858538219908,0.9967803669921943,C,Z,CZ,LAVENDER INCENSE 40 CONES IN TIN
90214S,182.59,185,49,3.7755102040816326,4.70489685559298,2.08594727663615,0.9967896356458232,C,Z,CZ,"LETTER ""S"" BLING KEY RING"
20796,182.16,99,19,5.2105263157894735,4.540912137548543,2.9003621853210335,0.9967988824717451,C,Z,CZ,SMALL BLUE PROVENCAL CERAMIC BALL
79144B,181.87,352,56,6.285714285714286,7.060039365623667,1.7771288595572001,0.9968081145766551,C,Z,CZ,PAINTED LIGHTBULB STAR+ MOON
84464,181.65,83,6,13.833333333333334,18.00462903440853,6.387667298113997,0.9968173355139008,C,Z,CZ,S/60 PINK FLUFFY CHICKS IN BOX
37379B,181.5,1122,3,374.0,637.3946971853469,10.0395839279308,0.9968265488368301,C,Z,CZ,BLUE CHERRY BLOSSOM CUP & SAUCER
79144C,180.98,308,60,5.133333333333334,5.72673381832862,1.6895599780854136,0.9968357357634624,C,Z,CZ,PAINTED LIGHTBULB RAINBOW DESIGN
16043,180.3,2145,11,195.0,379.1464097152972,6.399043467051293,0.99684488817186,C,Z,CZ,POP ART PUSH DOWN RUBBER
35818B,180.05,408,10,40.8,47.64871456818116,4.708087718532646,0.9968540278897301,C,Z,CZ,"ACRYLIC JEWEL ICICLE, BLUE"
90180B,179.88,18,13,1.3846153846153846,0.5063696835418333,2.8262438537726453,0.9968631589780416,C,Z,CZ,PURPLE AMETHYST NECKLACE W TASSEL
47347B,179.88,240,8,30.0,51.558565867232126,6.752612663094025,0.9968722900663529,C,Z,CZ,BLUE FLOWER T-LIGHT HOLDER
84962,179.85000000000002,3,2,1.5,0.7071067811865476,7.5351030369715435,0.9968814196318011,C,Z,CZ,SET/3 COLOUR PAINTED KASHMIRI STOOL
21310,179.7,6,4,1.5,0.5773502691896257,5.280993172584953,0.9968905415829328,C,Z,CZ,CAPIZ CHANDELIER
17011A,179.56,261,10,26.1,60.744364164733646,7.752410361569799,0.996899656427369,C,Z,CZ,ORIGAMI VANILLA INCENSE+FLOWER
90063A,178.48,21,13,1.6153846153846154,0.6504436355879909,2.8630890505823645,0.9969087164487268,C,Z,CZ,WHITE VINT ART DECO CRYSTAL NECKLAC
90013D,178.11,46,16,2.875,2.84897642437888,3.388795058286934,0.9969177576881039,C,Z,CZ,PURPLE VINTAGE EARRINGS
21031,177.95,145,30,4.833333333333333,5.113088906025353,2.493377673667469,0.9969267908055434,C,Z,CZ,SPACE CADET BLACK
90000B,177.29000000000002,29,19,1.5263157894736843,0.8411910241920598,2.4594209656595605,0.9969357904199904,C,Z,CZ,MIDNIGHT BLUE COPPER FLOWER NECKLAC
90072,176.31,44,27,1.6296296296296295,1.4973861366278378,2.446113463104311,0.9969447402875697,C,Z,CZ,RUBY DROP CHANDELIER EARRINGS
82607C,175.61,115,12,9.583333333333334,9.228989241744863,3.877432159461817,0.9969536546216723,C,Z,CZ,GLASS BONBON JAR. SUPERFINES
84564,175.48000000000002,21,8,2.625,3.020761493398643,5.202258361855172,0.9969625623567006,C,Z,CZ,6 SEGMENT COLOURED SNACK BOWL
84967A,174.9,3,3,1.0,0.0,5.802298395176403,0.9969714406497051,C,Z,CZ,PINK KASHMIRI OCCASIONAL TABLE
22886,174.16,98,25,3.92,6.981642595645621,3.978440440448043,0.9969802813787485,C,Z,CZ,NUMBER TILE VINTAGE FONT 7
82587,173.03,133,19,7.0,6.446359868604572,2.978497193404929,0.9969890647466079,C,Z,CZ,TEXRIO TOMATOES CANDLE+CUP
21461,172.99,83,14,5.928571428571429,6.402695174261031,3.804463690015409,0.9969978460839827,C,Z,CZ,BLUE EASTER EGG HUNT START POST
75011,172.51,181,15,12.066666666666666,18.238368765821555,4.551570872957646,0.997006603055545,C,Z,CZ,BLUE DAISY MOBILE
90123D,172.39,29,14,2.0714285714285716,2.9733246275271292,4.543226131956012,0.997015353935654,C,Z,CZ,WHITE HEART OF GLASS BRACELET
90060F,172.09,29,16,1.8125,1.796988221070652,3.389674465865743,0.9970240895871301,C,Z,CZ,FIRE POLISHED GLASS NECKL GREEN
85185C,171.10000000000002,58,18,3.2222222222222223,2.7128356242468885,2.94035030713287,0.9970327749841176,C,Z,CZ,COW  SOCK PUPPET
84706C,170.8,84,4,21.0,14.30617582258329,5.83522806934872,0.997041445152472,C,Z,CZ,PINK FLOCK TABLE CLOCK
90063B,170.17000000000002,20,11,1.8181818181818181,0.9816498172140428,3.3105890714493693,0.9970500833406973,C,Z,CZ,BLACK VINT ART DEC CRYSTAL NECKLACE
17014A,170.13,276,14,19.714285714285715,31.764587373189833,4.93320219856708,0.9970587194984382,C,Z,CZ,ORIGAMI VANILLA INCENSE CONES
84531A,169.35999999999999,191,23,8.304347826086957,11.12505273780634,3.359180419321574,0.9970673165693544,C,Z,CZ,PINK KNITTED EGG COSY
37491C,169.17000000000002,59,7,8.428571428571429,14.558584441915395,7.200797140589735,0.99707590399547,C,Z,CZ,GREEN/BLUE CERAMIC CANDLE HOLDER
90166,168.94,40,24,1.6666666666666667,1.0494995356656043,2.2315913604421396,0.9970844797463002,C,Z,CZ,PINK & WHITE ROSEBUD RING
90019B,168.62,32,24,1.3333333333333333,0.5646597025732799,2.0194368026754392,0.9970930392532553,C,Z,CZ,GOLD M.O.P ORBIT BRACELET
90204,168.46,50,26,1.9230769230769231,1.4675987714106855,2.289104628451919,0.9971015906382729,C,Z,CZ,PAIR OF ENAMEL BUTTERFLY HAIRCLIP
90065B,168.37,24,12,2.0,1.5374122295716148,3.515837184954831,0.9971101374547006,C,Z,CZ,BLACK VINT ART DEC CRYSTAL BRACELET
85205A,168.3,66,8,8.25,5.203021100421233,4.065013438059827,0.9971186807177805,C,Z,CZ,IVORY FELT EASTER RABBIT GARLAND
90186B,168.26000000000002,57,24,2.375,1.9959197509353706,2.503245046904262,0.9971272219503762,C,Z,CZ,CRYSTAL HOOP EARRING FLORAL LEAF
21087,168.08,260,22,11.818181818181818,12.030264865216923,2.898806120297962,0.9971357540457918,C,Z,CZ,SET/6 POSIES PAPER CUPS
35916C,167.55,157,30,5.233333333333333,6.430977473476936,2.743552479194366,0.9971442592372894,C,Z,CZ,PINK FELT HANGING HEART W FLOWER
90123B,166.59,28,12,2.3333333333333335,1.3706888336846839,3.2261685116103473,0.9971527156971616,C,Z,CZ,TURQUOISE HEART OF GLASS BRACELET
90211A,166.57,28,18,1.5555555555555556,0.7047921864945659,2.428571428571429,0.9971611711417915,C,Z,CZ,DIAMOND LAS VEGAS NECKLACE 45CM
84231,166.21,230,23,10.0,8.33939173713854,2.5553235879123797,0.997169608312062,C,Z,CZ,EASTER BUNNY WITH BASKET ON BACK
90214L,166.06,176,47,3.74468085106383,5.704567525833949,2.4977262387292094,0.997178037868016,C,Z,CZ,"LETTER ""L"" BLING KEY RING"
84531B,165.96,195,25,7.8,10.862780491200215,3.302369002040963,0.997186462347759,C,Z,CZ,BLUE KNITTED EGG COSY
90003B,165.81,44,21,2.0952380952380953,1.7001400502535637,2.6566616720368104,0.9971948792131854,C,Z,CZ,ROSE COLOUR PAIR HEART HAIR SLIDES
10123G,165.56,2251,11,204.63636363636363,444.9218521779466,7.00605638809159,0.9972032833880844,C,Z,CZ,ARMY CAMO WRAPPING TAPE
90093,165.34,209,20,10.45,14.918991781935995,3.7773930244206557,0.9972116763953193,C,Z,CZ,CLEAR CRYSTAL STAR PHONE CHARM
23694,165.07999999999998,376,4,94.0,57.3468976202433,5.679585881906374,0.9972200562044056,C,Z,CZ,PAISLEY PARK CARD
37479P,164.76,182,27,6.7407407407407405,7.314856287523529,2.686964871333494,0.9972284197696168,C,Z,CZ,CUBIC MUG FLOCK PINK ON BROWN
90018B,164.62,39,29,1.3448275862068966,0.48372528131497455,1.7418920845414145,0.9972367762281328,C,Z,CZ,GOLD M.O.P ORBIT DROP EARRINGS
90129D,164.52,68,25,2.72,2.7160019636713573,2.6724274568471875,0.9972451276104376,C,Z,CZ,AMBER GLASS TASSLE BAG CHARM
85024C,163.35,99,33,3.0,2.8831406486676987,2.230265517178298,0.997253419601074,C,Z,CZ,PINK SMALL JEWELLED PHOTOFRAME
16202E,162.73,82,11,7.454545454545454,7.501514998500454,4.142250492590597,0.9972616801192024,C,Z,CZ,BLACK PHOTO ALBUM
90039D,162.66,43,22,1.9545454545454546,2.5537511667437416,3.380902686351806,0.997269937083983,C,Z,CZ,FIRE POLISHED GLASS BRACELET GREEN
90214C,162.53,165,43,3.8372093023255816,4.975799684751039,2.32182917662695,0.9972781874496894,C,Z,CZ,"LETTER ""C"" BLING KEY RING"
90162B,162.25,55,15,3.6666666666666665,3.1773004414499573,3.285178335222439,0.997286423602005,C,Z,CZ,ANT SILVER LIME GREEN BOUDICCA RING
47369B,162.03,57,18,3.1666666666666665,3.6014702879926856,3.440341483476623,0.9972946485866565,C,Z,CZ,BLUE GREEN EMBROIDERY COSMETIC BAG
20693,161.89,33,9,3.6666666666666665,2.0615528128088303,3.715181175421669,0.9973028664646126,C,Z,CZ,FLORAL DINOSAUR GREEN
90190C,161.82,55,24,2.2916666666666665,3.3554519771581433,3.4980514056205116,0.997311080789221,C,Z,CZ,SILVER/AMETHYST DROP EARRINGS LEAF
90214J,161.47,157,50,3.14,3.123381213377841,1.7597954989087892,0.997319277347091,C,Z,CZ,"LETTER ""J"" BLING KEY RING"
90042A,160.79,63,21,3.0,2.8809720581775866,2.8813349695675985,0.9973274393867262,C,Z,CZ,FRESHWATER PEARL BRACELET GOLD
90123C,160.75,27,12,2.25,1.2880570286640687,3.2047204552283683,0.9973355993958771,C,Z,CZ,GREEN HEART OF GLASS BRACELET
21353,160.45000000000002,19,3,6.333333333333333,9.237604307034013,9.101307324436991,0.997343744176395,C,Z,CZ,SILVER SLEIGHBELL  WREATH
22887,160.35999999999999,92,25,3.68,7.163099887618487,4.276811348646239,0.9973518843883231,C,Z,CZ,NUMBER TILE VINTAGE FONT 8
81952V,160.25,466,32,14.5625,24.156662742165146,3.3035698346063542,0.9973600190164191,C,Z,CZ,ROUND PURPLE CLOCK WITH SUCKER
84599,160.15,15,4,3.75,1.2583057392117916,5.214935815094521,0.997368148568304,C,Z,CZ,CANDY STRIPE ROSE FLOOR CUSHION
23305,159.9,82,5,16.4,12.340988615179905,5.405782701432797,0.9973762654296616,C,Z,CZ,SET 4 PICNIC CUTLERY BLUEBERRY
90214K,159.65,155,50,3.1,4.205196008438579,2.1979367867676336,0.9973843696004916,C,Z,CZ,"LETTER ""K"" BLING KEY RING"
37379A,159.2,41,12,3.4166666666666665,2.539088359425425,3.4719064566579934,0.9973924509283723,C,Z,CZ,PINK CHERRY BLOSSOM CUP & SAUCER
16054,159.0,1210,26,46.53846153846154,39.966216502672125,2.4158928965929363,0.997400522103831,C,Z,CZ,POPART RECT PENCIL SHARPENER ASST
85166A,158.9,77,5,15.4,17.21336689901194,6.370987008274724,0.9974085882030788,C,Z,CZ,WHITE METAL BAROQUE PHOTO FRAME
90048,158.89000000000001,31,7,4.428571428571429,6.900655593423542,6.691585409793862,0.9974166537947055,C,Z,CZ,GREEN WITH METAL BAG CHARM
22864,158.76,378,2,189.0,199.4041122946064,8.94098960051588,0.997424712787258,C,Z,CZ,MUG AND COASTER SET RED CIRCLES
48175,158.04,39,1,39.0,0.0,10.14889156509222,0.9974327352310912,C,Z,CZ,DOOR MAT CAMOUFLAGE
84927A,157.61,226,27,8.37037037037037,18.617915582222967,4.604619607776572,0.9974407358472173,C,Z,CZ,WAKE UP COCKEREL TILE HOOK
21489,157.60000000000002,28,4,7.0,6.48074069840786,6.458659745975609,0.9974487359557224,C,Z,CZ,BLUE WHITE SCARF HOT WATER BOTTLE
72140E,157.57,219,25,8.76,19.64959711206992,4.822226968779999,0.9974567345413642,C,Z,CZ,BEST DAD CANDLE LETTERS
23417,157.5,146,10,14.6,20.98782715978214,5.361172027595874,0.9974647295736582,C,Z,CZ,BATHROOM HOOK
90059A,156.98,94,35,2.6857142857142855,2.097217043543918,1.9317227385926365,0.9974726982096551,C,Z,CZ,DIAMANTE HAIR GRIP PACK/2 CRYSTAL
23468,156.75,19,8,2.375,1.4078859531733587,3.999653724623859,0.9974806551703669,C,Z,CZ,TUSCAN VILLA BIRD TABLE
17178,156.65,133,16,8.3125,8.761421117604153,3.502815388011433,0.9974886070548675,C,Z,CZ,FLAT PALM T-LIGHT HOLDER
46138B,156.29,71,22,3.227272727272727,3.8659911337052293,3.1941413836482533,0.9974965406650086,C,Z,CZ,BLUE CHENILLE SHAGGY CUSHION COVER
84228,156.07,354,25,14.16,25.152335875619983,3.9699749303998693,0.9975044631074856,C,Z,CZ,HEN HOUSE W CHICK STANDING
84914A,155.7,6,5,1.2,0.4472135954999579,4.702245326555295,0.997512366767982,C,Z,CZ,PINK ROSE PICNIC RUG
90183A,155.65,53,24,2.2083333333333335,1.9776834640705199,2.581460312352414,0.9975202678903728,C,Z,CZ,AMBER DROP EARRINGS W LONG BEADS
20664,155.41,57,24,2.375,1.929462642021483,2.4645844821682488,0.9975281568298574,C,Z,CZ,TROPICAL HOLIDAY PURSE
23496,154.51999999999998,112,7,16.0,10.785793124908958,4.432170196761541,0.9975360005910643,C,Z,CZ,PANTRY KITCHEN THERMOMETER
84510E,152.85999999999999,162,29,5.586206896551724,18.26299388963397,6.292458283154288,0.9975437600871687,C,Z,CZ,SET OF 4 GREEN CAROUSEL COASTERS
79192A,152.64,114,25,4.56,5.148462553682086,2.872428661304109,0.9975515084156092,C,Z,CZ,RETRO PLASTIC 70'S TRAY
84622,152.6,23,5,4.6,5.128352561983234,6.362549928126435,0.9975592547135653,C,Z,CZ,PINK GINGHAM ROSE CUSHION COVER
90030C,151.3,87,13,6.6923076923076925,9.077303338405954,4.537173421950441,0.9975669350207785,C,Z,CZ,BROWN KUKUI COCONUT SEED NECKLACE
20952,151.14,330,17,19.41176470588235,59.060412739339846,7.643073050584148,0.9975746072060543,C,Z,CZ,PORCELAIN CHERUB BELL SMALL
79161A,150.45000000000002,51,14,3.642857142857143,3.8751107747370934,3.772816019250021,0.9975822443654742,C,Z,CZ,ST GEORGE SET OF 10 PARTY LIGHTS
35980C,150.3,384,18,21.333333333333332,38.05259518088089,4.7052441930963225,0.9975898739105777,C,Z,CZ,REDWHITE STRIPE SCANDINAVIAN HEART
90042C,150.21,59,19,3.1052631578947367,2.9794618612185895,3.0409916131718924,0.9975974988870913,C,Z,CZ,FRESHWATER PEARL BRACELET IVORY
84527,150.01,79,18,4.388888888888889,5.689400763327509,3.7346491870793965,0.997605113711183,C,Z,CZ,FLAMES SUNGLASSES PINK LENSES
17108D,149.1,355,12,29.583333333333332,16.577412526103284,3.187675881312392,0.9976126823417548,C,Z,CZ,FLOWER FAIRY SUMMER BOUQUET SACHET
90040D,148.87,41,17,2.411764705882353,1.5834623270468011,2.756745013526175,0.9976202392970412,C,Z,CZ,MURANO STYLE GLASS BRACELET PINK
84709A,148.75,25,12,2.0833333333333335,1.5642792899510294,3.485053801593312,0.9976277901608746,C,Z,CZ,SILVER OVAL JEWELLED MIRROR
71496A,148.01000000000002,244,16,15.25,26.453733195902615,4.8822743740691745,0.9976353034607466,C,Z,CZ,A4 WALL TIDY BLUE OFFICE
90022,147.17000000000002,39,23,1.6956521739130435,1.222322030499761,2.401922307076307,0.9976427741204466,C,Z,CZ,EDWARDIAN DROP EARRINGS JET BLACK
84720,147.05,35,2,17.5,6.363961030678928,7.378236059312468,0.9976502386886932,C,Z,CZ,DOT MATRIX CANVAS ART PICTURE
90040C,146.75,41,18,2.2777777777777777,1.5264551613058028,2.6885749859519,0.9976576880283068,C,Z,CZ,MURANO STYLE GLASS BRACELET GOLD
90002A,146.25,39,11,3.5454545454545454,2.6967994498529686,3.664334922922634,0.9976651119868656,C,Z,CZ,FLOWER BURST SILVER RING OPAL
90016C,144.07,17,11,1.5454545454545454,0.8201995322647245,3.297792068331713,0.997672425284025,C,Z,CZ,SILVER/BLACK PENDANT ORBIT NECKLACE
35610B,144.07,179,11,16.272727272727273,27.47759417813324,5.74118778345409,0.9976797385811843,C,Z,CZ,BLACK CHRISTMAS FLOCK DROPLET
79191D,143.87,138,40,3.45,3.9996794743373996,2.2376642636592745,0.9976870417259218,C,Z,CZ,RETRO PLASTIC DAISY TRAY
90036B,143.1,18,9,2.0,1.6583123951777,4.197294837227579,0.9976943057838348,C,Z,CZ,"FLOWER GLASS GARLAND NECKL.36""GREEN"
10120,142.95,665,42,15.833333333333334,19.607013014469942,2.2766137589572746,0.9977015622274311,C,Z,CZ,DOGGY RUBBER
84874B,141.76,86,31,2.774193548387097,2.7289763333449764,2.344458271384425,0.997708758264117,C,Z,CZ,BLUE TRAVEL FIRST AID KIT
90202D,141.49,48,22,2.1818181818181817,2.648204488514249,3.221024681681281,0.997715940595033,C,Z,CZ,PINK ENAMEL FLOWER HAIR TIE
72740A,141.23000000000002,65,4,16.25,17.745891543302825,6.9466095770083855,0.9977231097278005,C,Z,CZ,LARGE STRAWBERRY CHOCOLATE CANDLE
90214M,141.07,139,42,3.3095238095238093,3.3238832361730104,1.9784957472988418,0.9977302707386305,C,Z,CZ,"LETTER ""M"" BLING KEY RING"
47369A,140.4,48,17,2.823529411764706,1.9759584420492964,2.817356917396161,0.9977373977388468,C,Z,CZ,PINK GREEN EMBROIDERY COSMETIC BAG
84617,140.25,11,6,1.8333333333333333,0.983192080250175,4.526323376183492,0.9977445171247468,C,Z,CZ,NEW BAROQUE BLACK BOXES
84765,140.23000000000002,9,5,1.8,0.8366600265340756,4.836844191039759,0.9977516354954046,C,Z,CZ,SILVER ROCOCO CANDELABRA
90212B,140.07,37,22,1.6818181818181819,1.0861186305619104,2.3683757722103533,0.9977587457441247,C,Z,CZ,JET BLACK LAS VEGAS BRACELET ROUND
78026,139.95,12,2,6.0,7.0710678118654755,9.333333333333334,0.9977658499013917,C,Z,CZ,SEAGRASS S/3 SQU LAUNDRY BOX
90199A,139.5,22,14,1.5714285714285714,0.9376144618769908,2.9806538746827274,0.9977729312157093,C,Z,CZ,5 STRAND GLASS NECKLACE BLACK
23463,139.4,13,6,2.1666666666666665,1.1690451944500122,4.53193794512475,0.9977800074538158,C,Z,CZ,VINTAGE ZINC WATERING CAN
90214E,139.28,142,42,3.380952380952381,4.293798028537467,2.3183885804579907,0.9977870776004693,C,Z,CZ,"LETTER ""E"" BLING KEY RING"
90199D,139.28,22,15,1.4666666666666666,1.3020130933435712,3.321604710262747,0.9977941477471228,C,Z,CZ,5 STRAND GLASS NECKLACE AMBER
23304,138.45,71,4,17.75,13.671747023210555,6.047208972892617,0.9978011757612251,C,Z,CZ,SET 4 PICNIC CUTLERY CHERRY
72754B,137.54,170,4,42.5,22.098265391956296,5.5019971208952025,0.9978081575818073,C,Z,CZ,F FAIRY POTPOURRI CUSHIONS LAVENDER
35816P,137.43,297,8,37.125,49.59964717616447,5.683636322148206,0.9978151338185576,C,Z,CZ,"ACRYLIC JEWEL ANGEL,PINK"
90156,137.37,25,12,2.0833333333333335,2.0652243256245835,3.933649704790705,0.9978221070095814,C,Z,CZ,RESIN BRACELET W PASTEL BEADS
84549,137.26999999999998,75,15,5.0,6.164414002968976,3.971073182682765,0.9978290751243941,C,Z,CZ,CROCHET WHITE RABBIT KEYRING
35824P,136.44,324,3,108.0,156.0,9.049096386085404,0.9978360011066557,C,Z,CZ,"HANGING FLOWERS+MIRROR,PINK"
90151,136.17000000000002,16,9,1.7777777777777777,1.092906420717,3.7996710383926655,0.9978429133831478,C,Z,CZ,SILVER/NATURAL SHELL NECKLACE
90024E,135.98,16,10,1.6,1.577621275493231,4.301162633521313,0.9978498160148388,C,Z,CZ,NEW BAROQUE B'FLY NECKLACE MONTANA
90194,135.84,32,18,1.7777777777777777,1.0032626514091005,2.552572232082767,0.9978567115398346,C,Z,CZ,SILVER LARIAT BLACK STONE EARRINGS
90038A,135.8,36,21,1.7142857142857142,1.5537971921347118,2.797706291558705,0.9978636050343459,C,Z,CZ,GLASS AND PAINTED BEADS BRACELET TO
90177D,135.76,46,19,2.4210526315789473,2.5235730725761796,3.1792688581794706,0.9978704964983729,C,Z,CZ,DROP DIAMANTE EARRINGS PURPLE
17011D,135.70000000000002,209,3,69.66666666666667,107.0389337266274,9.392771039411858,0.9978773849166732,C,Z,CZ,ORIGAMI ROSE INCENSE+FLOWER
77079,135.68,64,11,5.818181818181818,5.115040211341096,3.8855702605923876,0.9978842723197313,C,Z,CZ,DOLPHIN WINDMILL
72134,134.85,339,24,14.125,28.99971888919225,4.564846002167335,0.9978911175902384,C,Z,CZ,COLUMBIAN  CUBE CANDLE
16020C,134.5,160,24,6.666666666666667,8.223331952791224,3.1067466906717707,0.997897945094007,C,Z,CZ,CLEAR STATIONERY BOX SET
22879,134.4,82,19,4.315789473684211,7.993418345245372,4.718298829339937,0.9979047675215644,C,Z,CZ,NUMBER TILE VINTAGE FONT 0
35015,134.08,2072,22,94.18181818181819,94.04134671395816,2.8681386034522234,0.9979115737052469,C,Z,CZ,JACOBS LADDER SMALL
84555A,133.85000000000002,47,10,4.7,4.4234225060089685,4.206044498268225,0.9979183682136441,C,Z,CZ,YELLOW VW BEETLE CERAMIC MONEY BOX
35609A,133.23,447,15,29.8,34.89821935694878,3.8481185865181424,0.9979251312495332,C,Z,CZ,PINK FEATHER CHRISTMAS DECORATION
46137D,132.75,45,4,11.25,12.996794476587937,7.143226092764086,0.9979318699196096,C,Z,CZ,GREEN CHENILLE SHAGGY RUG
90190B,132.58,45,15,3.0,3.401680257083045,3.775358702604738,0.9979385999601272,C,Z,CZ,GOLD/AMBER DROP EARRINGS W LEAF
90137,132.52,26,11,2.3636363636363638,1.8040358795061298,3.668996928526714,0.9979453269549184,C,Z,CZ,PINK COMBO MINI CRYSTALS NECKLACE
45013,132.0,48,7,6.857142857142857,9.633769968684316,6.244441973111412,0.9979520275534125,C,Z,CZ,FOLDING SHOE TIDY
47592B,131.9,67,13,5.153846153846154,3.8696716881873807,3.341117368585189,0.9979587230756954,C,Z,CZ,SCOTTIES DESIGN CHILD'S OVERALL
84559D,131.79,151,22,6.863636363636363,7.133391997169466,2.932802972389446,0.9979654130141464,C,Z,CZ,3D SHEET OF SEA WORLD STICKERS
90023,131.74,31,19,1.631578947368421,0.7608859102526822,2.366739701745179,0.9979721004144918,C,Z,CZ,FILIGREE DIAMANTE EARRINGS
90165B,131.65,52,28,1.8571428571428572,1.6714217880746896,2.3696802770383636,0.9979787832462473,C,Z,CZ,WHITE ROSEBUD  PEARL EARRINGS
35933,131.38,319,18,17.72222222222222,17.86487041014409,3.212906174971457,0.9979854523722334,C,Z,CZ,PINK STOCKING CHRISTMAS DECORATION
90101,131.16,52,26,2.0,2.6832815729997477,3.1500915737605033,0.9979921103305551,C,Z,CZ,WHITE FRANGIPANI NECKLACE
84656,130.9,22,9,2.4444444444444446,2.185812841434,4.332273657252311,0.9979987550907283,C,Z,CZ,WHITE ROSE C/COVER
22888,130.82999999999998,79,20,3.95,7.605226734569491,4.744775924524411,0.9980053962975538,C,Z,CZ,NUMBER TILE VINTAGE FONT 9
16119,130.71,273,3,91.0,85.71464285639881,7.360102893281183,0.9980120314129263,C,Z,CZ,FUNKY GIRL ADDRESS BOOK
84925E,130.05,75,3,25.0,40.70626487409524,9.743656625951289,0.9980186330253062,C,Z,CZ,FLOWERS WALL THERMOMETER
20899,129.8,44,10,4.4,4.718756898449704,4.49057783099217,0.9980252219471588,C,Z,CZ,VINTAGE NOTEBOOK RED ROSE
90099,129.69,42,18,2.3333333333333335,1.7489492643904123,2.800631610006212,0.9980318052851793,C,Z,CZ,NECKLACE+BRACELET SET BLUE HIBISCUS
90190A,129.59,44,20,2.2,1.5078740698501039,2.5535585282160254,0.9980383835469887,C,Z,CZ,SILVER/CRYSTAL DROP EARRINGS W LEAF
84886,129.35,13,6,2.1666666666666665,0.9831920802501751,4.394051923645453,0.9980449496258919,C,Z,CZ,BLUE METAL WALL SHELF
10080,129.29,315,20,15.75,14.548919294283646,2.900911664591784,0.9980515126590683,C,Z,CZ,GROOVY CACTUS INFLATABLE
84858A,128.83,53,6,8.833333333333334,15.8671568551731,7.933485503814262,0.9980580523416742,C,Z,CZ,NATURAL RIVIERA HANDBAG
90181A,128.64,14,12,1.1666666666666667,0.38924947208076144,2.9242127843512455,0.9980645823794794,C,Z,CZ,AMBER GLASS/SHELL/PEARL NECKLACE
90003E,127.81,34,18,1.8888888888888888,1.1826634392157036,2.630010459542136,0.9980710702847332,C,Z,CZ,GREEN PAIR HEART HAIR SLIDES
84251G,127.75,473,48,9.854166666666666,8.333448580763363,1.6382677352893,0.9980775551442607,C,Z,CZ,"GREETING CARD, OVERCROWDED POOL."
90024D,127.5,15,12,1.25,0.4522670168666454,2.9507061301774304,0.9980840273132606,C,Z,CZ,NEW BAROQUE B'FLY NECKLACE PINK
84782B,127.5,10,6,1.6666666666666667,1.2110601416389966,4.894895300208167,0.9980904994822605,C,Z,CZ,BLACK 3 TIER GLASS PLATE STAND
85018C,127.2,36,4,9.0,14.023789311975086,8.505626315113172,0.9980969564226275,C,Z,CZ,S/6 PAPER BOXES CURIOUS IMAGES
81950B,127.03,217,27,8.037037037037036,16.935355555944724,4.395586314012964,0.9981034047334358,C,Z,CZ,FLOWER BLUE CLOCK W/SUCKER
16168S,126.82999999999998,1283,6,213.83333333333334,264.2570087370753,6.196225382776791,0.9981098428918221,C,Z,CZ,FUNKY MONKEY GIFT BAG SMALL
23303,126.75,65,4,16.25,9.535023160258536,5.6315047859205585,0.9981162769892398,C,Z,CZ,SET 4 PICNIC CUTLERY FONDANT
84367,126.30000000000001,74,8,9.25,5.092010548749032,3.930272463358084,0.998122688243708,C,Z,CZ,LA STREGA CANVAS PICTURE
82607E,126.25,101,14,7.214285714285714,9.31647483207588,4.2346501086850115,0.9981290969600707,C,Z,CZ,GLASS BONBON JAR. D'AMANDES
90174,126.12,50,27,1.8518518518518519,1.4332240069615962,2.252465316048174,0.9981354990773591,C,Z,CZ,BUTTERFLY HAIR BAND
90108,125.83,109,18,6.055555555555555,6.795086652455514,3.41302899765148,0.9981418864736356,C,Z,CZ,BLUE BLOSSOM HAIR CLIP
23578,125.72,60,3,20.0,15.394804318340652,6.881860213634102,0.99814826828608,C,Z,CZ,SNACK TRAY RED GINGHAM
90138,125.64,24,17,1.411764705882353,1.0036697371030325,2.833333333333333,0.9981546460375558,C,Z,CZ,WHITE/PINK MINI CRYSTALS NECKLACE
84614A,124.83,17,10,1.7,0.48304589153964794,3.1868023695485976,0.9981609826717224,C,Z,CZ,PINK BAROQUE FLOCK CANDLE HOLDER
90002C,124.38,33,13,2.5384615384615383,1.6132464481796025,3.1595178114286075,0.9981672964629398,C,Z,CZ,FLOWER BURST SILVER RING MIDN'T BLU
85190,124.16000000000001,140,6,23.333333333333332,19.012276735485067,5.0914894977916285,0.998173599086493,C,Z,CZ,PINK FLOWER HANGING HEART
90162C,123.90000000000002,42,16,2.625,1.7841898254763515,2.88360759184813,0.9981798885118975,C,Z,CZ,ANT SILVER FUSCHIA BOUDICCA RING
72133,123.88,110,25,4.4,5.066228051190221,2.907670107585359,0.9981861769220599,C,Z,CZ,COLUMBIAN CANDLE RECTANGLE
90168,123.76,42,19,2.210526315789474,2.1233869006435357,3.0427788945897047,0.9981924592407693,C,Z,CZ,2 DAISIES HAIR COMB
17191A,123.75,33,10,3.3,2.3118054512532935,3.7407983218132963,0.9981987410518575,C,Z,CZ,ROSE FLOWER CANDLE+INCENSE 16X16CM
20816,123.6,24,6,4.0,2.6076809620810595,4.740487551109297,0.9982050152486293,C,Z,CZ,GOLD FLOWER CUSHION COVER
22850,123.6,8,1,8.0,0.0,10.14889156509222,0.998211289445401,C,Z,CZ,BREAD BIN DINER STYLE BLACK
23477,123.47,92,7,13.142857142857142,1.864454471471609,3.7567834047352955,0.9982175570430983,C,Z,CZ,WOODLAND LARGE BLUE FELT HEART
21228,122.57,97,24,4.041666666666667,3.872749463339592,2.6732457722531175,0.998223778954897,C,Z,CZ,"POCKET MIRROR ""GLAMOROUS"""
79308B,122.4,144,2,72.0,0.0,7.14142842854285,0.9982299922371368,C,Z,CZ,MOSAIC CANDLE DISH BLUE PURPLE
90205C,122.31,78,20,3.9,8.668758182176536,5.348536024636798,0.9982362009507869,C,Z,CZ,LARGE CRYSTAL DIAMANTE HAIRSLIDE
84199,121.92,558,39,14.307692307692308,14.58216980127993,2.089402844008256,0.9982423898672141,C,Z,CZ,GLOW IN DARK DOLPHINS
44242B,121.53,109,9,12.11111111111111,12.712635883683253,4.676838906036578,0.9982485589864186,C,Z,CZ,PINK FEATHERS CURTAIN
79532,121.25,97,13,7.461538461538462,6.628415906979392,3.5815655600566862,0.9982547138922323,C,Z,CZ,MOSAIC GLASS BALL CANDLEHOLDER
84288B,120.89999999999999,62,14,4.428571428571429,4.327271048279125,3.6075709498454187,0.9982608510313075,C,Z,CZ,SET/2 BLUE  NOODLE BASKETS
84705B,120.13,86,3,28.666666666666668,30.2709982216202,7.709539089282351,0.9982669490835582,C,Z,CZ,FAIRY CAKES PHOTO FRAME
23467,120.08,32,7,4.571428571428571,1.9880595947760098,4.0330664512254195,0.9982730445977033,C,Z,CZ,VINTAGE ZINC PLANTER
35916B,119.67,132,28,4.714285714285714,5.380741673076394,2.7166459631788973,0.9982791192993835,C,Z,CZ,BLUE FELT HANGING HEART WITH FLOWER
84867A,119.39,17,4,4.25,5.251983752196243,7.401253050180271,0.998285179787673,C,Z,CZ,PINK BABY GIRLS PHOTO ALBUM
35607A,118.81,556,20,27.8,31.123861213578646,3.2236478065836005,0.9982912108339387,C,Z,CZ,PINK FLUFFY CHRISTMAS DECORATION
90018C,118.51,28,18,1.5555555555555556,0.8555852638929974,2.53546276418555,0.9982972266515715,C,Z,CZ,SILVER BLACK ORBIT DROP EARRINGS
20887,118.38999999999999,18,3,6.0,3.605551275463989,6.481693118237885,0.9983032363777512,C,Z,CZ,BOX OF 6 PEBBLE CANDLES
90139,118.24,23,6,3.8333333333333335,0.9831920802501749,4.157349380944101,0.9983092384896143,C,Z,CZ,FLOWER BROOCH 4 ASSORTED COLOURS
20896,118.00000000000001,40,11,3.6363636363636362,3.139195032893855,3.8548670534792766,0.9983152284185711,C,Z,CZ,VINTAGE NOTEBOOK PINK FLOWER
84751B,117.44,40,15,2.6666666666666665,2.1930626551751344,3.210918871600464,0.9983211899207465,C,Z,CZ,BLACK MEDIUM GLASS CAKE STAND
35824C,117.05,235,6,39.166666666666664,36.72828156430228,5.3884355488491655,0.998327131625699,C,Z,CZ,"HANGING FLOWERS+MIRROR,CLEAR"
23151,116.82,62,12,5.166666666666667,6.562058065927645,4.5256811423573895,0.9983330616553663,C,Z,CZ,ZINC SWEETHEART SOAP DISH
23185,116.58999999999999,323,21,15.380952380952381,10.380155058939103,2.469926663286587,0.9983389800097483,C,Z,CZ,FRENCH STYLE STORAGE JAR JAM
72038P,116.5,1050,9,116.66666666666667,79.05694150420949,3.9079545600655865,0.9983448937955404,C,Z,CZ,PRICE'S CANDLE PEACH
16206B,116.4,96,12,8.0,13.107943462579545,5.384681203810181,0.9983508025051214,C,Z,CZ,RED PURSE WITH PINK HEART
20848,115.05000000000001,39,12,3.25,3.0188799849673327,3.810691213069818,0.9983566426858543,C,Z,CZ,ZINC HEART LATTICE CHARGER SMALL
84462,114.86,100,11,9.090909090909092,17.17821029941446,6.2565166027111285,0.9983624732217863,C,Z,CZ,3 PINK HEN+CHICKS IN BASKET
20698,114.44999999999999,47,19,2.473684210526316,1.8064212949190015,2.6905431016772057,0.9983682829452533,C,Z,CZ,LITTLE PINK MONSTER SOFT TOY
90049,114.24,20,5,4.0,5.656854249492381,7.285602240034793,0.9983740820086772,C,Z,CZ,IVORY GOLD METAL BAG CHARM
90030A,113.76,79,8,9.875,10.894789055848147,5.083866422796627,0.9983798567062885,C,Z,CZ,SPOTTED WHITE NATURAL SEED NECKLACE
84249A,113.22,252,26,9.692307692307692,10.585912264020443,2.754642888869681,0.9983856039923603,C,Z,CZ,"GREETING CARD,SQUARE, DOUGHNUTS"
90179C,112.78,19,13,1.4615384615384615,0.6602252917735247,2.916663368946823,0.998391328943104,C,Z,CZ,BLACK FINE BEAD NECKLACE W TASSEL
21089,112.54,323,29,11.137931034482758,9.683285075438848,2.2810909361665614,0.9983970417109413,C,Z,CZ,SET/6 GREEN SPRING PAPER CUPS
84921,112.5,30,14,2.142857142857143,1.4064216928154862,3.065941943351179,0.9984027524482941,C,Z,CZ,CREAM AND PINK FLOWERS PONY
44236,112.32000000000001,64,10,6.4,8.82169044017201,5.213788809493534,0.9984084540484673,C,Z,CZ,PINK/PURPLE CIRCLE CURTAIN
71510,112.05,177,15,11.8,18.678482654801336,4.706126517578016,0.9984141419428708,C,Z,CZ,SQUARE METAL CANDLEHOLDER BASE
35916A,112.03999999999999,129,30,4.3,4.793314309427822,2.5750323141244125,0.9984198293296531,C,Z,CZ,YELLOW FELT HANGING HEART W FLOWER
71495B,111.57000000000001,294,17,17.294117647058822,27.490372646351926,4.434659389008878,0.998425492858244,C,Z,CZ,CD WALL TIDY RED FLOWERS
35966,111.34,255,18,14.166666666666666,14.402818351648689,3.227693984609643,0.9984311447115495,C,Z,CZ,FOLKART CHRISTMAS TREE T-LIGHT HOLD
10138,111.22,261,9,29.0,47.8957200593122,6.2107539690436955,0.9984367904734017,C,Z,CZ,ASSORTED COLOUR JUMBO PEN
84493,111.12,1142,5,228.4,309.1048365846125,7.0906301349198,0.9984424311590432,C,Z,CZ,BLUE/PINK NEST STRIPE BOX
90103,110.85,44,22,2.0,2.794552524023088,3.540789471663717,0.9984480581389149,C,Z,CZ,PURPLE FRANGIPANI NECKLACE
82069,109.85,17,10,1.7,0.9486832980505138,3.5092561737116834,0.9984536343566769,C,Z,CZ,BEECH WOOD P/FRAME
85185F,109.15,37,8,4.625,2.722262714308501,3.9925972404709826,0.9984591750409619,C,Z,CZ,LION SOCK PUPPET
84247H,109.13000000000001,42,15,2.8,3.051931472737505,3.690706598030215,0.9984647147100048,C,Z,CZ,PACK/12 DECOUPAGE CARD
90177C,109.03,37,20,1.85,1.5652475842498528,2.781421196338125,0.9984702493028367,C,Z,CZ,DROP DIAMANTE EARRINGS CRYSTAL
90071,108.99,87,50,1.74,1.3674048114466129,1.5293404732094265,0.998475781865184,C,Z,CZ,RUBY GLASS CLUSTER EARRINGS
90104,108.96,130,27,4.814814814814815,5.1218764367776615,2.65503875098477,0.9984813129046682,C,Z,CZ,PURPLE FRANGIPANI HAIRCLIP
20667,108.69000000000001,40,18,2.2222222222222223,1.3527990831890462,2.6076809620810586,0.9984868302383829,C,Z,CZ,CHERRY BLOSSOM PURSE
72753C,107.68,43,4,10.75,9.912113800799505,6.44815409124379,0.9984922963023665,C,Z,CZ,S/3 FLWR FAIRY ROSE CANDLES
90118,107.39,42,22,1.9090909090909092,1.191601200030203,2.342063357591988,0.9984977476453383,C,Z,CZ,PINK DAISY BAG CHARM
35096B,107.33000000000001,295,10,29.5,49.0130368144821,5.936141066006603,0.9985031959425834,C,Z,CZ,RED VICTORIAN FABRIC HEART BOX
35840,107.13,45,4,11.25,14.150971698084906,7.473508769870637,0.9985086340874066,C,Z,CZ,FLAT GLASS  BAUBLE WHITE FLOCK
23626,107.07000000000002,43,9,4.777777777777778,8.058811602491055,6.307043630021957,0.9985140691865033,C,Z,CZ,SET 10 CARDS DINKY TREE 17076
90059D,106.74,64,32,2.0,1.7413380098407458,2.1533041471190266,0.9985194875341036,C,Z,CZ,DIAMANTE HAIR GRIP PACK/2 PERIDOT
84562B,106.59,10,5,2.0,0.7071067811865476,4.6776062254105994,0.9985248982673876,C,Z,CZ,BLUE/WHITE RIBBED MELAMINE JUG
90165A,106.49,42,22,1.9090909090909092,1.7703669490247307,2.758207706204682,0.9985303039244604,C,Z,CZ,PINK ROSEBUD PEARL EARRINGS
22987,105.84,252,11,22.90909090909091,6.934760925288564,3.040086590908509,0.998535676586162,C,Z,CZ,"WRAP , SUMMER ROSE DESIGN"
90051,105.72,15,10,1.5,0.7071067811865476,3.3882148692194836,0.9985410431564105,C,Z,CZ,CRACKED GLAZE NECKLACE RED
35594,105.58,171,25,6.84,7.498222011472675,2.8212056149300184,0.9985464026199634,C,Z,CZ,WOODEN CHRISTMAS TREE 3 HANGING
35610A,105.43,143,10,14.3,31.68964078896025,7.440845333379144,0.9985517544692,C,Z,CZ,PINK CHRISTMAS FLOCK DROPLET
84458,105.39999999999999,124,7,17.714285714285715,15.140610794749835,4.812509713221815,0.9985571047955731,C,Z,CZ,S/3 RABBIT FLOWER/EGG/CARROT ROPE
17090D,105.2,88,25,3.52,2.9456182146820495,2.4406170470288724,0.9985624449695244,C,Z,CZ,VANILLA INCENSE 40 CONES IN TIN
23574,105.0,14,10,1.4,0.6992058987801011,3.4255939452233712,0.9985677749910538,C,Z,CZ,PACKING CHARGE
16169D,105.0,250,2,125.0,35.35533905932738,7.285602240034794,0.9985731050125831,C,Z,CZ,WRAP WINTER FOREST
90141A,104.95,20,16,1.25,0.7745966692414833,2.8,0.998578432496007,C,Z,CZ,GREEN PENDANT TRIPLE SHELL NECKLACE
90079,104.77,21,13,1.6153846153846154,1.1929278784054478,3.320724451735455,0.998583750842251,C,Z,CZ,VINTAGE ENAMEL & CRYSTAL NECKLACE
21118,104.25,69,5,13.8,11.734564329364767,5.64196402275187,0.9985890427921981,C,Z,CZ,SHOPPING BAG DOORSTOP
21337,103.53000000000002,33,8,4.125,4.969550137731641,5.339442093821998,0.998594298193426,C,Z,CZ,SILVER WASHBAG
35910A,103.35,53,13,4.076923076923077,2.253202848596432,3.042302906939428,0.9985995444574743,C,Z,CZ,MULTICOLOUR EASTER RABBIT
84679,103.3,14,4,3.5,1.0,5.156727327937156,0.9986047881834171,C,Z,CZ,CLASSICAL ROSE TABLE LAMP
16248B,102.5,82,9,9.11111111111111,15.020356557389412,6.202559391905331,0.998609991299672,C,Z,CZ,BLUE HOLE PUNCH
84613A,102.3,22,10,2.2,0.9189365834726815,3.321604710262747,0.9986151842635049,C,Z,CZ,PINK NEW BAROQUE FLOCK CANDLESTICK
20697,101.69999999999999,42,17,2.4705882352941178,1.624717169956956,2.758207706204682,0.9986203467700718,C,Z,CZ,LITTLE GREEN MONSTER SOFT TOY
90125C,101.35,92,9,10.222222222222221,16.18469784841362,6.025308940302311,0.9986254915099005,C,Z,CZ,TURQUOISE BERTIE GLASS BEAD CHARM
72369A,101.28999999999999,67,13,5.153846153846154,4.997435239636325,3.734058713435592,0.9986306332040025,C,Z,CZ,PINK CLEAR GLASS CANDLE PLATE
85050,100.8,48,1,48.0,0.0,10.14889156509222,0.9986357500246706,C,Z,CZ,FRENCH ENAMEL SOAP DISH WITH LID
72821,100.64999999999999,61,11,5.545454545454546,6.8463659902701135,4.642760718526432,0.9986408592310223,C,Z,CZ,CUPID SCENTED CANDLE IN GLASS
75172,100.31,97,10,9.7,11.823235127869566,4.827638129967097,0.9986459511782566,C,Z,CZ,PAINTED SEA SHELL METAL WINDCHIME
78027,100.15,6,5,1.2,0.4472135954999579,4.702245326555295,0.9986510350035533,C,Z,CZ,SEAGRASS S/2 CORNER LAUNDRY
23611,99.60000000000001,40,12,3.3333333333333335,2.774341308665842,3.629049462324811,0.9986560909096899,C,Z,CZ,SET 10 CARDS RED RIDING HOOD 17214
84465,99.46000000000001,33,16,2.0625,1.8062391868188443,3.189600871427061,0.998661139709131,C,Z,CZ,15 PINK FLUFFY CHICKS IN BOX
23464,99.2,18,5,3.6,1.9493588689617927,4.967797534690702,0.9986661753104235,C,Z,CZ,VINTAGE ZINC WATERING CAN SMALL
21266,98.9,23,3,7.666666666666667,5.507570547286102,6.752301295027347,0.9986711956830829,C,Z,CZ,VINTAGE SILVER TINSEL REEL
90169,98.87,39,18,2.1666666666666665,1.917412472118426,3.0085348678853716,0.9986762145328792,C,Z,CZ,DAISY HAIR COMB
84575A,98.8,24,12,2.0,2.5584085962673253,4.546060565661952,0.9986812298293278,C,Z,CZ,PINK DOG CANNISTER
20861,98.7,47,12,3.9166666666666665,3.2321772378645472,3.6162076681935784,0.9986862400495654,C,Z,CZ,GOLD COSMETIC BAG PINK STAR
90163B,98.45,13,9,1.4444444444444444,0.5270462766947299,3.4529808749943753,0.9986912375792756,C,Z,CZ,WHITE ROSEBUD & PEARL NECKLACE
84705D,97.9,22,11,2.0,1.61245154965971,3.7471752446409,0.9986962071898252,C,Z,CZ,CHERRY BLOSSOM PHOTO FRAME
90150,97.5,13,7,1.8571428571428572,0.6900655593423543,3.9516306273973303,0.998701156495531,C,Z,CZ,BLUE SHELL+SILVER NECKLACE
16161G,97.5,975,28,34.82142857142857,18.433169722859546,1.9281983087713563,0.9987061058012369,C,Z,CZ,WRAP BAD HAIR DAY
90067A,97.24000000000001,33,14,2.357142857142857,2.060886398434602,3.4207544584780463,0.9987110419087941,C,Z,CZ,PINK VINTAGE VICTORIAN EARRINGS
35913B,95.78999999999999,104,18,5.777777777777778,5.9265658695855175,3.2433363638745165,0.9987159044112921,C,Z,CZ,WHITE/PINK CHICK EASTER DECORATION
17084J,95.76,456,19,24.0,12.512216252748974,2.4255139419152716,0.998720765390927,C,Z,CZ,LOVE POTION MASALA INCENSE
84539,95.7,58,11,5.2727272727272725,5.120369304862865,4.0694038337852,0.9987256233248352,C,Z,CZ,KNITTED RABBIT DOLL
84891B,95.4,12,5,2.4,1.140175425099138,4.853406592853679,0.9987304660301103,C,Z,CZ,GREEN WIRE GOBLET CANDLEHOLDER
90214R,94.97999999999999,92,39,2.358974358974359,2.6900125169653952,2.246189800537303,0.9987352874152995,C,Z,CZ,"LETTER ""R"" BLING KEY RING"
72606A,94.92,226,13,17.384615384615383,26.706860733834112,4.942452127550363,0.9987401057547621,C,Z,CZ,BROWN ANTIQUE CUBE CANDLE
90089,94.17999999999999,116,23,5.043478260869565,6.5745947740288715,3.297208129714287,0.9987448865302634,C,Z,CZ,PINK CRYSTAL SKULL PHONE CHARM
90024C,93.48,11,10,1.1,0.31622776601683794,3.1896008714270607,0.9987496317722878,C,Z,CZ,NEW BAROQUE B'FLY NECKLACE GREEN
90026A,93.47,11,9,1.2222222222222223,0.4409585518440984,3.4485594069801198,0.9987543765066911,C,Z,CZ,GLASS BEAD HOOP NECKLACE BLACK
90214G,93.17999999999999,100,34,2.9411764705882355,4.552329916085183,3.028398916919632,0.9987591065200826,C,Z,CZ,"LETTER ""G"" BLING KEY RING"
17084A,92.82,442,17,26.0,7.079901129253148,2.3546939173143975,0.9987638182591145,C,Z,CZ,TRANQUILITY MASALA INCENSE
84388,92.34,72,11,6.545454545454546,7.033685184362979,4.287147026826772,0.9987685056323338,C,Z,CZ,WISE MAN STAR SHAPE EGG PAN
90075,92.17999999999999,10,8,1.25,0.4629100498862757,3.6823905279043934,0.9987731848836154,C,Z,CZ,MONTANA DIAMOND CLUSTER NECKLACE
84753A,92.17,97,7,13.857142857142858,11.739230119966292,4.795476931542527,0.9987778636272762,C,Z,CZ,PINK EAU DE COLOGNE BOTTLE
21343,92.0,20,3,6.666666666666667,5.507570547286102,7.031358332498777,0.998782533741378,C,Z,CZ,GOLD JEWELERY BOX
90202C,91.46000000000001,31,22,1.4090909090909092,1.09801079485937,2.5430732675486776,0.9987871764439408,C,Z,CZ,GREEN ENAMEL FLOWER HAIR TIE
90177B,91.38000000000001,31,17,1.8235294117647058,1.667156790678634,3.151234830560253,0.9987918150855345,C,Z,CZ,DROP DIAMANTE EARRINGS BLACK DIAMON
90112,91.25000000000001,84,17,4.9411764705882355,4.709970650589213,3.2170182388675306,0.998796447128054,C,Z,CZ,PINK DOLLY HAIR CLIPS
20660,91.25,73,12,6.083333333333333,7.012434842780532,4.268854504900818,0.9988010791705736,C,Z,CZ,VIP LUGGAGE TAG
84437A,90.94999999999999,106,9,11.777777777777779,4.521553322083513,3.4741070395601104,0.9988056959844602,C,Z,CZ,S/6 PINK EASTER DECS IN BOX
90202A,90.9,31,19,1.631578947368421,1.3000224919331833,2.7867308600897367,0.9988103102602413,C,Z,CZ,PURPLE ENAMEL FLOWER HAIR TIE
90214D,90.82,100,39,2.5641025641025643,4.10259784061701,2.884163656937657,0.9988149204750536,C,Z,CZ,"LETTER ""D"" BLING KEY RING"
79026B,90.5,70,19,3.6842105263157894,3.4165062007675386,2.9888227154667093,0.9988195144459908,C,Z,CZ,"S/4 ICON COASTER,ELVIS LIVES"
72783,90.30000000000001,43,8,5.375,4.34042460069124,4.406531854576512,0.9988240982645061,C,Z,CZ,BLACK SIL'T SQU CANDLE PLATE
71406C,89.92,210,29,7.241379310344827,6.208606770408048,2.265285693765009,0.9988286627934198,C,Z,CZ,BLACK ORANGE SQUEEZER
17013C,89.46000000000001,213,2,106.5,14.849242404917497,7.176730123587771,0.9988332039717628,C,Z,CZ,ORIGAMI LAVENDER INCENSE IN TUBE
47598,89.12,138,17,8.117647058823529,6.489244495135552,2.9659908039768705,0.9988377278909886,C,Z,CZ,NEW ENGLAND EGG WARMER
90162A,88.5,30,8,3.75,2.3145502494313788,4.041451884327381,0.9988422203377062,C,Z,CZ,ANT SILVER TURQUOISE BOUDICCA RING
90059E,88.31,53,28,1.8928571428571428,1.5477411429249548,2.2602954595047398,0.9988467031396229,C,Z,CZ,DIAMANTE HAIR GRIP PACK/2 RUBY
35638A,88.04999999999998,39,6,6.5,12.988456413292536,8.602822037479736,0.9988511727433911,C,Z,CZ,PINK AND BLACK STRING CURTAIN
71495A,87.96000000000001,225,17,13.235294117647058,26.269110690516115,5.272525573757412,0.9988556377785694,C,Z,CZ,CD WALL TIDY BLUE OFFICE
84721,87.8,20,1,20.0,0.0,10.14889156509222,0.9988600946918103,C,Z,CZ,MANHATTAN CANVAS ART PICTURE
90092,87.50999999999999,102,8,12.75,18.25807062252589,5.943570345389707,0.9988645368840392,C,Z,CZ,BLUE CRYSTAL BOOT PHONE CHARM
23442,87.36,42,4,10.5,7.3711147958319945,5.883024504815787,0.9988689714619516,C,Z,CZ,12 HANGING EGGS HAND PAINTED
37462B,87.28,170,21,8.095238095238095,12.976535600478124,4.008969182973923,0.9988734019788953,C,Z,CZ,"PET MUG, BUDGIE"
35822B,87.02,229,1,229.0,0.0,10.14889156509222,0.9988778192976904,C,Z,CZ,"ACRYLIC BEAD CHAIN, BLUE"
20835,87.02,80,9,8.88888888888889,5.73246117397328,3.8506492958980303,0.9988822366164855,C,Z,CZ,FRENCH LATTICE CUSHION COVER
35265,86.95,22,13,1.6923076923076923,1.109400392450458,3.1896008714270607,0.9988866503819328,C,Z,CZ,COLOURFUL FLOWER FRUIT BOWL
90088,86.7,101,10,10.1,14.947686554558647,5.468206670182165,0.9988910514568528,C,Z,CZ,CRYSTAL KEY+LOCK PHONE CHARM
90039C,86.65,23,11,2.090909090909091,3.300137738172316,5.4649596978436,0.9988954499936672,C,Z,CZ,FIRE POLISHED GLASS BRACELET BLACK
23614,86.58000000000001,26,8,3.25,2.49284690951645,4.323460152737352,0.9988998449771338,C,Z,CZ,SET 10 CARDS 12 DAYS WRAP  17058
84424A,86.25,23,8,2.875,2.232071427428535,4.3423879033561255,0.9989042232091044,C,Z,CZ,FOUR PICTURE WHITE GLASS FRAME
35271S,85.97,420,13,32.30769230769231,41.3770963525004,4.371791664555466,0.9989085872276842,C,Z,CZ,GOLD PRINT PAPER BAG
90012B,85.9,17,6,2.8333333333333335,2.48327740429189,5.237276557901505,0.9989129476929162,C,Z,CZ,BLACK DROP CRYSTAL NECKLACE
90162D,85.55,29,11,2.6363636363636362,1.85864075456917,3.5674242882391587,0.9989172903914099,C,Z,CZ,ANT SILVER PURPLE BOUDICCA RING
84454,85.53,93,9,10.333333333333334,11.169153951844338,4.749317639068506,0.9989216320746614,C,Z,CZ,WOBBLING METAL CHICKEN EASTER
90026D,85.0,10,8,1.25,0.4629100498862757,3.6823905279043934,0.9989259468539947,C,Z,CZ,GLASS BEAD HOOP NECKLACE AMETHYST
35838B,85.0,100,10,10.0,10.066445913694333,4.345664506148627,0.9989302616333281,C,Z,CZ,S/6 SILVER ORNAMENETAL CANDLE
90001D,84.96000000000001,20,11,1.8181818181818181,1.4709304414677002,3.7523326078587433,0.998934574382177,C,Z,CZ,ANTIQUE OLIVE GREEN FLOWER EARRINGS
17027A,84.84,228,2,114.0,42.42640687119285,7.389256257110115,0.9989388810395727,C,Z,CZ,INCENSE BAZAAR CANNABIS
84251B,84.83999999999999,319,30,10.633333333333333,7.526886673021306,2.0361195361519306,0.9989431876969684,C,Z,CZ,"GREETING CARD, STICKY GORDON"
46775B,84.75,5,2,2.5,0.7071067811865476,7.285602240034793,0.9989474897857743,C,Z,CZ,BERRIES CHUNKY KNITTED THROW
16051,84.69,941,4,235.25,420.7876542865772,9.34815691395855,0.9989517888288536,C,Z,CZ,TEATIME PENCIL W STAMP ASST
81952B,84.56,254,12,21.166666666666668,33.55276261037053,5.256346379221457,0.9989560812728585,C,Z,CZ,ROUND BLUE CLOCK W/SUCKER
84450B,84.55,139,12,11.583333333333334,9.209267400863439,3.562066592586414,0.9989603732092425,C,Z,CZ,PINK/YELLOW RABBIT SAT EASTER
84251F,83.97,341,28,12.178571428571429,9.925849423222518,2.256866422452953,0.9989646357036026,C,Z,CZ,"GREETING CARD, RITA"
90141C,83.69,16,12,1.3333333333333333,0.6513389472789296,3.092329219213245,0.9989688839845721,C,Z,CZ,TURQ PENDANT TRIPLE SHELL NECKLACE
22016,83.33,1,1,1.0,0.0,10.14889156509222,0.9989731139911819,C,Z,CZ,Dotcomgiftshop Gift Voucher £100.00
72779,82.81,49,12,4.083333333333333,3.2601821849074444,3.5680450444746703,0.9989773176014947,C,Z,CZ,SET/6 BLACK ROSE T-LIGHT CANDLES
90176D,82.81,11,7,1.5714285714285714,0.5345224838248488,3.915428266792369,0.9989815212118074,C,Z,CZ,DIAMANTE NECKLACE PURPLE
90002B,82.74,22,9,2.4444444444444446,1.3333333333333333,3.68938616140055,0.9989857212687725,C,Z,CZ,FLOWER BURST SILVER RING ROSE
90177E,82.71000000000001,28,20,1.4,1.187655806953123,2.7847983842311326,0.9989899198028743,C,Z,CZ,DROP DIAMANTE EARRINGS GREEN
90189A,82.64,11,8,1.375,0.5175491695067657,3.68938616140055,0.9989941147836285,C,Z,CZ,SILVER 2 STRAND NECKLACE-LEAF CHARM
90130A,82.51,28,14,2.0,1.8397324220155997,3.502185906323218,0.9989983031653086,C,Z,CZ,WHITE STONE/CRYSTAL EARRINGS
90069,82.5,11,5,2.2,2.16794833886788,5.996555485105629,0.9990024910393673,C,Z,CZ,RUBY GLASS CLUSTER NECKLACE
21699,82.44,108,3,36.0,31.74901573277509,7.186235127564499,0.9990066758676995,C,Z,CZ,SET 5 MINI CHOCOLATE FRIDGE MAGNETS
90183B,81.92999999999999,28,21,1.3333333333333333,0.7302967433402214,2.316753534318122,0.9990108348073558,C,Z,CZ,AMETHYST DROP EARRINGS W LONG BEADS
35610C,81.56,94,8,11.75,16.464246978572344,5.859491029860671,0.9990149749650312,C,Z,CZ,WHITE CHRISTMAS FLOCK DROPLET
16201B,81.10000000000001,34,2,17.0,16.97056274847714,8.769836634856782,0.9990190917721364,C,Z,CZ,PASTEL BLUE PHOTO ALBUM
90121B,80.75,19,5,3.8,3.6331804249169903,5.917016168003089,0.999023190812503,C,Z,CZ,VINTAGE ROSE BEAD BRACELET BLUE
84596I,80.62,72,6,12.0,26.457513110645905,9.30319207132957,0.9990272832537954,C,Z,CZ,WRAP SWEETS LIGHT PINK SMALL BOWL
17011E,80.60000000000001,124,1,124.0,0.0,10.14889156509222,0.9990313746798457,C,Z,CZ,ORIGAMI OPIUM SCENT INCENSE+FLOWER
DCGS0069,80.31,5,5,1.0,0.0,4.449719092257397,0.9990354513848839,C,Z,CZ,OOH LA LA DOGS COLLAR
84415B,80.0,24,7,3.4285714285714284,1.9023794624226835,4.2163702135578385,0.9990395123536682,C,Z,CZ,BLUE FLOCK CUSHION COVER
90059F,79.87,48,25,1.92,1.705872210923198,2.5124689052802225,0.9990435667233782,C,Z,CZ,DIAMANTE HAIR GRIP PACK/2 LT ROSE
90206A,79.60000000000001,16,11,1.4545454545454546,0.6875516509523286,3.221024681681281,0.9990476073873187,C,Z,CZ,GOLD DIAMANTE STAR BROOCH
90125B,79.57,44,11,4.0,4.538722287164087,4.418219229171951,0.9990516465283957,C,Z,CZ,AQUA BERTIE GLASS BEAD BAG CHARM
84795E,79.5,10,5,2.0,1.224744871391589,5.102940328869229,0.9990556821161252,C,Z,CZ,RIO PINK STRIPE HAMMOCK
84548,79.2,48,13,3.6923076923076925,3.705505259849085,3.7996710383926655,0.9990597024752215,C,Z,CZ,CROCHET BEAR RED/BLUE  KEYRING
90038B,79.19,21,10,2.1,1.66332999331662,3.907954560065587,0.9990637223266969,C,Z,CZ,GLASS AND PAINTED BEADS BRACELET OL
90064A,79.14,20,12,1.6666666666666667,1.1547005383792517,3.3882148692194827,0.9990677396400668,C,Z,CZ,WHITE VINTAGE CRYSTAL EARRINGS
90039B,78.99,21,10,2.1,2.0789954839350235,4.309721121502494,0.9990717493391201,C,Z,CZ,FIRE POLISHED GLASS BRACELET MONTAN
84251C,78.96000000000001,259,24,10.791666666666666,10.202212746631794,2.6542119944063582,0.9990757575153102,C,Z,CZ,"GREETING CARD, TWO SISTERS."
84455,78.81,86,12,7.166666666666667,5.96708141439855,3.6296209427721022,0.9990797580771837,C,Z,CZ,SET OF 3 RABBIT CARROTS EASTER
90064B,78.75,21,12,1.75,1.1381803659589922,3.320724451735455,0.9990837555933307,C,Z,CZ,BLACK VINTAGE  CRYSTAL EARRINGS
35931,78.12,156,11,14.181818181818182,20.634040718279984,5.162322408526287,0.9990877211293487,C,Z,CZ,PINK STAR CHRISTMAS DECORATION
90214H,77.71,83,36,2.3055555555555554,2.3521351327123368,2.1936645869253404,0.9990916658529015,C,Z,CZ,"LETTER ""H"" BLING KEY RING"
90214N,77.65,79,37,2.135135135135135,2.9360041076470105,2.6423576892592537,0.9990956075307277,C,Z,CZ,"LETTER ""N"" BLING KEY RING"
21450,77.35000000000001,13,2,6.5,7.7781745930520225,9.393123507692701,0.9990995339799211,C,Z,CZ,DISTRESSED CANDLE STICK WHITE
90176C,77.0,10,6,1.6666666666666667,0.816496580927726,4.449719092257397,0.9991034426623759,C,Z,CZ,DIAMANTE NECKLACE
21595,76.95,9,6,1.5,0.5477225575051662,4.273085449562092,0.9991073488067252,C,Z,CZ,Dad's Cab Electronic Meter
84593,76.7,26,7,3.7142857142857144,3.251373336211726,4.859566299103719,0.9991112422605471,C,Z,CZ,CROCHET ROSE DES CLOTHES HANGER
84425A,76.6,18,8,2.25,1.0350983390135313,3.7957090783419383,0.9991151306381582,C,Z,CZ,WHITE GLASS TV TRIPLE FRAME
90100,76.5,30,10,3.0,3.197221015541813,4.475612931332547,0.9991190139395582,C,Z,CZ,NECKLACE+BRACELET SET PINK DAISY
90020,76.23,6,4,1.5,1.0,5.802298395176403,0.9991228835351885,C,Z,CZ,FILIGREE DIAMANTE CHAIN
90176A,75.88,10,7,1.4285714285714286,0.5345224838248488,3.9547439866570375,0.9991267353640804,C,Z,CZ,CLASSIC DIAMANTE NECKLACE JET
35815P,75.88,168,6,28.0,32.91200388915874,6.0241388955689406,0.9991305871929722,C,Z,CZ,"ACRYLIC JEWEL SNOWFLAKE, PINK"
84746,75.81,24,11,2.1818181818181817,1.5374122295716148,3.566822426505449,0.9991344354685163,C,Z,CZ,PINK EASTER HENS+FLOWER
20879,75.60000000000001,69,4,17.25,20.2875166871979,7.209165325631778,0.9991382730840175,C,Z,CZ,TREE OF NOAH FESTIVE SCENTED CANDLE
62043B,75.16,54,8,6.75,8.988087354143499,5.671747903409969,0.9991420883641904,C,Z,CZ,BLUE CHECK BAG W HANDLE 34X20CM
16161E,75.0,750,6,125.0,196.85019685029528,7.221880333788117,0.9991458955224256,C,Z,CZ,WRAP BOUDOIR
37399,75.0,143,3,47.666666666666664,32.95957119462165,6.68703711316372,0.9991497026806608,C,Z,CZ,"ASS RETROSPOOF MUGS,SPORTS"
84757,74.75,5,3,1.6666666666666667,0.5773502691896257,6.036555309114627,0.9991534971483687,C,Z,CZ,ENCHANTED GARDEN WROUGHT IRON TABLE
21267,74.6,24,3,8.0,3.605551275463989,6.1936347253540145,0.9991572840017601,C,Z,CZ,VINTAGE PINK TINSEL REEL
90012A,74.38,13,7,1.8571428571428572,1.8644544714716085,5.166459880063687,0.9991610596874873,C,Z,CZ,MIDNIGHT BLUE DROP CRYSTAL NECKLACE
37509,73.94999999999999,29,12,2.4166666666666665,1.5050420310248864,3.27840191920947,0.9991648135455071,C,Z,CZ,NEW ENGLAND MUG W GIFT BOX
84899E,73.93,53,13,4.076923076923077,5.235480532888688,4.379269264158445,0.9991685663882849,C,Z,CZ,YELLOW + BROWN BEAR FELT PURSE KIT
15030,73.66,254,24,10.583333333333334,11.758130088938708,2.908476391251927,0.999172305525293,C,Z,CZ,FAN BLACK FRAME
90130C,73.62,25,21,1.1904761904761905,0.5117663157191591,2.196360626126775,0.9991760426318168,C,Z,CZ,GREEN STONE/CRYSTAL EARRINGS
79331,73.6,60,8,7.5,5.9521904731427595,4.377721375835201,0.9991797787230985,C,Z,CZ,PINK FLOCK GLASS CANDLEHOLDER
84447,73.27,70,7,10.0,5.477225575051661,4.204467983039966,0.9991834980628838,C,Z,CZ,6 RABBIT CHAIN EASTER
16151A,72.5,52,4,13.0,20.016659728003237,8.439832298734924,0.9991871783158445,C,Z,CZ,FLOWERS HANDBAG blue and orange
90214B,72.33,75,31,2.4193548387096775,3.2941786386329763,2.893763408896219,0.9991908499392465,C,Z,CZ,"LETTER ""B"" BLING KEY RING"
84427B,72.25,17,5,3.4,4.33589667773576,6.845552694669856,0.9991945175016798,C,Z,CZ,BLACK GLASS TV DOUBLE P/FRAME 15X10
90027D,72.18,23,12,1.9166666666666667,1.0836246694508318,3.194690775229799,0.9991981815107653,C,Z,CZ,GLASS BEAD HOOP EARRINGS AMETHYST
90031,71.9,52,9,5.777777777777778,7.276293317647691,5.181327421245819,0.9992018313064601,C,Z,CZ,BILI NUT AND WOOD NECKLACE
90038C,71.46000000000001,19,9,2.111111111111111,1.8333333333333333,4.278076560578568,0.9992054587668268,C,Z,CZ,GLASS AND BEADS BRACELET IVORY
35937,71.44,188,10,18.8,17.856215848954236,4.224194684595339,0.9992090852119512,C,Z,CZ,CERISE+GOLD CHRISTMAS STOCKING DEC
90060D,71.4,12,7,1.7142857142857142,1.4960264830861913,4.853406592853679,0.999212709626591,C,Z,CZ,FIRE POLISHED GLASS NECKL BRONZE
17007B,71.4,34,6,5.666666666666667,5.08592829940284,5.288559173488361,0.999216334041231,C,Z,CZ,S/3 POT POURI CUSHIONS BLUE COLOURS
84925C,71.39999999999999,28,8,3.5,2.672612419124244,4.316555694210894,0.9992199584558709,C,Z,CZ,FAIRY CAKES  WALL THERMOMETER
84415A,71.25,27,6,4.5,2.345207879911715,4.500723916775422,0.9992235752561943,C,Z,CZ,PINK FLOCK SUEDE CUSHION COVER
90037B,71.17,28,10,2.8,2.3944379994757297,4.030495994190253,0.9992271879955491,C,Z,CZ,TINY CRYSTAL BRACELET GREEN
90179A,71.0,12,9,1.3333333333333333,0.7071067811865476,3.6666666666666665,0.9992307921053452,C,Z,CZ,AMBER FINE BEAD NECKLACE W TASSEL
16256C,70.98,169,10,16.9,14.60175027560433,4.048128750599371,0.9992343951998991,C,Z,CZ,HEARTS PENCIL/RUBBER+5 MINI PENCILS
84803B,70.98,42,10,4.2,3.8528488738133038,4.156518253409902,0.9992379982944529,C,Z,CZ,WHITE ALLIUM  ARTIFICIAL FLOWER
84086B,70.8,24,11,2.1818181818181817,1.7215215257545762,3.715582801601325,0.9992415922518271,C,Z,CZ,YELLOW/BLUE RETRO RADIO
90187B,70.6,21,14,1.5,0.9405399431259602,3.023340796066662,0.9992451760567792,C,Z,CZ,GREEN DROP EARRINGS W BEAD CLUSTER
20958,70.5,38,10,3.8,3.6453928305312844,4.244272660363901,0.9992487547855204,C,Z,CZ,PORCELAIN HANGING BELL LARGE
90202B,70.49,24,15,1.6,1.3522468075656264,3.2489314482696545,0.9992523330066404,C,Z,CZ,WHITE ENAMEL FLOWER HAIR TIE
90050,70.16,10,6,1.6666666666666667,1.0327955589886446,4.6776062254105994,0.9992558944762642,C,Z,CZ,CRACKED GLAZE NECKLACE IVORY
84705A,69.75,15,6,2.5,0.8366600265340756,4.23687515878284,0.999259435133423,C,Z,CZ,ENGLISH ROSE PHOTO FRAME
47420,69.72999999999999,367,27,13.592592592592593,16.63004523621041,2.8989661573370022,0.9992629747753395,C,Z,CZ,ASSORTED COLOUR SUCTION CUP HOOK
90131,69.62,10,5,2.0,1.224744871391589,5.102940328869229,0.9992665088334242,C,Z,CZ,PINK/AMETHYST/GOLD NECKLACE
72140F,69.18,175,12,14.583333333333334,19.439689173222785,4.667249331943882,0.9992700205561803,C,Z,CZ,HAPPY ANNIVERSARY CANDLE LETTERS
90037C,68.63,27,12,2.25,1.9598237397554634,3.700554216454114,0.9992735043597761,C,Z,CZ,TINY CRYSTAL BRACELET BLUE
90059C,68.18,41,21,1.9523809523809523,1.745743121887939,2.779096785127586,0.9992769653204225,C,Z,CZ,DIAMANTE HAIR GRIP PACK/2 MONTANA
71215,68.10000000000001,177,11,16.09090909090909,16.513355476429044,4.184114574465635,0.9992804222201002,C,Z,CZ,METAL BASE FOR CANDLES
84857A,68.0,8,2,4.0,4.242640687119285,8.958236433584458,0.9992838740435668,C,Z,CZ,SILVER MONTE CARLO HANDBAG
DCGS0004,67.94,4,4,1.0,0.0,5.0,0.999287322821307,C,Z,CZ,HAYNES CAMPER SHOULDER BAG
90140,67.9,9,7,1.2857142857142858,0.48795003647426655,3.961231882216864,0.9992907695685626,C,Z,CZ,PINK SWEETIE NECKLACE
90026B,67.82,8,7,1.1428571428571428,0.3779644730092272,3.9051248379533274,0.9992942122548494,C,Z,CZ,GLASS BEAD HOOP NECKLACE MONTANA
90026C,67.82,8,6,1.3333333333333333,0.5163977794943223,4.301162633521313,0.9992976549411363,C,Z,CZ,GLASS BEAD HOOP NECKLACE GREEN
90002E,67.77,18,9,2.0,1.7320508075688774,4.273085449562092,0.9993010950893176,C,Z,CZ,FLOWER BURST SILVER RING GREEN
84864A,67.71000000000001,7,4,1.75,0.9574271077563381,5.553083350164803,0.9993045321917725,C,Z,CZ,PINK PAISLEY PHOTO ALBUM
90078,67.64,9,5,1.8,0.8366600265340756,4.836844191039759,0.9993079657408797,C,Z,CZ,PINK/WHITE GLASS DEMI CHOKER
90024F,67.61,8,6,1.3333333333333333,0.5163977794943222,4.301162633521313,0.9993113977671234,C,Z,CZ,NEW BAROQUE B'FLY NECKLACE CRYSTAL
84926B,67.5,54,7,7.714285714285714,10.483547200483333,6.113579748299706,0.9993148242095351,C,Z,CZ,SCOTTS ROSES TILE COASTER
47341B,67.5,48,13,3.6923076923076925,3.9662033773836196,3.9396488845242703,0.9993182506519469,C,Z,CZ,BLUE TABLE RUN FLOWER
47504J,67.25,5,3,1.6666666666666667,1.1547005383792517,6.690291473471092,0.9993216644038312,C,Z,CZ,ENGLISH ROSE SET/3 GARDEN TOOLS
90214P,66.59,77,26,2.9615384615384617,5.1960043820671995,3.8521985013727873,0.999325044652723,C,Z,CZ,"LETTER ""P"" BLING KEY RING"
35819P,66.55,95,6,15.833333333333334,12.655697004379753,5.055865193335914,0.9993284228711304,C,Z,CZ,"ACRYLIC HANGING JEWEL,PINK"
90037A,66.31,26,11,2.3636363636363638,2.013590190318143,3.833054616400305,0.9993317889066314,C,Z,CZ,TINY CRYSTAL BRACELET RED
40002,66.3,78,1,78.0,0.0,10.14889156509222,0.9993351544345114,C,Z,CZ,WHITE BAMBOO RIBS LAMPSHADE
85072,66.0,120,1,120.0,0.0,10.148891565092221,0.9993385047337584,C,Z,CZ,OCCASIONS GIFT CARD ASSORTMENT
17136A,65.94,795,28,28.392857142857142,23.488908786464222,2.272782638102144,0.999341851987279,C,Z,CZ,BLUE STONES ON WIRE FOR CANDLE
79329,65.94,100,7,14.285714285714286,25.493229726826726,7.376394783361314,0.9993451992407995,C,Z,CZ,PINK FLOCK GLASS CANDLEHOLDER
84340,65.76,21,4,5.25,4.9916597106239795,6.52902120641618,0.9993485373571402,C,Z,CZ,LARGE FIBRE OPTIC CHRISTMAS TREE
79406,65.62,259,20,12.95,16.461997704441966,3.4903795228652776,0.9993518683667856,C,Z,CZ,FROSTED WHITE BASE
90179B,65.31,11,8,1.375,0.5175491695067657,3.68938616140055,0.9993551836401767,C,Z,CZ,PURPLE FINE BEAD NECKLACE W TASSEL
47016,65.10000000000001,31,4,7.75,10.90489186863706,7.975443580903498,0.999358488253525,C,Z,CZ,LIGHT DECORATION BATTERY OPERATED
90141B,64.94,13,9,1.4444444444444444,0.8819171036881969,3.7927055494218616,0.9993617847449358,C,Z,CZ,IVORY PENDANT TRIPLE SHELL NECKLACE
84551,64.35,39,8,4.875,4.54933276112317,4.680382773447371,0.9993650512867017,C,Z,CZ,CROCHET DOG KEYRING
90046,64.35,13,6,2.1666666666666665,1.1690451944500122,4.53193794512475,0.9993683178284676,C,Z,CZ,WHITE WITH METAL BAG CHARM
90074,64.09,7,6,1.1666666666666667,0.408248290463863,4.2546493176672655,0.9993715711720849,C,Z,CZ,BLACK DIAMOND CLUSTER NECKLACE
79534,63.800000000000004,116,14,8.285714285714286,4.195759240518408,2.8631074144340785,0.9993748097946904,C,Z,CZ,MULTICOLOUR GLASS PLATE
85018B,63.75,15,9,1.6666666666666667,1.6583123951777001,4.552410838714411,0.9993780458791903,C,Z,CZ,S/6 PAPER BOXES BLOSSOM IMAGES
20791,63.75,5,1,5.0,0.0,10.14889156509222,0.9993812819636904,C,Z,CZ,BLUE TILED SET OF 3 DRAWERS
85018A,63.75,15,10,1.5,1.0801234497346435,3.775358702604738,0.9993845180481903,C,Z,CZ,S/6 PAPER BOXES ROMANTIC IMAGES
84582,63.75,15,6,2.5,1.0488088481701516,4.344600736034965,0.9993877541326903,C,Z,CZ,PINK CROCHET CAT WITH SCARF
35973,63.75,51,6,8.5,7.918333157931662,5.372942593284116,0.9993909902171902,C,Z,CZ,GERANIUM FOLKART HEART DECORATION
20905,63.5,10,3,3.3333333333333335,2.0816659994661326,6.532993188424429,0.9993942136111628,C,Z,CZ,VINTAGE KEEPSAKE BOX BEAUTY GIRL
90205A,63.46,38,22,1.7272727272727273,1.0771133460194244,2.341365938898445,0.9993974349746509,C,Z,CZ,LARGE MINT DIAMANTE HAIRSLIDE
37491D,63.28,26,11,2.3636363636363638,2.1105794120443453,3.912504608009083,0.9994006472009593,C,Z,CZ,PURPLE/BLUE CERAMIC CANDLE HOLDER
72709,62.89999999999999,74,12,6.166666666666667,5.113855214172098,3.6235372102140326,0.9994038401376659,C,Z,CZ,IVORY SCULPTED RND CANDLE
84529B,62.35,13,3,4.333333333333333,4.932882862316247,7.975925314055079,0.9994070051552123,C,Z,CZ,BLUE KNITTED KID'S RUCKSACK
35607B,62.300000000000004,312,15,20.8,25.60747658678725,3.9675499986078298,0.9994101676346531,C,Z,CZ,BLACK FEATHER CHRISTMAS DECORATION
47348A,62.01,103,12,8.583333333333334,12.901432854414649,5.061139999081302,0.9994133153930821,C,Z,CZ,FUSCHIA VOILE POINTY SHOE DEC
72771B,61.94,129,2,64.5,89.80256121069154,10.069761474239002,0.9994164595981634,C,Z,CZ,BURG FLOCK GOLD CUP/CANDLE
20620,61.76,15,7,2.142857142857143,1.2149857925879117,4.23687515878284,0.9994195946660649,C,Z,CZ,RED SPOTTY PASSPORT COVER
35817B,61.3,143,2,71.5,98.2878425849301,10.006577620597874,0.9994227063833959,C,Z,CZ,"ACRYLIC JEWEL SNOWFLAKE,BLUE"
35910B,61.07,29,7,4.142857142857143,2.410295378065479,4.262353522472658,0.9994258064254415,C,Z,CZ,PINK FLOWERS RABBIT EASTER
90188,61.05,24,15,1.6,0.7367883976130072,2.7028791233711424,0.9994289054522452,C,Z,CZ,DROP EARRINGS W FLOWER & LEAF
90214I,61.0,62,22,2.8181818181818183,3.6727615617104097,3.3750939401887554,0.9994320019409432,C,Z,CZ,"LETTER ""I"" BLING KEY RING"
84875A,60.0,16,10,1.6,0.9660917830792959,3.579455265819088,0.9994350476675313,C,Z,CZ,PINK SQUARE COMPACT MIRROR
37477B,60.0,16,8,2.0,1.1952286093343936,4.007804885470349,0.9994380933941196,C,Z,CZ,"FLOWER FAIRY MUG+COASTER,LAVENDER"
23629,59.760000000000005,24,6,4.0,3.03315017762062,4.963757537278476,0.9994411269378015,C,Z,CZ,SET 10 CARDS DRESSING UP 17077
84292B,59.75,9,5,1.8,1.3038404810405297,5.341429040765296,0.9994441599738623,C,Z,CZ,BLUE COL METAL FOLDING CHAIR
90021,59.75,5,4,1.25,0.5,5.30282943342514,0.999447193009923,C,Z,CZ,LASER CUT MULTI STRAND NECKLACE
90171,59.65,47,11,4.2727272727272725,2.2843339988236875,3.3032214683259453,0.9994502209697727,C,Z,CZ,DAISY RING
44241C,59.5,70,7,10.0,16.901676445449624,7.087730127999157,0.999453241315306,C,Z,CZ,BLUE BUTTERFLY ON SPRING
35654,59.400000000000006,12,5,2.4,1.6733200530681511,5.280993172584953,0.9994562565846282,C,Z,CZ,VINTAGE BEAD FILLED PINK CUSHION
35001B,59.330000000000005,17,6,2.8333333333333335,1.9407902170679516,4.807361713413982,0.9994592683006028,C,Z,CZ,HAND OPEN SHAPE BLACK
90011B,59.06,20,12,1.6666666666666667,1.435481125130547,3.6823905279043934,0.9994622663108077,C,Z,CZ,BLACK CRYSTAL DROP EARRINGS
35909A,59.00000000000001,20,5,4.0,2.7386127875258306,5.253570214625478,0.9994652612752861,C,Z,CZ,RABBIT EASTER DECORATION
17129C,58.83,87,10,8.7,22.246348014898985,8.40240891793876,0.9994682476102058,C,Z,CZ,SKY BLUE COLOUR GLASS GEMS IN BAG
81985A,58.65,23,7,3.2857142857142856,2.288688541085317,4.476149776783234,0.9994712248079457,C,Z,CZ,"ICON ALARM CLOCK,FUSCHIA  PIN UP"
85023C,58.64999999999999,23,8,2.875,1.4577379737113252,3.863209240161646,0.9994742020056856,C,Z,CZ,PINK LARGE JEWELED PHOTOFRAME
84226,58.31,77,15,5.133333333333334,8.551246080180919,4.88779480270962,0.9994771619443081,C,Z,CZ,HEN HOUSE W FAMILY IN BARN & NEST
35816B,58.07,139,3,46.333333333333336,77.65522090196725,9.929055835536822,0.9994801097000244,C,Z,CZ,"ACRYLIC JEWEL ANGEL,BLUE"
35821B,57.0,150,3,50.0,24.24871130596428,6.253191185306908,0.9994830031402833,C,Z,CZ,"JEWELLED DECORATION,BLUE"
90212C,56.25,15,7,2.142857142857143,0.8997354108424375,4.012757433763251,0.9994858585089597,C,Z,CZ,PURPLE LAS VEGAS BRACELET ROUND
85080,56.18,114,11,10.363636363636363,9.69817227391561,3.997652435155578,0.9994887103242884,C,Z,CZ,PADDED RED HEART DECORATION
47344B,56.16,54,9,6.0,5.477225575051661,4.37209633213274,0.999491561124375,C,Z,CZ,BLUE FLOWER DES PURSE
85023A,56.1,22,7,3.142857142857143,3.1847852585154217,5.189786536797122,0.9994944088787351,C,Z,CZ,CRYSTAL LARGE JEWELLED PHOTO FRAME
90033,55.879999999999995,22,16,1.375,0.6191391873668903,2.5952913497491266,0.9994972454654308,C,Z,CZ,IVORY SHELL HEART EARRINGS
90182C,55.74,19,12,1.5833333333333333,1.4433756729740645,3.777393024420656,0.9995000749454311,C,Z,CZ,BLACK 3 BEAD DROP EARRINGS
90177A,55.690000000000005,19,14,1.3571428571428572,1.3363062095621219,3.6216492776502682,0.9995029018873262,C,Z,CZ,CLASSIC DIAMANTE EARRINGS JET
90214T,55.57,57,21,2.7142857142857144,3.363671463488329,3.3460054601334472,0.9995057227377679,C,Z,CZ,"LETTER ""T"" BLING KEY RING"
22657,55.24999999999999,65,7,9.285714285714286,6.897204402613321,4.569800534276843,0.9995085273443346,C,Z,CZ,HEN & 2 CHICKS IN BASKET
90001B,55.120000000000005,13,9,1.4444444444444444,0.5270462766947299,3.4529808749943753,0.9995113253518271,C,Z,CZ,ANTIQUE MID BLUE FLOWER EARRINGS
85151,55.0,44,3,14.666666666666666,10.503967504392488,6.74690011464708,0.9995141172678662,C,Z,CZ,WELCOME METAL SIGN
90135A,54.620000000000005,11,4,2.75,2.362907813126304,6.2766785973854065,0.9995168898943038,C,Z,CZ,ORANGE/FUSCHIA STONES NECKLACE
90142D,54.59,11,5,2.2,1.3038404810405297,5.06405253716562,0.9995196609978779,C,Z,CZ,MOP PENDANT SHELL NECKLACE
90043,54.510000000000005,10,6,1.6666666666666667,0.816496580927726,4.449719092257397,0.9995224280404834,C,Z,CZ,COPPER AND BRASS BAG CHARM
20820,54.45,11,8,1.375,0.7440238091428449,3.915428266792369,0.9995251920373621,C,Z,CZ,SILVER LOOKING MIRROR
20953,54.449999999999996,33,6,5.5,4.370354676682432,5.045158786490264,0.9995279560342409,C,Z,CZ,PORCELAIN CHERUB BELL LARGE
90084,54.4,64,6,10.666666666666666,14.922019523732928,6.678440124759673,0.9995307174930141,C,Z,CZ,PINK CRYSTAL GUITAR PHONE CHARM
46115B,54.34,286,16,17.875,15.235375501334607,3.1506969531403133,0.9995334759060609,C,Z,CZ,GREEN POP ART MAO CUSHION COVER
20870,54.300000000000004,30,3,10.0,14.730919862656235,9.155204955530914,0.9995362322886232,C,Z,CZ,OPULENT VELVET CANDLE IN BOX
84402B,54.089999999999996,63,2,31.5,41.71930009000631,9.828858020512984,0.9995389780111424,C,Z,CZ,PURPLE DRESS JEWELLERY STAND
72798C,53.11,28,15,1.8666666666666667,1.5522640914238175,3.2261685116103473,0.9995416739867942,C,Z,CZ,SET/4 GARDEN ROSE DINNER CANDLE
84845C,52.5,42,12,3.5,3.233348953414316,3.800883057677596,0.9995443389975588,C,Z,CZ,CARNATION SQUARE HANDY TIN
84845D,51.25,41,8,5.125,6.2891630149465385,5.397192298916286,0.9995469405556863,C,Z,CZ,GERANIUM SQUARE HANDY TIN
35071,51.14,50,2,25.0,31.11269837220809,9.553470573566447,0.9995495365299816,C,Z,CZ,ASSORTED SANTA CHRISTMAS DECORATION
20964,51.0,20,5,4.0,2.345207879911715,5.0517323761260355,0.9995521253975815,C,Z,CZ,POLYESTER FILLER PAD 60x40cm
84612B,51.0,20,4,5.0,2.0,5.30282943342514,0.9995547142651816,C,Z,CZ,SET/4 BLACK  BAROQUE FLOCK COASTER
85069,50.85,3,1,3.0,0.0,10.14889156509222,0.9995572955184652,C,Z,CZ,CREAM SWEETHEART DOUBLE SHELF
90034,50.48,5,5,1.0,0.0,4.449719092257397,0.9995598579897681,C,Z,CZ,WHITE SILVER NECKLACE SHELL GLASS
72083A,50.400000000000006,24,5,4.8,6.260990336999411,6.936217348894937,0.999562416400102,C,Z,CZ,STRAWBERY SWIRL FLARE CANDLE
90141E,50.06,10,5,2.0,0.7071067811865476,4.6776062254105994,0.9995649575513188,C,Z,CZ,ORANGE PENDANT TRIPLE SHELL NECKLAC
23603,49.8,20,7,2.857142857142857,1.864454471471609,4.39089968002003,0.999567485504387,C,Z,CZ,SET 10 CARD KRAFT REINDEER 17084
72129,49.76,75,15,5.0,4.613644360558612,3.3827536449203954,0.9995700114269709,C,Z,CZ,COLUMBIAN CANDLE ROUND
90052,49.58,7,5,1.4,0.8944271909999159,5.156727327937156,0.9995725282123749,C,Z,CZ,CRACKED GLAZE NECKLACE BROWN
84537B,49.14,117,10,11.7,9.452219022242579,3.9381495454534448,0.9995750226624507,C,Z,CZ,FAIRY CAKES GIFT BAG
35644,48.75,25,6,4.166666666666667,4.956477243634502,6.0640580472155765,0.9995774973153035,C,Z,CZ,PAIR PINK/BLACK COATHANGERS
90128A,48.71,33,8,4.125,4.38951673226759,4.988048157955071,0.9995799699376722,C,Z,CZ,PINK LEAVES AND BEADS PHONE CHARM
37489A,48.51,47,23,2.0434782608695654,1.2605287804426009,2.2732128375492144,0.9995824324076188,C,Z,CZ,YELLOW/PINK FLOWER DESIGN BIG MUG
35603C,48.3,83,16,5.1875,3.6003472054789385,2.904364248540217,0.9995848842175223,C,Z,CZ,SET/16 WHITE SHINY & MATT BAUBLES
37491A,48.3,18,12,1.5,0.674199862463242,3.044931023565494,0.9995873360274259,C,Z,CZ,YELLOW/PINK CERAMIC CANDLE HOLDER
90083,48.08,52,13,4.0,4.203173404306164,3.8927941319630754,0.9995897766696651,C,Z,CZ,CRYSTAL CZECH CROSS PHONE CHARM
84608,47.7,6,4,1.5,0.5773502691896257,5.280993172584953,0.9995921980223027,C,Z,CZ,ORNATE EDWARDIAN CANDLE HOLDER
21347,47.6,8,3,2.6666666666666665,2.8867513459481287,7.794228634059948,0.9995946142987294,C,Z,CZ,GOTHIC CARRIAGE LANTERN
85081,47.43,107,10,10.7,5.735852159879995,3.4770249003125735,0.9995970219455974,C,Z,CZ,PADDED HOLLY CHRISTMAS DECORATION
20895,47.20000000000001,16,4,4.0,5.354126134736337,7.74193128360101,0.9995994179171801,C,Z,CZ,VINTAGE NOTEBOOK FRENCH LETTER
35909B,47.2,16,6,2.6666666666666665,1.8618986725025255,4.834769901453429,0.9996018138887628,C,Z,CZ,PINK FLOWERS RABBIT EASTER
90067B,47.120000000000005,16,6,2.6666666666666665,2.581988897471611,5.465802777268861,0.9996042057993768,C,Z,CZ,BROWN VINTAGE VICTORIAN EARRINGS
37462E,47.12,107,23,4.6521739130434785,6.872929080835741,3.6002421284826993,0.9996065977099907,C,Z,CZ,"PET MUG, GOLDFISH"
84227,47.04,112,8,14.0,16.053482043291595,5.191977720778588,0.9996089855596358,C,Z,CZ,HEN HOUSE W CHICK IN NEST
90181C,46.93,5,5,1.0,0.0,4.449719092257397,0.9996113678254489,C,Z,CZ,BLACK GLASS/SHELL/PEARL NECKLACE
20988,46.8,24,7,3.4285714285714284,3.309438162646486,5.071708018234313,0.9996137434921878,C,Z,CZ,TRELLIS FLOWER CHOPSTICKS SET/5
84857B,46.8,24,1,24.0,0.0,10.14889156509222,0.9996161191589266,C,Z,CZ,BLUE MONTE CARLO HANDBAG
90001C,46.7,11,10,1.1,0.31622776601683794,3.1896008714270607,0.9996184897494544,C,Z,CZ,ANTIQUE OPAL WHITE FLOWER EARRINGS
90001A,46.6,11,10,1.1,0.31622776601683794,3.1896008714270607,0.9996208552637713,C,Z,CZ,ANTIQUE RASPBERRY FLOWER EARRINGS
84705F,46.5,10,5,2.0,0.0,4.449719092257397,0.9996232157018772,C,Z,CZ,RED PEONY PHOTO FRAME
16050,46.45,151,7,21.571428571428573,20.80750780253082,5.0700933161840585,0.9996255736018775,C,Z,CZ,TEATIME PENCIL WITH RUBBER
47341A,46.25,29,6,4.833333333333333,4.875106836436169,5.570326512459591,0.9996279213494559,C,Z,CZ,FUSCHIA TABLE RUN FLOWER
72024U,46.2,220,9,24.444444444444443,11.522924011629069,3.583017796345089,0.9996302665589288,C,Z,CZ,LILAC VOTIVE CANDLE
84626,45.95,1,1,1.0,0.0,10.14889156509222,0.9996325990778743,C,Z,CZ,CANDY STRIPE ROSE QUILT
18097A,45.89999999999999,18,10,1.8,1.0327955589886444,3.5329140212410324,0.9996349290587141,C,Z,CZ,PINK TALL PORCELAIN T-LIGHT HOLDER
35611B,45.76,62,2,31.0,28.284271247461902,8.523152040624188,0.9996372519328588,C,Z,CZ,BLACK ASSORTED DROPLET DECORATION
35233,45.0,12,8,1.5,0.5345224838248488,3.6666666666666665,0.9996395362278,C,Z,CZ,PASTA ENAMEL/BRASS CONTAINER
16161C,45.0,450,2,225.0,176.7766952966369,8.188368745730092,0.9996418205227411,C,Z,CZ,WRAP SPEED DEMONS
72724,45.0,36,2,18.0,1.4142135623730951,7.152656417524925,0.9996441048176823,C,Z,CZ,SET/6 CHRISTMAS ICICLE T-LIGHTS
23625,44.910000000000004,9,4,2.25,1.8929694486000912,6.22916279573768,0.9996463845440335,C,Z,CZ,SET 6 CARDS SPARKLY REINDEER 17262
90059B,44.87,27,15,1.8,1.740279123753264,3.4615267372270466,0.9996486622399005,C,Z,CZ,DIAMANTE HAIR GRIP PACK/2 BLACK DIA
21685,44.85,3,1,3.0,0.0,10.14889156509222,0.9996509389205253,C,Z,CZ,MEDINA STAMPED METAL TRAY
90135,44.75,9,3,3.0,2.6457513110645907,7.1862351275645,0.9996532105249389,C,Z,CZ,ORANGE/WHT/FUSCHIA STONES NECKLACE
90197D,44.550000000000004,9,4,2.25,1.5,5.802298395176405,0.9996554719769307,C,Z,CZ,AMBER GLASS BRACELET HEART CHARMS
72796B,44.55,27,9,3.0,2.345207879911715,4.102760956024258,0.9996577334289225,C,Z,CZ,S/3 FRENCH VANILLA SQU CANDLE
90011A,44.28,15,15,1.0,0.0,2.4358434541926814,0.9996599811751447,C,Z,CZ,MIDNIGHT BLUE CRYSTAL DROP EARRINGS
35085E,44.25,39,8,4.875,2.6423744732991303,3.9168712439752653,0.9996622273985035,C,Z,CZ,IVORY ROSE LAMPSHADE
84586L,44.25,15,5,3.0,1.5811388300841898,4.941884480865799,0.9996644736218623,C,Z,CZ,"PINK ROSES/GINGHAM PATCH RABBIT 8"""
90125E,44.19,18,12,1.5,1.0,3.346271188083466,0.9996667167994946,C,Z,CZ,AMBER BERTIE GLASS BEAD BAG CHARM
35815B,43.940000000000005,95,2,47.5,3.5355339059327378,7.151506437201161,0.9996689472865994,C,Z,CZ,"ACRYLIC JEWEL SNOWFLAKE,BLUE"
17014C,43.75,97,2,48.5,67.17514421272202,10.043792938769464,0.9996711681289033,C,Z,CZ,ORIGAMI LAVENDER INCENSE CONES
79063C,43.65,235,12,19.583333333333332,27.8550087982667,4.87233670909456,0.9996733838949962,C,Z,CZ,"RETRO PILL BOX KEY CHAIN,THE KING"
90042B,43.349999999999994,17,5,3.4,1.6733200530681511,4.8816441725088495,0.9996755844324562,C,Z,CZ,FRESHWATER PEARL BRACELET PINK
35822P,43.32,114,1,114.0,0.0,10.14889156509222,0.9996777834470529,C,Z,CZ,"ACRYLIC BEAD CHAIN, PINK"
90054,43.019999999999996,17,14,1.2142857142857142,0.4258153136263201,2.69755752654073,0.9996799672330167,C,Z,CZ,CRACKED GLAZE EARRINGS RED
23038,42.92,44,7,6.285714285714286,5.407226205560041,4.825038003532945,0.9996821459427695,C,Z,CZ,T-LIGHT HOLDER SILVER SAUCER
21596,42.64,10,5,2.0,1.224744871391589,5.102940328869229,0.9996843104391315,C,Z,CZ,Hypochondriac Pill Stress Ball
90024A,42.5,5,4,1.25,0.5,5.30282943342514,0.9996864678287982,C,Z,CZ,NEW BAROQUE B'FLY NECKLACE BLACK
90126C,42.1,21,5,4.2,4.658325879540846,6.34585228868757,0.999688604913621,C,Z,CZ,AMBER BERTIE MOBILE PHONE CHARM
72771C,42.08,54,1,54.0,0.0,10.14889156509222,0.9996907409832014,C,Z,CZ,BLACK FLOCK GOLD CANDLE
20860,42.0,20,9,2.2222222222222223,1.481365736219265,3.888444419044716,0.9996928729918132,C,Z,CZ,GOLD COSMETICS BAG WITH BUTTERFLY
90152C,41.650000000000006,7,4,1.75,0.9574271077563381,5.553083350164803,0.9996949872336864,C,Z,CZ,BLUE/NAT SHELL NECKLACE W PENDANT
90060C,41.65,7,3,2.3333333333333335,2.3094010767585034,7.503740563810798,0.9996971014755597,C,Z,CZ,FIRE POLISHED GLASS NECKL SILVER
90060B,41.65,7,4,1.75,0.5,5.156727327937156,0.9996992157174329,C,Z,CZ,FIRE POLISHED GLASS NECKL GOLD
84611B,41.65,7,4,1.75,0.5,5.156727327937156,0.9997013299593062,C,Z,CZ,BLACK NEW BAROQUE FLOCK BOX
85184B,41.3,14,6,2.3333333333333335,2.8047578623950176,6.099514868631198,0.9997034264344411,C,Z,CZ,SET 4 EASTER DECOUPAGE OVAL BOXES
23448,41.25,25,2,12.5,0.7071067811865476,7.147251219874672,0.9997055203714704,C,Z,CZ,CREAM BUNNY EASTER EGG BASKET
90027C,41.17,14,12,1.1666666666666667,0.3892494720807615,2.9242127843512455,0.9997076102475312,C,Z,CZ,GLASS BEAD HOOP EARRINGS GREEN
90183C,41.019999999999996,14,12,1.1666666666666667,0.3892494720807615,2.9242127843512455,0.9997096925092752,C,Z,CZ,BLACK DROP EARRINGS W LONG BEADS
21119,41.01,3,3,1.0,0.0,5.802298395176403,0.9997117742633984,C,Z,CZ,Glow In The Dark Shot Glasses
84798C,40.8,16,3,5.333333333333333,1.1547005383792517,5.894913061275798,0.9997138453574784,C,Z,CZ,WHITE FOXGLOVE ARTIIFCIAL FLOWER
44228,40.8,48,3,16.0,6.928203230275509,6.164414002968977,0.9997159164515584,C,Z,CZ,CANNABIS LEAF BEAD CURTAIN
47013C,40.519999999999996,147,23,6.391304347826087,5.5819443536099875,2.6116690833622713,0.9997179733322477,C,Z,CZ,WINE BOTTLE DRESSING DARK BLUE
90136,40.47,4,3,1.3333333333333333,0.5773502691896258,6.164414002968976,0.9997200276748313,C,Z,CZ,PALE PINK/AMETHYST STONE NECKLACE
90152A,40.34,7,7,1.0,0.0,3.7225183487986806,0.9997220754183408,C,Z,CZ,SILVER/NAT SHELL NECKLACE W PENDANT
37468,40.2,66,12,5.5,6.346079677464448,4.271222602027409,0.9997241160551549,C,Z,CZ,HARDMAN MUG 3 ASSORTED
20994,39.95,47,4,11.75,12.711543310445562,6.915351866976283,0.9997261440014414,C,Z,CZ,JAZZ HEARTS SPIRAL NOTEPAD
47013A,39.87,141,20,7.05,7.323178774850512,3.087111111922156,0.9997281678867593,C,Z,CZ,WINE BOTTLE DRESSING LT.BLUE
79065A,39.8,4,1,4.0,0.0,10.14889156509222,0.9997301882187296,C,Z,CZ,TEATIME ROUND CAKE TINS
35963,39.519999999999996,104,10,10.4,10.002221975363497,4.2494343514981265,0.999732194337309,C,Z,CZ,FOLKART ZINC CLIP ON ANGEL WINGS
82545A,38.75,31,9,3.4444444444444446,2.1278575558006176,3.80467427067434,0.9997341613690639,C,Z,CZ,COGNAC AUX OEUFS METAL 1 HOOK
90130D,38.31,13,8,1.625,1.7677669529663689,5.045942772320992,0.9997361060654903,C,Z,CZ,RED STONE/CRYSTAL EARRINGS
90027B,38.28,13,9,1.4444444444444444,1.0137937550497031,3.9516306273973303,0.9997380492390537,C,Z,CZ,GLASS BEAD HOOP EARRINGS MONTANA
90176B,37.620000000000005,5,4,1.25,0.5,5.30282943342514,0.9997399589096245,C,Z,CZ,DIAMANTE NECKLACE BLACK
85115B,37.620000000000005,6,2,3.0,0.0,7.1414284285428495,0.9997418685801954,C,Z,CZ,S/4 BLACK DISCO PARTITION PANEL
90039A,37.61,10,5,2.0,2.23606797749979,6.371812928829596,0.9997437777431452,C,Z,CZ,FIRE POLISHED GLASS BRACELET RED
90214F,37.53,45,22,2.0454545454545454,2.681102700067957,3.388214869219483,0.9997456828451261,C,Z,CZ,"LETTER ""F"" BLING KEY RING"
37112,37.5,10,4,2.5,1.2909944487358056,5.495452665613634,0.9997475864242438,C,Z,CZ,YELLOW BIRDS FELT DES FOODCOVER
79413,37.5,30,5,6.0,4.847679857416329,5.537347941228023,0.9997494900033613,C,Z,CZ,GLASS WINE GLASS DECORATIONS
90126A,37.14,20,5,4.0,4.795831523312719,6.612110101926615,0.9997513753081195,C,Z,CZ,PINK BERTIE MOBILE PHONE CHARM
84251J,37.04,74,11,6.7272727272727275,8.27152838465672,4.631252806380868,0.9997532555366666,C,Z,CZ,"GREETING CARD, THE BLACK CAT"
72715,36.96,88,11,8.0,4.1952353926806065,3.289100457295554,0.9997551317042449,C,Z,CZ,SPHERICAL IVORY CANDLE
16162M,36.96,88,10,8.8,4.131182235954578,3.3856771726429225,0.9997570078718233,C,Z,CZ,THE KING GIFT BAG 25x24x12cm
17014E,36.599999999999994,95,6,15.833333333333334,35.84643171456075,9.506323890222612,0.9997588657650422,C,Z,CZ,ORIGAMI OPIUM INCENSE CONES
90141D,36.33,7,5,1.4,0.8944271909999159,5.156727327937156,0.9997607099524912,C,Z,CZ,ROSE PENDANT TRIPLE SHELL NECKLACE
90037D,35.870000000000005,14,7,2.0,1.8257418583505538,4.946654198051654,0.9997625307893699,C,Z,CZ,TINY CRYSTALS BRACELET BLACK
84745B,35.7,85,17,5.0,2.4748737341529163,2.5550546957491727,0.9997643429966899,C,Z,CZ,BLUE HANGING GINGHAM EASTER HEN
37348,35.7,14,6,2.3333333333333335,2.1602468994692865,5.358571238146015,0.9997661552040099,C,Z,CZ,SET OF 4 PASTEL STACKING MUGS
90132,35.63,7,7,1.0,0.0,3.7225183487986806,0.9997679638579821,C,Z,CZ,LIGHT TOPAZ TEAL/AQUA COL NECKLACE
90011C,35.33,12,7,1.7142857142857142,1.8898223650461359,5.41602560309064,0.9997697572833214,C,Z,CZ,GREEN CRYSTAL DROP EARRINGS
79063D,35.33,190,9,21.11111111111111,32.06027309788722,5.851902642981708,0.9997715507086606,C,Z,CZ,"RETRO PILL BOX , REVOLUTIONARY"
90152B,35.26,6,5,1.2,0.4472135954999579,4.702245326555295,0.9997733405806524,C,Z,CZ,BLUE/GREEN SHELL NECKLACE W PENDANT
DCGS0058,34.82,42,19,2.210526315789474,2.175084860884003,3.0812872416831953,0.9997751081173157,C,Z,CZ,MISO PRETTY  GUM
84868B,34.75,5,3,1.6666666666666667,0.5773502691896258,6.036555309114627,0.9997768721006315,C,Z,CZ,BLUE BABY BOY'S MEMORY BOX
84546,34.65,21,3,7.0,4.58257569495584,6.600865744084526,0.999778631007736,C,Z,CZ,CROCHET POODLE KEYRING
90081B,34.65,7,3,2.3333333333333335,1.1547005383792517,6.271086876470847,0.9997803899148406,C,Z,CZ,LILY BROOCH WHITE/SILVER COLOUR
35955,34.620000000000005,135,3,45.0,76.2102355330306,9.997637581031135,0.9997821472990821,C,Z,CZ,SMALL FOLKART CHRISTMAS TREE DEC
44265,34.0,8,4,2.0,0.816496580927726,5.315072906367324,0.9997838732108154,C,Z,CZ,M/COLOUR POM-POM CURTAIN
90066A,33.75,5,2,2.5,0.7071067811865476,7.285602240034793,0.9997855864320213,C,Z,CZ,PINK VINTAGE VICTORIAN CHOKER
84456,33.15,37,13,2.8461538461538463,2.9395621512438956,3.8571080731674474,0.9997872691959612,C,Z,CZ,SET OF 3 RABBIT EGG EASTER
85079,33.1,24,4,6.0,4.69041575982343,6.075908711186061,0.9997889494217957,C,Z,CZ,EMBROIDERED REINDEER DECORATION
90076,33.0,12,7,1.7142857142857142,1.8898223650461359,5.41602560309064,0.9997906245714193,C,Z,CZ,MONTANA DIAMOND CLUSTER EARRINGS
DCGS0003,32.589999999999996,13,13,1.0,0.0,2.6457513110645907,0.9997922789085778,C,Z,CZ,BOXED GLASS ASHTRAY
90214O,31.42,36,16,2.25,3.0,4.041451884327381,0.9997938738540679,C,Z,CZ,"LETTER ""O"" BLING KEY RING"
23632,31.200000000000003,15,6,2.5,2.345207879911715,5.3892897903568375,0.9997954576318937,C,Z,CZ,SET 10 CARDS CHEERFUL ROBIN 17065
84745A,31.08,74,15,4.933333333333334,2.7637104114026196,2.822092743106423,0.9997970353182664,C,Z,CZ,PINK HANGING GINGHAM EASTER HEN
44091C,30.66,61,14,4.357142857142857,6.033332321453784,4.433357951381087,0.9997985916845529,C,Z,CZ,MULTICOLOUR CRUSOE CHECK LAMPSHADE
21919,30.47,6,4,1.5,0.5773502691896257,5.280993172584953,0.9998001384060385,C,Z,CZ,Electronic Talking Breath-A-Loser
37489B,30.419999999999998,38,17,2.235294117647059,1.3932610920384718,2.7119311637870007,0.9998016825894188,C,Z,CZ,BLUE/YELLOW FLOWER DESIGN BIG MUG
90025F,30.23,8,8,1.0,0.0,3.464101615137754,0.9998032171279982,C,Z,CZ,BAROQUE BUTTERFLY EARRINGS CRYSTAL
90214V,30.23,39,23,1.6956521739130435,2.304832524160243,3.3930547465109537,0.9998047516665777,C,Z,CZ,"LETTER ""V"" BLING KEY RING"
18010,30.16,64,5,12.8,8.105553651663778,5.14515852525459,0.9998062826518093,C,Z,CZ,ASSORTED FRAGRANCE BATH CONFETTI
37491B,30.08,14,7,2.0,1.1547005383792515,4.2546493176672655,0.9998078095760721,C,Z,CZ,BLUE/YELLOW CERAMIC CANDLE HOLDER
47563B,30.0,8,6,1.3333333333333333,0.816496580927726,4.663689526544407,0.9998093324393662,C,Z,CZ,WAVELINE SURF IRONING BOARD COVER
84876C,30.0,8,3,2.6666666666666665,2.8867513459481287,7.794228634059948,0.9998108553026603,C,Z,CZ,SILVER HEART COMPACT MIRROR
90176E,29.98,4,3,1.3333333333333333,0.5773502691896257,6.164414002968976,0.9998123771507123,C,Z,CZ,DIAMANTE NECKLACE GREEN
21767,29.95,1,1,1.0,0.0,10.14889156509222,0.9998138974759008,C,Z,CZ,FRENCH STYLE WIRE DOOR CABINET
78056,29.849999999999998,3,2,1.5,0.7071067811865476,7.5351030369715435,0.9998154127248785,C,Z,CZ,CAMOUFLAGE BACKPACK ON WHEELS
22351,29.81,15,3,5.0,6.082762530298219,8.238392507711144,0.9998169259433717,C,Z,CZ,DOTCOMGIFTSHOP TEA TOWEL
35598A,29.500000000000004,10,2,5.0,5.656854249492381,9.1804139340228,0.9998184234256109,C,Z,CZ,DUSTY PINK CHRISTMAS TREE 60CM
78034B,29.25,15,9,1.6666666666666667,0.8660254037844386,3.6508750853581518,0.9998199082173227,C,Z,CZ,BLUE NETTING STORAGE HANGER
40005B,28.9,34,12,2.8333333333333335,1.7494587907710375,3.2703977938629736,0.9998213752422959,C,Z,CZ,BLUE ORGANDY ROUND LAMPSHADE W BEA
37489D,28.86,46,19,2.4210526315789473,1.7099639201419234,2.657158537495221,0.9998228402367848,C,Z,CZ,PINK/GREEN FLOWER DESIGN BIG MUG
44089C,28.56,68,15,4.533333333333333,2.8999178970315365,2.929388140703231,0.9998242900026407,C,Z,CZ,LILAC GAUZE BUTTERFLY LAMPSHADE
21097,28.05,33,6,5.5,3.7815340802378077,4.812651676738735,0.9998257138798208,C,Z,CZ,SET/6 GREEN SPRING  PAPER PLATE
37489C,28.009999999999998,28,11,2.5454545454545454,1.507556722888818,3.386648454608485,0.9998271357265164,C,Z,CZ,GREEN/BLUE FLOWER DESIGN BIG MUG
17091F,27.71,19,4,4.75,1.8929694486000914,5.300655894187743,0.9998285423445791,C,Z,CZ,SANDALWOOD INCENSE IN TIN
23637,27.39,11,8,1.375,0.7440238091428449,3.915428266792369,0.9998299327187666,C,Z,CZ,SET 10 CARDS OUT OF ORDER 17216
23613,27.39,11,4,2.75,1.2583057392117916,5.39283270907778,0.9998313230929542,C,Z,CZ,SET 10 XMAS CARDS & BADGES 17070
84030B,27.21,6,3,2.0,1.7320508075688772,7.1414284285428495,0.999832704329962,C,Z,CZ,KNITTED POM POM HOT WATER BOTTLE
84867B,27.14,2,1,2.0,0.0,10.14889156509222,0.9998340820136221,C,Z,CZ,BLUE BABY BOY'S PHOTO ALBUM
90187A,27.04,8,7,1.1428571428571428,0.3779644730092272,3.9051248379533274,0.9998354546210712,C,Z,CZ,BLUE DROP EARRINGS W BEAD CLUSTER
23702,27.0,4,3,1.3333333333333333,0.5773502691896257,6.164414002968976,0.9998368251980359,C,Z,CZ,High Resolution Image
17013F,26.7,62,5,12.4,24.388521890430344,9.17439997952952,0.9998381805463675,C,Z,CZ,ORIGAMI SANDLEWOOD INCENSE IN TUBE
90027A,26.52,9,6,1.5,1.224744871391589,5.095386439021379,0.9998395267575195,C,Z,CZ,GLASS BEAD HOOP EARRINGS BLACK
90025E,26.5,7,7,1.0,0.0,3.7225183487986806,0.9998408719534293,C,Z,CZ,BAROQUE BUTTERFLY EARRINGS MONTANA
23636,26.19,9,5,1.8,1.3038404810405297,5.341429040765296,0.9998422014130851,C,Z,CZ,SET 10 CARDS WISHING TREE 17116
90182A,26.16,9,6,1.5,1.224744871391589,5.095386439021379,0.9998435293498776,C,Z,CZ,AMBER 3 BEAD DROP EARRINGS
90041,25.67,7,6,1.1666666666666667,0.408248290463863,4.2546493176672655,0.9998448324132363,C,Z,CZ,PEARL AND CHERRY QUARTZ BRACLET
20954,25.590000000000003,3,2,1.5,0.7071067811865476,7.5351030369715435,0.9998461314156262,C,Z,CZ,*USB Office Mirror Ball
90142A,25.45,5,4,1.25,0.5,5.30282943342514,0.9998474233113207,C,Z,CZ,GREEN PENDANT SHELL NECKLACE
DCGS0070,25.44,2,2,1.0,0.0,7.14142842854285,0.9998487146993942,C,Z,CZ,CAMOUFLAGE DOG COLLAR
47552A,25.349999999999998,13,8,1.625,1.7677669529663687,5.045942772320992,0.9998500015188777,C,Z,CZ,DOTS IRONING BOARD COVER
90214Y,25.339999999999996,68,9,7.555555555555555,19.666666666666668,8.952585600112162,0.9998512878307402,C,Z,CZ,"LETTER ""Y"" BLING KEY RING"
90055,25.28,10,10,1.0,0.0,3.065941943351178,0.9998525710968761,C,Z,CZ,CRACKED GLAZE EARRINGS BROWN
35597D,25.28,58,5,11.6,11.058933040759403,5.909644669428617,0.9998538543630119,C,Z,CZ,PINK/WHITE CHRISTMAS TREE 30CM
90053,25.23,10,10,1.0,0.0,3.065941943351178,0.9998551350910423,C,Z,CZ,CRACKED GLAZE EARRINGS IVORY
90128C,25.04,17,6,2.8333333333333335,4.490731195102493,7.253921502375785,0.9998564061742717,C,Z,CZ,GREEN LEAVES AND BEADS PHONE CHARM
23620,24.900000000000002,10,6,1.6666666666666667,0.816496580927726,4.449719092257397,0.9998576701508057,C,Z,CZ,SET 10 CARDS PERFECT POST 17090
84550,24.75,15,5,3.0,2.345207879911715,5.474384795471442,0.9998589265130234,C,Z,CZ,CROCHET LILAC/RED BEAR KEYRING
35633B,24.7,130,9,14.444444444444445,14.449144534462162,4.564410822203251,0.9998601803371355,C,Z,CZ,BLUE TINSEL GARLAND
35596,24.65,29,2,14.5,7.7781745930520225,7.647324339927499,0.9998614316231421,C,Z,CZ,WOOD XMAS TREE 9 FIG SHELVES
10124A,24.36,58,16,3.625,2.3909551787239067,2.8549974958913324,0.9998626681881368,C,Z,CZ,SPOTS ON RED BOOKCOVER TAPE
84450A,24.18,52,4,13.0,6.6332495807108,5.484243163548009,0.9998638956159519,C,Z,CZ,PINK RABBIT SITTING EASTER
84575B,23.8,4,3,1.3333333333333333,0.5773502691896258,6.164414002968976,0.9998651037541653,C,Z,CZ,BROWN DOG CANNISTER W BONE
90128B,23.759999999999998,18,6,3.0,4.427188724235731,6.913040102356569,0.9998663098618943,C,Z,CZ,BLUE LEAVES AND BEADS PHONE CHARM
17014F,23.699999999999996,61,4,15.25,27.83732506306356,9.485543959549505,0.9998675129238965,C,Z,CZ,ORIGAMI SANDLEWOOD INCENSE CONES
90011E,23.61,8,8,1.0,0.0,3.464101615137754,0.999868711417309,C,Z,CZ,AMBER CRYSTAL DROP EARRINGS
23623,23.28,8,5,1.6,0.8944271909999159,5.0,0.9998698931592253,C,Z,CZ,SET 10 CARD CHRISTMAS WELCOME 17112
90095,22.91,8,3,2.6666666666666665,2.8867513459481287,7.794228634059948,0.9998710561191609,C,Z,CZ,NECKLACE+BRACELET SET PINK BLOSSOM
90025C,22.56,6,6,1.0,0.0,4.041451884327381,0.999872201312358,C,Z,CZ,BAROQUE BUTTERFLY EARRINGS GREEN
90189B,22.5,3,2,1.5,0.7071067811865476,7.5351030369715435,0.9998733434598286,C,Z,CZ,GOLD 2 STRAND NECKLACE-LEAF CHARMS
35591T,22.5,18,7,2.5714285714285716,1.511857892036909,4.273085449562092,0.9998744856072992,C,Z,CZ,TURQUOISE CHRISTMAS TREE
85225,22.5,19,10,1.9,1.911950719959998,4.34489543527693,0.9998756277547697,C,Z,CZ,BLING KEY RING STAND
37477C,22.5,6,1,6.0,0.0,10.14889156509222,0.9998767699022403,C,Z,CZ,"FLOWER FAIRY MUG+COASTER,ROSE"
23645,22.410000000000004,9,4,2.25,1.2583057392117916,5.576626707257603,0.999877907481121,C,Z,CZ,SET 10 CHRISTMAS CARDS HOHOHO 16956
23640,22.410000000000004,9,8,1.125,0.3535533905932738,3.622631197089135,0.9998790450600017,C,Z,CZ,SET 10 CARDS SCOTTIE DOG 17211
35652,21.5,18,2,9.0,9.899494936611665,9.080572125337522,0.9998801364453624,C,Z,CZ,VINTAGE BEAD CHAISE LONG JEWEL BOX
90214Z,21.49,31,16,1.9375,2.719528145346787,4.183984130585918,0.999881227323102,C,Z,CZ,"LETTER ""Z"" BLING KEY RING"
84387A,21.45,11,1,11.0,0.0,10.14889156509222,0.9998823161703573,C,Z,CZ,BIRD ON BRANCH CANVAS SCREEN
21387,21.25,25,2,12.5,14.849242404917497,9.364357959838998,0.9998833948651906,C,Z,CZ,IVORY HANGING DECORATION  RABBIT
44092C,21.25,25,9,2.7777777777777777,1.7873008824606014,3.848116422355228,0.999884473560024,C,Z,CZ,PURPLE/COPPER HANGING LAMPSHADE
90128D,21.24,13,7,1.8571428571428572,1.864454471471609,5.166459880063687,0.9998855517472361,C,Z,CZ,PURPLE LEAVES AND BEADS PHONE CHAR
21594,21.06,5,5,1.0,0.0,4.449719092257397,0.9998866207972685,C,Z,CZ,Dr. Jam's Arouzer Stress Ball
35603B,21.0,50,1,50.0,0.0,10.148891565092221,0.9998876868015744,C,Z,CZ,S/16 BLACK SHINY/MAT BAUBLES
23692,21.0,50,2,25.0,0.0,7.14142842854285,0.9998887528058802,C,Z,CZ,WRAP A PRETTY THANK YOU
DCGS0072,20.68,4,1,4.0,0.0,10.14889156509222,0.999889802566311,C,Z,CZ,CAT CAMOUFLAGUE COLLAR
10002R,20.57,4,3,1.3333333333333333,0.5773502691896257,6.164414002968976,0.9998908467429096,C,Z,CZ,ROBOT PENCIL SHARPNER
79172D,20.4,24,4,6.0,4.546060565661952,6.016181882593348,0.9998918822899495,C,Z,CZ,PURPLE TINT ACRYLIC FLOWER VASE
90082C,19.93,3,3,1.0,0.0,5.802298395176403,0.9998928939787979,C,Z,CZ,DIAMANTE BOW BROOCH WHITE COLOUR
23616,19.92,8,5,1.6,0.8944271909999159,5.0,0.9998939051600253,C,Z,CZ,SET 10 CARDS JINGLE BELLS 17217
90127A,19.92,14,2,7.0,7.0710678118654755,8.805146917848559,0.9998949163412527,C,Z,CZ,PINK BEADS+HAND PHONE CHARM
23601,19.92,8,3,2.6666666666666665,2.8867513459481287,7.794228634059948,0.99989592752248,C,Z,CZ,SET 10 CARDS SNOWY SNOWDROPS  17100
23646,19.92,8,4,2.0,1.1547005383792515,5.612486080160912,0.9998969387037074,C,Z,CZ,SET 10 CARDS JINGLE BELLS 16957
84570B,19.8,4,2,2.0,1.4142135623730951,8.0,0.9998979437934815,C,Z,CZ,WHITE SATIN DRESS JEWEL STAND
37488A,19.770000000000003,31,5,6.2,8.899438184514796,7.354202009792257,0.9998989473603923,C,Z,CZ,YELLOW PINK FLOWER DESIGN BIG BOWL
37487B,19.72,68,1,68.0,0.0,10.14889156509222,0.9998999483891976,C,Z,CZ,YELLOW/ORANGE FLOWER DESIGN PLATE
20680,19.5,6,3,2.0,1.7320508075688772,7.1414284285428495,0.9999009382503388,C,Z,CZ,PINK FLOWERS CHILDS UMBRELLA
79062D,19.4,52,4,13.0,8.246211251235321,5.731156414385656,0.9999019230352689,C,Z,CZ,"RETRO TIN ASHTRAY,REVOLUTIONARY"
81950V,19.089999999999996,33,9,3.6666666666666665,3.674234614174767,4.568326295519226,0.999902892083945,C,Z,CZ,FLOWER PURPLE CLOCK W/SUCKER
90025D,18.69,5,5,1.0,0.0,4.449719092257397,0.9999038408277773,C,Z,CZ,BAROQUE BUTTERFLY EARRINGS PINK
84732B,18.48,28,6,4.666666666666667,7.554248252914824,7.360956015993287,0.9999047789115665,C,Z,CZ,CUTE BIRD CEATURE SCREEN
72796A,18.15,11,5,2.2,1.6431676725154984,5.39283270907778,0.9999057002438594,C,Z,CZ,S/3 ENGLISH LAVENDER SQU CANDLE
84311,18.15,11,1,11.0,0.0,10.14889156509222,0.9999066215761523,C,Z,CZ,CAMOFLAGE CUSHION COVER
84614C,17.85,3,1,3.0,0.0,10.14889156509222,0.9999075276798123,C,Z,CZ,BLUE BAROQUE FLOCK CANDLE HOLDER
71050,17.849999999999998,51,7,7.285714285714286,3.728908942943218,4.146444584372567,0.9999084337834724,C,Z,CZ,SMALL SINGLE FLAME CANDLE HOLDER
18097B,17.849999999999998,7,3,2.3333333333333335,1.1547005383792515,6.271086876470847,0.9999093398871325,C,Z,CZ,BLUE TALL PORCELAIN T-LIGHT HOLDER
90182B,17.53,6,5,1.2,0.4472135954999579,4.702245326555295,0.9999102297469173,C,Z,CZ,AMETHYST 3 BEAD DROP EARRINGS
23627,17.43,7,2,3.5,3.5355339059327378,8.805146917848559,0.9999111145304912,C,Z,CZ,SET 10 CARDS XMAS GRAPHIC  17218
DCGS0066N,17.3,2,1,2.0,0.0,10.14889156509222,0.9999119927149909,C,Z,CZ,NAVY CUDDLES DOG HOODIE
DCGS0068,17.12,2,2,1.0,0.0,7.14142842854285,0.9999128617623108,C,Z,CZ,DOGS NIGHT COLLAR
21120,16.98,1,1,1.0,0.0,10.14889156509222,0.9999137237029352,C,Z,CZ,*Boombox Ipod Classic
72805,16.9,10,3,3.3333333333333335,1.5275252316519468,6.206448259673159,0.9999145815825908,C,Z,CZ,VANILLA CANDLE IN EMBOSSED ZINC POT
21511,16.8,40,2,20.0,5.656854249492381,7.285602240034793,0.9999154343860356,C,Z,CZ,VINTAGE COLLAGE  GREETING  CARD
72785A,16.8,8,4,2.0,0.816496580927726,5.315072906367324,0.9999162871894803,C,Z,CZ,S/4 CONTEMPORY PINK ROSEBUD CANDLES
44089A,16.799999999999997,40,10,4.0,2.9814239699997196,3.8209946349085597,0.9999171399929251,C,Z,CZ,PINK GAUZE BUTTERFLY LAMPSHADE
23644,16.65,5,5,1.0,0.0,4.449719092257397,0.9999179851820532,C,Z,CZ,SET 10 CARDS CHRISTMAS TREE 16955
90102,16.11,19,4,4.75,4.112987559751022,6.294481600176336,0.9999188029596421,C,Z,CZ,WHITE FRANGIPANI HAIR CLIP
62074B,15.96,38,11,3.4545454545454546,2.73362895666681,3.7197533650704466,0.9999196131229146,C,Z,CZ,ELEPHANT CLIP W SUCTION CUP
84250M,15.9,28,11,2.5454545454545454,3.205109557055308,4.69910977239958,0.9999204202404604,C,Z,CZ,"GREETING CARD, BLACKPOOL ROCK"
84630,15.9,2,1,2.0,0.0,10.14889156509222,0.9999212273580061,C,Z,CZ,FLOWERS AND BIRDS WALL PLAQUE
35932,15.629999999999999,37,9,4.111111111111111,3.3333333333333335,4.160319002209577,0.9999220207697824,C,Z,CZ,PINK CHRISTMAS TREE DECORATION
21560,15.440000000000001,4,2,2.0,1.4142135623730951,8.0,0.9999228045367579,C,Z,CZ,TOADSTOOL  LUNCHBOX WITH CUTLERY
21853,15.399999999999999,3,3,1.0,0.0,5.802298395176403,0.9999235862732487,C,Z,CZ,GUMBALL CUSTOM CARS TOP TRUMPS GAME
37481,15.3,6,1,6.0,0.0,10.14889156509222,0.9999243629335287,C,Z,CZ,CUBIC MUG TEATIME CAKES
17174,15.120000000000001,36,6,6.0,8.94427190999916,6.959317406573155,0.999925130456629,C,Z,CZ,ASSTD RASTA KEY-CHAINS
84206A,15.010000000000002,79,7,11.285714285714286,8.826367424074409,4.652566041864902,0.9999258923958972,C,Z,CZ,3 BLACK CATS W HEARTS BLANK CARD
90068,15.0,2,2,1.0,0.0,7.14142842854285,0.9999266538275443,C,Z,CZ,"RUBY GLASS NECKLACE 42"""
23449,15.0,12,1,12.0,0.0,10.14889156509222,0.9999274152591914,C,Z,CZ,SET OF 6 EASTER RAINBOW CHICKS
21475,14.95,1,1,1.0,0.0,10.14889156509222,0.9999281741527328,C,Z,CZ,SWEETHEART CREAM STEEL FOLDIN CHAIR
23621,14.940000000000001,6,3,2.0,1.7320508075688772,7.1414284285428495,0.9999289325386534,C,Z,CZ,SET 10 CARDS DAVID'S MADONNA 17074
35650,14.850000000000001,3,3,1.0,0.0,5.802298395176403,0.9999296863559841,C,Z,CZ,VINTAGE BEAD PINK JEWEL STAND
84567,14.85,9,1,9.0,0.0,10.148891565092221,0.9999304401733147,C,Z,CZ,FROSTED GLASS WITH SILVER SURROUND
SP1002,14.75,5,1,5.0,0.0,10.14889156509222,0.9999311889144343,C,Z,CZ,KID'S CHALKBOARD/EASEL
90011D,14.75,5,5,1.0,0.0,4.449719092257397,0.9999319376555539,C,Z,CZ,PURPLE CRYSTAL DROP EARRINGS
23634,14.55,5,5,1.0,0.0,4.449719092257397,0.9999326762442516,C,Z,CZ,SET 10 CARDS XMAS CHOIR 17068
90077,14.399999999999999,5,5,1.0,0.0,4.449719092257397,0.9999334072186327,C,Z,CZ,BLACK DIAMOND CLUSTER EARRINGS
10124G,14.28,33,10,3.3,1.4944341180973264,3.364455264771719,0.9999341321015608,C,Z,CZ,ARMY CAMO BOOKCOVER TAPE
84868A,13.9,2,1,2.0,0.0,10.14889156509222,0.9999348376948869,C,Z,CZ,PINK BABY GIRL'S MEMORY BOX
21852,13.9,2,2,1.0,0.0,7.14142842854285,0.9999355432882131,C,Z,CZ,EMPIRE TEDDY
16245A,13.75,11,6,1.8333333333333333,1.3291601358251257,4.891382200841675,0.9999362412672229,C,Z,CZ,PINK MINI STATIONERY SET W CASE
35936,13.68,36,8,4.5,2.7774602993176547,4.041451884327381,0.999936935692885,C,Z,CZ,CERISE+GOLD CHRISTMAS TREE DEC
84814B,13.65,7,1,7.0,0.0,10.14889156509222,0.9999376285956838,C,Z,CZ,RHOMBUS CRYSTAL PERFUME BOTTLE
35443,13.6,16,10,1.6,1.0749676997731399,3.69120576505835,0.9999383189603772,C,Z,CZ,RASTA IN BATH W SPLIFF ASHTRAY
21525,13.5,2,1,2.0,0.0,10.14889156509222,0.9999390042488595,C,Z,CZ,BEWARE OF THE CAT DOORMAT
62097B,13.370000000000001,11,4,2.75,1.5,5.54992368348989,0.9999396829382676,C,Z,CZ,BLUE STRIPES SHOULDER BAG
23639,13.32,4,4,1.0,0.0,5.0,0.9999403590895702,C,Z,CZ,SET 10 CARDS MAGICAL TREE 17086
23607,13.28,8,7,1.1428571428571428,0.3779644730092272,3.9051248379533274,0.9999410332103885,C,Z,CZ,SET 10 CARDS HATS & STOCKINGS 17081
79149B,13.02,31,12,2.5833333333333335,2.6784776318353725,4.025801282047963,0.9999416941330581,C,Z,CZ,SILICON STAR BULB  BLUE
16192,12.9,3,1,3.0,0.0,10.14889156509222,0.9999423489642745,C,Z,CZ,PINK BALLET OPENING CUBE BOX
84247J,12.780000000000001,10,3,3.3333333333333335,1.5275252316519465,6.206448259673159,0.9999429977040378,C,Z,CZ,PACK/12 RUSSIAN DOLL CARDS
21772,12.75,1,1,1.0,0.0,10.14889156509222,0.9999436449209378,C,Z,CZ,VINTAGE METAL CAKE STAND CREAM
84648,12.75,1,1,1.0,0.0,10.14889156509222,0.9999442921378379,C,Z,CZ,NEW BAROQUE WALL MIRROR
44092B,12.75,15,6,2.5,1.9748417658131499,5.034547314969507,0.9999449393547378,C,Z,CZ,BLUE WHITE PLASTIC RINGS LAMPSHADE
72752B,12.75,3,2,1.5,0.7071067811865476,7.5351030369715435,0.9999455865716378,C,Z,CZ,"F.FAIRY,CANDLE IN GLASS,LAVENDER"
20812,12.749999999999998,5,2,2.5,0.7071067811865476,7.285602240034793,0.9999462337885379,C,Z,CZ,EMBOSSED FLOWER TRELLIS PHOTO FRAME
85083,12.749999999999998,5,2,2.5,0.7071067811865476,7.285602240034793,0.9999468810054378,C,Z,CZ,KISS REINDEER SCANDINAVIAN STOCKING
DCGS0075,12.72,1,1,1.0,0.0,10.14889156509222,0.9999475266994745,C,Z,CZ,CAMOUFLAGUE DOG LEAD
85157,12.72,1,1,1.0,0.0,10.14889156509222,0.9999481723935111,C,Z,CZ,SET OF 2 CHESTS CHOCOLAT AU LAIT
DCGS0037,12.72,1,1,1.0,0.0,10.14889156509222,0.9999488180875478,C,Z,CZ,KEY-RING CORKSCREW
35751C,12.61,31,1,31.0,0.0,10.14889156509222,0.9999494581977523,C,Z,CZ,PURPLE CURRENT CANDLE RING
35918B,12.5,10,4,2.5,1.7320508075688772,5.861740355901137,0.9999500927241248,C,Z,CZ,BLUE FLORIBUNDA EGG WARMER
84743C,12.5,10,5,2.0,0.7071067811865476,4.6776062254105994,0.9999507272504974,C,Z,CZ,ORANGE FELT VASE + FLOWERS
35597A,12.5,10,3,3.3333333333333335,3.214550253664318,7.426977851050857,0.9999513617768699,C,Z,CZ,DUSTY PINK CHRISTMAS TREE 30CM
51012L,12.5,10,2,5.0,1.4142135623730951,7.285602240034793,0.9999519963032425,C,Z,CZ,"FEATHER DUSTER, LIGHT PINK"
23635,12.48,3,3,1.0,0.0,5.802298395176403,0.9999526298143728,C,Z,CZ,SET 10 CARDS CHRISTMAS HOLLY  17259
23654,12.450000000000001,5,4,1.25,0.5,5.30282943342514,0.9999532618026399,C,Z,CZ,SET 10 CARD SNOWMAN 16965
90000C,12.32,2,2,1.0,0.0,7.14142842854285,0.9999538871918326,C,Z,CZ,OPAL WHITE/SILVER FLOWER NECKLACE
44242A,11.98,14,2,7.0,7.0710678118654755,8.805146917848559,0.9999544953219082,C,Z,CZ,LILAC FEATHERS CURTAIN
22206,11.82,14,9,1.5555555555555556,1.130388330520878,3.9974481656094927,0.999955095330046,C,Z,CZ,"MUG , DOTCOMGIFTSHOP.COM"
85185E,11.8,4,2,2.0,1.4142135623730951,8.0,0.9999556943229417,C,Z,CZ,DUCK SOCK PUPPET
23605,11.64,4,1,4.0,0.0,10.14889156509222,0.9999562851938999,C,Z,CZ,SET 10 CARDS 12 DAYS OF XMAS 17059
23608,11.64,4,3,1.3333333333333333,0.5773502691896257,6.164414002968976,0.9999568760648581,C,Z,CZ,SET 10 CARDS RUDOLPHS NOSE 17097
90025B,11.29,3,3,1.0,0.0,5.802298395176403,0.9999574491690777,C,Z,CZ,BAROQUE BUTTERFLY EARRINGS RED
79070B,11.26,1,1,1.0,0.0,10.14889156509222,0.9999580207504342,C,Z,CZ,ENGLISH ROSE SQUARE CAKE TINS
84366,11.25,3,3,1.0,0.0,5.802298395176403,0.9999585918241695,C,Z,CZ,VENDETTA CANVAS PICTURE
17011B,11.100000000000001,19,2,9.5,9.192388155425117,8.680062805343585,0.9999591552835884,C,Z,CZ,ORIGAMI JASMINE INCENSE+FLOWER
72785B,10.9,9,2,4.5,0.7071067811865476,7.1862351275645,0.9999597085905851,C,Z,CZ,S/4 CONTEMPORY RED ROSEBUD CANDLES
84732D,10.89,15,5,3.0,3.391164991562634,6.4079811346649755,0.9999602613899609,C,Z,CZ,CUTE RABBIT CEATURE SCREEN
16169A,10.5,25,1,25.0,0.0,10.148891565092221,0.9999607943921138,C,Z,CZ,WRAP CHRISTMAS DECOUPAGE
21496,10.5,25,1,25.0,0.0,10.148891565092221,0.9999613273942668,C,Z,CZ,WOODLAND CREATURES  WRAP
17084G,10.5,50,2,25.0,0.0,7.14142842854285,0.9999618603964197,C,Z,CZ,MOON INCENSE
16169G,10.5,25,1,25.0,0.0,10.148891565092221,0.9999623933985726,C,Z,CZ,WRAP ROMANTIC DECOUPAGE
21857,10.23,2,2,1.0,0.0,7.14142842854285,0.999962912694956,C,Z,CZ,STAR WARS TOP TRUMPS GAME
21858,10.23,2,2,1.0,0.0,7.14142842854285,0.9999634319913393,C,Z,CZ,HIGH SCHOOL MUSICAL 3 TOP TRUMPS
20939,10.2,12,1,12.0,0.0,10.14889156509222,0.9999639497648593,C,Z,CZ,ORANGE CANDLE
90214W,10.17,19,8,2.375,3.8890872965260113,6.519308632174982,0.999964466015516,C,Z,CZ,"LETTER ""W"" BLING KEY RING"
23615,9.96,4,4,1.0,0.0,5.0,0.9999649716061297,C,Z,CZ,SET 10 CARDS PRINTED GRAPHIC 17219
23619,9.96,4,2,2.0,1.4142135623730951,8.0,0.9999654771967434,C,Z,CZ,SET 10 CARDS POINSETTIA 17093
23650,9.96,4,4,1.0,0.0,5.0,0.999965982787357,C,Z,CZ,SET 10 CARDS FILIGREE BAUBLE 16961
23624,9.96,4,3,1.3333333333333333,0.5773502691896258,6.164414002968976,0.9999664883779708,C,Z,CZ,SET 10 CARD PERFECT NATIVITY 17089
81953P,9.57,33,5,6.6,9.813256340277675,7.52241828533246,0.9999669741713616,C,Z,CZ,ROUND ARTICULATED PINK CLOCK W/SUCK
20822,9.3,2,1,2.0,0.0,10.14889156509222,0.9999674462589828,C,Z,CZ,SILVER WINE GOBLET
72708,9.24,44,4,11.0,8.16496580927726,5.9786120172572295,0.9999679153008774,C,Z,CZ,SCULPTED ROUND IVORY CANDLE
23441,9.24,22,2,11.0,12.727922061357855,9.263364256865424,0.9999683843427718,C,Z,CZ,HAND PAINTED HANGING EASTER EGG
20882,8.850000000000001,3,2,1.5,0.7071067811865476,7.5351030369715435,0.9999688335874437,C,Z,CZ,MODERN CHRISTMAS TREE CANDLE
18098B,8.850000000000001,3,3,1.0,0.0,5.802298395176403,0.9999692828321155,C,Z,CZ,BLUE PORCELAIN B'FLY OIL BURNER
35598C,8.850000000000001,3,3,1.0,0.0,5.802298395176403,0.9999697320767873,C,Z,CZ,WHITE CHRISTMAS TREE 60CM
62097A,8.850000000000001,3,3,1.0,0.0,5.802298395176403,0.9999701813214592,C,Z,CZ,PINK STRIPES SHOULDER BAG
71496B,8.67,15,5,3.0,3.082207001484488,6.11264627182405,0.9999706214289512,C,Z,CZ,A4 WALL TIDY RED FLOWERS
20739,8.65,1,1,1.0,0.0,10.14889156509222,0.999971060521201,C,Z,CZ,*USB Office Glitter Lamp
21406,8.65,1,1,1.0,0.0,10.14889156509222,0.9999714996134507,C,Z,CZ,SPOTTY CAT DOORSTOP
90013E,8.57,2,2,1.0,0.0,7.14142842854285,0.9999719346447318,C,Z,CZ,AMBER VINTAGE EARRINGS
84572,8.49,1,1,1.0,0.0,10.14889156509222,0.9999723656150439,C,Z,CZ,6 HOOK JEWEL STAND LILAC DRESS
90126B,8.48,3,3,1.0,0.0,5.802298395176403,0.999972796077735,C,Z,CZ,BLUE BERTIE MOBILE PHONE CHARM
44091A,8.4,20,6,3.3333333333333335,2.3380903889000244,4.841487374764082,0.9999732224794573,C,Z,CZ,BLUE CRUSOE CHECK LAMPSHADE
90111,8.4,8,5,1.6,0.5477225575051662,4.663689526544407,0.9999736488811796,C,Z,CZ,BLUE HIBISCUS  HAIR CLIP
23612,8.299999999999999,5,2,2.5,2.1213203435596424,8.349850298059241,0.9999740702066909,C,Z,CZ,SET 10 MINICARDS CUTE SNOWMAN 17071
82011E,7.5,2,1,2.0,0.0,10.14889156509222,0.9999744509225145,C,Z,CZ,"BATHROOM SCALES, FAG BREAK"
46037A,7.5,6,2,3.0,1.4142135623730951,7.5351030369715435,0.999974831638338,C,Z,CZ,PINK CANVAS DES CUSHION COVER
20942,7.5,6,3,2.0,1.7320508075688772,7.1414284285428495,0.9999752123541615,C,Z,CZ,SET/6 GINGERBREAD TREE T-LIGHTS
90025A,7.5,2,2,1.0,0.0,7.14142842854285,0.9999755930699851,C,Z,CZ,BAROQUE BUTTERFLY EARRINGS BLACK
37438,7.5,2,1,2.0,0.0,10.14889156509222,0.9999759737858086,C,Z,CZ,FUNKY FLOWER COFFEE POT
23633,7.470000000000001,3,3,1.0,0.0,5.802298395176403,0.9999763529787687,C,Z,CZ,SET 10 CARDS WORLD CHILDREN 17067
84201B,7.41,39,8,4.875,4.257346591481601,4.547000514098682,0.9999767291260024,C,Z,CZ,HAPPY BIRTHDAY CARD STRIPEY TEDDY
35001P,6.98,2,1,2.0,0.0,10.14889156509222,0.9999770834455289,C,Z,CZ,HAND OPEN SHAPE PINK
85230D,6.959999999999999,24,1,24.0,0.0,10.14889156509222,0.9999774367498132,C,Z,CZ,VANILLA SCENTED VOTIVE CANDLE
85230C,6.959999999999999,24,1,24.0,0.0,10.14889156509222,0.9999777900540975,C,Z,CZ,ROSE SCENTED VOTIVE CANDLE
37409,6.8,8,3,2.6666666666666665,2.0816659994661326,6.910137480542627,0.9999781352364442,C,Z,CZ,ASSORTED DESIGN FLOWER MUGS
48173A,6.75,1,1,1.0,0.0,10.14889156509222,0.9999784778806853,C,Z,CZ,DOOR MAT BLUE FLOCK
37484,6.75,1,1,1.0,0.0,10.14889156509222,0.9999788205249265,C,Z,CZ,ENGLISH ROSE TEA FOR ONE GIFT BOX
23604,6.640000000000001,4,2,2.0,1.4142135623730951,8.0,0.9999791575853356,C,Z,CZ,SET 10 MINI SANTA & SNOWMAN  17087
20858,6.6,4,1,4.0,0.0,10.14889156509222,0.9999794926152604,C,Z,CZ,SILVER PURSE GOLD PINK BUTTERFLY
20678,6.6,4,1,4.0,0.0,10.14889156509222,0.9999798276451852,C,Z,CZ,LARGE BLACK DIAMANTE HAIRSLIDE
20884,6.300000000000001,3,2,1.5,0.7071067811865476,7.5351030369715435,0.999980147446477,C,Z,CZ,MODERN CHRISTMAS TREE CANDLE
79140,6.3,15,2,7.5,6.363961030678928,8.349850298059241,0.9999804672477688,C,Z,CZ,ASS WINDPROOF MARIJUANA LIGHTERS
37408,6.25,5,1,5.0,0.0,10.14889156509222,0.9999807845109551,C,Z,CZ,ASSORTED DESIGN GEISHA GIRL MUGS
20673,6.25,5,1,5.0,0.0,10.14889156509222,0.9999811017741413,C,Z,CZ,STRAWBERRIES PRINT BOWL
82072,6.25,5,3,1.6666666666666667,0.5773502691896258,6.036555309114627,0.9999814190373276,C,Z,CZ,WHITE WOOD SINGLE P/FRAME
23610,6.24,3,3,1.0,0.0,5.802298395176403,0.9999817357928926,C,Z,CZ,SET 10 CARDS CHRISTMAS ROBIN 17095
85123B,6.04,1,1,1.0,0.0,10.14889156509222,0.9999820423960358,C,Z,CZ,ZINC HANGING HEART T-LITE HLDR
85077,5.95,1,1,1.0,0.0,10.14889156509222,0.9999823444305891,C,Z,CZ,KISSING REINDEER TABLE RUNNER
72751C,5.95,1,1,1.0,0.0,10.14889156509222,0.9999826464651425,C,Z,CZ,"F.FAIRY S/3 SML CANDLE, ROSE"
72751A,5.95,1,1,1.0,0.0,10.14889156509222,0.9999829484996957,C,Z,CZ,"F.FAIRY S/3 SML CANDLE,LILY/VALLEY"
72751B,5.95,1,1,1.0,0.0,10.14889156509222,0.999983250534249,C,Z,CZ,"F.FAIRY S/3 SML CANDLE, LAVENDER"
18098A,5.9,2,1,2.0,0.0,10.14889156509222,0.9999835500306968,C,Z,CZ,PINK PORCELAIN B'FLY OIL BURNER
35823P,5.9,2,2,1.0,0.0,7.14142842854285,0.9999838495271446,C,Z,CZ,"ACRYLIC BEAD GARLAND,PINK"
35821P,5.9,2,2,1.0,0.0,7.14142842854285,0.9999841490235923,C,Z,CZ,"JEWELLED DECORATION,PINK"
79303A,5.9,2,1,2.0,0.0,10.14889156509222,0.9999844485200401,C,Z,CZ,WHITE ROHMBIC BLOCK TABLE LAMP
85186B,5.88,14,1,14.0,0.0,10.14889156509222,0.9999847470012456,C,Z,CZ,BUNNY BUNCH OF FLOWERS
35051B,5.88,14,2,7.0,1.4142135623730951,7.215346456671082,0.9999850454824513,C,Z,CZ,PINK BEADED CONE CHRISTMAS
37326,5.859999999999999,3,2,1.5,0.7071067811865476,7.5351030369715435,0.9999853429484147,C,Z,CZ,FAIRY DESIGN MUGS
23652,5.82,2,1,2.0,0.0,10.14889156509222,0.9999856383838938,C,Z,CZ,SET 10 CARD CHRISTMAS STAMPS 16963
23638,5.82,2,2,1.0,0.0,7.14142842854285,0.9999859338193728,C,Z,CZ,SET 10 CARDS ROBIN WATERPUMP  17096
23617,5.82,2,1,2.0,0.0,10.14889156509222,0.9999862292548519,C,Z,CZ,SET 10 CARDS SWIRLY XMAS TREE 17104
23630,5.48,2,2,1.0,0.0,7.14142842854285,0.9999865074312136,C,Z,CZ,SET 10 CARDS HANGING BAUBLES 17080
35537,5.46,13,3,4.333333333333333,2.081665999466133,6.244997998398398,0.9999867845923333,C,Z,CZ,CANDLE RING W/CLEAR BEADS
21838,5.45,1,1,1.0,0.0,10.14889156509222,0.9999870612458316,C,Z,CZ,DADDY MOUSE RED GINGHAM BOW TIE
35751D,5.32,28,1,28.0,0.0,10.14889156509222,0.9999873313002557,C,Z,CZ,PINK CURRENT CANDLE RING
16215,5.2,8,1,8.0,0.0,10.14889156509222,0.9999875952632267,C,Z,CZ,FUNKY GIRLZ MAGNETIC TO DO LIST
21854,5.17,1,1,1.0,0.0,10.14889156509222,0.9999878577033345,C,Z,CZ,EURO FOOTBALL STARS TOP TRUMPS GAME
21860,5.17,1,1,1.0,0.0,10.14889156509222,0.9999881201434423,C,Z,CZ,DR WHO TOP TRUMPS GAME
71434B,5.1,2,2,1.0,0.0,7.14142842854285,0.9999883790302023,C,Z,CZ,"BLACK RND BULLET""KEEP CLEAN"" BIN"
71101A,5.1,6,1,6.0,0.0,10.14889156509222,0.9999886379169624,C,Z,CZ,ANGEL ON KNEES METAL POLE 100CM H
90142C,5.09,1,1,1.0,0.0,10.14889156509222,0.9999888962961013,C,Z,CZ,ROSE PINK PENDANT SHELL NECKLACE
90142B,5.09,1,1,1.0,0.0,10.14889156509222,0.9999891546752402,C,Z,CZ,IVORY PENDANT SHELL NECKLACE
84942,5.07,3,2,1.5,0.7071067811865476,7.5351030369715435,0.9999894120391369,C,Z,CZ,KASHMIR FOLKART HEART DISHES
72740B,5.06,1,1,1.0,0.0,10.14889156509222,0.9999896688954124,C,Z,CZ,LARGE WHITE CHOCOLATE CANDLE
DCGS0041,5.06,1,1,1.0,0.0,10.14889156509222,0.999989925751688,C,Z,CZ,HAYNES MINI-COOPER PLAYING CARDS
20877,5.04,12,2,6.0,2.8284271247461903,7.5351030369715435,0.9999901815927213,C,Z,CZ,MODERN CHRISTMAS BAUBLE CANDLE
23649,4.98,2,2,1.0,0.0,7.14142842854285,0.9999904343880281,C,Z,CZ,SET 10 CARDS DECK THE HALLS 16960
85232C,4.95,1,1,1.0,0.0,10.14889156509222,0.9999906856604717,C,Z,CZ,RUSSIAN FOLKART STACKING TINS
85043,4.95,1,1,1.0,0.0,10.14889156509222,0.9999909369329152,C,Z,CZ,RED HEART CANDY POP LIGHTS
37451,4.95,1,1,1.0,0.0,10.14889156509222,0.9999911882053587,C,Z,CZ,CERAMIC CAKE TEAPOT WITH CHERRY
90214U,4.7299999999999995,13,2,6.5,7.7781745930520225,9.393123507692701,0.9999914283101381,C,Z,CZ,"LETTER ""U"" BLING KEY RING"
45014,4.65,1,1,1.0,0.0,10.14889156509222,0.9999916643539486,C,Z,CZ,FOLDING SHIRT TIDY
81953B,4.64,14,5,2.8,4.024922359499621,7.360956015993287,0.999991899890138,C,Z,CZ,ROUND BLUE CLOCK WITH SUCKER
79151B,4.62,11,2,5.5,6.363961030678928,9.263364256865424,0.9999921344110855,C,Z,CZ,"SILICON CUBE 25W, BLUE"
79157V,4.25,5,3,1.6666666666666667,0.5773502691896257,6.036555309114627,0.9999923501500521,C,Z,CZ,UBO-LIGHT TRIOBASE PURPLE
72752A,4.25,1,1,1.0,0.0,10.14889156509222,0.9999925658890187,C,Z,CZ,"F.FAIRY,CANDLE IN GLASS,LILY/VALLEY"
79157B,4.25,5,3,1.6666666666666667,1.1547005383792517,6.690291473471092,0.9999927816279854,C,Z,CZ,UBO-LIGHT TRIOBASE BLUE
21409,4.25,1,1,1.0,0.0,10.14889156509222,0.9999929973669521,C,Z,CZ,SPOTTY COCKEREL DOORSTOP
84255A,4.2,2,2,1.0,0.0,7.14142842854285,0.9999932105678132,C,Z,CZ,PINK GLASS COCKTAIL LAMP
37432,3.9,6,1,6.0,0.0,10.14889156509222,0.9999934085400414,C,Z,CZ,MUG PINK AND PURPLE ARABIC DESIGN
72084B,3.9,2,1,2.0,0.0,10.14889156509222,0.9999936065122695,C,Z,CZ,CHOCOLATE ICE CREAM CANDLE
16010,3.84,32,4,8.0,4.898979485566356,5.684408500451036,0.9999938014387711,C,Z,CZ,FOLDING CAMPING SCISSOR W/KNIF & S
35995,3.7800000000000002,5,4,1.25,0.5,5.30282943342514,0.9999939933195463,C,Z,CZ,SET/6 BLACK GLITTER REINDEER CANDLE
40046C,3.75,3,3,1.0,0.0,5.802298395176403,0.9999941836774581,C,Z,CZ,PINK BUTTERFLY PAPER LAMPSHADE
90004A,3.75,1,1,1.0,0.0,10.14889156509222,0.9999943740353698,C,Z,CZ,JADE GREEN PAIR ENAMEL HAIR SLIDES
35974,3.75,1,1,1.0,0.0,10.14889156509222,0.9999945643932816,C,Z,CZ,S/6 CHRISTMAS TREE PLACE SETTING
84731,3.69,3,3,1.0,0.0,5.802298395176403,0.9999947517054668,C,Z,CZ,3 BIRDS CANVAS SCREEN
35818C,3.43,1,1,1.0,0.0,10.14889156509222,0.9999949258195034,C,Z,CZ,"ACRYLIC JEWEL ICICLE, CLEAR"
21081,3.4,4,4,1.0,0.0,5.0,0.9999950984106767,C,Z,CZ,SET/20 POSIES PAPER NAPKINS
23643,3.33,1,1,1.0,0.0,10.14889156509222,0.9999952674485022,C,Z,CZ,SET 10 CARDS CHRISTMAS BAUBLE 16954
20683,3.25,1,1,1.0,0.0,10.14889156509222,0.9999954324253592,C,Z,CZ,RAIN GIRL CHILDS UMBRELLA
79301,2.95,1,1,1.0,0.0,10.14889156509222,0.999995582173583,C,Z,CZ,FEATHER HEART LIGHTS
20885,2.95,1,1,1.0,0.0,10.14889156509222,0.9999957319218069,C,Z,CZ,BOX OF 3 PEBBLE CANDLES
23602,2.91,1,1,1.0,0.0,10.14889156509222,0.9999958796395464,C,Z,CZ,SET 10 CARDS 3 WISE MEN 17107
23609,2.91,1,1,1.0,0.0,10.14889156509222,0.999996027357286,C,Z,CZ,SET 10 CARDS SNOWY ROBIN 17099
23628,2.91,1,1,1.0,0.0,10.14889156509222,0.9999961750750255,C,Z,CZ,SET 10 CARDS TRIANGLE ICONS  17220
DCGS0044,2.57,1,1,1.0,0.0,10.14889156509222,0.9999963055336477,C,Z,CZ,HANDZ-OFF CAR FRESHENER
21036,2.55,1,1,1.0,0.0,10.14889156509222,0.9999964349770277,C,Z,CZ,SET/2 TEA TOWELS MODERN VINTAGE
47569,2.55,1,1,1.0,0.0,10.14889156509222,0.9999965644204077,C,Z,CZ,ENGLISH ROSE DESIGN SHOPPING BAG
47556,2.55,1,1,1.0,0.0,10.14889156509222,0.9999966938637878,C,Z,CZ,SET/2 SPOTTY + ROSE TEA TOWELS
47554,2.55,1,1,1.0,0.0,10.14889156509222,0.9999968233071679,C,Z,CZ,S/3 COLOURS FLOCK TEA TOWELS
90091,2.55,3,2,1.5,0.7071067811865476,7.5351030369715435,0.9999969527505479,C,Z,CZ,CRYSTAL DRAGONFLY PHONE CHARM
35999,2.55,1,1,1.0,0.0,10.14889156509222,0.9999970821939279,C,Z,CZ,S/6 SCANDINAVIAN HEART T-LIGHT
20881,2.55,3,2,1.5,0.7071067811865476,7.5351030369715435,0.9999972116373079,C,Z,CZ,MODERN CHRISTMAS TREE CANDLE
85171,2.55,1,1,1.0,0.0,10.14889156509222,0.9999973410806879,C,Z,CZ,S/2 HYACINTH BULB CANDLES
17028J,2.52,6,1,6.0,0.0,10.14889156509222,0.9999974690012047,C,Z,CZ,INCENSE BAZAAR PEACH
DCGS0062,2.51,1,1,1.0,0.0,10.14889156509222,0.9999975964141004,C,Z,CZ,ROAD-RAGE CAR FRESHENER
21008,2.51,1,1,1.0,0.0,10.14889156509222,0.999997723826996,C,Z,CZ,ETCHED GLASS HEART TREE DECORATION
90127B,2.5,2,2,1.0,0.0,7.14142842854285,0.9999978507322705,C,Z,CZ,BLUE BEADS+HAND PHONE CHARM
21225,2.5,2,2,1.0,0.0,7.14142842854285,0.999997977637545,C,Z,CZ,POCKET MIRROR BUTTERFLY
21290,2.5,2,1,2.0,0.0,10.14889156509222,0.9999981045428196,C,Z,CZ,LARGE SPOTTY CHOCOLATE GIFT BAG
17061,2.08,52,1,52.0,0.0,10.14889156509222,0.9999982101280078,C,Z,CZ,ASSORTED SHAPED STENCIL FOR HENNA
85192S,1.9500000000000002,3,2,1.5,0.7071067811865476,7.5351030369715435,0.9999983091141219,C,Z,CZ,HANGING SPRING FLOWER HEART SMALL
35945,1.95,1,1,1.0,0.0,10.14889156509222,0.999998408100236,C,Z,CZ,GOLD CHRISTMAS STOCKING DECORATION
84814A,1.95,1,1,1.0,0.0,10.14889156509222,0.9999985070863501,C,Z,CZ,HEXAGONAL CRYSTAL PERFUME BOTTLE
46138D,1.95,1,1,1.0,0.0,10.14889156509222,0.9999986060724642,C,Z,CZ,GREEN CHENILLE SHAGGY C/COVER
84206C,1.9,10,4,2.5,1.9148542155126764,6.036555309114627,0.9999987025204727,C,Z,CZ,CHAMPAGNE TRAY BLANK CARD
84201C,1.9,10,2,5.0,0.0,7.1414284285428495,0.9999987989684813,C,Z,CZ,HAPPY BIRTHDAY CARD TEDDY/CAKE
84206B,1.71,9,2,4.5,0.7071067811865476,7.1862351275645,0.999998885771689,C,Z,CZ,CAT W SUNGLASSES BLANK CARD
20737,1.7,1,1,1.0,0.0,10.14889156509222,0.9999989720672757,C,Z,CZ,RED MINI TAPE MEASURE
35837,1.7,2,1,2.0,0.0,10.14889156509222,0.9999990583628624,C,Z,CZ,SET OF SIX SILVER+RED FLOCK BAUBLES
30086C,1.7,1,1,1.0,0.0,10.14889156509222,0.999999144658449,C,Z,CZ,ASSORTED FRUIT STRAWS
72754D,1.69,1,1,1.0,0.0,10.14889156509222,0.9999992304464146,C,Z,CZ,F FAIRY POTPOURRI CUSHIONS SUMMER
10109,1.68,4,1,4.0,0.0,10.14889156509222,0.999999315726759,C,Z,CZ,BENDY COLOUR PENCILS
72796C,1.65,1,1,1.0,0.0,10.14889156509222,0.9999993994842402,C,Z,CZ,S/3 ROSE GARDEN SCENT SQU CANDLE
85024A,1.65,1,1,1.0,0.0,10.14889156509222,0.9999994832417213,C,Z,CZ,CRYSTAL SMALL JEWELLED PHOTOFRAME
23664,1.65,1,1,1.0,0.0,10.14889156509222,0.9999995669992023,C,Z,CZ,FLOWER SHOP DESIGN MUG
21585,1.65,1,1,1.0,0.0,10.14889156509222,0.9999996507566835,C,Z,CZ,SWALLOW SMALL TUBE MATCHES
35980B,1.52,4,2,2.0,0.0,7.14142842854285,0.9999997279150904,C,Z,CZ,RED TOP SCANDINAVIAN HEART
35950,1.25,1,1,1.0,0.0,10.14889156509222,0.9999997913677277,C,Z,CZ,FOLKART HEART CHRISTMAS DECORATIONS
35976B,1.25,1,1,1.0,0.0,10.14889156509222,0.9999998548203649,C,Z,CZ,WHITE SCANDINAVIAN HEART CHRISTMAS
84845A,1.25,1,1,1.0,0.0,10.14889156509222,0.9999999182730022,C,Z,CZ,HOLLYHOCK SQUARE HANDY TIN
20721,0.85,1,1,1.0,0.0,10.14889156509222,0.9999999614207955,C,Z,CZ,OWLS CHARLOTTE BAG
84205C,0.38,2,1,2.0,0.0,10.14889156509222,0.9999999807103972,C,Z,CZ,HAPPY BIRTHDAY GINGER CAT CARD
35930,0.38,1,1,1.0,0.0,10.14889156509222,0.9999999999999989,C,Z,CZ,PINK HEART CHRISTMAS DECORATION
