StockCode,product,ABC,XYZ,class,revenue,units,weeks_active,cv,is_forecastable,revenue_rank,cumulative_revenue,cumulative_revenue_pct,sku_pct,policy_note
22423,REGENCY CAKESTAND 3 TIER,A,X,AX,331084.27,26519,90,0.702,1,1,331084.27,1.681,0.021,"Tight reorder point, low safety stock — forecast works"
85123A,WHITE HANGING HEART T-LIGHT HOLDER,A,X,AX,261509.93,94839,104,0.609,1,2,592594.2,3.008,0.042,"Tight reorder point, low safety stock — forecast works"
85099B,JUMBO BAG RED RETROSPOT,A,X,AX,182999.67,97350,104,0.498,1,3,775593.87,3.937,0.064,"Tight reorder point, low safety stock — forecast works"
23843,"PAPER CRAFT , LITTLE BIRDIE",A,Z,AZ,168469.6,80995,1,10.149,0,4,944063.47,4.792,0.085,High revenue but erratic — expensive to protect
47566,PARTY BUNTING,A,Y,AY,148395.98,28216,103,0.886,1,5,1092459.45,5.546,0.106,"Moderate safety stock, review monthly"
84879,ASSORTED COLOUR BIRD ORNAMENT,A,Y,AY,129667.56,80285,104,0.903,1,6,1222127.01,6.204,0.127,"Moderate safety stock, review monthly"
22086,PAPER CHAIN KIT 50'S CHRISTMAS,A,Z,AZ,117869.44,35121,84,1.659,1,7,1339996.45,6.802,0.148,High revenue but erratic — expensive to protect
23166,MEDIUM CERAMIC TOP STORAGE JAR,A,Z,AZ,81700.92,78033,32,9.648,1,8,1421697.37,7.217,0.169,High revenue but erratic — expensive to protect
79321,CHILLI LIGHTS,A,Y,AY,80873.23,15918,97,1.255,1,9,1502570.6,7.627,0.191,"Moderate safety stock, review monthly"
22197,SMALL POPCORN HOLDER,A,Y,AY,79552.5,88537,104,1.132,1,10,1582123.1,8.031,0.212,"Moderate safety stock, review monthly"
22386,JUMBO BAG PINK POLKADOT,A,X,AX,76383.25,39466,97,0.667,1,11,1658506.35,8.419,0.233,"Tight reorder point, low safety stock — forecast works"
20725,LUNCH BAG RED RETROSPOT,A,X,AX,71394.49,40505,104,0.432,1,12,1729900.84,8.781,0.254,"Tight reorder point, low safety stock — forecast works"
84347,ROTATING SILVER ANGELS T-LIGHT HLDR,A,Z,AZ,71353.95,31430,77,3.456,1,13,1801254.79,9.144,0.275,High revenue but erratic — expensive to protect
85099F,JUMBO BAG STRAWBERRY,A,X,AX,69108.21,37113,103,0.703,1,14,1870363.0,9.494,0.296,"Tight reorder point, low safety stock — forecast works"
48138,DOORMAT UNION FLAG,A,Y,AY,67138.19,10095,102,1.001,1,15,1937501.19,9.835,0.318,"Moderate safety stock, review monthly"
23084,RABBIT NIGHT LIGHT,A,Z,AZ,66964.99,30788,31,3.206,1,16,2004466.18,10.175,0.339,High revenue but erratic — expensive to protect
20685,DOORMAT RED RETROSPOT,A,Y,AY,66464.71,9789,103,0.931,1,17,2070930.89,10.512,0.36,"Moderate safety stock, review monthly"
21137,BLACK RECORD COVER FRAME,A,Y,AY,65223.04,18748,99,1.32,1,18,2136153.93,10.844,0.381,"Moderate safety stock, review monthly"
21843,RED RETROSPOT CAKE STAND,A,Y,AY,65189.95,6155,104,0.924,1,19,2201343.88,11.174,0.402,"Moderate safety stock, review monthly"
21931,JUMBO STORAGE BAG SUKI,A,X,AX,61565.11,29196,104,0.455,1,20,2262908.99,11.487,0.423,"Tight reorder point, low safety stock — forecast works"
22502,PICNIC BASKET WICKER SMALL,A,Y,AY,60924.5,3774,69,1.245,1,21,2323833.49,11.796,0.445,"Moderate safety stock, review monthly"
21621,VINTAGE UNION JACK BUNTING,A,Y,AY,60405.04,6914,102,1.085,1,22,2384238.53,12.103,0.466,"Moderate safety stock, review monthly"
15056N,EDWARDIAN PARASOL NATURAL,A,Y,AY,60169.65,11463,104,1.15,1,23,2444408.18,12.408,0.487,"Moderate safety stock, review monthly"
22114,HOT WATER BOTTLE TEA AND SYMPATHY,A,Y,AY,59328.74,11715,78,1.395,1,24,2503736.92,12.709,0.508,"Moderate safety stock, review monthly"
85099C,JUMBO  BAG BAROQUE BLACK WHITE,A,X,AX,59292.54,30733,104,0.533,1,25,2563029.46,13.01,0.529,"Tight reorder point, low safety stock — forecast works"
22910,PAPER CHAIN KIT VINTAGE CHRISTMAS,A,Z,AZ,58696.95,18649,50,1.724,1,26,2621726.41,13.308,0.55,High revenue but erratic — expensive to protect
22112,CHOCOLATE HOT WATER BOTTLE,A,Y,AY,58090.84,11087,104,1.259,1,27,2679817.25,13.603,0.572,"Moderate safety stock, review monthly"
22411,JUMBO SHOPPER VINTAGE RED PAISLEY,A,X,AX,57440.91,27342,97,0.604,1,28,2737258.16,13.895,0.593,"Tight reorder point, low safety stock — forecast works"
82484,WOOD BLACK BOARD ANT WHITE FINISH,A,Z,AZ,56809.03,9839,87,1.563,1,29,2794067.19,14.183,0.614,High revenue but erratic — expensive to protect
22470,HEART OF WICKER LARGE,A,Y,AY,53632.98,17816,77,1.304,1,30,2847700.17,14.456,0.635,"Moderate safety stock, review monthly"
22139,RETROSPOT TEA SET CERAMIC 11 PC,A,Y,AY,52971.71,10635,101,0.798,1,31,2900671.88,14.724,0.656,"Moderate safety stock, review monthly"
22178,VICTORIAN GLASS HANGING T-LIGHT,A,Y,AY,52607.72,40257,104,0.775,1,32,2953279.6,14.991,0.677,"Moderate safety stock, review monthly"
20914,SET/5 RED RETROSPOT LID GLASS BOWLS,A,X,AX,52588.21,18697,104,0.714,1,33,3005867.81,15.258,0.699,"Tight reorder point, low safety stock — forecast works"
21212,PACK OF 72 RETROSPOT CAKE CASES,A,X,AX,51873.55,94972,104,0.527,1,34,3057741.36,15.522,0.72,"Tight reorder point, low safety stock — forecast works"
21733,RED HANGING HEART T-LIGHT HOLDER,A,Y,AY,50461.54,17614,104,1.022,1,35,3108202.9,15.778,0.741,"Moderate safety stock, review monthly"
22090,PAPER BUNTING RETROSPOT,A,Y,AY,50461.4,16708,104,0.77,1,36,3158664.3,16.034,0.762,"Moderate safety stock, review monthly"
21181,PLEASE ONE PERSON METAL SIGN,A,Y,AY,50299.84,24819,79,1.049,1,37,3208964.14,16.289,0.783,"Moderate safety stock, review monthly"
22111,SCOTTIE DOG HOT WATER BOTTLE,A,Y,AY,50007.59,9827,101,1.477,1,38,3258971.73,16.543,0.804,"Moderate safety stock, review monthly"
21929,JUMBO BAG PINK VINTAGE PAISLEY,A,Y,AY,49685.27,25625,99,0.765,1,39,3308657.0,16.795,0.826,"Moderate safety stock, review monthly"
21232,STRAWBERRY CERAMIC TRINKET BOX,A,X,AX,49400.57,38077,104,0.682,1,40,3358057.57,17.046,0.847,"Tight reorder point, low safety stock — forecast works"
84946,ANTIQUE SILVER TEA GLASS ETCHED,A,X,AX,49391.65,36841,104,0.706,1,41,3407449.22,17.297,0.868,"Tight reorder point, low safety stock — forecast works"
22189,CREAM HEART CARD HOLDER,A,Z,AZ,49344.39,16197,96,1.659,1,42,3456793.61,17.547,0.889,High revenue but erratic — expensive to protect
15056BL,EDWARDIAN PARASOL BLACK,A,Z,AZ,48997.47,9666,104,1.75,1,43,3505791.08,17.796,0.91,High revenue but erratic — expensive to protect
22469,HEART OF WICKER SMALL,A,Y,AY,48974.71,27932,78,1.119,1,44,3554765.79,18.045,0.931,"Moderate safety stock, review monthly"
48194,DOORMAT HEARTS,A,Y,AY,48817.38,7738,104,1.377,1,45,3603583.17,18.293,0.953,"Moderate safety stock, review monthly"
21731,RED TOADSTOOL LED NIGHT LIGHT,A,Y,AY,48347.19,28929,103,0.845,1,46,3651930.36,18.538,0.974,"Moderate safety stock, review monthly"
22457,NATURAL SLATE HEART CHALKBOARD,A,Y,AY,47536.03,15457,86,0.831,1,47,3699466.39,18.779,0.995,"Moderate safety stock, review monthly"
82494L,WOODEN FRAME ANTIQUE WHITE,A,X,AX,47061.49,15711,98,0.589,1,48,3746527.88,19.018,1.016,"Tight reorder point, low safety stock — forecast works"
21754,HOME BUILDING BLOCK WORD,A,X,AX,46821.94,7646,104,0.504,1,49,3793349.82,19.256,1.037,"Tight reorder point, low safety stock — forecast works"
48187,DOORMAT NEW ENGLAND,A,Y,AY,46643.66,7344,97,1.41,1,50,3839993.48,19.493,1.058,"Moderate safety stock, review monthly"
21928,JUMBO BAG SCANDINAVIAN PAISLEY,A,X,AX,46275.06,24305,102,0.692,1,51,3886268.54,19.728,1.08,"Tight reorder point, low safety stock — forecast works"
21523,DOORMAT FANCY FONT HOME SWEET HOME,A,Y,AY,46114.59,6920,102,1.321,1,52,3932383.13,19.962,1.101,"Moderate safety stock, review monthly"
22138,BAKING SET 9 PIECE RETROSPOT,A,Y,AY,45966.16,9383,99,0.887,1,53,3978349.29,20.195,1.122,"Moderate safety stock, review monthly"
20727,LUNCH BAG  BLACK SKULL.,A,Y,AY,45790.57,26760,104,1.063,1,54,4024139.86,20.427,1.143,"Moderate safety stock, review monthly"
48185,DOORMAT FAIRY CAKE,A,Z,AZ,45777.19,6829,104,1.855,1,55,4069917.05,20.66,1.164,High revenue but erratic — expensive to protect
21623,VINTAGE UNION JACK MEMOBOARD,A,Z,AZ,45441.98,6169,92,2.67,1,56,4115359.03,20.89,1.185,High revenue but erratic — expensive to protect
22355,CHARLOTTE BAG SUKI DESIGN,A,X,AX,45426.01,32013,104,0.543,1,57,4160785.04,21.121,1.207,"Tight reorder point, low safety stock — forecast works"
71477,COLOUR GLASS. STAR T-LIGHT HOLDER,A,Y,AY,44708.15,15097,88,1.485,1,58,4205493.19,21.348,1.228,"Moderate safety stock, review monthly"
22326,ROUND SNACK BOXES SET OF4 WOODLAND,A,Y,AY,44360.99,15481,95,0.775,1,59,4249854.18,21.573,1.249,"Moderate safety stock, review monthly"
21175,GIN + TONIC DIET METAL SIGN,A,Y,AY,43952.28,20721,99,1.468,1,60,4293806.46,21.796,1.27,"Moderate safety stock, review monthly"
84078A,SET/4 WHITE RETRO STORAGE CUBES,A,Z,AZ,43844.96,1128,97,1.69,1,61,4337651.42,22.019,1.291,High revenue but erratic — expensive to protect
22383,LUNCH BAG SUKI  DESIGN,A,X,AX,43346.75,25114,98,0.616,1,62,4380998.17,22.239,1.312,"Tight reorder point, low safety stock — forecast works"
84029E,RED WOOLLY HOTTIE WHITE HEART.,A,Z,AZ,43251.79,10701,97,1.684,1,63,4424249.96,22.458,1.334,High revenue but erratic — expensive to protect
23298,SPOTTY BUNTING,A,Z,AZ,43182.83,8473,32,1.821,1,64,4467432.79,22.678,1.355,High revenue but erratic — expensive to protect
84997D,PINK 3 PIECE MINI DOTS CUTLERY SET,A,Y,AY,43029.57,11039,99,0.922,1,65,4510462.36,22.896,1.376,"Moderate safety stock, review monthly"
21915,RED  HARMONICA IN BOX,A,Y,AY,42780.79,36382,91,1.33,1,66,4553243.15,23.113,1.397,"Moderate safety stock, review monthly"
20728,LUNCH BAG CARS BLUE,A,Y,AY,42349.5,24644,104,1.088,1,67,4595592.65,23.328,1.418,"Moderate safety stock, review monthly"
23203,JUMBO BAG VINTAGE DOILY,A,Z,AZ,42067.78,20503,32,1.797,1,68,4637660.43,23.542,1.439,High revenue but erratic — expensive to protect
82482,WOODEN PICTURE FRAME WHITE FINISH,A,X,AX,41957.55,16959,95,0.669,1,69,4679617.98,23.755,1.461,"Tight reorder point, low safety stock — forecast works"
20713,JUMBO BAG OWLS,A,Y,AY,40724.25,20843,91,0.908,1,70,4720342.23,23.961,1.482,"Moderate safety stock, review monthly"
22083,PAPER CHAIN KIT RETROSPOT,A,Y,AY,40535.47,13763,104,0.881,1,71,4760877.7,24.167,1.503,"Moderate safety stock, review monthly"
85066,CREAM SWEETHEART MINI CHEST,A,Y,AY,38854.98,3111,100,0.945,1,72,4799732.68,24.364,1.524,"Moderate safety stock, review monthly"
84997B,RED 3 PIECE MINI DOTS CUTLERY SET,A,Y,AY,38848.14,9781,104,0.812,1,73,4838580.82,24.562,1.545,"Moderate safety stock, review monthly"
20726,LUNCH BAG WOODLAND,A,Y,AY,38572.74,22158,104,1.192,1,74,4877153.56,24.757,1.566,"Moderate safety stock, review monthly"
82486,WOOD S/3 CABINET ANT WHITE FINISH,A,X,AX,38430.03,4774,104,0.564,1,75,4915583.59,24.953,1.588,"Tight reorder point, low safety stock — forecast works"
22960,JAM MAKING SET WITH JARS,A,Y,AY,38426.86,9030,54,1.269,1,76,4954010.45,25.148,1.609,"Moderate safety stock, review monthly"
22699,ROSES REGENCY TEACUP AND SAUCER,A,Y,AY,38323.25,13095,69,1.069,1,77,4992333.7,25.342,1.63,"Moderate safety stock, review monthly"
21166,COOK WITH WINE METAL SIGN,A,Y,AY,38270.81,19997,96,1.107,1,78,5030604.51,25.536,1.651,"Moderate safety stock, review monthly"
23284,DOORMAT KEEP CALM AND COME IN,A,Z,AZ,38166.64,5491,28,2.643,1,79,5068771.15,25.73,1.672,High revenue but erratic — expensive to protect
22720,SET OF 3 CAKE TINS PANTRY DESIGN,A,Z,AZ,38158.39,7493,50,1.722,1,80,5106929.54,25.924,1.693,High revenue but erratic — expensive to protect
22629,SPACEBOY LUNCH BOX,A,Y,AY,38014.0,20837,75,0.974,1,81,5144943.54,26.117,1.715,"Moderate safety stock, review monthly"
20712,JUMBO BAG WOODLAND ANIMALS,A,Y,AY,37540.32,17731,97,0.774,1,82,5182483.86,26.307,1.736,"Moderate safety stock, review monthly"
21485,RETROSPOT HEART HOT WATER BOTTLE,A,Y,AY,37334.12,7648,100,1.343,1,83,5219817.98,26.497,1.757,"Moderate safety stock, review monthly"
22727,ALARM CLOCK BAKELIKE RED,A,Z,AZ,36618.77,9254,63,1.603,1,84,5256436.75,26.683,1.778,High revenue but erratic — expensive to protect
22328,ROUND SNACK BOXES SET OF 4 FRUITS,A,Y,AY,36270.61,12993,99,1.284,1,85,5292707.36,26.867,1.799,"Moderate safety stock, review monthly"
21524,DOORMAT SPOTTY HOME SWEET HOME,A,Y,AY,36057.55,5268,104,1.07,1,86,5328764.91,27.05,1.82,"Moderate safety stock, review monthly"
84997C,BLUE 3 PIECE MINI DOTS CUTLERY SET,A,Y,AY,35748.38,9164,103,0.963,1,87,5364513.29,27.231,1.842,"Moderate safety stock, review monthly"
20724,RED RETROSPOT CHARLOTTE BAG,A,X,AX,35227.61,32241,104,0.49,1,88,5399740.9,27.41,1.863,"Tight reorder point, low safety stock — forecast works"
21755,LOVE BUILDING BLOCK WORD,A,X,AX,35121.62,5691,104,0.544,1,89,5434862.52,27.589,1.884,"Tight reorder point, low safety stock — forecast works"
22379,RECYCLING BAG RETROSPOT,A,Y,AY,34682.84,15785,97,1.01,1,90,5469545.36,27.765,1.905,"Moderate safety stock, review monthly"
22382,LUNCH BAG SPACEBOY DESIGN,A,X,AX,34187.47,20318,98,0.554,1,91,5503732.83,27.938,1.926,"Tight reorder point, low safety stock — forecast works"
22384,LUNCH BAG PINK POLKADOT,A,X,AX,34166.34,20830,97,0.636,1,92,5537899.17,28.112,1.948,"Tight reorder point, low safety stock — forecast works"
22666,RECIPE BOX PANTRY YELLOW DESIGN,A,Y,AY,33744.57,10727,74,1.168,1,93,5571643.74,28.283,1.969,"Moderate safety stock, review monthly"
22630,DOLLY GIRL LUNCH BOX,A,Y,AY,33437.38,18087,75,1.082,1,94,5605081.12,28.453,1.99,"Moderate safety stock, review monthly"
15036,ASSORTED COLOURS SILK FAN,A,Y,AY,32967.03,44272,102,1.222,1,95,5638048.15,28.62,2.011,"Moderate safety stock, review monthly"
22726,ALARM CLOCK BAKELIKE GREEN,A,Y,AY,32680.57,7690,59,1.353,1,96,5670728.72,28.786,2.032,"Moderate safety stock, review monthly"
22385,JUMBO BAG SPACEBOY DESIGN,A,Y,AY,32447.67,17064,97,0.879,1,97,5703176.39,28.951,2.053,"Moderate safety stock, review monthly"
22865,HAND WARMER OWL DESIGN,A,Z,AZ,31592.44,14621,47,1.968,1,98,5734768.83,29.111,2.075,High revenue but erratic — expensive to protect
22077,6 RIBBONS RUSTIC CHARM,A,X,AX,31584.66,17281,95,0.694,1,99,5766353.49,29.271,2.096,"Tight reorder point, low safety stock — forecast works"
85152,HAND OVER THE CHOCOLATE   SIGN,A,Y,AY,31571.9,16415,101,0.792,1,100,5797925.39,29.431,2.117,"Moderate safety stock, review monthly"
85014B,RED RETROSPOT UMBRELLA,A,Z,AZ,31303.7,6200,104,2.044,1,101,5829229.09,29.59,2.138,High revenue but erratic — expensive to protect
48184,DOORMAT ENGLISH ROSE,A,Y,AY,31194.96,4722,94,1.371,1,102,5860424.05,29.749,2.159,"Moderate safety stock, review monthly"
23245,SET OF 3 REGENCY CAKE TINS,A,Z,AZ,31177.95,6357,27,2.044,1,103,5891602.0,29.907,2.18,High revenue but erratic — expensive to protect
21479,WHITE SKULL HOT WATER BOTTLE,A,Z,AZ,31137.05,6234,59,1.859,1,104,5922739.05,30.065,2.202,High revenue but erratic — expensive to protect
22697,GREEN REGENCY TEACUP AND SAUCER,A,Y,AY,30528.3,9830,69,0.895,1,105,5953267.35,30.22,2.223,"Moderate safety stock, review monthly"
23199,JUMBO BAG APPLES,A,Z,AZ,30475.65,14920,35,1.677,1,106,5983743.0,30.375,2.244,High revenue but erratic — expensive to protect
22501,PICNIC BASKET WICKER LARGE,A,Z,AZ,30399.06,2618,75,1.6,1,107,6014142.06,30.529,2.265,High revenue but erratic — expensive to protect
20679,EDWARDIAN PARASOL RED,A,Z,AZ,30038.82,6152,103,2.375,1,108,6044180.88,30.682,2.286,High revenue but erratic — expensive to protect
21217,RED SPOTTY ROUND CAKE TINS,A,Y,AY,29858.79,2913,103,0.831,1,109,6074039.67,30.833,2.307,"Moderate safety stock, review monthly"
84029G,KNITTED UNION FLAG HOT WATER BOTTLE,A,Z,AZ,29661.23,6866,101,1.538,1,110,6103700.9,30.984,2.329,High revenue but erratic — expensive to protect
22659,LUNCH BOX I LOVE LONDON,A,Y,AY,29596.96,15959,76,1.179,1,111,6133297.86,31.134,2.35,"Moderate safety stock, review monthly"
47590B,PINK HAPPY BIRTHDAY BUNTING,A,Y,AY,29558.86,5761,100,1.068,1,112,6162856.72,31.284,2.371,"Moderate safety stock, review monthly"
22622,BOX OF VINTAGE ALPHABET BLOCKS,A,Z,AZ,29470.01,2947,83,1.501,1,113,6192326.73,31.434,2.392,High revenue but erratic — expensive to protect
22158,3 HEARTS HANGING DECORATION RUSTIC,A,Z,AZ,29451.98,9071,74,1.81,1,114,6221778.71,31.583,2.413,High revenue but erratic — expensive to protect
82483,WOOD 2 DRAWER CABINET WHITE FINISH,A,X,AX,29202.82,4909,95,0.746,1,115,6250981.53,31.731,2.434,"Tight reorder point, low safety stock — forecast works"
23355,HOT WATER BOTTLE KEEP CALM,A,Z,AZ,28842.55,5841,16,2.599,0,116,6279824.08,31.878,2.456,High revenue but erratic — expensive to protect
48188,DOORMAT WELCOME PUPPIES,A,Z,AZ,28662.03,4875,103,1.958,1,117,6308486.11,32.023,2.477,High revenue but erratic — expensive to protect
20971,PINK BLUE FELT CRAFT TRINKET BOX,A,Z,AZ,28642.22,22309,104,1.7,1,118,6337128.33,32.169,2.498,High revenue but erratic — expensive to protect
84978,HANGING HEART JAR T-LIGHT HOLDER,A,X,AX,28580.96,21773,103,0.527,1,119,6365709.29,32.314,2.519,"Tight reorder point, low safety stock — forecast works"
22866,HAND WARMER SCOTTY DOG DESIGN,A,Z,AZ,28344.57,12815,36,2.071,1,120,6394053.86,32.458,2.54,High revenue but erratic — expensive to protect
22467,GUMBALL COAT RACK,A,Y,AY,28278.78,11954,77,0.963,1,121,6422332.64,32.601,2.561,"Moderate safety stock, review monthly"
22752,SET 7 BABUSHKA NESTING BOXES,A,Z,AZ,28207.45,3467,69,1.638,1,122,6450540.09,32.744,2.583,High revenue but erratic — expensive to protect
21977,PACK OF 60 PINK PAISLEY CAKE CASES,A,X,AX,28159.08,56230,104,0.722,1,123,6478699.17,32.887,2.604,"Tight reorder point, low safety stock — forecast works"
22188,BLACK HEART CARD HOLDER,A,Z,AZ,28115.98,10354,97,2.48,1,124,6506815.15,33.03,2.625,High revenue but erratic — expensive to protect
82583,HOT BATHS METAL SIGN,A,Y,AY,28103.79,12935,99,0.932,1,125,6534918.94,33.173,2.646,"Moderate safety stock, review monthly"
23201,JUMBO BAG ALPHABET,A,Z,AZ,27890.17,13379,35,1.706,1,126,6562809.11,33.314,2.667,High revenue but erratic — expensive to protect
22492,MINI PAINT SET VINTAGE,A,Y,AY,27864.39,43618,83,0.933,1,127,6590673.5,33.456,2.688,"Moderate safety stock, review monthly"
20719,WOODLAND CHARLOTTE BAG,A,X,AX,27634.12,24521,103,0.516,1,128,6618307.62,33.596,2.71,"Tight reorder point, low safety stock — forecast works"
47566B,TEA TIME PARTY BUNTING,A,Y,AY,27598.2,6020,90,1.276,1,129,6645905.82,33.736,2.731,"Moderate safety stock, review monthly"
22624,IVORY KITCHEN SCALES,A,Y,AY,27500.33,3178,79,0.849,1,130,6673406.15,33.876,2.752,"Moderate safety stock, review monthly"
21930,JUMBO STORAGE BAG SKULLS,A,X,AX,27402.79,13407,104,0.688,1,131,6700808.94,34.015,2.773,"Tight reorder point, low safety stock — forecast works"
72741,GRAND CHOCOLATECANDLE,A,Y,AY,27333.71,19777,103,1.074,1,132,6728142.65,34.153,2.794,"Moderate safety stock, review monthly"
22835,HOT WATER BOTTLE I AM SO POORLY,A,Z,AZ,27277.54,5342,64,1.575,1,133,6755420.19,34.292,2.815,High revenue but erratic — expensive to protect
84991,60 TEATIME FAIRY CAKE CASES,A,X,AX,27122.96,54205,104,0.642,1,134,6782543.15,34.43,2.837,"Tight reorder point, low safety stock — forecast works"
22961,JAM MAKING SET PRINTED,A,Y,AY,26910.18,17267,55,1.345,1,135,6809453.33,34.566,2.858,"Moderate safety stock, review monthly"
20750,RED RETROSPOT MINI CASES,A,X,AX,26906.38,3693,103,0.615,1,136,6836359.71,34.703,2.879,"Tight reorder point, low safety stock — forecast works"
71459,HANGING JAM JAR T-LIGHT HOLDER,A,Y,AY,26840.79,33109,103,0.894,1,137,6863200.5,34.839,2.9,"Moderate safety stock, review monthly"
22734,SET OF 6 RIBBONS VINTAGE CHRISTMAS,A,Z,AZ,26785.51,9780,44,2.515,1,138,6889986.01,34.975,2.921,High revenue but erratic — expensive to protect
22149,FELTCRAFT 6 FLOWER FRIENDS,A,Y,AY,26281.97,12704,98,1.174,1,139,6916267.98,35.108,2.942,"Moderate safety stock, review monthly"
22867,HAND WARMER BIRD DESIGN,A,Z,AZ,26161.73,11893,39,2.037,1,140,6942429.71,35.241,2.964,High revenue but erratic — expensive to protect
48111,DOORMAT 3 SMILEY CATS,A,Z,AZ,26030.42,4256,102,1.815,1,141,6968460.13,35.373,2.985,High revenue but erratic — expensive to protect
22551,PLASTERS IN TIN SPACEBOY,A,Y,AY,25970.62,15476,89,0.828,1,142,6994430.75,35.505,3.006,"Moderate safety stock, review monthly"
82600,NO SINGING METAL SIGN,A,Y,AY,25780.29,12696,98,1.03,1,143,7020211.04,35.636,3.027,"Moderate safety stock, review monthly"
20711,JUMBO BAG TOYS,A,Y,AY,25723.03,12645,103,1.059,1,144,7045934.07,35.767,3.048,"Moderate safety stock, review monthly"
21481,FAWN BLUE HOT WATER BOTTLE,A,Y,AY,25677.25,8194,100,1.466,1,145,7071611.32,35.897,3.069,"Moderate safety stock, review monthly"
22507,MEMO BOARD RETROSPOT  DESIGN,A,Z,AZ,25603.46,5455,91,1.733,1,146,7097214.78,36.027,3.091,High revenue but erratic — expensive to protect
37503,TEA TIME CAKE STAND IN GIFT BOX,A,Z,AZ,25471.33,2469,34,1.901,1,147,7122686.11,36.156,3.112,High revenue but erratic — expensive to protect
22087,PAPER BUNTING WHITE LACE,A,Y,AY,25445.15,8494,75,1.188,1,148,7148131.26,36.285,3.133,"Moderate safety stock, review monthly"
21080,SET/20 RED RETROSPOT PAPER NAPKINS,A,X,AX,25435.63,31098,104,0.697,1,149,7173566.89,36.415,3.154,"Tight reorder point, low safety stock — forecast works"
21108,FAIRY CAKE FLANNEL ASSORTED COLOUR,A,Z,AZ,25435.57,12980,100,3.521,1,150,7199002.46,36.544,3.175,High revenue but erratic — expensive to protect
84755,COLOUR GLASS T-LIGHT HOLDER HANGING,A,Y,AY,25293.53,40575,104,0.863,1,151,7224295.99,36.672,3.196,"Moderate safety stock, review monthly"
22084,PAPER CHAIN KIT EMPIRE,A,Z,AZ,25190.11,8812,91,1.676,1,152,7249486.1,36.8,3.218,High revenue but erratic — expensive to protect
21527,RED RETROSPOT TRADITIONAL TEAPOT,A,Y,AY,25087.72,3360,66,1.328,1,153,7274573.82,36.927,3.239,"Moderate safety stock, review monthly"
23173,REGENCY TEAPOT ROSES,A,Z,AZ,24918.93,2770,31,2.781,1,154,7299492.75,37.054,3.26,High revenue but erratic — expensive to protect
20972,PINK CREAM FELT CRAFT TRINKET BOX,A,Y,AY,24856.56,20553,104,1.051,1,155,7324349.31,37.18,3.281,"Moderate safety stock, review monthly"
21314,SMALL GLASS HEART TRINKET POT,A,Y,AY,24664.49,11437,104,1.105,1,156,7349013.8,37.305,3.302,"Moderate safety stock, review monthly"
84836,ZINC METAL HEART DECORATION,A,Y,AY,24531.83,20041,104,0.823,1,157,7373545.63,37.43,3.323,"Moderate safety stock, review monthly"
84077,WORLD WAR 2 GLIDERS ASSTD DESIGNS,A,Y,AY,24507.53,106379,103,0.947,1,158,7398053.16,37.554,3.345,"Moderate safety stock, review monthly"
22722,SET OF 6 SPICE TINS PANTRY DESIGN,A,Z,AZ,24507.36,5984,43,2.218,1,159,7422560.52,37.678,3.366,High revenue but erratic — expensive to protect
22698,PINK REGENCY TEACUP AND SAUCER,A,Y,AY,24486.72,8231,63,1.099,1,160,7447047.24,37.803,3.387,"Moderate safety stock, review monthly"
22728,ALARM CLOCK BAKELIKE PINK,A,Z,AZ,24306.06,6228,63,1.634,1,161,7471353.3,37.926,3.408,High revenue but erratic — expensive to protect
48173C,DOORMAT BLACK FLOCK,A,Z,AZ,24295.9,4152,99,2.187,1,162,7495649.2,38.049,3.429,High revenue but erratic — expensive to protect
21231,SWEETHEART CERAMIC TRINKET BOX,A,Y,AY,24247.61,19523,96,0.85,1,163,7519896.81,38.173,3.45,"Moderate safety stock, review monthly"
47590A,BLUE HAPPY BIRTHDAY BUNTING,A,Y,AY,24201.38,4756,89,1.272,1,164,7544098.19,38.295,3.472,"Moderate safety stock, review monthly"
22171,3 HOOK PHOTO SHELF ANTIQUE WHITE,A,Z,AZ,23877.76,3162,101,1.634,1,165,7567975.95,38.417,3.493,High revenue but erratic — expensive to protect
23344,JUMBO BAG 50'S CHRISTMAS,A,Z,AZ,23815.75,10306,26,2.574,1,166,7591791.7,38.538,3.514,High revenue but erratic — expensive to protect
21955,DOORMAT UNION JACK GUNS AND ROSES,A,Z,AZ,23809.22,3921,102,2.072,1,167,7615600.92,38.658,3.535,High revenue but erratic — expensive to protect
21790,VINTAGE SNAP CARDS,A,Y,AY,23538.47,27282,104,0.757,1,168,7639139.39,38.778,3.556,"Moderate safety stock, review monthly"
23243,SET OF TEA COFFEE SUGAR TINS PANTRY,A,Z,AZ,23514.17,4805,27,4.073,1,169,7662653.56,38.897,3.577,High revenue but erratic — expensive to protect
22605,WOODEN CROQUET GARDEN SET,A,Z,AZ,23439.57,1828,85,1.592,1,170,7686093.13,39.016,3.599,High revenue but erratic — expensive to protect
22625,RED KITCHEN SCALES,A,Y,AY,23105.35,2651,78,0.915,1,171,7709198.48,39.134,3.62,"Moderate safety stock, review monthly"
84406B,CREAM CUPID HEARTS COAT HANGER,A,Y,AY,23098.1,7134,102,0.983,1,172,7732296.58,39.251,3.641,"Moderate safety stock, review monthly"
22607,WOODEN ROUNDERS GARDEN SET,A,Y,AY,23015.79,2545,71,1.432,1,173,7755312.37,39.368,3.662,"Moderate safety stock, review monthly"
21791,VINTAGE HEADS AND TAILS CARD GAME,A,Y,AY,22924.85,17657,104,1.064,1,174,7778237.22,39.484,3.683,"Moderate safety stock, review monthly"
22554,PLASTERS IN TIN WOODLAND ANIMALS,A,Y,AY,22899.92,13616,88,0.804,1,175,7801137.14,39.6,3.704,"Moderate safety stock, review monthly"
21936,RED RETROSPOT PICNIC BAG,A,Y,AY,22770.81,7815,103,1.073,1,176,7823907.95,39.716,3.726,"Moderate safety stock, review monthly"
84970S,HANGING HEART ZINC T-LIGHT HOLDER,A,X,AX,22653.1,26905,104,0.61,1,177,7846561.05,39.831,3.747,"Tight reorder point, low safety stock — forecast works"
22556,PLASTERS IN TIN CIRCUS PARADE,A,Y,AY,22376.98,13611,89,1.005,1,178,7868938.03,39.944,3.768,"Moderate safety stock, review monthly"
37449,CERAMIC CAKE STAND + HANGING CAKES,A,Y,AY,22363.15,2385,86,1.465,1,179,7891301.18,40.058,3.789,"Moderate safety stock, review monthly"
85014A,BLACK/BLUE POLKADOT UMBRELLA,A,Z,AZ,22243.45,4661,102,2.5,1,180,7913544.63,40.171,3.81,High revenue but erratic — expensive to protect
20749,ASSORTED COLOUR MINI CASES,A,Y,AY,22200.96,3075,102,1.013,1,181,7935745.59,40.284,3.831,"Moderate safety stock, review monthly"
22113,GREY HEART HOT WATER BOTTLE,A,Z,AZ,22159.98,5796,65,1.509,1,182,7957905.57,40.396,3.853,High revenue but erratic — expensive to protect
22585,PACK OF 6 BIRDY GIFT TAGS,A,Y,AY,22011.05,17584,91,1.067,1,183,7979916.62,40.508,3.874,"Moderate safety stock, review monthly"
23202,JUMBO BAG VINTAGE LEAF,A,Z,AZ,21852.81,10962,32,1.717,1,184,8001769.43,40.619,3.895,High revenue but erratic — expensive to protect
22499,WOODEN UNION JACK BUNTING,A,Y,AY,21838.42,3586,96,1.258,1,185,8023607.85,40.73,3.916,"Moderate safety stock, review monthly"
22941,CHRISTMAS LIGHTS 10 REINDEER,A,Z,AZ,21753.08,2618,32,2.468,1,186,8045360.93,40.84,3.937,High revenue but erratic — expensive to protect
21210,SET OF 72 RETROSPOT PAPER  DOILIES,A,Y,AY,21735.89,15124,97,0.782,1,187,8067096.82,40.95,3.959,"Moderate safety stock, review monthly"
22456,NATURAL SLATE CHALKBOARD LARGE,A,Y,AY,21607.95,4421,89,1.466,1,188,8088704.77,41.06,3.98,"Moderate safety stock, review monthly"
22969,HOMEMADE JAM SCENTED CANDLES,A,Z,AZ,21519.39,14473,55,1.792,1,189,8110224.16,41.169,4.001,High revenue but erratic — expensive to protect
21213,PACK OF 72 SKULL CAKE CASES,A,Y,AY,21463.86,40433,104,0.771,1,190,8131688.02,41.278,4.022,"Moderate safety stock, review monthly"
21258,VICTORIAN SEWING BOX LARGE,A,Z,AZ,21450.31,1510,73,1.597,1,191,8153138.33,41.387,4.043,High revenue but erratic — expensive to protect
23209,LUNCH BAG VINTAGE DOILY,A,Z,AZ,21450.17,13189,32,1.761,1,192,8174588.5,41.496,4.064,High revenue but erratic — expensive to protect
85048,15CM CHRISTMAS GLASS BALL 20 LIGHTS,A,Z,AZ,21248.83,2691,60,1.767,1,193,8195837.33,41.604,4.086,High revenue but erratic — expensive to protect
22570,FELTCRAFT CUSHION RABBIT,A,Y,AY,20931.1,5639,85,1.419,1,194,8216768.43,41.71,4.107,"Moderate safety stock, review monthly"
22424,ENAMEL BREAD BIN CREAM,A,Y,AY,20925.14,1532,82,1.154,1,195,8237693.57,41.816,4.128,"Moderate safety stock, review monthly"
23206,LUNCH BAG APPLE DESIGN,A,Z,AZ,20911.98,12183,35,1.666,1,196,8258605.55,41.922,4.149,High revenue but erratic — expensive to protect
84997A,GREEN 3 PIECE MINI DOTS CUTLERY SET,A,Y,AY,20893.73,5366,94,1.08,1,197,8279499.28,42.028,4.17,"Moderate safety stock, review monthly"
22294,HEART FILIGREE DOVE  SMALL,A,Y,AY,20881.88,16873,103,0.916,1,198,8300381.16,42.134,4.191,"Moderate safety stock, review monthly"
22356,CHARLOTTE BAG PINK POLKADOT,A,X,AX,20881.25,20026,104,0.574,1,199,8321262.41,42.24,4.213,"Tight reorder point, low safety stock — forecast works"
21218,RED SPOTTY BISCUIT TIN,A,Y,AY,20822.81,5262,104,0.763,1,200,8342085.22,42.346,4.234,"Moderate safety stock, review monthly"
48116,DOORMAT MULTICOLOUR STRIPE,A,Z,AZ,20728.07,3454,88,2.035,1,201,8362813.29,42.451,4.255,High revenue but erratic — expensive to protect
22632,HAND WARMER RED RETROSPOT,A,Z,AZ,20582.33,10310,32,2.506,1,202,8383395.62,42.556,4.276,High revenue but erratic — expensive to protect
22617,BAKING SET SPACEBOY DESIGN,A,Y,AY,20571.74,4256,90,1.261,1,203,8403967.36,42.66,4.297,"Moderate safety stock, review monthly"
22693,GROW A FLYTRAP OR SUNFLOWER IN TIN,A,Z,AZ,20469.08,17875,68,2.32,1,204,8424436.44,42.764,4.318,High revenue but erratic — expensive to protect
20723,STRAWBERRY CHARLOTTE BAG,A,X,AX,20438.45,18340,104,0.556,1,205,8444874.89,42.868,4.34,"Tight reorder point, low safety stock — forecast works"
21559,STRAWBERRY LUNCH BOX WITH CUTLERY,A,X,AX,20416.93,8255,104,0.74,1,206,8465291.82,42.972,4.361,"Tight reorder point, low safety stock — forecast works"
22568,FELTCRAFT CUSHION OWL,A,Y,AY,20271.22,5486,91,1.262,1,207,8485563.04,43.075,4.382,"Moderate safety stock, review monthly"
85150,LADIES & GENTLEMEN METAL SIGN,A,Y,AY,20255.57,8368,89,0.939,1,208,8505818.61,43.177,4.403,"Moderate safety stock, review monthly"
21216,"SET 3 RETROSPOT TEA,COFFEE,SUGAR",A,Y,AY,20213.55,3893,98,0.834,1,209,8526032.16,43.28,4.424,"Moderate safety stock, review monthly"
22273,FELTCRAFT DOLL MOLLY,A,Z,AZ,20189.34,7368,103,2.479,1,210,8546221.5,43.382,4.445,High revenue but erratic — expensive to protect
22569,FELTCRAFT CUSHION BUTTERFLY,A,Y,AY,20134.43,5529,85,1.469,1,211,8566355.93,43.485,4.467,"Moderate safety stock, review monthly"
21622,VINTAGE UNION JACK CUSHION COVER,A,Z,AZ,20021.09,3716,94,2.049,1,212,8586377.02,43.586,4.488,High revenue but erratic — expensive to protect
22900,SET 2 TEA TOWELS I LOVE LONDON,A,Z,AZ,19895.14,6176,63,1.537,1,213,8606272.16,43.687,4.509,High revenue but erratic — expensive to protect
22413,METAL SIGN TAKE IT OR LEAVE IT,A,Z,AZ,19754.79,6985,97,2.205,1,214,8626026.95,43.788,4.53,High revenue but erratic — expensive to protect
48129,DOORMAT TOPIARY,A,Z,AZ,19646.08,3132,101,1.84,1,215,8645673.03,43.887,4.551,High revenue but erratic — expensive to protect
22381,TOY TIDY PINK POLKADOT,A,Y,AY,19634.24,9272,98,1.016,1,216,8665307.27,43.987,4.572,"Moderate safety stock, review monthly"
21174,POTTERING IN THE SHED METAL SIGN,A,Y,AY,19619.42,9709,104,0.938,1,217,8684926.69,44.087,4.594,"Moderate safety stock, review monthly"
22558,CLOTHES PEGS RETROSPOT PACK 24,A,Y,AY,19539.59,13827,71,1.095,1,218,8704466.28,44.186,4.615,"Moderate safety stock, review monthly"
22169,FAMILY ALBUM WHITE PICTURE FRAME,A,Y,AY,19533.1,2278,99,0.839,1,219,8723999.38,44.285,4.636,"Moderate safety stock, review monthly"
22561,WOODEN SCHOOL COLOURING SET,A,Y,AY,19532.52,11647,89,0.907,1,220,8743531.9,44.384,4.657,"Moderate safety stock, review monthly"
21340,CLASSIC METAL BIRDCAGE PLANT HOLDER,A,Y,AY,19337.48,1771,78,1.277,1,221,8762869.38,44.482,4.678,"Moderate safety stock, review monthly"
22427,ENAMEL FLOWER JUG CREAM,A,Y,AY,19326.83,3219,70,1.165,1,222,8782196.21,44.58,4.699,"Moderate safety stock, review monthly"
22952,60 CAKE CASES VINTAGE CHRISTMAS,A,Z,AZ,19274.7,33051,51,1.888,1,223,8801470.91,44.678,4.721,High revenue but erratic — expensive to protect
21908,CHOCOLATE THIS WAY METAL SIGN,A,Y,AY,19180.58,9704,104,1.244,1,224,8820651.49,44.775,4.742,"Moderate safety stock, review monthly"
22061,LARGE CAKE STAND  HANGING STRAWBERY,A,Y,AY,19161.17,2175,99,1.382,1,225,8839812.66,44.873,4.763,"Moderate safety stock, review monthly"
84949,SILVER HANGING T-LIGHT HOLDER,A,Y,AY,19104.9,11999,102,1.015,1,226,8858917.56,44.97,4.784,"Moderate safety stock, review monthly"
71053,WHITE METAL LANTERN,A,Y,AY,18970.52,4786,104,0.936,1,227,8877888.08,45.066,4.805,"Moderate safety stock, review monthly"
84947,ANTIQUE SILVER TEA GLASS ENGRAVED,A,Y,AY,18911.67,15944,103,0.886,1,228,8896799.75,45.162,4.826,"Moderate safety stock, review monthly"
47591D,PINK FAIRY CAKE CHILDRENS APRON,A,Y,AY,18730.32,9650,100,0.759,1,229,8915530.07,45.257,4.848,"Moderate safety stock, review monthly"
22555,PLASTERS IN TIN STRONGMAN,A,Y,AY,18718.27,11572,89,1.101,1,230,8934248.34,45.352,4.869,"Moderate safety stock, review monthly"
21035,SET/2 RED RETROSPOT TEA TOWELS,A,Y,AY,18681.38,6006,104,1.249,1,231,8952929.72,45.447,4.89,"Moderate safety stock, review monthly"
22041,"RECORD FRAME 7"" SINGLE SIZE",A,Y,AY,18650.87,7540,101,0.931,1,232,8971580.59,45.542,4.911,"Moderate safety stock, review monthly"
21121,SET/10 RED POLKADOT PARTY CANDLES,A,Y,AY,18488.95,15252,104,1.002,1,233,8990069.54,45.635,4.932,"Moderate safety stock, review monthly"
22847,BREAD BIN DINER STYLE IVORY,A,Y,AY,18352.74,1157,51,1.447,1,234,9008422.28,45.729,4.953,"Moderate safety stock, review monthly"
21484,CHICK GREY HOT WATER BOTTLE,A,Z,AZ,18320.89,4631,96,1.553,1,235,9026743.17,45.822,4.975,High revenue but erratic — expensive to protect
21430,SET/3 RED GINGHAM ROSE STORAGE BOX,A,Y,AY,18082.47,4631,80,1.154,1,236,9044825.64,45.913,4.996,"Moderate safety stock, review monthly"
22505,MEMO BOARD COTTAGE DESIGN,A,Y,AY,18074.23,3781,91,1.071,1,237,9062899.87,46.005,5.017,"Moderate safety stock, review monthly"
79323W,WHITE CHERRY LIGHTS,A,Z,AZ,18048.72,3004,24,2.43,0,238,9080948.59,46.097,5.038,High revenue but erratic — expensive to protect
22147,FELTCRAFT BUTTERFLY HEARTS,A,Y,AY,17951.58,12868,102,1.342,1,239,9098900.17,46.188,5.059,"Moderate safety stock, review monthly"
22560,TRADITIONAL MODELLING CLAY,A,Y,AY,17904.21,14870,89,1.045,1,240,9116804.38,46.279,5.08,"Moderate safety stock, review monthly"
22352,LUNCH BOX WITH CUTLERY RETROSPOT,A,X,AX,17879.16,7109,104,0.689,1,241,9134683.54,46.37,5.102,"Tight reorder point, low safety stock — forecast works"
22297,HEART IVORY TRELLIS SMALL,A,Y,AY,17840.12,13825,104,0.839,1,242,9152523.66,46.46,5.123,"Moderate safety stock, review monthly"
84945,MULTI COLOUR SILVER T-LIGHT HOLDER,A,Y,AY,17767.96,21630,92,1.027,1,243,9170291.62,46.55,5.144,"Moderate safety stock, review monthly"
84970L,SINGLE HEART ZINC T-LIGHT HOLDER,A,X,AX,17736.68,17709,103,0.745,1,244,9188028.3,46.64,5.165,"Tight reorder point, low safety stock — forecast works"
21914,BLUE HARMONICA IN BOX,A,Y,AY,17729.11,12960,92,1.119,1,245,9205757.41,46.73,5.186,"Moderate safety stock, review monthly"
22633,HAND WARMER UNION JACK,A,Z,AZ,17656.47,8579,35,2.045,1,246,9223413.88,46.82,5.207,High revenue but erratic — expensive to protect
22776,SWEETHEART CAKESTAND 3 TIER,A,Y,AY,17540.41,1709,60,1.287,1,247,9240954.29,46.909,5.229,"Moderate safety stock, review monthly"
21136,PAINTED METAL PEARS ASSORTED,A,Y,AY,17502.15,10526,103,1.007,1,248,9258456.44,46.998,5.25,"Moderate safety stock, review monthly"
84467,ENGLISH ROSE DESIGN QUILTED THROW,A,Z,AZ,17477.66,816,17,4.074,0,249,9275934.1,47.087,5.271,High revenue but erratic — expensive to protect
20718,RED RETROSPOT SHOPPER BAG,A,X,AX,17467.35,13361,104,0.739,1,250,9293401.45,47.175,5.292,"Tight reorder point, low safety stock — forecast works"
22557,PLASTERS IN TIN VINTAGE PAISLEY,A,Y,AY,17437.6,10391,89,1.035,1,251,9310839.05,47.264,5.313,"Moderate safety stock, review monthly"
84992,72 SWEETHEART FAIRY CAKE CASES,A,Y,AY,17404.8,35126,104,0.892,1,252,9328243.85,47.352,5.334,"Moderate safety stock, review monthly"
22366,DOORMAT AIRMAIL,A,Z,AZ,17264.77,2543,99,1.824,1,253,9345508.62,47.44,5.356,High revenue but erratic — expensive to protect
21889,WOODEN BOX OF DOMINOES,A,Y,AY,17119.41,12824,104,0.991,1,254,9362628.03,47.527,5.377,"Moderate safety stock, review monthly"
23240,SET OF 4 KNICK KNACK TINS DOILY,A,Z,AZ,17037.52,4186,27,1.964,1,255,9379665.55,47.613,5.398,High revenue but erratic — expensive to protect
21156,RETROSPOT CHILDRENS APRON,A,Y,AY,17017.88,9145,103,1.205,1,256,9396683.43,47.7,5.419,"Moderate safety stock, review monthly"
22654,DELUXE SEWING KIT,A,Y,AY,17001.02,2539,72,1.382,1,257,9413684.45,47.786,5.44,"Moderate safety stock, review monthly"
21535,RED RETROSPOT SMALL MILK JUG,A,Y,AY,16921.15,6809,103,0.759,1,258,9430605.6,47.872,5.461,"Moderate safety stock, review monthly"
22652,TRAVEL SEWING KIT,A,Y,AY,16822.1,9927,70,1.421,1,259,9447427.7,47.957,5.483,"Moderate safety stock, review monthly"
21533,RETRO SPOT LARGE MILK JUG,A,X,AX,16793.07,3379,104,0.713,1,260,9464220.77,48.042,5.504,"Tight reorder point, low safety stock — forecast works"
21164,HOME SWEET HOME METAL SIGN,A,Y,AY,16679.51,5999,104,1.27,1,261,9480900.28,48.127,5.525,"Moderate safety stock, review monthly"
72760B,VINTAGE CREAM 3 BASKET CAKE STAND,A,Y,AY,16634.41,1724,89,1.22,1,262,9497534.69,48.211,5.546,"Moderate safety stock, review monthly"
22993,SET OF 4 PANTRY JELLY MOULDS,A,Y,AY,16507.23,12672,43,1.382,1,263,9514041.92,48.295,5.567,"Moderate safety stock, review monthly"
22837,HOT WATER BOTTLE BABUSHKA,A,Z,AZ,16487.73,3541,31,3.253,1,264,9530529.65,48.379,5.588,High revenue but erratic — expensive to protect
22487,WHITE WOOD GARDEN PLANT LADDER,A,Y,AY,16393.6,1634,90,0.764,1,265,9546923.25,48.462,5.61,"Moderate safety stock, review monthly"
21155,RED RETROSPOT PEG BAG,A,Y,AY,16360.79,6673,94,1.113,1,266,9563284.04,48.545,5.631,"Moderate safety stock, review monthly"
23301,GARDENERS KNEELING PAD KEEP CALM,A,Z,AZ,16357.05,8825,31,1.972,1,267,9579641.09,48.628,5.652,High revenue but erratic — expensive to protect
22191,IVORY DINER WALL CLOCK,A,Z,AZ,16284.05,1975,87,1.917,1,268,9595925.14,48.711,5.673,High revenue but erratic — expensive to protect
22662,LUNCH BAG DOLLY GIRL DESIGN,A,Y,AY,16266.41,9983,72,1.067,1,269,9612191.55,48.794,5.694,"Moderate safety stock, review monthly"
35004C,SET OF 3 COLOURED  FLYING DUCKS,A,Z,AZ,16239.9,3066,63,1.559,1,270,9628431.45,48.876,5.715,High revenue but erratic — expensive to protect
22296,HEART IVORY TRELLIS LARGE,A,Y,AY,16220.61,9836,93,0.925,1,271,9644652.06,48.958,5.737,"Moderate safety stock, review monthly"
22193,RED DINER WALL CLOCK,A,Y,AY,16177.48,1917,78,1.168,1,272,9660829.54,49.04,5.758,"Moderate safety stock, review monthly"
22634,CHILDS BREAKFAST SET SPACEBOY,A,Y,AY,16036.1,1697,81,1.17,1,273,9676865.64,49.122,5.779,"Moderate safety stock, review monthly"
21877,HOME SWEET HOME MUG,A,Y,AY,15996.8,14087,102,1.396,1,274,9692862.44,49.203,5.8,"Moderate safety stock, review monthly"
22692,DOORMAT WELCOME TO OUR HOME,A,Z,AZ,15982.45,2137,72,1.815,1,275,9708844.89,49.284,5.821,High revenue but erratic — expensive to protect
22759,SET OF 3 NOTEBOOKS IN PARCEL,A,Y,AY,15892.96,9396,69,1.393,1,276,9724737.85,49.365,5.843,"Moderate safety stock, review monthly"
22690,DOORMAT HOME SWEET HOME BLUE,A,Z,AZ,15859.74,2533,70,2.538,1,277,9740597.59,49.445,5.864,High revenue but erratic — expensive to protect
22635,CHILDS BREAKFAST SET DOLLY GIRL,A,Y,AY,15834.81,1664,78,1.218,1,278,9756432.4,49.526,5.885,"Moderate safety stock, review monthly"
23313,VINTAGE CHRISTMAS BUNTING,A,Z,AZ,15833.31,2997,22,2.561,0,279,9772265.71,49.606,5.906,High revenue but erratic — expensive to protect
22367,CHILDRENS APRON SPACEBOY DESIGN,A,X,AX,15811.82,8076,100,0.742,1,280,9788077.53,49.686,5.927,"Tight reorder point, low safety stock — forecast works"
84375,SET OF 20 KIDS COOKIE CUTTERS,A,Y,AY,15794.28,7595,96,0.956,1,281,9803871.81,49.767,5.948,"Moderate safety stock, review monthly"
22170,PICTURE FRAME WOOD TRIPLE PORTRAIT,A,Y,AY,15753.27,2401,97,1.05,1,282,9819625.08,49.846,5.97,"Moderate safety stock, review monthly"
22619,SET OF 6 SOLDIER SKITTLES,A,Y,AY,15668.84,4021,83,1.165,1,283,9835293.92,49.926,5.991,"Moderate safety stock, review monthly"
22333,RETROSPOT PARTY BAG + STICKER SET,A,Y,AY,15651.2,10037,103,1.214,1,284,9850945.12,50.005,6.012,"Moderate safety stock, review monthly"
85232B,SET/3 RUSSIAN DOLL STACKING TINS,A,Z,AZ,15606.8,3090,56,1.812,1,285,9866551.92,50.085,6.033,High revenue but erratic — expensive to protect
21891,TRADITIONAL WOODEN SKIPPING ROPE,A,Y,AY,15586.4,12171,94,1.282,1,286,9882138.32,50.164,6.054,"Moderate safety stock, review monthly"
22173,METAL 4 HOOK HANGER FRENCH CHATEAU,A,Y,AY,15426.65,5031,83,1.088,1,287,9897564.97,50.242,6.075,"Moderate safety stock, review monthly"
22749,FELTCRAFT PRINCESS CHARLOTTE DOLL,A,Y,AY,15425.6,3778,64,1.404,1,288,9912990.57,50.32,6.097,"Moderate safety stock, review monthly"
84378,SET OF 3 HEART COOKIE CUTTERS,A,Y,AY,15417.19,11660,104,1.099,1,289,9928407.76,50.399,6.118,"Moderate safety stock, review monthly"
21844,RED RETROSPOT MUG,A,Y,AY,15367.79,5387,101,0.964,1,290,9943775.55,50.477,6.139,"Moderate safety stock, review monthly"
22940,FELTCRAFT CHRISTMAS FAIRY,A,Z,AZ,15363.56,3510,48,1.849,1,291,9959139.11,50.555,6.16,High revenue but erratic — expensive to protect
21094,SET/6 RED SPOTTY PAPER PLATES,A,Y,AY,15334.88,19634,104,0.967,1,292,9974473.99,50.633,6.181,"Moderate safety stock, review monthly"
22365,DOORMAT RESPECTABLE HOUSE,A,Z,AZ,15304.79,2331,98,2.143,1,293,9989778.78,50.71,6.202,High revenue but erratic — expensive to protect
22909,SET OF 20 VINTAGE CHRISTMAS NAPKINS,A,Z,AZ,15294.52,17166,52,1.864,1,294,10005073.3,50.788,6.224,High revenue but erratic — expensive to protect
21975,PACK OF 60 DINOSAUR CAKE CASES,A,Y,AY,15288.32,31426,104,0.784,1,295,10020361.62,50.865,6.245,"Moderate safety stock, review monthly"
21165,BEWARE OF THE CAT METAL SIGN,A,Y,AY,15175.83,9365,100,0.919,1,296,10035537.45,50.943,6.266,"Moderate safety stock, review monthly"
35970,ZINC FOLKART SLEIGH BELLS,A,Z,AZ,15152.01,8422,75,1.749,1,297,10050689.46,51.019,6.287,High revenue but erratic — expensive to protect
82582,AREA PATROLLED METAL SIGN,A,Y,AY,15146.68,7496,97,0.84,1,298,10065836.14,51.096,6.308,"Moderate safety stock, review monthly"
22946,WOODEN ADVENT CALENDAR CREAM,A,Z,AZ,15094.47,978,44,2.08,1,299,10080930.61,51.173,6.329,High revenue but erratic — expensive to protect
21122,SET/10 PINK POLKADOT PARTY CANDLES,A,Y,AY,15017.28,12347,102,0.966,1,300,10095947.89,51.249,6.351,"Moderate safety stock, review monthly"
22606,WOODEN SKITTLES GARDEN SET,A,Z,AZ,14977.64,1075,79,2.349,1,301,10110925.53,51.325,6.372,High revenue but erratic — expensive to protect
22730,ALARM CLOCK BAKELIKE IVORY,A,Y,AY,14886.02,3707,63,1.403,1,302,10125811.55,51.401,6.393,"Moderate safety stock, review monthly"
21770,OPEN CLOSED METAL SIGN,A,Z,AZ,14832.05,2996,65,2.749,1,303,10140643.6,51.476,6.414,High revenue but erratic — expensive to protect
17003,BROCADE RING PURSE,A,Z,AZ,14776.86,70405,98,2.064,1,304,10155420.46,51.551,6.435,High revenue but erratic — expensive to protect
21912,VINTAGE SNAKES & LADDERS,A,Y,AY,14685.08,3743,104,1.256,1,305,10170105.54,51.626,6.456,"Moderate safety stock, review monthly"
22485,SET OF 2 WOODEN MARKET CRATES,A,Y,AY,14677.84,1101,91,0.986,1,306,10184783.38,51.7,6.478,"Moderate safety stock, review monthly"
21380,WOODEN HAPPY BIRTHDAY GARLAND,A,Y,AY,14622.82,5041,102,1.353,1,307,10199406.2,51.774,6.499,"Moderate safety stock, review monthly"
84050,PINK HEART SHAPE EGG FRYING PAN,A,Z,AZ,14549.75,9868,96,1.539,1,308,10213955.95,51.848,6.52,High revenue but erratic — expensive to protect
22150,3 STRIPEY MICE FELTCRAFT,A,Y,AY,14527.5,7836,103,1.328,1,309,10228483.45,51.922,6.541,"Moderate safety stock, review monthly"
21672,WHITE SPOT RED CERAMIC DRAWER KNOB,A,Y,AY,14461.03,11158,101,0.785,1,310,10242944.48,51.995,6.562,"Moderate safety stock, review monthly"
22179,SET 10 LIGHTS NIGHT OWL,A,Y,AY,14425.36,2024,100,0.909,1,311,10257369.84,52.069,6.583,"Moderate safety stock, review monthly"
21169,YOU'RE CONFUSING ME METAL SIGN,A,Y,AY,14291.34,8873,83,1.216,1,312,10271661.18,52.141,6.605,"Moderate safety stock, review monthly"
20748,KENSINGTON COFFEE SET,A,Z,AZ,14266.98,1600,66,5.928,1,313,10285928.16,52.214,6.626,High revenue but erratic — expensive to protect
23200,JUMBO BAG PEARS,A,Z,AZ,14197.28,7071,32,1.754,1,314,10300125.44,52.286,6.647,High revenue but erratic — expensive to protect
22295,HEART FILIGREE DOVE LARGE,A,Y,AY,14188.69,8602,94,1.031,1,315,10314314.13,52.358,6.668,"Moderate safety stock, review monthly"
22804,CANDLEHOLDER PINK HANGING HEART,A,Z,AZ,14123.0,5277,63,2.074,1,316,10328437.13,52.429,6.689,High revenue but erratic — expensive to protect
84380,SET OF 3 BUTTERFLY COOKIE CUTTERS,A,Y,AY,14085.49,10412,104,0.864,1,317,10342522.62,52.501,6.71,"Moderate safety stock, review monthly"
35400,WOODEN BOX ADVENT CALENDAR,A,Z,AZ,14070.7,1443,31,2.613,1,318,10356593.32,52.572,6.732,High revenue but erratic — expensive to protect
22627,MINT KITCHEN SCALES,A,Y,AY,14067.8,1606,73,1.007,1,319,10370661.12,52.644,6.753,"Moderate safety stock, review monthly"
21257,VICTORIAN SEWING BOX MEDIUM,A,Y,AY,14040.03,1558,102,1.077,1,320,10384701.15,52.715,6.774,"Moderate safety stock, review monthly"
21668,RED STRIPE CERAMIC DRAWER KNOB,A,Y,AY,14002.42,10426,97,0.762,1,321,10398703.57,52.786,6.795,"Moderate safety stock, review monthly"
22271,FELTCRAFT DOLL ROSIE,A,Y,AY,13983.68,4887,99,1.078,1,322,10412687.25,52.857,6.816,"Moderate safety stock, review monthly"
23343,JUMBO BAG VINTAGE CHRISTMAS,A,Z,AZ,13978.95,6081,26,2.56,1,323,10426666.2,52.928,6.837,High revenue but erratic — expensive to protect
22236,CAKE STAND 3 TIER MAGIC GARDEN,A,Y,AY,13978.27,1128,89,1.07,1,324,10440644.47,52.999,6.859,"Moderate safety stock, review monthly"
21669,BLUE STRIPE CERAMIC DRAWER KNOB,A,Y,AY,13960.28,10672,92,0.854,1,325,10454604.75,53.07,6.88,"Moderate safety stock, review monthly"
21259,VICTORIAN SEWING BOX SMALL,A,Y,AY,13951.02,2311,104,1.114,1,326,10468555.77,53.141,6.901,"Moderate safety stock, review monthly"
21888,BINGO SET,A,Y,AY,13880.92,3525,104,1.024,1,327,10482436.69,53.211,6.922,"Moderate safety stock, review monthly"
22444,GROW YOUR OWN PLANT IN A CAN,A,Z,AZ,13860.35,10135,54,1.539,1,328,10496297.04,53.281,6.943,High revenue but erratic — expensive to protect
22621,TRADITIONAL KNITTING NANCY,A,Y,AY,13800.67,8737,80,1.133,1,329,10510097.71,53.351,6.964,"Moderate safety stock, review monthly"
79323P,PINK CHERRY LIGHTS,A,Z,AZ,13787.93,2281,22,2.556,0,330,10523885.64,53.421,6.986,High revenue but erratic — expensive to protect
22109,FULL ENGLISH BREAKFAST PLATE,A,Y,AY,13768.86,3343,103,1.148,1,331,10537654.5,53.491,7.007,"Moderate safety stock, review monthly"
23077,DOUGHNUT LIP GLOSS,A,Z,AZ,13720.77,10415,38,1.684,1,332,10551375.27,53.561,7.028,High revenue but erratic — expensive to protect
47556B,TEA TIME TEA TOWELS,A,Z,AZ,13717.61,5206,52,3.576,1,333,10565092.88,53.631,7.049,High revenue but erratic — expensive to protect
21871,SAVE THE PLANET MUG,A,Y,AY,13710.29,11536,95,1.405,1,334,10578803.17,53.7,7.07,"Moderate safety stock, review monthly"
22667,RECIPE BOX RETROSPOT,A,Y,AY,13654.2,4868,67,1.347,1,335,10592457.37,53.77,7.091,"Moderate safety stock, review monthly"
21539,RED RETROSPOT BUTTER DISH,A,Y,AY,13635.79,2740,99,0.979,1,336,10606093.16,53.839,7.113,"Moderate safety stock, review monthly"
21390,FILIGRIS HEART WITH BUTTERFLY,A,Y,AY,13625.47,10995,103,0.879,1,337,10619718.63,53.908,7.134,"Moderate safety stock, review monthly"
22636,CHILDS BREAKFAST SET CIRCUS PARADE,A,Y,AY,13496.53,1625,78,1.274,1,338,10633215.16,53.976,7.155,"Moderate safety stock, review monthly"
23356,LOVE HOT WATER BOTTLE,A,Z,AZ,13494.97,2386,16,2.832,0,339,10646710.13,54.045,7.176,High revenue but erratic — expensive to protect
23207,LUNCH BAG ALPHABET DESIGN,A,Z,AZ,13360.2,7851,35,1.735,1,340,10660070.33,54.113,7.197,High revenue but erratic — expensive to protect
22584,PACK OF 6 PANNETONE GIFT BOXES,A,Y,AY,13323.48,5236,89,1.186,1,341,10673393.81,54.18,7.218,"Moderate safety stock, review monthly"
21673,WHITE SPOT BLUE CERAMIC DRAWER KNOB,A,Y,AY,13322.94,10089,104,0.819,1,342,10686716.75,54.248,7.24,"Moderate safety stock, review monthly"
22207,FRYING PAN UNION FLAG,A,Z,AZ,13307.07,3105,100,1.526,1,343,10700023.82,54.316,7.261,High revenue but erratic — expensive to protect
23108,SET OF 10 LED DOLLY LIGHTS,A,Z,AZ,13303.02,2221,31,2.74,1,344,10713326.84,54.383,7.282,High revenue but erratic — expensive to protect
21098,CHRISTMAS TOILET ROLL,A,Z,AZ,13295.18,8562,57,2.25,1,345,10726622.02,54.451,7.303,High revenue but erratic — expensive to protect
23328,SET 6 SCHOOL MILK BOTTLES IN CRATE,A,Z,AZ,13284.49,2845,18,2.495,0,346,10739906.51,54.518,7.324,High revenue but erratic — expensive to protect
22580,ADVENT CALENDAR GINGHAM SACK,A,Z,AZ,13283.88,2346,46,1.79,1,347,10753190.39,54.585,7.345,High revenue but erratic — expensive to protect
22846,BREAD BIN DINER STYLE RED,A,Y,AY,13281.77,826,56,1.347,1,348,10766472.16,54.653,7.367,"Moderate safety stock, review monthly"
22838,3 TIER CAKE TIN RED AND CREAM,A,Z,AZ,13280.66,926,50,2.124,1,349,10779752.82,54.72,7.388,High revenue but erratic — expensive to protect
21704,BAG 250g SWIRLY MARBLES,A,Z,AZ,13239.41,17180,98,1.728,1,350,10792992.23,54.788,7.409,High revenue but erratic — expensive to protect
15044A,PINK PAPER PARASOL,A,Z,AZ,13228.55,4970,81,7.189,1,351,10806220.78,54.855,7.43,High revenue but erratic — expensive to protect
75049L,LARGE CIRCULAR MIRROR MOBILE,A,Y,AY,13183.8,13992,81,1.474,1,352,10819404.58,54.922,7.451,"Moderate safety stock, review monthly"
20676,RED RETROSPOT BOWL,A,X,AX,13173.2,10529,104,0.724,1,353,10832577.78,54.988,7.472,"Tight reorder point, low safety stock — forecast works"
22464,HANGING METAL HEART LANTERN,A,Y,AY,13132.95,7937,92,0.865,1,354,10845710.73,55.055,7.494,"Moderate safety stock, review monthly"
22553,PLASTERS IN TIN SKULLS,A,Y,AY,13127.0,7863,89,0.817,1,355,10858837.73,55.122,7.515,"Moderate safety stock, review monthly"
21935,SUKI  SHOULDER BAG,A,Y,AY,13103.21,7127,104,0.917,1,356,10871940.94,55.188,7.536,"Moderate safety stock, review monthly"
22088,PAPER BUNTING COLOURED LACE,A,Y,AY,13082.78,4401,80,1.153,1,357,10885023.72,55.255,7.557,"Moderate safety stock, review monthly"
22766,PHOTO FRAME CORNICE,A,Z,AZ,12979.3,4406,61,1.709,1,358,10898003.02,55.321,7.578,High revenue but erratic — expensive to protect
84988,SET OF 72 PINK HEART PAPER DOILIES,A,X,AX,12929.19,8316,104,0.7,1,359,10910932.21,55.386,7.599,"Tight reorder point, low safety stock — forecast works"
21906,PHARMACIE FIRST AID TIN,A,Z,AZ,12919.96,1792,94,2.893,1,360,10923852.17,55.452,7.621,High revenue but erratic — expensive to protect
22655,VINTAGE RED KITCHEN CABINET,A,Z,AZ,12845.0,76,31,2.223,1,361,10936697.17,55.517,7.642,High revenue but erratic — expensive to protect
15056P,EDWARDIAN PARASOL PINK,A,Z,AZ,12824.61,2522,101,2.614,1,362,10949521.78,55.582,7.663,High revenue but erratic — expensive to protect
22198,LARGE POPCORN HOLDER,A,Y,AY,12782.71,7345,60,1.405,1,363,10962304.49,55.647,7.684,"Moderate safety stock, review monthly"
22646,CERAMIC STRAWBERRY CAKE MONEY BANK,A,Y,AY,12735.91,8969,82,1.17,1,364,10975040.4,55.712,7.705,"Moderate safety stock, review monthly"
22303,COFFEE MUG APPLES DESIGN,A,Y,AY,12734.78,5452,99,0.988,1,365,10987775.18,55.776,7.727,"Moderate safety stock, review monthly"
22947,WOODEN ADVENT CALENDAR RED,A,Z,AZ,12704.15,1011,33,2.764,1,366,11000479.33,55.841,7.748,High revenue but erratic — expensive to protect
22616,PACK OF 12 LONDON TISSUES,A,Y,AY,12476.99,39204,83,1.323,1,367,11012956.32,55.904,7.769,"Moderate safety stock, review monthly"
22623,BOX OF VINTAGE JIGSAW BLOCKS,A,Y,AY,12454.08,2316,82,1.318,1,368,11025410.4,55.967,7.79,"Moderate safety stock, review monthly"
62018,SOMBRERO,A,Z,AZ,12450.85,9567,72,2.184,1,369,11037861.25,56.031,7.811,High revenue but erratic — expensive to protect
22144,CHRISTMAS CRAFT LITTLE FRIENDS,A,Z,AZ,12411.87,5148,48,2.05,1,370,11050273.12,56.094,7.832,High revenue but erratic — expensive to protect
21671,RED SPOT CERAMIC DRAWER KNOB,A,Y,AY,12386.82,9526,91,0.933,1,371,11062659.94,56.156,7.854,"Moderate safety stock, review monthly"
23174,REGENCY SUGAR BOWL GREEN,A,Z,AZ,12350.73,3057,31,3.033,1,372,11075010.67,56.219,7.875,High revenue but erratic — expensive to protect
22082,RIBBON REEL STRIPES DESIGN,A,Y,AY,12337.25,7355,104,0.832,1,373,11087347.92,56.282,7.896,"Moderate safety stock, review monthly"
22631,CIRCUS PARADE LUNCH BOX,A,Y,AY,12255.5,6279,76,1.141,1,374,11099603.42,56.344,7.917,"Moderate safety stock, review monthly"
85042,ANTIQUE LILY FAIRY LIGHTS,A,Z,AZ,12239.51,2686,46,1.718,1,375,11111842.93,56.406,7.938,High revenue but erratic — expensive to protect
22301,COFFEE MUG CAT + BIRD DESIGN,A,Y,AY,12216.58,5045,103,1.049,1,376,11124059.51,56.468,7.959,"Moderate safety stock, review monthly"
21124,SET/10 BLUE SPOTTY PARTY CANDLES,A,Y,AY,12184.04,10038,102,0.855,1,377,11136243.55,56.53,7.981,"Moderate safety stock, review monthly"
21670,BLUE SPOT CERAMIC DRAWER KNOB,A,X,AX,12162.95,8912,100,0.725,1,378,11148406.5,56.592,8.002,"Tight reorder point, low safety stock — forecast works"
22192,BLUE DINER WALL CLOCK,A,Y,AY,12121.8,1428,85,0.88,1,379,11160528.3,56.653,8.023,"Moderate safety stock, review monthly"
20969,RED FLORAL FELTCRAFT SHOULDER BAG,A,Z,AZ,12081.52,3241,101,1.645,1,380,11172609.82,56.715,8.044,High revenue but erratic — expensive to protect
21937,STRAWBERRY   PICNIC BAG,A,Y,AY,12065.37,4109,77,1.394,1,381,11184675.19,56.776,8.065,"Moderate safety stock, review monthly"
84212,"ASSORTED FLOWER COLOUR ""LEIS""",A,Z,AZ,11965.39,24800,90,1.601,1,382,11196640.58,56.837,8.086,High revenue but erratic — expensive to protect
21787,RAIN PONCHO RETROSPOT,A,Z,AZ,11932.88,15143,86,1.786,1,383,11208573.46,56.897,8.108,High revenue but erratic — expensive to protect
21242,RED RETROSPOT PLATE,A,Y,AY,11922.8,7088,103,0.799,1,384,11220496.26,56.958,8.129,"Moderate safety stock, review monthly"
22729,ALARM CLOCK BAKELIKE ORANGE,A,Z,AZ,11882.75,3004,62,1.526,1,385,11232379.01,57.018,8.15,High revenue but erratic — expensive to protect
22243,5 HOOK HANGER RED MAGIC TOADSTOOL,A,Z,AZ,11871.8,7685,80,1.833,1,386,11244250.81,57.078,8.171,High revenue but erratic — expensive to protect
84987,SET OF 36 TEATIME PAPER DOILIES,A,Y,AY,11867.05,8140,104,1.009,1,387,11256117.86,57.138,8.192,"Moderate safety stock, review monthly"
20975,12 PENCILS SMALL TUBE RED RETROSPOT,A,Y,AY,11859.76,18116,89,1.306,1,388,11267977.62,57.199,8.213,"Moderate safety stock, review monthly"
22791,T-LIGHT GLASS FLUTED ANTIQUE,A,Y,AY,11823.69,9534,53,1.361,1,389,11279801.31,57.259,8.235,"Moderate safety stock, review monthly"
23300,GARDENERS KNEELING PAD CUP OF TEA,A,Z,AZ,11815.69,6827,31,2.014,1,390,11291617.0,57.319,8.256,High revenue but erratic — expensive to protect
22488,NATURAL SLATE RECTANGLE CHALKBOARD,A,Y,AY,11793.01,6908,92,0.832,1,391,11303410.01,57.378,8.277,"Moderate safety stock, review monthly"
47567B,TEA TIME KITCHEN APRON,A,Y,AY,11781.49,2179,91,1.459,1,392,11315191.5,57.438,8.298,"Moderate safety stock, review monthly"
21428,SET3 BOOK BOX GREEN GINGHAM FLOWER,A,Z,AZ,11779.93,2887,85,1.782,1,393,11326971.43,57.498,8.319,High revenue but erratic — expensive to protect
22750,FELTCRAFT PRINCESS LOLA DOLL,A,Y,AY,11776.35,3146,63,1.341,1,394,11338747.78,57.558,8.34,"Moderate safety stock, review monthly"
22943,CHRISTMAS LIGHTS 10 VINTAGE BAUBLES,A,Z,AZ,11726.34,2387,40,2.592,1,395,11350474.12,57.617,8.362,High revenue but erratic — expensive to protect
21154,RED RETROSPOT OVEN GLOVE,A,Y,AY,11699.95,8099,104,1.023,1,396,11362174.07,57.677,8.383,"Moderate safety stock, review monthly"
21326,AGED GLASS SILVER T-LIGHT HOLDER,A,Y,AY,11679.66,17902,102,0.835,1,397,11373853.73,57.736,8.404,"Moderate safety stock, review monthly"
22151,PLACE SETTING WHITE HEART,A,Y,AY,11671.35,27710,104,0.832,1,398,11385525.08,57.795,8.425,"Moderate safety stock, review monthly"
22844,VINTAGE CREAM DOG FOOD CONTAINER,A,Y,AY,11618.78,1230,60,1.199,1,399,11397143.86,57.854,8.446,"Moderate safety stock, review monthly"
22649,STRAWBERRY FAIRY CAKE TEAPOT,A,Y,AY,11616.03,2317,81,1.17,1,400,11408759.89,57.913,8.467,"Moderate safety stock, review monthly"
23581,JUMBO BAG PAISLEY PARK,A,Z,AZ,11613.03,5035,7,4.063,0,401,11420372.92,57.972,8.489,High revenue but erratic — expensive to protect
21260,FIRST AID TIN,A,Z,AZ,11609.93,3526,103,1.761,1,402,11431982.85,58.031,8.51,High revenue but erratic — expensive to protect
22508,DOORSTOP RETROSPOT HEART,A,Z,AZ,11599.45,2890,90,2.682,1,403,11443582.3,58.09,8.531,High revenue but erratic — expensive to protect
22468,BABUSHKA LIGHTS STRING OF 10,A,Z,AZ,11549.35,1737,86,1.923,1,404,11455131.65,58.149,8.552,High revenue but erratic — expensive to protect
22637,PIGGY BANK RETROSPOT,A,Z,AZ,11520.87,4489,79,1.973,1,405,11466652.52,58.207,8.573,High revenue but erratic — expensive to protect
22663,JUMBO BAG DOLLY GIRL DESIGN,A,Y,AY,11469.32,5766,72,1.226,1,406,11478121.84,58.265,8.594,"Moderate safety stock, review monthly"
82001S,VINYL RECORD FRAME SILVER,A,Y,AY,11464.38,3051,89,1.367,1,407,11489586.22,58.324,8.616,"Moderate safety stock, review monthly"
22950,36 DOILIES VINTAGE CHRISTMAS,A,Z,AZ,11454.09,8334,31,2.588,1,408,11501040.31,58.382,8.637,High revenue but erratic — expensive to protect
22740,POLKADOT PEN,A,Z,AZ,11436.11,13393,43,1.938,1,409,11512476.42,58.44,8.658,High revenue but erratic — expensive to protect
21172,PARTY METAL SIGN,A,Y,AY,11409.71,7704,97,0.821,1,410,11523886.13,58.498,8.679,"Moderate safety stock, review monthly"
21429,RED GINGHAM ROSE JEWELLERY BOX,A,Y,AY,11384.7,6384,87,1.065,1,411,11535270.83,58.555,8.7,"Moderate safety stock, review monthly"
22834,HAND WARMER BABUSHKA DESIGN,A,Z,AZ,11326.93,6933,48,3.389,1,412,11546597.76,58.613,8.721,High revenue but erratic — expensive to protect
22988,SOLDIERS EGG CUP,A,Z,AZ,11318.45,9427,46,1.705,1,413,11557916.21,58.67,8.743,High revenue but erratic — expensive to protect
22968,ROSE COTTAGE KEEPSAKE BOX,A,Z,AZ,11234.57,1132,50,2.157,1,414,11569150.78,58.727,8.764,High revenue but erratic — expensive to protect
21922,UNION STRIPE WITH FRINGE  HAMMOCK,A,Z,AZ,11223.03,1446,78,1.514,1,415,11580373.81,58.784,8.785,High revenue but erratic — expensive to protect
22795,SWEETHEART RECIPE BOOK STAND,A,Y,AY,11209.56,1602,48,1.421,1,416,11591583.37,58.841,8.806,"Moderate safety stock, review monthly"
72351B,SET/6 PINK  BUTTERFLY T-LIGHTS,A,Y,AY,11195.39,5790,101,1.278,1,417,11602778.76,58.898,8.827,"Moderate safety stock, review monthly"
21868,POTTING SHED TEA MUG,A,Y,AY,11188.64,9095,94,1.06,1,418,11613967.4,58.955,8.848,"Moderate safety stock, review monthly"
47599A,PINK PARTY BAGS,A,Y,AY,11186.87,5970,90,1.435,1,419,11625154.27,59.012,8.87,"Moderate safety stock, review monthly"
22417,PACK OF 60 SPACEBOY CAKE CASES,A,Y,AY,11168.7,21467,97,1.003,1,420,11636322.97,59.068,8.891,"Moderate safety stock, review monthly"
23170,REGENCY TEA PLATE ROSES,A,Z,AZ,11117.05,6869,31,2.163,1,421,11647440.02,59.125,8.912,High revenue but erratic — expensive to protect
21735,TWO DOOR CURIO CABINET,A,Z,AZ,11112.85,853,73,2.357,1,422,11658552.87,59.181,8.933,High revenue but erratic — expensive to protect
22620,4 TRADITIONAL SPINNING TOPS,A,Y,AY,11091.95,8195,83,1.07,1,423,11669644.82,59.238,8.954,"Moderate safety stock, review monthly"
22768,FAMILY PHOTO FRAME CORNICE,A,Z,AZ,11084.62,1160,61,1.715,1,424,11680729.44,59.294,8.975,High revenue but erratic — expensive to protect
22130,PARTY CONE CHRISTMAS DECORATION,A,Z,AZ,11037.11,9791,64,2.273,1,425,11691766.55,59.35,8.997,High revenue but erratic — expensive to protect
22694,WICKER STAR,A,Z,AZ,10998.5,4912,67,1.713,1,426,11702765.05,59.406,9.018,High revenue but erratic — expensive to protect
21749,LARGE RED RETROSPOT WINDMILL,A,Z,AZ,10980.98,5657,90,2.908,1,427,11713746.03,59.461,9.039,High revenue but erratic — expensive to protect
20828,GLITTER BUTTERFLY CLIPS,A,Y,AY,10973.63,4436,102,1.281,1,428,11724719.66,59.517,9.06,"Moderate safety stock, review monthly"
22668,PINK BABY BUNTING,A,Y,AY,10930.5,3598,74,1.175,1,429,11735650.16,59.573,9.081,"Moderate safety stock, review monthly"
21907,I'M ON HOLIDAY METAL SIGN,A,X,AX,10908.22,5183,97,0.731,1,430,11746558.38,59.628,9.102,"Tight reorder point, low safety stock — forecast works"
21498,RED RETROSPOT WRAP,A,X,AX,10862.42,26751,103,0.618,1,431,11757420.8,59.683,9.124,"Tight reorder point, low safety stock — forecast works"
37370,RETRO COFFEE MUGS ASSORTED,A,Y,AY,10854.59,7171,85,1.26,1,432,11768275.39,59.738,9.145,"Moderate safety stock, review monthly"
21558,SKULL LUNCH BOX WITH CUTLERY,A,Y,AY,10854.01,4224,88,0.944,1,433,11779129.4,59.793,9.166,"Moderate safety stock, review monthly"
22274,FELTCRAFT DOLL EMILY,A,Y,AY,10811.37,3787,103,1.174,1,434,11789940.77,59.848,9.187,"Moderate safety stock, review monthly"
22904,CALENDAR PAPER CUT DESIGN,A,Z,AZ,10802.25,3483,60,1.793,1,435,11800743.02,59.903,9.208,High revenue but erratic — expensive to protect
21086,SET/6 RED SPOTTY PAPER CUPS,A,Y,AY,10792.21,16674,98,1.023,1,436,11811535.23,59.958,9.229,"Moderate safety stock, review monthly"
22812,PACK 3 BOXES CHRISTMAS PANNETONE,A,Z,AZ,10750.03,4887,38,2.065,1,437,11822285.26,60.012,9.251,High revenue but erratic — expensive to protect
21833,CAMOUFLAGE LED TORCH,A,Y,AY,10691.81,6245,97,1.111,1,438,11832977.07,60.067,9.272,"Moderate safety stock, review monthly"
21624,VINTAGE UNION JACK DOORSTOP,A,Z,AZ,10664.95,1775,91,3.787,1,439,11843642.02,60.121,9.293,High revenue but erratic — expensive to protect
22064,PINK DOUGHNUT TRINKET POT,A,Y,AY,10647.11,6639,103,1.236,1,440,11854289.13,60.175,9.314,"Moderate safety stock, review monthly"
21974,SET OF 36 PAISLEY FLOWER DOILIES,A,Y,AY,10622.15,7046,104,0.993,1,441,11864911.28,60.229,9.335,"Moderate safety stock, review monthly"
22348,TEA BAG PLATE RED RETROSPOT,A,Y,AY,10589.92,12461,104,1.207,1,442,11875501.2,60.283,9.356,"Moderate safety stock, review monthly"
22349,DOG BOWL CHASING BALL DESIGN,A,Z,AZ,10562.92,2574,95,3.005,1,443,11886064.12,60.336,9.378,High revenue but erratic — expensive to protect
22595,GINGHAM HEART DECORATION,A,Z,AZ,10557.92,12551,73,1.945,1,444,11896622.04,60.39,9.399,High revenue but erratic — expensive to protect
22302,COFFEE MUG PEARS  DESIGN,A,Z,AZ,10510.3,4933,90,1.588,1,445,11907132.34,60.443,9.42,High revenue but erratic — expensive to protect
23208,LUNCH BAG VINTAGE LEAF DESIGN,A,Z,AZ,10498.01,6342,35,1.668,1,446,11917630.35,60.496,9.441,High revenue but erratic — expensive to protect
21982,PACK OF 12 SUKI TISSUES,A,Z,AZ,10488.76,32540,93,3.902,1,447,11928119.11,60.55,9.462,High revenue but erratic — expensive to protect
21890,S/6 WOODEN SKITTLES IN COTTON BAG,A,Z,AZ,10484.65,3500,101,1.881,1,448,11938603.76,60.603,9.483,High revenue but erratic — expensive to protect
20754,RETROSPOT RED WASHING UP GLOVES,A,Y,AY,10449.02,5096,101,1.041,1,449,11949052.78,60.656,9.505,"Moderate safety stock, review monthly"
22418,10 COLOUR SPACEBOY PEN,A,Y,AY,10419.43,12316,83,0.921,1,450,11959472.21,60.709,9.526,"Moderate safety stock, review monthly"
22174,PHOTO CUBE,A,Z,AZ,10404.03,5140,91,2.039,1,451,11969876.24,60.762,9.547,High revenue but erratic — expensive to protect
22992,REVOLVER WOODEN RULER,A,Z,AZ,10379.84,5236,42,2.109,1,452,11980256.08,60.814,9.568,High revenue but erratic — expensive to protect
22725,ALARM CLOCK BAKELIKE CHOCOLATE,A,Y,AY,10366.17,2529,63,1.304,1,453,11990622.25,60.867,9.589,"Moderate safety stock, review monthly"
22120,WELCOME  WOODEN BLOCK LETTERS,A,Y,AY,10353.99,1022,81,0.976,1,454,12000976.24,60.919,9.61,"Moderate safety stock, review monthly"
22089,PAPER BUNTING VINTAGE PAISLEY,A,Y,AY,10309.25,3508,100,1.023,1,455,12011285.49,60.972,9.632,"Moderate safety stock, review monthly"
20979,36 PENCILS TUBE RED RETROSPOT,A,Y,AY,10279.31,8162,103,0.821,1,456,12021564.8,61.024,9.653,"Moderate safety stock, review monthly"
21781,MA CAMPAGNE CUTLERY BOX,A,Y,AY,10275.22,665,82,1.17,1,457,12031840.02,61.076,9.674,"Moderate safety stock, review monthly"
22771,CLEAR DRAWER KNOB ACRYLIC EDWARDIAN,A,Y,AY,10267.08,7585,60,1.132,1,458,12042107.1,61.128,9.695,"Moderate safety stock, review monthly"
22380,TOY TIDY SPACEBOY,A,Y,AY,10240.76,4975,98,1.214,1,459,12052347.86,61.18,9.716,"Moderate safety stock, review monthly"
23582,VINTAGE DOILY JUMBO BAG RED,A,Z,AZ,10233.45,4815,7,4.637,0,460,12062581.31,61.232,9.738,High revenue but erratic — expensive to protect
22970,LONDON BUS COFFEE MUG,A,Z,AZ,10224.75,4367,50,1.785,1,461,12072806.06,61.284,9.759,High revenue but erratic — expensive to protect
21531,RED RETROSPOT SUGAR JAM BOWL,A,Y,AY,10204.72,4085,102,0.862,1,462,12083010.78,61.336,9.78,"Moderate safety stock, review monthly"
20682,RED RETROSPOT CHILDRENS UMBRELLA,A,Y,AY,10197.31,3076,102,0.797,1,463,12093208.09,61.388,9.801,"Moderate safety stock, review monthly"
22748,POPPY'S PLAYHOUSE KITCHEN,A,Z,AZ,10195.0,4158,63,1.676,1,464,12103403.09,61.439,9.822,High revenue but erratic — expensive to protect
21892,TRADITIONAL WOODEN CATCH CUP GAME,A,Y,AY,10172.53,7843,102,1.302,1,465,12113575.62,61.491,9.843,"Moderate safety stock, review monthly"
21033,JUMBO BAG CHARLIE AND LOLA TOYS,A,Z,AZ,10157.79,4599,87,2.469,1,466,12123733.41,61.543,9.865,High revenue but erratic — expensive to protect
22966,GINGERBREAD MAN COOKIE CUTTER,A,Y,AY,10156.26,8239,52,1.487,1,467,12133889.67,61.594,9.886,"Moderate safety stock, review monthly"
22180,RETROSPOT LAMP,A,Y,AY,10143.18,979,95,0.838,1,468,12144032.85,61.646,9.907,"Moderate safety stock, review monthly"
84792,ENCHANTED BIRD COATHANGER 5 HOOK,A,Y,AY,10128.81,2299,103,1.194,1,469,12154161.66,61.697,9.928,"Moderate safety stock, review monthly"
84030E,ENGLISH ROSE HOT WATER BOTTLE,A,Z,AZ,10081.05,2256,66,1.566,1,470,12164242.71,61.748,9.949,High revenue but erratic — expensive to protect
22840,ROUND CAKE TIN VINTAGE RED,A,Z,AZ,10071.35,1329,59,1.726,1,471,12174314.06,61.799,9.97,High revenue but erratic — expensive to protect
23171,REGENCY TEA PLATE GREEN,A,Z,AZ,10051.99,6247,31,2.822,1,472,12184366.05,61.85,9.992,High revenue but erratic — expensive to protect
21756,BATH BUILDING BLOCK WORD,A,Y,AY,10039.85,1628,83,0.845,1,473,12194405.9,61.901,10.013,"Moderate safety stock, review monthly"
22645,CERAMIC HEART FAIRY CAKE MONEY BANK,A,Y,AY,10006.72,5617,82,1.172,1,474,12204412.62,61.952,10.034,"Moderate safety stock, review monthly"
22300,COFFEE MUG DOG + BALL DESIGN,A,Y,AY,9988.3,4154,99,1.236,1,475,12214400.92,62.003,10.055,"Moderate safety stock, review monthly"
22327,ROUND SNACK BOXES SET OF 4 SKULLS,A,Y,AY,9978.95,3077,99,1.019,1,476,12224379.87,62.054,10.076,"Moderate safety stock, review monthly"
23076,ICE CREAM SUNDAE LIP GLOSS,A,Z,AZ,9965.76,8100,37,1.61,1,477,12234345.63,62.104,10.097,High revenue but erratic — expensive to protect
22131,FOOD CONTAINER SET 3 LOVE HEART,A,Y,AY,9940.24,5256,103,1.265,1,478,12244285.87,62.155,10.119,"Moderate safety stock, review monthly"
84880,WHITE WIRE EGG HOLDER,A,Z,AZ,9927.84,1734,87,1.577,1,479,12254213.71,62.205,10.14,High revenue but erratic — expensive to protect
22429,ENAMEL MEASURING JUG CREAM,A,Y,AY,9912.04,2296,82,1.462,1,480,12264125.75,62.255,10.161,"Moderate safety stock, review monthly"
22466,FAIRY TALE COTTAGE NIGHTLIGHT,A,Z,AZ,9863.03,5315,84,1.79,1,481,12273988.78,62.305,10.182,High revenue but erratic — expensive to protect
20829,GLITTER HANGING BUTTERFLY STRING,A,Z,AZ,9841.82,4828,102,1.759,1,482,12283830.6,62.355,10.203,High revenue but erratic — expensive to protect
20677,PINK POLKADOT BOWL,A,Y,AY,9821.81,7793,104,0.777,1,483,12293652.41,62.405,10.224,"Moderate safety stock, review monthly"
47570B,TEA TIME TABLE CLOTH,A,Z,AZ,9812.97,983,64,1.962,1,484,12303465.38,62.455,10.246,High revenue but erratic — expensive to protect
79000,MOROCCAN TEA GLASS,A,Y,AY,9810.91,12033,87,1.053,1,485,12313276.29,62.505,10.267,"Moderate safety stock, review monthly"
21488,RED WHITE SCARF  HOT WATER BOTTLE,A,Z,AZ,9804.33,2389,42,2.424,1,486,12323080.62,62.555,10.288,High revenue but erratic — expensive to protect
22745,POPPY'S PLAYHOUSE BEDROOM,A,Z,AZ,9794.04,3990,63,1.666,1,487,12332874.66,62.604,10.309,High revenue but erratic — expensive to protect
22549,PICTURE DOMINOES,A,Y,AY,9727.11,6527,89,1.049,1,488,12342601.77,62.654,10.33,"Moderate safety stock, review monthly"
23175,REGENCY MILK JUG PINK,A,Z,AZ,9600.15,3164,29,3.007,1,489,12352201.92,62.702,10.351,High revenue but erratic — expensive to protect
22665,RECIPE BOX BLUE SKETCHBOOK DESIGN,A,Y,AY,9598.69,2958,72,1.234,1,490,12361800.61,62.751,10.373,"Moderate safety stock, review monthly"
85049A,TRADITIONAL CHRISTMAS RIBBONS,A,Y,AY,9572.27,6590,86,1.487,1,491,12371372.88,62.8,10.394,"Moderate safety stock, review monthly"
22978,PANTRY ROLLING PIN,A,Z,AZ,9568.73,2465,43,3.279,1,492,12380941.61,62.848,10.415,High revenue but erratic — expensive to protect
35961,FOLKART ZINC HEART CHRISTMAS DEC,A,Z,AZ,9550.48,11472,102,1.592,1,493,12390492.09,62.897,10.436,High revenue but erratic — expensive to protect
82552,WASHROOM METAL SIGN,A,Y,AY,9541.06,6965,100,1.032,1,494,12400033.15,62.945,10.457,"Moderate safety stock, review monthly"
16014,SMALL CHINESE STYLE SCISSOR,A,Z,AZ,9513.1,29355,60,2.559,1,495,12409546.25,62.993,10.478,High revenue but erratic — expensive to protect
22942,CHRISTMAS LIGHTS 10 SANTAS,A,Z,AZ,9483.41,1223,25,2.639,0,496,12419029.66,63.042,10.5,High revenue but erratic — expensive to protect
22767,TRIPLE PHOTO FRAME CORNICE,A,Z,AZ,9478.23,1004,59,1.806,1,497,12428507.89,63.09,10.521,High revenue but erratic — expensive to protect
21716,BOYS VINTAGE TIN SEASIDE BUCKET,A,Y,AY,9437.87,3725,97,1.326,1,498,12437945.76,63.138,10.542,"Moderate safety stock, review monthly"
21385,IVORY HANGING DECORATION  HEART,A,Y,AY,9426.94,10912,98,1.017,1,499,12447372.7,63.185,10.563,"Moderate safety stock, review monthly"
20970,PINK FLORAL FELTCRAFT SHOULDER BAG,A,Y,AY,9402.29,2494,104,0.933,1,500,12456774.99,63.233,10.584,"Moderate safety stock, review monthly"
85049E,SCANDINAVIAN REDS RIBBONS,A,Y,AY,9362.97,6597,102,1.067,1,501,12466137.96,63.281,10.605,"Moderate safety stock, review monthly"
22357,KINGS CHOICE BISCUIT TIN,A,Z,AZ,9360.91,2075,97,3.563,1,502,12475498.87,63.328,10.627,High revenue but erratic — expensive to protect
84692,BOX OF 24 COCKTAIL PARASOLS,A,X,AX,9352.22,19122,104,0.74,1,503,12484851.09,63.376,10.648,"Tight reorder point, low safety stock — forecast works"
21658,GLASS  BEURRE DISH,A,Y,AY,9295.59,2231,80,0.943,1,504,12494146.68,63.423,10.669,"Moderate safety stock, review monthly"
22219,LOVEBIRD HANGING DECORATION WHITE,A,X,AX,9294.28,9799,103,0.68,1,505,12503440.96,63.47,10.69,"Tight reorder point, low safety stock — forecast works"
21243,PINK  SPOTTY PLATE,A,Y,AY,9292.77,5639,101,0.944,1,506,12512733.73,63.517,10.711,"Moderate safety stock, review monthly"
22656,VINTAGE BLUE KITCHEN CABINET,A,Z,AZ,9290.0,45,25,2.283,0,507,12522023.73,63.564,10.732,High revenue but erratic — expensive to protect
22072,RED RETROSPOT TEA CUP AND SAUCER,A,Y,AY,9284.76,2420,97,1.174,1,508,12531308.49,63.612,10.754,"Moderate safety stock, review monthly"
23319,BOX OF 6 MINI 50'S CRACKERS,A,Z,AZ,9266.84,3739,23,2.654,0,509,12540575.33,63.659,10.775,High revenue but erratic — expensive to protect
20747,PICCADILLY TEA SET,A,Z,AZ,9239.87,684,21,2.963,0,510,12549815.2,63.706,10.796,High revenue but erratic — expensive to protect
22121,NOEL WOODEN BLOCK LETTERS,A,Z,AZ,9221.16,1490,57,2.189,1,511,12559036.36,63.752,10.817,High revenue but erratic — expensive to protect
21745,GAOLERS KEYS DECORATIVE GARDEN,A,Y,AY,9220.24,2704,102,1.425,1,512,12568256.6,63.799,10.838,"Moderate safety stock, review monthly"
22741,FUNKY DIVA PEN,A,Y,AY,9173.03,10652,61,1.187,1,513,12577429.63,63.846,10.859,"Moderate safety stock, review monthly"
23318,BOX OF 6 MINI VINTAGE CRACKERS,A,Z,AZ,9167.39,3811,22,2.489,0,514,12586597.02,63.892,10.881,High revenue but erratic — expensive to protect
22195,LARGE HEART MEASURING SPOONS,A,Y,AY,9160.74,5137,102,0.893,1,515,12595757.76,63.939,10.902,"Moderate safety stock, review monthly"
23080,RED METAL BOX TOP SECRET,A,Z,AZ,9158.87,1079,31,2.835,1,516,12604916.63,63.985,10.923,High revenue but erratic — expensive to protect
21777,RECIPE BOX WITH METAL HEART,A,Z,AZ,9147.06,1135,50,1.577,1,517,12614063.69,64.032,10.944,High revenue but erratic — expensive to protect
22244,3 HOOK HANGER MAGIC GARDEN,A,Y,AY,9133.16,4776,84,1.383,1,518,12623196.85,64.078,10.965,"Moderate safety stock, review monthly"
21933,PINK VINTAGE PAISLEY PICNIC BAG,A,Z,AZ,9117.83,4128,97,1.62,1,519,12632314.68,64.124,10.986,High revenue but erratic — expensive to protect
21041,RED RETROSPOT OVEN GLOVE DOUBLE,A,Y,AY,9072.89,2674,77,1.442,1,520,12641387.57,64.17,11.008,"Moderate safety stock, review monthly"
22989,SET 2 PANTRY DESIGN TEA TOWELS,A,Z,AZ,9012.27,2815,45,2.085,1,521,12650399.84,64.216,11.029,High revenue but erratic — expensive to protect
72807C,SET/3 VANILLA SCENTED CANDLE IN BOX,A,Z,AZ,9005.4,2044,92,1.842,1,522,12659405.24,64.262,11.05,High revenue but erratic — expensive to protect
21985,PACK OF 12 HEARTS DESIGN TISSUES,A,Z,AZ,8989.51,25583,104,2.106,1,523,12668394.75,64.307,11.071,High revenue but erratic — expensive to protect
21715,GIRLS VINTAGE TIN SEASIDE BUCKET,A,Y,AY,8987.24,3553,99,1.382,1,524,12677381.99,64.353,11.092,"Moderate safety stock, review monthly"
22839,3 TIER CAKE TIN GREEN AND CREAM,A,Z,AZ,8986.12,580,60,1.604,1,525,12686368.11,64.399,11.113,High revenue but erratic — expensive to protect
22371,AIRLINE BAG VINTAGE TOKYO 78,A,Y,AY,8962.3,1834,92,0.891,1,526,12695330.41,64.444,11.135,"Moderate safety stock, review monthly"
23439,HAND WARMER RED LOVE HEART,A,Z,AZ,8941.61,4027,16,2.926,0,527,12704272.02,64.49,11.156,High revenue but erratic — expensive to protect
23322,LARGE WHITE HEART OF WICKER,A,Z,AZ,8925.41,3085,27,2.044,1,528,12713197.43,64.535,11.177,High revenue but erratic — expensive to protect
22141,CHRISTMAS CRAFT TREE TOP ANGEL,A,Z,AZ,8905.71,3668,40,2.218,1,529,12722103.14,64.58,11.198,High revenue but erratic — expensive to protect
22215,CAKE STAND WHITE TWO TIER LACE,A,Y,AY,8860.93,1091,95,1.151,1,530,12730964.07,64.625,11.219,"Moderate safety stock, review monthly"
84839,SWEETHEART KEY CABINET,A,Z,AZ,8848.3,1538,40,2.19,1,531,12739812.37,64.67,11.24,High revenue but erratic — expensive to protect
21042,RED SPOTTY APRON,A,Y,AY,8735.16,1476,94,1.326,1,532,12748547.53,64.714,11.262,"Moderate safety stock, review monthly"
20974,12 PENCILS SMALL TUBE SKULL,A,Y,AY,8696.94,13235,101,0.941,1,533,12757244.47,64.758,11.283,"Moderate safety stock, review monthly"
22895,SET OF 2 TEA TOWELS APPLE AND PEARS,A,Z,AZ,8678.89,2857,63,1.516,1,534,12765923.36,64.803,11.304,High revenue but erratic — expensive to protect
23256,CHILDRENS CUTLERY SPACEBOY,A,Z,AZ,8675.37,2115,36,1.695,1,535,12774598.73,64.847,11.325,High revenue but erratic — expensive to protect
22212,FOUR HOOK  WHITE LOVEBIRDS,A,Y,AY,8671.7,4038,104,0.934,1,536,12783270.43,64.891,11.346,"Moderate safety stock, review monthly"
21980,PACK OF 12 RED RETROSPOT TISSUES,A,Z,AZ,8651.59,31342,102,3.501,1,537,12791922.02,64.934,11.367,High revenue but erratic — expensive to protect
84032A,CHARLIE+LOLA PINK HOT WATER BOTTLE,A,Z,AZ,8644.75,3241,90,1.85,1,538,12800566.77,64.978,11.389,High revenue but erratic — expensive to protect
21135,VICTORIAN  METAL POSTCARD SPRING,A,Z,AZ,8638.22,6027,103,1.506,1,539,12809204.99,65.022,11.41,High revenue but erratic — expensive to protect
22110,BIRD HOUSE HOT WATER BOTTLE,A,Z,AZ,8620.76,2631,89,1.535,1,540,12817825.75,65.066,11.431,High revenue but erratic — expensive to protect
23534,WALL ART STOP FOR TEA,A,Z,AZ,8614.85,1388,11,4.201,0,541,12826440.6,65.11,11.452,High revenue but erratic — expensive to protect
22283,6 EGG HOUSE PAINTED WOOD,A,Z,AZ,8596.69,1040,98,1.72,1,542,12835037.29,65.153,11.473,High revenue but erratic — expensive to protect
21381,MINI WOODEN HAPPY BIRTHDAY GARLAND,A,Z,AZ,8583.21,5113,104,1.69,1,543,12843620.5,65.197,11.494,High revenue but erratic — expensive to protect
23082,SET 6 PAPER TABLE LANTERN HEARTS,A,Z,AZ,8577.51,2333,31,1.922,1,544,12852198.01,65.24,11.516,High revenue but erratic — expensive to protect
23078,ICE CREAM PEN LIP GLOSS,A,Z,AZ,8553.34,6831,38,1.645,1,545,12860751.35,65.284,11.537,High revenue but erratic — expensive to protect
21186,WHITE DOVE HONEYCOMB PAPER GARLAND,A,Z,AZ,8540.42,5277,52,1.68,1,546,12869291.77,65.327,11.558,High revenue but erratic — expensive to protect
22073,RED RETROSPOT STORAGE JAR,A,Y,AY,8517.89,2140,71,1.019,1,547,12877809.66,65.37,11.579,"Moderate safety stock, review monthly"
22078,RIBBON REEL LACE DESIGN,A,Y,AY,8510.84,4013,88,1.234,1,548,12886320.5,65.414,11.6,"Moderate safety stock, review monthly"
23493,VINTAGE DOILY TRAVEL SEWING KIT,A,Z,AZ,8509.68,3970,12,3.018,0,549,12894830.18,65.457,11.622,High revenue but erratic — expensive to protect
21932,SCANDINAVIAN PAISLEY PICNIC BAG,A,Z,AZ,8508.16,3876,94,1.507,1,550,12903338.34,65.5,11.643,High revenue but erratic — expensive to protect
22079,RIBBON REEL HEARTS DESIGN,A,Y,AY,8500.74,5054,104,0.893,1,551,12911839.08,65.543,11.664,"Moderate safety stock, review monthly"
79323LP,LIGHT PINK CHERRY LIGHTS,A,Z,AZ,8481.19,1433,22,2.341,0,552,12920320.27,65.586,11.685,High revenue but erratic — expensive to protect
48189,DOOR MAT FRIENDSHIP,A,Z,AZ,8477.03,1322,62,3.345,1,553,12928797.3,65.629,11.706,High revenue but erratic — expensive to protect
23321,SMALL WHITE HEART OF WICKER,A,Z,AZ,8473.27,4737,27,1.942,1,554,12937270.57,65.672,11.727,High revenue but erratic — expensive to protect
22751,FELTCRAFT PRINCESS OLIVIA DOLL,A,Z,AZ,8472.22,2271,65,1.665,1,555,12945742.79,65.715,11.749,High revenue but erratic — expensive to protect
23535,WALL ART BICYCLE SAFETY,A,Z,AZ,8469.99,1329,11,3.862,0,556,12954212.78,65.758,11.77,High revenue but erratic — expensive to protect
22354,RETROSPOT PADDED SEAT CUSHION,A,Y,AY,8458.31,2229,89,1.082,1,557,12962671.09,65.801,11.791,"Moderate safety stock, review monthly"
22329,ROUND CONTAINER SET OF 5 RETROSPOT,A,Y,AY,8445.3,5168,98,1.138,1,558,12971116.39,65.844,11.812,"Moderate safety stock, review monthly"
22358,KINGS CHOICE TEA CADDY,A,Y,AY,8414.26,2658,100,1.079,1,559,12979530.65,65.887,11.833,"Moderate safety stock, review monthly"
21411,GINGHAM HEART  DOORSTOP RED,A,Y,AY,8394.39,2103,100,1.448,1,560,12987925.04,65.929,11.854,"Moderate safety stock, review monthly"
22628,PICNIC BOXES SET OF 3 RETROSPOT,A,Z,AZ,8387.6,1748,73,1.865,1,561,12996312.64,65.972,11.876,High revenue but erratic — expensive to protect
51008,AFGHAN SLIPPER SOCK PAIR,A,Z,AZ,8378.8,2604,41,3.031,1,562,13004691.44,66.015,11.897,High revenue but erratic — expensive to protect
22689,DOORMAT MERRY CHRISTMAS RED,A,Z,AZ,8366.72,1092,47,2.549,1,563,13013058.16,66.057,11.918,High revenue but erratic — expensive to protect
21934,SKULL SHOULDER BAG,A,Y,AY,8283.47,4602,104,1.199,1,564,13021341.63,66.099,11.939,"Moderate safety stock, review monthly"
21244,BLUE POLKADOT PLATE,A,Y,AY,8282.45,5047,98,1.082,1,565,13029624.08,66.141,11.96,"Moderate safety stock, review monthly"
85067,CREAM SWEETHEART WALL CABINET,A,Z,AZ,8239.89,498,51,3.044,1,566,13037863.97,66.183,11.981,High revenue but erratic — expensive to protect
21874,GIN AND TONIC MUG,A,Z,AZ,8221.67,6342,104,1.581,1,567,13046085.64,66.225,12.003,High revenue but erratic — expensive to protect
22055,MINI CAKE STAND  HANGING STRAWBERY,A,Y,AY,8212.19,4945,99,1.073,1,568,13054297.83,66.266,12.024,"Moderate safety stock, review monthly"
21238,RED RETROSPOT CUP,A,X,AX,8181.85,9498,104,0.694,1,569,13062479.68,66.308,12.045,"Tight reorder point, low safety stock — forecast works"
84508A,CAMOUFLAGE DESIGN TEDDY,A,Z,AZ,8091.48,3809,65,2.367,1,570,13070571.16,66.349,12.066,High revenue but erratic — expensive to protect
82551,LAUNDRY 15C METAL SIGN,A,Y,AY,8082.59,5642,102,1.008,1,571,13078653.75,66.39,12.087,"Moderate safety stock, review monthly"
20675,BLUE POLKADOT BOWL,A,Y,AY,8079.08,6474,104,0.805,1,572,13086732.83,66.431,12.108,"Moderate safety stock, review monthly"
22796,PHOTO FRAME 3 CLASSIC HANGING,A,Y,AY,8060.25,810,60,1.246,1,573,13094793.08,66.472,12.13,"Moderate safety stock, review monthly"
22738,RIBBON REEL SNOWY VILLAGE,A,Z,AZ,8047.22,4468,45,1.963,1,574,13102840.3,66.513,12.151,High revenue but erratic — expensive to protect
84568,GIRLS ALPHABET IRON ON PATCHES,A,Z,AZ,8033.47,38506,92,1.797,1,575,13110873.77,66.554,12.172,High revenue but erratic — expensive to protect
22504,CABIN BAG VINTAGE RETROSPOT,A,Z,AZ,7985.03,366,47,2.055,1,576,13118858.8,66.594,12.193,High revenue but erratic — expensive to protect
21115,ROSE CARAVAN DOORSTOP,A,Z,AZ,7975.19,1252,100,1.772,1,577,13126833.99,66.635,12.214,High revenue but erratic — expensive to protect
22592,CARDHOLDER HOLLY WREATH METAL,A,Z,AZ,7964.34,1982,42,2.636,1,578,13134798.33,66.675,12.235,High revenue but erratic — expensive to protect
21769,VINTAGE POST OFFICE CABINET,A,Z,AZ,7954.87,123,34,3.717,1,579,13142753.2,66.715,12.257,High revenue but erratic — expensive to protect
22353,LUNCH BOX WITH CUTLERY FAIRY CAKES,A,Y,AY,7933.19,3045,59,1.5,1,580,13150686.39,66.756,12.278,"Moderate safety stock, review monthly"
22275,WEEKEND BAG VINTAGE ROSE PAISLEY,A,Z,AZ,7909.33,950,47,1.83,1,581,13158595.72,66.796,12.299,High revenue but erratic — expensive to protect
21116,OWL DOORSTOP,A,Y,AY,7904.96,1356,103,0.943,1,582,13166500.68,66.836,12.32,"Moderate safety stock, review monthly"
21875,KINGS CHOICE MUG,A,Z,AZ,7889.58,6824,99,2.071,1,583,13174390.26,66.876,12.341,High revenue but erratic — expensive to protect
22350,ILLUSTRATED CAT BOWL,A,Z,AZ,7885.99,2841,92,3.384,1,584,13182276.25,66.916,12.362,High revenue but erratic — expensive to protect
22890,NOVELTY BISCUITS CAKE STAND 3 TIER,A,Z,AZ,7871.71,805,58,2.269,1,585,13190147.96,66.956,12.384,High revenue but erratic — expensive to protect
21976,PACK OF 60 MUSHROOM CAKE CASES,A,Y,AY,7832.52,14643,104,1.004,1,586,13197980.48,66.996,12.405,"Moderate safety stock, review monthly"
23238,SET OF 4 KNICK KNACK TINS LONDON,A,Z,AZ,7825.56,1862,27,2.191,1,587,13205806.04,67.035,12.426,High revenue but erratic — expensive to protect
22588,CARD HOLDER GINGHAM HEART,A,Z,AZ,7805.23,2860,55,1.71,1,588,13213611.27,67.075,12.447,High revenue but erratic — expensive to protect
22784,LANTERN CREAM GAZEBO,A,Y,AY,7776.64,1561,57,1.303,1,589,13221387.91,67.115,12.468,"Moderate safety stock, review monthly"
20717,STRAWBERRY SHOPPER BAG,A,Y,AY,7773.73,6301,104,1.097,1,590,13229161.64,67.154,12.489,"Moderate safety stock, review monthly"
21588,RETROSPOT GIANT TUBE MATCHES,A,Z,AZ,7763.85,3357,81,1.656,1,591,13236925.49,67.193,12.511,High revenue but erratic — expensive to protect
23007,SPACEBOY BABY GIFT SET,A,Z,AZ,7758.7,499,38,1.979,1,592,13244684.19,67.233,12.532,High revenue but erratic — expensive to protect
22809,SET OF 6 T-LIGHTS SANTA,A,Z,AZ,7753.22,2598,36,2.214,1,593,13252437.41,67.272,12.553,High revenue but erratic — expensive to protect
23204,CHARLOTTE BAG APPLES DESIGN,A,Z,AZ,7741.94,7976,35,1.632,1,594,13260179.35,67.311,12.574,High revenue but erratic — expensive to protect
21110,LARGE CAKE TOWEL PINK SPOTS,A,Z,AZ,7736.12,1641,88,2.332,1,595,13267915.47,67.351,12.595,High revenue but erratic — expensive to protect
84032B,CHARLIE + LOLA RED HOT WATER BOTTLE,A,Z,AZ,7716.95,3291,91,2.05,1,596,13275632.42,67.39,12.616,High revenue but erratic — expensive to protect
22550,HOLIDAY FUN LUDO,A,Z,AZ,7692.14,2064,87,1.544,1,597,13283324.56,67.429,12.638,High revenue but erratic — expensive to protect
22813,PACK 3 BOXES BIRD PANNETONE,A,Z,AZ,7679.43,3953,64,1.715,1,598,13291003.99,67.468,12.659,High revenue but erratic — expensive to protect
22165,"DIAMANTE HEART SHAPED WALL MIRROR,",A,Z,AZ,7673.73,976,88,2.925,1,599,13298677.72,67.507,12.68,High revenue but erratic — expensive to protect
21870,I CAN ONLY PLEASE ONE PERSON MUG,A,Y,AY,7648.74,6100,77,1.023,1,600,13306326.46,67.546,12.701,"Moderate safety stock, review monthly"
22528,GARDENERS KNEELING PAD,A,Z,AZ,7630.91,5830,36,2.104,1,601,13313957.37,67.584,12.722,High revenue but erratic — expensive to protect
84968C,SET OF 16 VINTAGE PISTACHIO CUTLERY,A,Z,AZ,7629.25,637,76,2.425,1,602,13321586.62,67.623,12.743,High revenue but erratic — expensive to protect
22669,RED BABY BUNTING,A,Y,AY,7628.69,2391,73,1.258,1,603,13329215.31,67.662,12.765,"Moderate safety stock, review monthly"
22493,PAINT YOUR OWN CANVAS SET,A,Z,AZ,7627.92,4750,83,1.51,1,604,13336843.23,67.701,12.786,High revenue but erratic — expensive to protect
22991,GIRAFFE WOODEN RULER,A,Z,AZ,7608.79,3889,42,2.34,1,605,13344452.02,67.739,12.807,High revenue but erratic — expensive to protect
22242,"HOOK, 5 HANGER , MAGIC TOADSTOOL",A,Z,AZ,7595.46,4779,59,1.58,1,606,13352047.48,67.778,12.828,High revenue but erratic — expensive to protect
85065,CREAM SWEETHEART TRAYS,A,Y,AY,7575.44,624,46,1.469,1,607,13359622.92,67.816,12.849,"Moderate safety stock, review monthly"
22360,GLASS JAR ENGLISH CONFECTIONERY,A,Y,AY,7567.95,2514,88,1.3,1,608,13367190.87,67.855,12.87,"Moderate safety stock, review monthly"
22489,PACK OF 12 TRADITIONAL CRAYONS,A,Y,AY,7559.59,17942,84,0.951,1,609,13374750.46,67.893,12.892,"Moderate safety stock, review monthly"
72351A,SET/6 TURQUOISE BUTTERFLY T-LIGHTS,A,Z,AZ,7557.17,3781,102,1.505,1,610,13382307.63,67.931,12.913,High revenue but erratic — expensive to protect
22224,WHITE LOVEBIRD LANTERN,A,Y,AY,7530.89,2374,101,0.827,1,611,13389838.52,67.97,12.934,"Moderate safety stock, review monthly"
21463,MIRRORED DISCO BALL,A,Y,AY,7520.51,1355,98,1.276,1,612,13397359.03,68.008,12.955,"Moderate safety stock, review monthly"
85064,CREAM SWEETHEART LETTER RACK,A,Z,AZ,7514.86,1599,41,3.579,1,613,13404873.89,68.046,12.976,High revenue but erratic — expensive to protect
22199,FRYING PAN RED RETROSPOT,A,Z,AZ,7485.85,1829,97,2.138,1,614,13412359.74,68.084,12.997,High revenue but erratic — expensive to protect
82580,BATHROOM METAL SIGN,A,Y,AY,7471.72,13273,104,0.764,1,615,13419831.46,68.122,13.019,"Moderate safety stock, review monthly"
21746,SMALL RED RETROSPOT WINDMILL,A,Y,AY,7469.59,5966,98,1.157,1,616,13427301.05,68.16,13.04,"Moderate safety stock, review monthly"
21361,LOVE LARGE WOOD LETTERS,A,Y,AY,7450.99,563,67,1.327,1,617,13434752.04,68.198,13.061,"Moderate safety stock, review monthly"
11001,ASSTD DESIGN RACING CAR PEN,A,Z,AZ,7413.72,4832,87,1.9,1,618,13442165.76,68.235,13.082,High revenue but erratic — expensive to protect
22739,RIBBON REEL CHRISTMAS SOCK BAUBLE,A,Z,AZ,7406.94,4051,49,2.0,1,619,13449572.7,68.273,13.103,High revenue but erratic — expensive to protect
21737,SET 3 WICKER LOG BASKETS,A,Z,AZ,7402.56,400,43,2.951,1,620,13456975.26,68.31,13.124,High revenue but erratic — expensive to protect
22945,CHRISTMAS METAL TAGS ASSORTED,A,Z,AZ,7381.0,7659,45,2.07,1,621,13464356.26,68.348,13.146,High revenue but erratic — expensive to protect
21114,LAVENDER SCENTED FABRIC HEART,A,Y,AY,7368.64,5716,99,0.987,1,622,13471724.9,68.385,13.167,"Moderate safety stock, review monthly"
22465,HANGING METAL STAR LANTERN,A,Y,AY,7366.74,4567,87,1.231,1,623,13479091.64,68.423,13.188,"Moderate safety stock, review monthly"
21876,POTTERING MUG,A,Z,AZ,7364.15,5673,103,1.76,1,624,13486455.79,68.46,13.209,High revenue but erratic — expensive to protect
23382,BOX OF 6 CHRISTMAS CAKE DECORATIONS,A,Z,AZ,7356.18,1875,9,3.692,0,625,13493811.97,68.497,13.23,High revenue but erratic — expensive to protect
22798,ANTIQUE GLASS DRESSING TABLE POT,A,Y,AY,7350.84,2372,59,1.463,1,626,13501162.81,68.535,13.251,"Moderate safety stock, review monthly"
21561,DINOSAUR LUNCH BOX WITH CUTLERY,A,Y,AY,7331.96,2980,102,1.007,1,627,13508494.77,68.572,13.273,"Moderate safety stock, review monthly"
22029,SPACEBOY BIRTHDAY CARD,A,X,AX,7321.08,17698,103,0.614,1,628,13515815.85,68.609,13.294,"Tight reorder point, low safety stock — forecast works"
22282,12 EGG HOUSE PAINTED WOOD,A,Z,AZ,7304.69,561,89,2.994,1,629,13523120.54,68.646,13.315,High revenue but erratic — expensive to protect
22907,PACK OF 20 NAPKINS PANTRY DESIGN,A,Y,AY,7294.33,8704,64,1.204,1,630,13530414.87,68.683,13.336,"Moderate safety stock, review monthly"
23083,SET 6 PAPER TABLE LANTERN STARS,A,Z,AZ,7254.65,1933,30,2.323,1,631,13537669.52,68.72,13.357,High revenue but erratic — expensive to protect
85174,S/4 CACTI CANDLES,A,Y,AY,7247.91,1470,91,1.421,1,632,13544917.43,68.757,13.378,"Moderate safety stock, review monthly"
22414,DOORMAT NEIGHBOURHOOD WITCH,A,Z,AZ,7211.06,1188,89,3.744,1,633,13552128.49,68.793,13.4,High revenue but erratic — expensive to protect
22626,BLACK KITCHEN SCALES,A,Y,AY,7201.48,841,82,1.194,1,634,13559329.97,68.83,13.421,"Moderate safety stock, review monthly"
22577,WOODEN HEART CHRISTMAS SCANDINAVIAN,A,Z,AZ,7157.66,14028,64,2.086,1,635,13566487.63,68.866,13.442,High revenue but erratic — expensive to protect
22827,RUSTIC  SEVENTEEN DRAWER SIDEBOARD,A,Z,AZ,7150.0,46,23,2.3,0,636,13573637.63,68.903,13.463,High revenue but erratic — expensive to protect
21981,PACK OF 12 WOODLAND TISSUES,A,Z,AZ,7142.51,26249,93,4.438,1,637,13580780.14,68.939,13.484,High revenue but erratic — expensive to protect
22644,CERAMIC CHERRY CAKE MONEY BANK,A,Y,AY,7120.63,4892,81,1.464,1,638,13587900.77,68.975,13.506,"Moderate safety stock, review monthly"
23236,STORAGE TIN VINTAGE DOILY,A,Z,AZ,7106.21,2509,27,2.4,1,639,13595006.98,69.011,13.527,High revenue but erratic — expensive to protect
21625,VINTAGE UNION JACK APRON,A,Z,AZ,7072.37,989,99,1.554,1,640,13602079.35,69.047,13.548,High revenue but erratic — expensive to protect
23320,GIANT 50'S CHRISTMAS CRACKER,A,Z,AZ,7072.16,2668,23,2.442,0,641,13609151.51,69.083,13.569,High revenue but erratic — expensive to protect
21700,BIG DOUGHNUT FRIDGE MAGNETS,A,Y,AY,7070.16,6384,96,1.01,1,642,13616221.67,69.119,13.59,"Moderate safety stock, review monthly"
22781,GUMBALL MAGAZINE RACK,A,Y,AY,7068.23,868,60,1.395,1,643,13623289.9,69.155,13.611,"Moderate safety stock, review monthly"
37450,CERAMIC CAKE BOWL + HANGING CAKES,A,Y,AY,7046.74,2452,97,0.943,1,644,13630336.64,69.19,13.633,"Moderate safety stock, review monthly"
23215,JINGLE BELL HEART ANTIQUE SILVER,A,Z,AZ,7044.64,3567,24,3.154,0,645,13637381.28,69.226,13.654,High revenue but erratic — expensive to protect
21984,PACK OF 12 PINK PAISLEY TISSUES,A,Z,AZ,7030.33,25373,101,4.719,1,646,13644411.61,69.262,13.675,High revenue but erratic — expensive to protect
23543,WALL ART KEEP CALM,A,Z,AZ,7019.01,1237,10,6.225,0,647,13651430.62,69.298,13.696,High revenue but erratic — expensive to protect
22618,COOKING SET RETROSPOT,A,Z,AZ,7004.25,720,50,1.769,1,648,13658434.87,69.333,13.717,High revenue but erratic — expensive to protect
23283,DOORMAT VINTAGE LEAF,A,Z,AZ,7003.38,994,27,2.679,1,649,13665438.25,69.369,13.738,High revenue but erratic — expensive to protect
23293,SET OF 12 FAIRY CAKE BAKING CASES,A,Z,AZ,7001.99,8486,22,2.193,0,650,13672440.24,69.404,13.76,High revenue but erratic — expensive to protect
21497,FANCY FONTS BIRTHDAY WRAP,A,Y,AY,6999.0,17550,100,0.996,1,651,13679439.24,69.44,13.781,"Moderate safety stock, review monthly"
22567,20 DOLLY PEGS RETROSPOT,A,Y,AY,6991.53,5587,80,1.448,1,652,13686430.77,69.475,13.802,"Moderate safety stock, review monthly"
22498,WOODEN REGATTA BUNTING,A,Z,AZ,6963.49,1140,91,1.633,1,653,13693394.26,69.511,13.823,High revenue but erratic — expensive to protect
22563,HAPPY STENCIL CRAFT,A,Z,AZ,6955.1,5967,88,1.778,1,654,13700349.36,69.546,13.844,High revenue but erratic — expensive to protect
10002,INFLATABLE POLITICAL GLOBE,A,Z,AZ,6946.51,8676,70,1.978,1,655,13707295.87,69.581,13.865,High revenue but erratic — expensive to protect
23254,CHILDRENS CUTLERY DOLLY GIRL,A,Z,AZ,6932.16,1710,36,1.984,1,656,13714228.03,69.616,13.887,High revenue but erratic — expensive to protect
22377,BOTTLE BAG RETROSPOT,A,Z,AZ,6924.31,3620,96,1.846,1,657,13721152.34,69.651,13.908,High revenue but erratic — expensive to protect
21768,WALL MOUNTED VINTAGE ORGANISER,A,Z,AZ,6924.04,510,31,4.294,1,658,13728076.38,69.687,13.929,High revenue but erratic — expensive to protect
21903,MAN FLU METAL SIGN,A,Z,AZ,6921.47,3442,100,2.19,1,659,13734997.85,69.722,13.95,High revenue but erratic — expensive to protect
22220,CAKE STAND LOVEBIRD 2 TIER WHITE,A,Y,AY,6895.39,746,89,1.364,1,660,13741893.24,69.757,13.971,"Moderate safety stock, review monthly"
22938,CUPCAKE LACE PAPER SET 6,A,Z,AZ,6891.25,3687,61,1.521,1,661,13748784.49,69.792,13.992,High revenue but erratic — expensive to protect
22085,PAPER CHAIN KIT SKULLS,A,Z,AZ,6886.82,2539,93,2.86,1,662,13755671.31,69.827,14.014,High revenue but erratic — expensive to protect
21563,RED HEART SHAPE LOVE BUCKET,A,Z,AZ,6881.61,2788,96,2.37,1,663,13762552.92,69.862,14.035,High revenue but erratic — expensive to protect
23109,PACK OF SIX LED TEA LIGHTS,A,Z,AZ,6878.37,2401,30,2.048,1,664,13769431.29,69.897,14.056,High revenue but erratic — expensive to protect
85220,SMALL FAIRY CAKE FRIDGE MAGNETS,A,Z,AZ,6875.0,12236,4,9.92,0,665,13776306.29,69.931,14.077,High revenue but erratic — expensive to protect
23103,JINGLE BELL HEART DECORATION,A,Z,AZ,6859.36,4080,31,2.077,1,666,13783165.65,69.966,14.098,High revenue but erratic — expensive to protect
37448,CERAMIC CAKE DESIGN SPOTTED MUG,A,Y,AY,6858.5,4570,97,0.879,1,667,13790024.15,70.001,14.119,"Moderate safety stock, review monthly"
47502,POLKADOT CUTLERY 24 PCS IN TRAY,A,Z,AZ,6855.75,640,31,3.868,1,668,13796879.9,70.036,14.141,High revenue but erratic — expensive to protect
22378,WALL TIDY RETROSPOT,A,Z,AZ,6841.21,3756,94,1.701,1,669,13803721.11,70.071,14.162,High revenue but erratic — expensive to protect
47559B,TEA TIME OVEN GLOVE,A,Y,AY,6836.9,5281,99,0.825,1,670,13810558.01,70.105,14.183,"Moderate safety stock, review monthly"
22187,GREEN CHRISTMAS TREE CARD HOLDER,A,Z,AZ,6824.95,2105,47,1.923,1,671,13817382.96,70.14,14.204,High revenue but erratic — expensive to protect
23541,WALL ART CLASSIC PUDDINGS,A,Z,AZ,6823.91,872,11,4.032,0,672,13824206.87,70.175,14.225,High revenue but erratic — expensive to protect
35004B,SET OF 3 BLACK FLYING DUCKS,A,Y,AY,6809.65,1474,86,1.328,1,673,13831016.52,70.209,14.246,"Moderate safety stock, review monthly"
21989,PACK OF 20 SKULL PAPER NAPKINS,A,Z,AZ,6801.75,8565,101,1.64,1,674,13837818.27,70.244,14.268,High revenue but erratic — expensive to protect
23297,SET 40 HEART SHAPE PETIT FOUR CASES,A,Z,AZ,6792.23,4303,15,3.595,0,675,13844610.5,70.278,14.289,High revenue but erratic — expensive to protect
37500,TEA TIME TEAPOT IN GIFT BOX,A,Z,AZ,6787.46,881,88,1.663,1,676,13851397.96,70.313,14.31,High revenue but erratic — expensive to protect
20973,12 PENCIL SMALL TUBE WOODLAND,A,Y,AY,6786.3,9882,80,1.495,1,677,13858184.26,70.347,14.331,"Moderate safety stock, review monthly"
22311,OFFICE MUG WARMER BLACK+SILVER,A,Z,AZ,6782.11,2125,82,2.238,1,678,13864966.37,70.381,14.352,High revenue but erratic — expensive to protect
22430,ENAMEL WATERING CAN CREAM,A,Z,AZ,6781.18,1401,81,1.912,1,679,13871747.55,70.416,14.373,High revenue but erratic — expensive to protect
22431,WATERING CAN BLUE ELEPHANT,A,Y,AY,6777.37,3368,92,0.963,1,680,13878524.92,70.45,14.395,"Moderate safety stock, review monthly"
22845,VINTAGE CREAM CAT FOOD CONTAINER,A,Y,AY,6777.3,1001,60,1.372,1,681,13885302.22,70.485,14.416,"Moderate safety stock, review monthly"
21992,VINTAGE PAISLEY STATIONERY SET,A,Y,AY,6763.2,3332,100,1.196,1,682,13892065.42,70.519,14.437,"Moderate safety stock, review monthly"
22575,METAL MERRY CHRISTMAS WREATH,A,Z,AZ,6760.16,3144,45,2.187,1,683,13898825.58,70.553,14.458,High revenue but erratic — expensive to protect
23008,DOLLY GIRL BABY GIFT SET,A,Z,AZ,6753.51,435,37,2.155,1,684,13905579.09,70.588,14.479,High revenue but erratic — expensive to protect
84509A,SET OF 4 ENGLISH ROSE PLACEMATS,A,Y,AY,6746.28,1637,103,0.876,1,685,13912325.37,70.622,14.5,"Moderate safety stock, review monthly"
22810,SET OF 6 T-LIGHTS SNOWMEN,A,Z,AZ,6743.88,2204,38,2.223,1,686,13919069.25,70.656,14.522,High revenue but erratic — expensive to protect
23229,VINTAGE DONKEY TAIL GAME,A,Z,AZ,6739.71,1869,26,2.324,1,687,13925808.96,70.69,14.543,High revenue but erratic — expensive to protect
22432,WATERING CAN PINK BUNNY,A,Y,AY,6738.22,3536,89,1.15,1,688,13932547.18,70.725,14.564,"Moderate safety stock, review monthly"
23480,MINI LIGHTS WOODLAND MUSHROOMS,A,Z,AZ,6726.64,1800,8,3.833,0,689,13939273.82,70.759,14.585,High revenue but erratic — expensive to protect
22746,POPPY'S PLAYHOUSE LIVINGROOM,A,Z,AZ,6718.15,2919,63,1.79,1,690,13945991.97,70.793,14.606,High revenue but erratic — expensive to protect
23247,BISCUIT TIN 50'S CHRISTMAS,A,Z,AZ,6715.93,2206,25,2.523,0,691,13952707.9,70.827,14.627,High revenue but erratic — expensive to protect
22221,CAKE STAND LOVEBIRD 2 TIER PINK,A,Z,AZ,6712.28,906,80,3.477,1,692,13959420.18,70.861,14.649,High revenue but erratic — expensive to protect
22526,WHEELBARROW FOR CHILDREN,A,Z,AZ,6702.42,545,74,2.491,1,693,13966122.6,70.895,14.67,High revenue but erratic — expensive to protect
84968A,SET OF 16 VINTAGE ROSE CUTLERY,A,Z,AZ,6688.9,535,81,1.567,1,694,13972811.5,70.929,14.691,High revenue but erratic — expensive to protect
22059,CERAMIC STRAWBERRY DESIGN MUG,A,Z,AZ,6687.49,4974,99,1.564,1,695,13979498.99,70.963,14.712,High revenue but erratic — expensive to protect
85047,WHITE BEADED GARLAND STRING 20LIGHT,A,Z,AZ,6683.38,1054,46,1.846,1,696,13986182.37,70.997,14.733,High revenue but erratic — expensive to protect
23169,CLASSIC GLASS COOKIE JAR,A,Z,AZ,6671.14,1558,31,1.82,1,697,13992853.51,71.031,14.754,High revenue but erratic — expensive to protect
85014D,PINK/BROWN DOTS RUFFLED UMBRELLA,A,Z,AZ,6670.4,1919,14,5.315,0,698,13999523.91,71.065,14.776,High revenue but erratic — expensive to protect
47599B,BLUE PARTY BAGS,A,Y,AY,6664.64,3493,93,1.489,1,699,14006188.55,71.098,14.797,"Moderate safety stock, review monthly"
84884A,ANT WHITE WIRE HEART SPIRAL,A,Z,AZ,6659.17,1757,94,1.897,1,700,14012847.72,71.132,14.818,High revenue but erratic — expensive to protect
85068,CREAM SWEETHEART SHELF + HOOKS,A,Z,AZ,6655.19,961,31,3.251,1,701,14019502.91,71.166,14.839,High revenue but erratic — expensive to protect
21107,CREAM SLICE FLANNEL PINK SPOT,A,Z,AZ,6651.32,2311,88,1.847,1,702,14026154.23,71.2,14.86,High revenue but erratic — expensive to protect
22779,WOODEN OWLS LIGHT GARLAND,A,Z,AZ,6648.35,1739,53,2.118,1,703,14032802.58,71.233,14.881,High revenue but erratic — expensive to protect
22661,CHARLOTTE BAG DOLLY GIRL DESIGN,A,Y,AY,6647.65,8231,72,1.13,1,704,14039450.23,71.267,14.903,"Moderate safety stock, review monthly"
22898,CHILDRENS APRON APPLES DESIGN,A,Y,AY,6623.66,3178,63,1.301,1,705,14046073.89,71.301,14.924,"Moderate safety stock, review monthly"
85175,CACTI T-LIGHT CANDLES,A,Y,AY,6612.98,15582,93,0.886,1,706,14052686.87,71.334,14.945,"Moderate safety stock, review monthly"
84520B,PACK 20 ENGLISH ROSE PAPER NAPKINS,A,Z,AZ,6590.07,7513,64,1.533,1,707,14059276.94,71.368,14.966,High revenue but erratic — expensive to protect
21592,RETROSPOT CIGAR BOX MATCHES,A,Z,AZ,6576.6,5896,98,1.561,1,708,14065853.54,71.401,14.987,High revenue but erratic — expensive to protect
22080,RIBBON REEL SPOTS DESIGN,A,Y,AY,6561.94,3917,80,0.947,1,709,14072415.48,71.435,15.008,"Moderate safety stock, review monthly"
16156S,WRAP PINK FAIRY CAKES,A,Y,AY,6558.62,16661,97,0.997,1,710,14078974.1,71.468,15.03,"Moderate safety stock, review monthly"
21240,BLUE POLKADOT CUP,A,Y,AY,6543.39,7590,104,0.946,1,711,14085517.49,71.501,15.051,"Moderate safety stock, review monthly"
21201,TROPICAL  HONEYCOMB PAPER GARLAND,A,Z,AZ,6522.26,2743,95,1.604,1,712,14092039.75,71.534,15.072,High revenue but erratic — expensive to protect
22332,SKULLS PARTY BAG + STICKER SET,A,Z,AZ,6522.2,4159,99,2.326,1,713,14098561.95,71.567,15.093,High revenue but erratic — expensive to protect
22364,GLASS JAR DIGESTIVE BISCUITS,A,Z,AZ,6516.31,2060,86,3.643,1,714,14105078.26,71.6,15.114,High revenue but erratic — expensive to protect
22596,CHRISTMAS STAR WISH LIST CHALKBOARD,A,Z,AZ,6515.6,6371,43,1.887,1,715,14111593.86,71.633,15.135,High revenue but erratic — expensive to protect
22148,EASTER CRAFT 4 CHICKS,A,Z,AZ,6499.79,3247,50,2.157,1,716,14118093.65,71.666,15.157,High revenue but erratic — expensive to protect
85062,PEARL CRYSTAL PUMPKIN T-LIGHT HLDR,A,Y,AY,6491.98,3964,98,0.878,1,717,14124585.63,71.699,15.178,"Moderate safety stock, review monthly"
15060B,FAIRY CAKE DESIGN UMBRELLA,A,Y,AY,6490.54,1420,96,1.049,1,718,14131076.17,71.732,15.199,"Moderate safety stock, review monthly"
23311,VINTAGE CHRISTMAS STOCKING,A,Z,AZ,6488.2,2390,22,2.495,0,719,14137564.37,71.765,15.22,High revenue but erratic — expensive to protect
22142,CHRISTMAS CRAFT WHITE FAIRY,A,Z,AZ,6464.24,4313,42,2.109,1,720,14144028.61,71.798,15.241,High revenue but erratic — expensive to protect
23553,LANDMARK FRAME CAMDEN TOWN,A,Z,AZ,6457.15,569,8,6.08,0,721,14150485.76,71.831,15.262,High revenue but erratic — expensive to protect
21494,ROTATING LEAVES T-LIGHT HOLDER,A,Z,AZ,6456.5,3839,90,1.527,1,722,14156942.26,71.864,15.284,High revenue but erratic — expensive to protect
21500,PINK POLKADOT WRAP,A,X,AX,6453.5,15975,101,0.697,1,723,14163395.76,71.896,15.305,"Tight reorder point, low safety stock — forecast works"
23188,VINTAGE  2 METER FOLDING RULER,A,Z,AZ,6451.07,3473,26,2.138,1,724,14169846.83,71.929,15.326,High revenue but erratic — expensive to protect
21239,PINK  POLKADOT CUP,A,Y,AY,6449.44,7382,104,0.78,1,725,14176296.27,71.962,15.347,"Moderate safety stock, review monthly"
23571,TRADITIONAL NAUGHTS & CROSSES,A,Z,AZ,6436.61,2859,8,4.419,0,726,14182732.88,71.995,15.368,High revenue but erratic — expensive to protect
22578,WOODEN STAR CHRISTMAS SCANDINAVIAN,A,Z,AZ,6433.13,13319,45,2.278,1,727,14189166.01,72.027,15.39,High revenue but erratic — expensive to protect
23134,LARGE ZINC HEART WALL ORGANISER,A,Z,AZ,6431.11,1065,17,5.117,0,728,14195597.12,72.06,15.411,High revenue but erratic — expensive to protect
22979,PANTRY WASHING UP BRUSH,A,Z,AZ,6401.97,4097,41,2.28,1,729,14201999.09,72.092,15.432,High revenue but erratic — expensive to protect
22063,CERAMIC BOWL WITH STRAWBERRY DESIGN,A,Z,AZ,6391.46,2315,95,1.601,1,730,14208390.55,72.125,15.453,High revenue but erratic — expensive to protect
79067,CORONA MEXICAN TRAY,A,Z,AZ,6383.95,1616,55,1.504,1,731,14214774.5,72.157,15.474,High revenue but erratic — expensive to protect
23307,SET OF 60 PANTRY DESIGN CAKE CASES,A,Z,AZ,6379.59,12063,28,2.03,1,732,14221154.09,72.19,15.495,High revenue but erratic — expensive to protect
23172,REGENCY TEA PLATE PINK,A,Z,AZ,6360.91,3871,31,2.352,1,733,14227515.0,72.222,15.517,High revenue but erratic — expensive to protect
22582,PACK OF 6 SWEETIE GIFT BOXES,A,Z,AZ,6334.97,2526,79,1.876,1,734,14233849.97,72.254,15.538,High revenue but erratic — expensive to protect
22849,BREAD BIN DINER STYLE MINT,A,Z,AZ,6321.63,405,41,1.867,1,735,14240171.6,72.286,15.559,High revenue but erratic — expensive to protect
22065,CHRISTMAS PUDDING TRINKET POT,A,Z,AZ,6320.12,8688,60,2.635,1,736,14246491.72,72.318,15.58,High revenue but erratic — expensive to protect
22783,SET 3 WICKER OVAL BASKETS W LIDS,A,Z,AZ,6316.3,482,19,4.811,0,737,14252808.02,72.35,15.601,High revenue but erratic — expensive to protect
22460,EMBOSSED GLASS TEALIGHT HOLDER,A,Y,AY,6300.12,4784,89,0.953,1,738,14259108.14,72.382,15.622,"Moderate safety stock, review monthly"
22185,SLATE TILE NATURAL HANGING,A,Y,AY,6293.42,3942,97,1.06,1,739,14265401.56,72.414,15.644,"Moderate safety stock, review monthly"
22906,12 MESSAGE CARDS WITH ENVELOPES,A,Z,AZ,6254.43,3394,62,1.709,1,740,14271655.99,72.446,15.665,High revenue but erratic — expensive to protect
21714,CITRONELLA CANDLE GARDEN POT,A,Z,AZ,6229.89,4321,95,1.634,1,741,14277885.88,72.478,15.686,High revenue but erratic — expensive to protect
22435,SET OF 9 HEART SHAPED BALLOONS,A,Y,AY,6218.97,4942,84,1.054,1,742,14284104.85,72.509,15.707,"Moderate safety stock, review monthly"
22826,LOVE SEAT ANTIQUE WHITE METAL,A,Z,AZ,6210.0,58,24,2.317,0,743,14290314.85,72.541,15.728,High revenue but erratic — expensive to protect
21078,SET/20 STRAWBERRY PAPER NAPKINS,A,Y,AY,6194.0,7226,95,1.113,1,744,14296508.85,72.572,15.749,"Moderate safety stock, review monthly"
22780,LIGHT GARLAND BUTTERFILES PINK,A,Z,AZ,6176.09,1625,51,2.238,1,745,14302684.94,72.603,15.771,High revenue but erratic — expensive to protect
22222,CAKE PLATE LOVEBIRD WHITE,A,Z,AZ,6165.79,1490,101,1.759,1,746,14308850.73,72.635,15.792,High revenue but erratic — expensive to protect
22196,SMALL HEART MEASURING SPOONS,A,Y,AY,6159.04,6607,104,0.792,1,747,14315009.77,72.666,15.813,"Moderate safety stock, review monthly"
20751,FUNKY WASHING UP GLOVES ASSORTED,A,Y,AY,6153.46,2901,102,0.852,1,748,14321163.23,72.697,15.834,"Moderate safety stock, review monthly"
22848,BREAD BIN DINER STYLE PINK,A,Z,AZ,6145.55,382,53,1.729,1,749,14327308.78,72.728,15.855,High revenue but erratic — expensive to protect
23192,BUNDLE OF 3 ALPHABET EXERCISE BOOKS,A,Z,AZ,6142.29,3533,31,1.977,1,750,14333451.07,72.76,15.876,High revenue but erratic — expensive to protect
84832,ZINC WILLIE WINKIE  CANDLE STICK,A,Y,AY,6138.95,6799,104,1.011,1,751,14339590.02,72.791,15.898,"Moderate safety stock, review monthly"
21584,RETROSPOT SMALL TUBE MATCHES,A,Z,AZ,6129.45,3805,86,1.642,1,752,14345719.47,72.822,15.919,High revenue but erratic — expensive to protect
21667,GLASS CAKE COVER AND PLATE,A,Z,AZ,6126.25,354,48,1.592,1,753,14351845.72,72.853,15.94,High revenue but erratic — expensive to protect
23118,PARISIENNE JEWELLERY DRAWER,A,Z,AZ,6102.18,813,31,2.288,1,754,14357947.9,72.884,15.961,High revenue but erratic — expensive to protect
22167,OVAL WALL MIRROR DIAMANTE,A,Z,AZ,6066.28,691,94,2.142,1,755,14364014.18,72.915,15.982,High revenue but erratic — expensive to protect
21499,BLUE POLKADOT WRAP,A,X,AX,6059.84,15052,97,0.745,1,756,14370074.02,72.946,16.003,"Tight reorder point, low safety stock — forecast works"
72802C,VANILLA SCENT CANDLE JEWELLED BOX,A,Z,AZ,6055.85,2185,88,2.8,1,757,14376129.87,72.976,16.025,High revenue but erratic — expensive to protect
21591,COSY HOUR CIGAR BOX MATCHES,A,Z,AZ,6053.08,4018,71,1.906,1,758,14382182.95,73.007,16.046,High revenue but erratic — expensive to protect
22361,GLASS JAR DAISY FRESH COTTON WOOL,A,Y,AY,6051.01,1850,89,1.329,1,759,14388233.96,73.038,16.067,"Moderate safety stock, review monthly"
21586,KINGS CHOICE GIANT TUBE MATCHES,A,Z,AZ,6036.6,2590,73,1.642,1,760,14394270.56,73.068,16.088,High revenue but erratic — expensive to protect
85178,VICTORIAN SEWING KIT,A,Z,AZ,6030.77,5483,93,1.527,1,761,14400301.33,73.099,16.109,High revenue but erratic — expensive to protect
23526,WALL ART DOG LICENCE,A,Z,AZ,6021.4,1012,10,4.451,0,762,14406322.73,73.13,16.13,High revenue but erratic — expensive to protect
21918,SET 12 KIDS COLOUR  CHALK STICKS,A,Y,AY,6020.28,14615,104,1.202,1,763,14412343.01,73.16,16.152,"Moderate safety stock, review monthly"
22331,WOODLAND PARTY BAG + STICKER SET,A,Y,AY,6011.57,3660,101,1.187,1,764,14418354.58,73.191,16.173,"Moderate safety stock, review monthly"
22841,ROUND CAKE TIN VINTAGE GREEN,A,Z,AZ,6010.47,773,60,1.637,1,765,14424365.05,73.221,16.194,High revenue but erratic — expensive to protect
22772,PINK DRAWER KNOB ACRYLIC EDWARDIAN,A,Y,AY,6009.92,4453,60,1.395,1,766,14430374.97,73.252,16.215,"Moderate safety stock, review monthly"
22855,FINE WICKER HEART,A,Z,AZ,5995.49,4808,47,1.592,1,767,14436370.46,73.282,16.236,High revenue but erratic — expensive to protect
22045,SPACEBOY GIFT WRAP,A,Y,AY,5992.14,14567,99,0.781,1,768,14442362.6,73.312,16.257,"Moderate safety stock, review monthly"
23296,SET OF 6 TEA TIME BAKING CASES,A,Z,AZ,5988.05,4981,22,2.6,0,769,14448350.65,73.343,16.279,High revenue but erratic — expensive to protect
23312,VINTAGE CHRISTMAS GIFT SACK,A,Z,AZ,5968.3,1424,22,2.422,0,770,14454318.95,73.373,16.3,High revenue but erratic — expensive to protect
22278,OVERNIGHT BAG VINTAGE ROSE PAISLEY,A,Y,AY,5964.48,1017,100,1.105,1,771,14460283.43,73.403,16.321,"Moderate safety stock, review monthly"
22491,PACK OF 12 COLOURED PENCILS,A,Y,AY,5961.05,7436,83,1.465,1,772,14466244.48,73.434,16.342,"Moderate safety stock, review monthly"
23052,RECYCLED ACAPULCO MAT TURQUOISE,A,Z,AZ,5949.34,654,41,1.763,1,773,14472193.82,73.464,16.363,High revenue but erratic — expensive to protect
23154,SET OF 4 JAM JAR MAGNETS,A,Z,AZ,5907.36,2732,38,1.812,1,774,14478101.18,73.494,16.384,High revenue but erratic — expensive to protect
48197,DOOR MAT BIRD ON THE WIRE,A,Z,AZ,5905.64,898,34,3.092,1,775,14484006.82,73.524,16.406,High revenue but erratic — expensive to protect
22241,GARLAND WOODEN HAPPY EASTER,A,Z,AZ,5897.42,4377,65,1.932,1,776,14489904.24,73.554,16.427,High revenue but erratic — expensive to protect
21407,BROWN CHECK CAT DOORSTOP,A,Y,AY,5896.08,1297,96,1.152,1,777,14495800.32,73.584,16.448,"Moderate safety stock, review monthly"
22737,RIBBON REEL CHRISTMAS PRESENT,A,Z,AZ,5894.88,3299,46,1.954,1,778,14501695.2,73.614,16.469,High revenue but erratic — expensive to protect
23113,PANTRY CHOPPING BOARD,A,Z,AZ,5868.5,1154,13,8.49,0,779,14507563.7,73.643,16.49,High revenue but erratic — expensive to protect
85132C,CHARLIE AND LOLA FIGURES TINS,A,Z,AZ,5865.04,2066,66,1.789,1,780,14513428.74,73.673,16.511,High revenue but erratic — expensive to protect
22660,DOORMAT I LOVE LONDON,A,Z,AZ,5862.8,884,66,2.998,1,781,14519291.54,73.703,16.533,High revenue but erratic — expensive to protect
21832,CHOCOLATE CALCULATOR,A,Y,AY,5849.96,3346,98,1.401,1,782,14525141.5,73.733,16.554,"Moderate safety stock, review monthly"
22971,QUEENS GUARD COFFEE MUG,A,Z,AZ,5849.29,2431,50,1.563,1,783,14530990.79,73.762,16.575,High revenue but erratic — expensive to protect
23485,BOTANICAL GARDENS WALL CLOCK,A,Z,AZ,5843.92,262,8,5.716,0,784,14536834.71,73.792,16.596,High revenue but erratic — expensive to protect
21988,PACK OF 6 SKULL PAPER PLATES,A,Z,AZ,5820.95,7830,101,1.783,1,785,14542655.66,73.822,16.617,High revenue but erratic — expensive to protect
85038,6 CHOCOLATE LOVE HEART T-LIGHTS,A,Z,AZ,5820.38,2786,89,1.544,1,786,14548476.04,73.851,16.638,High revenue but erratic — expensive to protect
22951,60 CAKE CASES DOLLY GIRL DESIGN,A,Y,AY,5807.42,11032,64,1.331,1,787,14554283.46,73.881,16.66,"Moderate safety stock, review monthly"
21313,GLASS HEART T-LIGHT HOLDER,A,Y,AY,5794.06,6738,97,0.935,1,788,14560077.52,73.91,16.681,"Moderate safety stock, review monthly"
22200,FRYING PAN PINK POLKADOT,A,Y,AY,5784.92,1296,94,1.352,1,789,14565862.44,73.939,16.702,"Moderate safety stock, review monthly"
22687,DOORMAT CHRISTMAS VILLAGE,A,Z,AZ,5784.67,895,34,5.597,1,790,14571647.11,73.969,16.723,High revenue but erratic — expensive to protect
84968B,S/16 VINTAGE IVORY CUTLERY,A,Z,AZ,5783.39,434,39,2.433,1,791,14577430.5,73.998,16.744,High revenue but erratic — expensive to protect
22964,3 PIECE SPACEBOY COOKIE CUTTER SET,A,Z,AZ,5777.23,2765,55,1.826,1,792,14583207.73,74.027,16.765,High revenue but erratic — expensive to protect
22899,CHILDREN'S APRON DOLLY GIRL,A,Y,AY,5771.86,2774,62,1.363,1,793,14588979.59,74.057,16.787,"Moderate safety stock, review monthly"
21452,TOADSTOOL MONEY BOX,A,Y,AY,5754.93,1883,88,1.057,1,794,14594734.52,74.086,16.808,"Moderate safety stock, review monthly"
22441,GROW YOUR OWN BASIL IN ENAMEL MUG,A,Y,AY,5740.07,2649,84,1.184,1,795,14600474.59,74.115,16.829,"Moderate safety stock, review monthly"
37495,FAIRY CAKE BIRTHDAY CANDLE SET,A,Y,AY,5736.35,1561,92,1.105,1,796,14606210.94,74.144,16.85,"Moderate safety stock, review monthly"
23205,CHARLOTTE BAG VINTAGE ALPHABET,A,Z,AZ,5728.08,5859,35,1.736,1,797,14611939.02,74.173,16.871,High revenue but erratic — expensive to protect
21528,DAIRY MAID TRADITIONAL TEAPOT,A,Z,AZ,5721.85,905,96,2.5,1,798,14617660.87,74.202,16.892,High revenue but erratic — expensive to protect
22070,SMALL RED RETROSPOT MUG IN BOX,A,Z,AZ,5720.24,1840,87,1.769,1,799,14623381.11,74.231,16.914,High revenue but erratic — expensive to protect
21577,SAVE THE PLANET COTTON TOTE BAG,A,Z,AZ,5718.77,2557,99,1.83,1,800,14629099.88,74.26,16.935,High revenue but erratic — expensive to protect
22115,METAL SIGN EMPIRE TEA,A,Z,AZ,5703.95,2892,101,1.581,1,801,14634803.83,74.289,16.956,High revenue but erratic — expensive to protect
22341,LOVE GARLAND PAINTED ZINC,A,Z,AZ,5702.19,3469,90,2.981,1,802,14640506.02,74.318,16.977,High revenue but erratic — expensive to protect
22060,LARGE CAKE STAND HANGING HEARTS,A,Z,AZ,5699.31,735,64,2.19,1,803,14646205.33,74.347,16.998,High revenue but erratic — expensive to protect
22335,HEART DECORATION PAINTED ZINC,A,Z,AZ,5655.17,8682,102,1.51,1,804,14651860.5,74.376,17.019,High revenue but erratic — expensive to protect
21703,BAG 125g SWIRLY MARBLES,A,Y,AY,5647.31,14579,103,1.343,1,805,14657507.81,74.405,17.041,"Moderate safety stock, review monthly"
22119,PEACE WOODEN BLOCK LETTERS,A,Z,AZ,5631.17,910,83,1.577,1,806,14663138.98,74.433,17.062,High revenue but erratic — expensive to protect
22854,CREAM SWEETHEART EGG HOLDER,A,Z,AZ,5624.5,1160,46,1.746,1,807,14668763.48,74.462,17.083,High revenue but erratic — expensive to protect
22653,BUTTON BOX,A,Z,AZ,5622.11,3033,68,1.533,1,808,14674385.59,74.49,17.104,High revenue but erratic — expensive to protect
22156,HEART DECORATION WITH PEARLS,A,Y,AY,5612.37,6244,104,0.983,1,809,14679997.96,74.519,17.125,"Moderate safety stock, review monthly"
21207,SKULL AND CROSSBONES  GARLAND,A,Z,AZ,5599.07,3602,94,2.21,1,810,14685597.03,74.547,17.146,High revenue but erratic — expensive to protect
21730,GLASS STAR FROSTED T-LIGHT HOLDER,A,Z,AZ,5578.72,1124,70,1.624,1,811,14691175.75,74.576,17.168,High revenue but erratic — expensive to protect
23531,WALL ART BIG LOVE,A,Z,AZ,5559.11,979,10,3.971,0,812,14696734.86,74.604,17.189,High revenue but erratic — expensive to protect
23126,FELTCRAFT GIRL AMELIE KIT,A,Z,AZ,5556.79,1114,41,1.909,1,813,14702291.65,74.632,17.21,High revenue but erratic — expensive to protect
84971S,SMALL HEART FLOWERS HOOK,A,Y,AY,5544.92,6544,103,1.066,1,814,14707836.57,74.66,17.231,"Moderate safety stock, review monthly"
21900,"KEY FOB , SHED",A,Y,AY,5538.24,8337,103,1.273,1,815,14713374.81,74.688,17.252,"Moderate safety stock, review monthly"
23177,TREASURE ISLAND BOOK BOX,A,Z,AZ,5528.04,2535,41,2.787,1,816,14718902.85,74.716,17.273,High revenue but erratic — expensive to protect
23133,LARGE IVORY HEART WALL ORGANISER,A,Z,AZ,5525.4,782,33,3.088,1,817,14724428.25,74.744,17.295,High revenue but erratic — expensive to protect
22602,CHRISTMAS RETROSPOT HEART WOOD,A,Z,AZ,5521.82,6530,72,1.594,1,818,14729950.07,74.772,17.316,High revenue but erratic — expensive to protect
23158,SET OF 5 LUCKY CAT MAGNETS,A,Z,AZ,5517.99,2635,38,1.831,1,819,14735468.06,74.8,17.337,High revenue but erratic — expensive to protect
22534,MAGIC DRAWING SLATE SPACEBOY,A,Y,AY,5516.05,12894,89,1.465,1,820,14740984.11,74.828,17.358,"Moderate safety stock, review monthly"
23583,LUNCH BAG PAISLEY PARK,A,Z,AZ,5513.83,3395,7,4.001,0,821,14746497.94,74.856,17.379,High revenue but erratic — expensive to protect
22670,FRENCH WC SIGN BLUE METAL,A,Z,AZ,5513.07,4434,68,2.484,1,822,14752011.01,74.884,17.401,High revenue but erratic — expensive to protect
82599,FANNY'S REST STOPMETAL SIGN,A,Y,AY,5508.84,2519,73,1.209,1,823,14757519.85,74.912,17.422,"Moderate safety stock, review monthly"
85061W,WHITE JEWELLED HEART DECORATION,A,Y,AY,5502.49,6366,100,1.339,1,824,14763022.34,74.94,17.443,"Moderate safety stock, review monthly"
22168,ORGANISER WOOD ANTIQUE WHITE,A,Z,AZ,5501.43,662,66,1.574,1,825,14768523.77,74.968,17.464,High revenue but erratic — expensive to protect
79029,GLASS HONEYPOT WASP CATCHER,A,Z,AZ,5501.12,2958,35,2.004,1,826,14774024.89,74.996,17.485,High revenue but erratic — expensive to protect
84968D,SET OF 16 VINTAGE RED CUTLERY,A,Z,AZ,5494.08,476,49,3.07,1,827,14779518.97,75.024,17.506,High revenue but erratic — expensive to protect
40016,CHINESE DRAGON PAPER LANTERNS,A,Z,AZ,5492.35,15447,86,1.579,1,828,14785011.32,75.052,17.528,High revenue but erratic — expensive to protect
21112,"SWISS ROLL TOWEL, PINK  SPOTS",A,Z,AZ,5484.26,2222,76,2.29,1,829,14790495.58,75.08,17.549,High revenue but erratic — expensive to protect
20983,12 PENCILS TALL TUBE RED RETROSPOT,A,Y,AY,5480.98,6294,103,0.897,1,830,14795976.56,75.107,17.57,"Moderate safety stock, review monthly"
22203,MILK PAN RED RETROSPOT,A,Z,AZ,5473.26,1403,98,2.068,1,831,14801449.82,75.135,17.591,High revenue but erratic — expensive to protect
72756,FAIRY CAKE CANDLES,A,Z,AZ,5472.89,4021,7,6.492,0,832,14806922.71,75.163,17.612,High revenue but erratic — expensive to protect
22763,KEY CABINET MA CAMPAGNE,A,Z,AZ,5470.39,666,55,6.46,1,833,14812393.1,75.191,17.633,High revenue but erratic — expensive to protect
16161P,WRAP ENGLISH ROSE,A,Y,AY,5466.9,13273,89,0.782,1,834,14817860.0,75.219,17.655,"Moderate safety stock, review monthly"
22437,SET OF 9 BLACK SKULL BALLOONS,A,Z,AZ,5461.37,6518,86,1.528,1,835,14823321.37,75.246,17.676,High revenue but erratic — expensive to protect
85063,CREAM SWEETHEART MAGAZINE RACK,A,Y,AY,5460.64,310,47,1.474,1,836,14828782.01,75.274,17.697,"Moderate safety stock, review monthly"
22483,RED GINGHAM TEDDY BEAR,A,Y,AY,5458.21,1883,91,1.399,1,837,14834240.22,75.302,17.718,"Moderate safety stock, review monthly"
20978,36 PENCILS TUBE SKULLS,A,Y,AY,5451.07,4127,102,0.936,1,838,14839691.29,75.329,17.739,"Moderate safety stock, review monthly"
22443,GROW YOUR OWN HERBS SET OF 3,A,Z,AZ,5449.08,690,66,1.658,1,839,14845140.37,75.357,17.76,High revenue but erratic — expensive to protect
21432,SET OF 3 CASES WOODLAND DESIGN,A,Z,AZ,5441.86,943,48,1.657,1,840,14850582.23,75.385,17.782,High revenue but erratic — expensive to protect
22186,RED STAR CARD HOLDER,A,Z,AZ,5434.35,2005,53,1.75,1,841,14856016.58,75.412,17.803,High revenue but erratic — expensive to protect
23135,SMALL ZINC HEART WALL ORGANISER,A,Z,AZ,5416.18,1541,23,4.377,0,842,14861432.76,75.44,17.824,High revenue but erratic — expensive to protect
21069,VINTAGE BILLBOARD TEA MUG,A,Z,AZ,5415.61,5108,79,2.785,1,843,14866848.37,75.467,17.845,High revenue but erratic — expensive to protect
21491,SET OF THREE VINTAGE GIFT WRAPS,A,Z,AZ,5404.06,2897,24,2.832,0,844,14872252.43,75.495,17.866,High revenue but erratic — expensive to protect
84937,KASHMIR FOLKART TUMBLERS,A,Z,AZ,5396.64,2543,22,3.483,0,845,14877649.07,75.522,17.887,High revenue but erratic — expensive to protect
22218,CAKE STAND LACE WHITE,A,Z,AZ,5378.41,1235,48,1.768,1,846,14883027.48,75.549,17.909,High revenue but erratic — expensive to protect
23494,VINTAGE DOILY DELUXE SEWING KIT,A,Z,AZ,5377.81,813,12,3.2,0,847,14888405.29,75.577,17.93,High revenue but erratic — expensive to protect
22775,PURPLE DRAWERKNOB ACRYLIC EDWARDIAN,A,Y,AY,5357.53,3767,60,1.437,1,848,14893762.82,75.604,17.951,"Moderate safety stock, review monthly"
37446,MINI CAKE STAND WITH HANGING CAKES,A,Y,AY,5351.1,3704,77,1.49,1,849,14899113.92,75.631,17.972,"Moderate safety stock, review monthly"
35832,WOOLLY HAT SOCK GLOVE ADVENT STRING,A,Z,AZ,5347.75,1739,22,3.075,0,850,14904461.67,75.658,17.993,High revenue but erratic — expensive to protect
21363,HOME SMALL WOOD LETTERS,A,Y,AY,5345.98,994,80,1.018,1,851,14909807.65,75.685,18.014,"Moderate safety stock, review monthly"
85132A,CHARLIE + LOLA BISCUITS TINS,A,Z,AZ,5330.9,1364,60,2.102,1,852,14915138.55,75.712,18.036,High revenue but erratic — expensive to protect
22842,BISCUIT TIN VINTAGE RED,A,Z,AZ,5315.33,819,58,1.691,1,853,14920453.88,75.739,18.057,High revenue but erratic — expensive to protect
22998,TRAVEL CARD WALLET KEEP CALM,A,Z,AZ,5314.9,12490,43,1.671,1,854,14925768.78,75.766,18.078,High revenue but erratic — expensive to protect
22801,ANTIQUE GLASS PEDESTAL BOWL,A,Y,AY,5296.7,1305,58,1.456,1,855,14931065.48,75.793,18.099,"Moderate safety stock, review monthly"
22175,PINK OWL SOFT TOY,A,Z,AZ,5293.06,1829,97,1.594,1,856,14936358.54,75.82,18.12,High revenue but erratic — expensive to protect
22030,SWALLOWS GREETING CARD,A,Y,AY,5278.48,12927,97,1.054,1,857,14941637.02,75.847,18.141,"Moderate safety stock, review monthly"
21718,RED METAL BEACH SPADE,A,Z,AZ,5254.05,4033,94,1.645,1,858,14946891.07,75.874,18.163,High revenue but erratic — expensive to protect
22896,PEG BAG APPLES DESIGN,A,Z,AZ,5253.5,2085,63,1.551,1,859,14952144.57,75.9,18.184,High revenue but erratic — expensive to protect
21993,FLORAL FOLK STATIONERY SET,A,Y,AY,5233.23,2858,96,1.273,1,860,14957377.8,75.927,18.205,"Moderate safety stock, review monthly"
22476,EMPIRE UNION JACK TV DINNER TRAY,A,Z,AZ,5228.51,1334,81,4.722,1,861,14962606.31,75.953,18.226,High revenue but erratic — expensive to protect
22564,ALPHABET STENCIL CRAFT,A,Z,AZ,5227.65,4575,83,2.322,1,862,14967833.96,75.98,18.247,High revenue but erratic — expensive to protect
21713,CITRONELLA CANDLE FLOWERPOT,A,Z,AZ,5221.04,2769,88,1.818,1,863,14973055.0,76.006,18.268,High revenue but erratic — expensive to protect
23132,SMALL IVORY HEART WALL ORGANISER,A,Z,AZ,5219.1,1034,32,2.626,1,864,14978274.1,76.033,18.29,High revenue but erratic — expensive to protect
22433,WATERING CAN GREEN DINOSAUR,A,Y,AY,5215.53,2793,87,1.326,1,865,14983489.63,76.059,18.311,"Moderate safety stock, review monthly"
22691,DOORMAT WELCOME SUNRISE,A,Z,AZ,5214.04,760,64,2.631,1,866,14988703.67,76.086,18.332,High revenue but erratic — expensive to protect
22117,METAL SIGN HER DINNER IS SERVED,A,Z,AZ,5207.73,1765,85,4.545,1,867,14993911.4,76.112,18.353,High revenue but erratic — expensive to protect
21587,COSY HOUR GIANT TUBE MATCHES,A,Z,AZ,5198.55,2081,40,2.159,1,868,14999109.95,76.139,18.374,High revenue but erratic — expensive to protect
23263,SET OF 3 WOODEN HEART DECORATIONS,A,Z,AZ,5184.69,3893,28,2.03,1,869,15004294.64,76.165,18.395,High revenue but erratic — expensive to protect
21872,GLAMOROUS  MUG,A,Z,AZ,5172.55,5099,94,2.225,1,870,15009467.19,76.191,18.417,High revenue but erratic — expensive to protect
22472,TV DINNER TRAY DOLLY GIRL,A,Z,AZ,5170.22,1101,73,2.189,1,871,15014637.41,76.217,18.438,High revenue but erratic — expensive to protect
23157,SET OF 6 NATIVITY MAGNETS,A,Z,AZ,5170.1,2570,25,2.877,0,872,15019807.51,76.244,18.459,High revenue but erratic — expensive to protect
22894,TABLECLOTH RED APPLES DESIGN,A,Z,AZ,5169.28,562,55,2.051,1,873,15024976.79,76.27,18.48,High revenue but erratic — expensive to protect
22412,METAL SIGN NEIGHBOURHOOD WITCH,A,Y,AY,5159.72,2410,90,1.297,1,874,15030136.51,76.296,18.501,"Moderate safety stock, review monthly"
23165,LARGE CERAMIC TOP STORAGE JAR,A,Z,AZ,5147.66,3118,31,1.886,1,875,15035284.17,76.322,18.522,High revenue but erratic — expensive to protect
22571,ROCKING HORSE RED CHRISTMAS,A,Z,AZ,5144.59,5791,50,1.757,1,876,15040428.76,76.348,18.544,High revenue but erratic — expensive to protect
23162,REGENCY TEA STRAINER,A,Z,AZ,5143.69,1412,32,2.096,1,877,15045572.45,76.375,18.565,High revenue but erratic — expensive to protect
22509,SEWING BOX RETROSPOT DESIGN,A,Z,AZ,5138.26,389,71,2.582,1,878,15050710.71,76.401,18.586,High revenue but erratic — expensive to protect
22426,ENAMEL WASH BOWL CREAM,A,Y,AY,5137.05,1334,80,1.05,1,879,15055847.76,76.427,18.607,"Moderate safety stock, review monthly"
21495,SKULLS AND CROSSBONES WRAP,A,X,AX,5119.3,12465,101,0.719,1,880,15060967.06,76.453,18.628,"Tight reorder point, low safety stock — forecast works"
22374,AIRLINE BAG VINTAGE JET SET RED,A,Y,AY,5116.84,1027,92,0.774,1,881,15066083.9,76.479,18.649,"Moderate safety stock, review monthly"
22610,PENS ASSORTED FUNNY FACE,A,Z,AZ,5114.38,12716,78,1.515,1,882,15071198.28,76.505,18.671,High revenue but erratic — expensive to protect
21471,STRAWBERRY RAFFIA FOOD COVER,A,Y,AY,5114.38,1411,94,1.247,1,883,15076312.66,76.531,18.692,"Moderate safety stock, review monthly"
23397,FOOT STOOL HOME SWEET HOME,A,Z,AZ,5097.65,489,15,2.837,0,884,15081410.31,76.556,18.713,High revenue but erratic — expensive to protect
23234,BISCUIT TIN VINTAGE CHRISTMAS,A,Z,AZ,5088.45,1725,26,2.326,1,885,15086498.76,76.582,18.734,High revenue but erratic — expensive to protect
20977,36 PENCILS TUBE WOODLAND,A,Y,AY,5081.24,3801,96,0.793,1,886,15091580.0,76.608,18.755,"Moderate safety stock, review monthly"
21578,WOODLAND DESIGN  COTTON TOTE BAG,A,Y,AY,5078.61,2212,93,0.943,1,887,15096658.61,76.634,18.776,"Moderate safety stock, review monthly"
23295,SET OF 12 MINI LOAF BAKING CASES,A,Z,AZ,5078.43,6140,22,2.314,0,888,15101737.04,76.66,18.798,High revenue but erratic — expensive to protect
23198,PANTRY MAGNETIC  SHOPPING LIST,A,Z,AZ,5068.4,3346,25,1.933,0,889,15106805.44,76.685,18.819,High revenue but erratic — expensive to protect
21544,SKULLS  WATER TRANSFER TATTOOS,A,Y,AY,5054.76,6067,102,1.33,1,890,15111860.2,76.711,18.84,"Moderate safety stock, review monthly"
21706,FOLDING UMBRELLA RED/WHITE POLKADOT,A,Z,AZ,5041.06,1351,93,2.472,1,891,15116901.26,76.737,18.861,High revenue but erratic — expensive to protect
23314,VINTAGE CHRISTMAS TABLECLOTH,A,Z,AZ,5037.96,409,19,3.273,0,892,15121939.22,76.762,18.882,High revenue but erratic — expensive to protect
46000S,POLYESTER FILLER PAD 40x40cm,A,Y,AY,5032.95,3471,99,0.981,1,893,15126972.17,76.788,18.903,"Moderate safety stock, review monthly"
21071,VINTAGE BILLBOARD DRINK ME MUG,A,Z,AZ,5029.57,4294,96,2.177,1,894,15132001.74,76.813,18.925,High revenue but erratic — expensive to protect
22957,SET 3 PAPER VINTAGE CHICK PAPER EGG,A,Z,AZ,5023.5,1778,17,2.735,0,895,15137025.24,76.839,18.946,High revenue but erratic — expensive to protect
84796B,BLUE SAVANNAH PICNIC HAMPER FOR 2,A,Z,AZ,5016.91,602,49,2.448,1,896,15142042.15,76.864,18.967,High revenue but erratic — expensive to protect
85049G,CHOCOLATE BOX RIBBONS,A,Y,AY,5015.06,3956,94,1.05,1,897,15147057.21,76.89,18.988,"Moderate safety stock, review monthly"
22732,3D VINTAGE CHRISTMAS STICKERS,A,Z,AZ,5004.34,3775,42,2.159,1,898,15152061.55,76.915,19.009,High revenue but erratic — expensive to protect
22318,FIVE HEART HANGING DECORATION,A,Y,AY,5001.68,1589,99,0.926,1,899,15157063.23,76.94,19.03,"Moderate safety stock, review monthly"
23310,BUBBLEGUM RING ASSORTED,A,Z,AZ,4997.28,12050,27,2.127,1,900,15162060.51,76.966,19.052,High revenue but erratic — expensive to protect
22583,PACK OF 6 HANDBAG GIFT BOXES,A,Y,AY,4996.55,1889,84,1.232,1,901,15167057.06,76.991,19.073,"Moderate safety stock, review monthly"
47568,ENGLISH ROSE DESIGN PEG BAG,A,Z,AZ,4993.52,2389,37,1.717,1,902,15172050.58,77.017,19.094,High revenue but erratic — expensive to protect
22604,SET OF 4 NAPKIN CHARMS CUTLERY,A,Z,AZ,4983.12,2027,60,2.163,1,903,15177033.7,77.042,19.115,High revenue but erratic — expensive to protect
21896,POTTING SHED TWINE,A,Z,AZ,4979.74,2404,92,2.402,1,904,15182013.44,77.067,19.136,High revenue but erratic — expensive to protect
23556,LANDMARK FRAME COVENT GARDEN,A,Z,AZ,4974.51,439,8,7.91,0,905,15186987.95,77.092,19.157,High revenue but erratic — expensive to protect
21056,DOCTOR'S BAG SOFT TOY,A,Z,AZ,4970.28,546,80,1.905,1,906,15191958.23,77.118,19.179,High revenue but erratic — expensive to protect
85184C,S/4 VALENTINE DECOUPAGE HEART BOX,A,Z,AZ,4944.76,2287,94,2.577,1,907,15196902.99,77.143,19.2,High revenue but erratic — expensive to protect
23570,TRADITIONAL PICK UP STICKS GAME,A,Z,AZ,4944.37,2782,8,4.238,0,908,15201847.36,77.168,19.221,High revenue but erratic — expensive to protect
72349B,SET/6 PURPLE BUTTERFLY T-LIGHTS,A,Y,AY,4906.8,2198,99,1.369,1,909,15206754.16,77.193,19.242,"Moderate safety stock, review monthly"
22276,WASH BAG VINTAGE ROSE PAISLEY,A,Z,AZ,4900.16,1895,92,1.692,1,910,15211654.32,77.218,19.263,High revenue but erratic — expensive to protect
23010,CIRCUS PARADE BABY GIFT SET,A,Z,AZ,4896.55,316,35,2.384,1,911,15216550.87,77.242,19.285,High revenue but erratic — expensive to protect
84968E,SET OF 16 VINTAGE BLACK CUTLERY,A,Z,AZ,4894.61,403,58,2.819,1,912,15221445.48,77.267,19.306,High revenue but erratic — expensive to protect
22956,36 FOIL HEART CAKE CASES,A,Z,AZ,4894.39,2502,55,1.942,1,913,15226339.87,77.292,19.327,High revenue but erratic — expensive to protect
23351,ROLL WRAP 50'S CHRISTMAS,A,Z,AZ,4880.65,3539,19,2.65,0,914,15231220.52,77.317,19.348,High revenue but erratic — expensive to protect
72807B,SET/3 OCEAN SCENT CANDLE JEWEL BOX,A,Z,AZ,4879.56,1088,88,1.553,1,915,15236100.08,77.342,19.369,High revenue but erratic — expensive to protect
22593,CHRISTMAS GINGHAM STAR,A,Z,AZ,4870.65,5475,49,1.575,1,916,15240970.73,77.366,19.39,High revenue but erratic — expensive to protect
23503,PLAYING CARDS KEEP CALM & CARRY ON,A,Z,AZ,4864.3,3646,12,2.93,0,917,15245835.03,77.391,19.412,High revenue but erratic — expensive to protect
21534,DAIRY MAID LARGE MILK JUG,A,Y,AY,4852.79,955,101,0.843,1,918,15250687.82,77.416,19.433,"Moderate safety stock, review monthly"
22107,PIZZA PLATE IN BOX,A,Y,AY,4845.59,1242,88,1.414,1,919,15255533.41,77.44,19.454,"Moderate safety stock, review monthly"
84270,ASSTD DESIGN BUBBLE GUM RING,A,Y,AY,4836.9,22996,51,1.457,1,920,15260370.31,77.465,19.475,"Moderate safety stock, review monthly"
22027,TEA PARTY BIRTHDAY CARD,A,X,AX,4836.73,11369,103,0.646,1,921,15265207.04,77.489,19.496,"Tight reorder point, low safety stock — forecast works"
23554,LANDMARK FRAME OXFORD STREET,A,Z,AZ,4830.53,424,8,8.153,0,922,15270037.57,77.514,19.517,High revenue but erratic — expensive to protect
23555,LANDMARK FRAME NOTTING HILL,A,Z,AZ,4818.07,424,8,7.961,0,923,15274855.64,77.538,19.539,High revenue but erratic — expensive to protect
21249,WOODLAND  HEIGHT CHART STICKERS,A,Y,AY,4791.18,1668,98,1.34,1,924,15279646.82,77.563,19.56,"Moderate safety stock, review monthly"
21986,PACK OF 12 PINK POLKADOT TISSUES,A,Z,AZ,4788.45,13484,102,2.315,1,925,15284435.27,77.587,19.581,High revenue but erratic — expensive to protect
22442,GROW YOUR OWN FLOWERS SET OF 3,A,Z,AZ,4781.22,868,58,4.189,1,926,15289216.49,77.611,19.602,High revenue but erratic — expensive to protect
23389,SPACEBOY MINI BACKPACK,A,Z,AZ,4780.54,1122,14,3.094,0,927,15293997.03,77.636,19.623,High revenue but erratic — expensive to protect
20681,PINK SPOTTY CHILDS UMBRELLA,A,Y,AY,4779.9,1412,65,1.229,1,928,15298776.93,77.66,19.644,"Moderate safety stock, review monthly"
23159,SET OF 5 PANCAKE DAY MAGNETS,A,Z,AZ,4771.76,2321,37,1.838,1,929,15303548.69,77.684,19.666,High revenue but erratic — expensive to protect
22128,PARTY CONES CANDY ASSORTED,A,Y,AY,4767.09,3929,78,1.409,1,930,15308315.78,77.708,19.687,"Moderate safety stock, review monthly"
23184,BULL DOG BOTTLE OPENER,A,Z,AZ,4764.5,874,40,1.724,1,931,15313080.28,77.732,19.708,High revenue but erratic — expensive to protect
21916,SET 12 RETRO WHITE CHALK STICKS,A,Y,AY,4762.82,11039,104,1.213,1,932,15317843.1,77.757,19.729,"Moderate safety stock, review monthly"
22474,SPACEBOY TV DINNER TRAY,A,Z,AZ,4761.38,975,75,2.348,1,933,15322604.48,77.781,19.75,High revenue but erratic — expensive to protect
22688,DOORMAT PEACE ON EARTH BLUE,A,Z,AZ,4756.7,865,33,7.439,1,934,15327361.18,77.805,19.771,High revenue but erratic — expensive to protect
23569,TRADTIONAL ALPHABET STAMP SET,A,Z,AZ,4752.31,961,8,3.808,0,935,15332113.49,77.829,19.793,High revenue but erratic — expensive to protect
22434,BALLOON PUMP WITH 10 BALLOONS,A,Z,AZ,4749.09,2555,78,2.103,1,936,15336862.58,77.853,19.814,High revenue but erratic — expensive to protect
23286,BLUE VINTAGE SPOT BEAKER,A,Z,AZ,4747.62,5048,27,4.383,1,937,15341610.2,77.877,19.835,High revenue but erratic — expensive to protect
18098C,PORCELAIN BUTTERFLY OIL BURNER,A,Y,AY,4746.14,1527,66,1.461,1,938,15346356.34,77.901,19.856,"Moderate safety stock, review monthly"
23558,LANDMARK FRAME LONDON BRIDGE,A,Z,AZ,4741.37,418,8,7.99,0,939,15351097.71,77.925,19.877,High revenue but erratic — expensive to protect
22399,MAGNETS PACK OF 4 CHILDHOOD MEMORY,A,Z,AZ,4739.6,4044,83,2.306,1,940,15355837.31,77.949,19.898,High revenue but erratic — expensive to protect
22672,FRENCH BATHROOM SIGN BLUE METAL,A,Z,AZ,4737.76,2851,67,1.59,1,941,15360575.07,77.974,19.92,High revenue but erratic — expensive to protect
22305,COFFEE MUG PINK PAISLEY DESIGN,A,Z,AZ,4716.63,2269,81,2.575,1,942,15365291.7,77.997,19.941,High revenue but erratic — expensive to protect
23241,TREASURE TIN GYMKHANA DESIGN,A,Z,AZ,4709.07,2184,27,2.248,1,943,15370000.77,78.021,19.962,High revenue but erratic — expensive to protect
22304,COFFEE MUG BLUE PAISLEY DESIGN,A,Z,AZ,4704.86,2386,75,2.647,1,944,15374705.63,78.045,19.983,High revenue but erratic — expensive to protect
20961,STRAWBERRY BATH SPONGE,A,Y,AY,4702.65,3542,99,1.439,1,945,15379408.28,78.069,20.004,"Moderate safety stock, review monthly"
23176,ABC TREASURE BOOK BOX,A,Z,AZ,4697.58,2167,41,2.444,1,946,15384105.86,78.093,20.025,High revenue but erratic — expensive to protect
22562,MONSTERS STENCIL CRAFT,A,Z,AZ,4693.55,3987,86,2.283,1,947,15388799.41,78.117,20.047,High revenue but erratic — expensive to protect
20963,APPLE BATH SPONGE,A,Y,AY,4681.15,3463,102,1.313,1,948,15393480.56,78.141,20.068,"Moderate safety stock, review monthly"
22721,SET OF 3 CAKE TINS SKETCHBOOK,A,Z,AZ,4678.71,1022,50,2.088,1,949,15398159.27,78.164,20.089,High revenue but erratic — expensive to protect
22075,6 RIBBONS ELEGANT CHRISTMAS,A,Z,AZ,4675.0,3106,68,2.097,1,950,15402834.27,78.188,20.11,High revenue but erratic — expensive to protect
82581,TOILET METAL SIGN,A,Y,AY,4673.2,8443,104,0.891,1,951,15407507.47,78.212,20.131,"Moderate safety stock, review monthly"
15044B,BLUE PAPER PARASOL,A,Z,AZ,4644.13,1670,69,3.437,1,952,15412151.6,78.235,20.152,High revenue but erratic — expensive to protect
22574,HEART WOODEN CHRISTMAS DECORATION,A,Z,AZ,4632.57,5078,52,1.799,1,953,15416784.17,78.259,20.174,High revenue but erratic — expensive to protect
21328,BALLOONS  WRITING SET,A,Y,AY,4625.83,2449,101,1.044,1,954,15421410.0,78.282,20.195,"Moderate safety stock, review monthly"
22800,ANTIQUE TALL SWIRLGLASS TRINKET POT,A,Z,AZ,4605.15,1132,57,1.782,1,955,15426015.15,78.306,20.216,High revenue but erratic — expensive to protect
21878,PACK OF 6 SANDCASTLE FLAGS ASSORTED,A,Z,AZ,4590.73,5591,82,1.752,1,956,15430605.88,78.329,20.237,High revenue but erratic — expensive to protect
21811,HANGING HEART WITH BELL,A,Z,AZ,4588.43,6349,77,2.326,1,957,15435194.31,78.352,20.258,High revenue but erratic — expensive to protect
51014A,"FEATHER PEN,HOT PINK",A,Y,AY,4575.22,6719,93,1.273,1,958,15439769.53,78.376,20.279,"Moderate safety stock, review monthly"
23285,PINK VINTAGE SPOT BEAKER,A,Z,AZ,4572.41,4807,27,4.719,1,959,15444341.94,78.399,20.301,High revenue but erratic — expensive to protect
21506,"FANCY FONT BIRTHDAY CARD,",A,Y,AY,4569.77,10962,104,0.911,1,960,15448911.71,78.422,20.322,"Moderate safety stock, review monthly"
10135,COLOURING PENCILS BROWN TUBE,A,Z,AZ,4568.71,4228,94,2.129,1,961,15453480.42,78.445,20.343,High revenue but erratic — expensive to protect
22736,RIBBON REEL MAKING SNOWMEN,A,Z,AZ,4563.03,2542,46,1.887,1,962,15458043.45,78.468,20.364,High revenue but erratic — expensive to protect
15044D,RED PAPER PARASOL,A,Z,AZ,4562.6,1597,83,1.519,1,963,15462606.05,78.491,20.385,High revenue but erratic — expensive to protect
23404,HOME SWEET HOME BLACKBOARD,A,Z,AZ,4561.76,1011,14,3.218,0,964,15467167.81,78.515,20.406,High revenue but erratic — expensive to protect
22743,MAKE YOUR OWN FLOWERPOWER CARD KIT,A,Z,AZ,4560.2,1508,63,2.011,1,965,15471728.01,78.538,20.428,High revenue but erratic — expensive to protect
23168,CLASSIC CAFE SUGAR DISPENSER,A,Z,AZ,4559.92,3292,31,1.846,1,966,15476287.93,78.561,20.449,High revenue but erratic — expensive to protect
23275,SET OF 3 HANGING OWLS OLLIE BEAK,A,Z,AZ,4557.97,3749,28,2.396,1,967,15480845.9,78.584,20.47,High revenue but erratic — expensive to protect
85184D,S/4 BLUE ROUND DECOUPAGE BOXES,A,Z,AZ,4555.64,8313,34,6.76,1,968,15485401.54,78.607,20.491,High revenue but erratic — expensive to protect
22601,CHRISTMAS RETROSPOT ANGEL WOOD,A,Z,AZ,4549.74,5253,51,1.857,1,969,15489951.28,78.63,20.512,High revenue but erratic — expensive to protect
37447,CERAMIC CAKE DESIGN SPOTTED PLATE,A,Y,AY,4546.81,2895,98,0.934,1,970,15494498.09,78.653,20.533,"Moderate safety stock, review monthly"
21614,SET OF 12 ROSE BOTANICAL T-LIGHTS,A,Z,AZ,4541.12,1628,56,2.113,1,971,15499039.21,78.676,20.555,High revenue but erratic — expensive to protect
21990,MODERN FLORAL STATIONERY SET,A,Y,AY,4540.99,2460,93,1.368,1,972,15503580.2,78.699,20.576,"Moderate safety stock, review monthly"
22908,PACK OF 20 NAPKINS RED APPLES,A,Z,AZ,4529.1,5616,62,1.55,1,973,15508109.3,78.722,20.597,High revenue but erratic — expensive to protect
21564,PINK  HEART SHAPE LOVE BUCKET,A,Z,AZ,4527.45,1952,97,3.138,1,974,15512636.75,78.745,20.618,High revenue but erratic — expensive to protect
23309,SET OF 60 I LOVE LONDON CAKE CASES,A,Z,AZ,4527.2,8332,28,2.103,1,975,15517163.95,78.768,20.639,High revenue but erratic — expensive to protect
22760,"TRAY, BREAKFAST IN BED",A,Z,AZ,4519.64,357,41,2.068,1,976,15521683.59,78.791,20.66,High revenue but erratic — expensive to protect
23163,REGENCY SUGAR TONGS,A,Z,AZ,4515.22,1832,33,1.928,1,977,15526198.81,78.814,20.682,High revenue but erratic — expensive to protect
23112,PARISIENNE CURIO CABINET,A,Z,AZ,4514.58,547,31,1.801,1,978,15530713.39,78.837,20.703,High revenue but erratic — expensive to protect
22451,SILK PURSE BABUSHKA RED,A,Z,AZ,4507.04,1342,51,1.854,1,979,15535220.43,78.86,20.724,High revenue but erratic — expensive to protect
21109,"LARGE CAKE TOWEL, CHOCOLATE SPOTS",A,Z,AZ,4498.69,1177,76,2.856,1,980,15539719.12,78.883,20.745,High revenue but erratic — expensive to protect
22747,POPPY'S PLAYHOUSE BATHROOM,A,Z,AZ,4497.7,2040,62,2.087,1,981,15544216.82,78.906,20.766,High revenue but erratic — expensive to protect
84279P,CHERRY BLOSSOM  DECORATIVE FLASK,A,Z,AZ,4491.67,1149,97,1.919,1,982,15548708.49,78.929,20.787,High revenue but erratic — expensive to protect
23167,SMALL CERAMIC TOP STORAGE JAR,A,Z,AZ,4476.01,5847,31,3.231,1,983,15553184.5,78.951,20.809,High revenue but erratic — expensive to protect
23530,WALL ART ONLY ONE PERSON,A,Z,AZ,4465.97,1062,10,3.7,0,984,15557650.47,78.974,20.83,High revenue but erratic — expensive to protect
22291,"SPRING DEC , HANGING CHICK CREAM",A,Z,AZ,4456.43,3223,65,2.687,1,985,15562106.9,78.997,20.851,High revenue but erratic — expensive to protect
21064,BOOM BOX SPEAKER BOYS,A,Z,AZ,4453.27,889,60,4.749,1,986,15566560.17,79.019,20.872,High revenue but erratic — expensive to protect
23288,GREEN VINTAGE SPOT BEAKER,A,Z,AZ,4444.23,4625,27,4.844,1,987,15571004.4,79.042,20.893,High revenue but erratic — expensive to protect
21864,UNION JACK FLAG PASSPORT COVER,A,Y,AY,4442.04,1858,99,1.378,1,988,15575446.44,79.064,20.914,"Moderate safety stock, review monthly"
22299,PIG KEYRING WITH LIGHT & SOUND,A,Z,AZ,4432.07,3913,72,1.872,1,989,15579878.51,79.087,20.936,High revenue but erratic — expensive to protect
22733,3D TRADITIONAL CHRISTMAS STICKERS,A,Z,AZ,4429.24,3444,40,1.968,1,990,15584307.75,79.109,20.957,High revenue but erratic — expensive to protect
84031A,CHARLIE+LOLA RED HOT WATER BOTTLE,A,Z,AZ,4426.55,1101,74,1.775,1,991,15588734.3,79.132,20.978,High revenue but erratic — expensive to protect
79341,WILLOW BRANCH LIGHTS.,A,Z,AZ,4423.69,725,19,4.919,0,992,15593157.99,79.154,20.999,High revenue but erratic — expensive to protect
21810,CHRISTMAS HANGING STAR WITH BELL,A,Z,AZ,4415.36,7064,43,2.551,1,993,15597573.35,79.177,21.02,High revenue but erratic — expensive to protect
22548,HEADS AND TAILS SPORTING FUN,A,Y,AY,4411.81,3532,83,1.278,1,994,15601985.16,79.199,21.041,"Moderate safety stock, review monthly"
22573,STAR WOODEN CHRISTMAS DECORATION,A,Z,AZ,4408.08,4912,49,1.989,1,995,15606393.24,79.221,21.063,High revenue but erratic — expensive to protect
21967,PACK OF 12 SKULL TISSUES,A,Z,AZ,4405.89,15667,93,3.675,1,996,15610799.13,79.244,21.084,High revenue but erratic — expensive to protect
22449,SILK PURSE BABUSHKA PINK,A,Y,AY,4384.5,1326,76,1.224,1,997,15615183.63,79.266,21.105,"Moderate safety stock, review monthly"
85053,FRENCH ENAMEL CANDLEHOLDER,A,Y,AY,4382.18,2041,72,1.39,1,998,15619565.81,79.288,21.126,"Moderate safety stock, review monthly"
22594,CHRISTMAS GINGHAM TREE,A,Z,AZ,4379.88,4794,51,1.634,1,999,15623945.69,79.31,21.147,High revenue but erratic — expensive to protect
20674,GREEN POLKADOT BOWL,A,Y,AY,4379.77,3437,103,0.82,1,1000,15628325.46,79.333,21.169,"Moderate safety stock, review monthly"
22071,SMALL WHITE RETROSPOT MUG IN BOX,A,Z,AZ,4378.38,1536,82,2.041,1,1001,15632703.84,79.355,21.19,High revenue but erratic — expensive to protect
21537,RED RETROSPOT PUDDING BOWL,A,Y,AY,4359.96,1010,83,1.146,1,1002,15637063.8,79.377,21.211,"Moderate safety stock, review monthly"
79320,FLAMINGO LIGHTS,A,Z,AZ,4357.38,904,41,1.732,1,1003,15641421.18,79.399,21.232,High revenue but erratic — expensive to protect
23349,ROLL WRAP VINTAGE CHRISTMAS,A,Z,AZ,4355.1,3231,19,2.644,0,1004,15645776.28,79.421,21.253,High revenue but erratic — expensive to protect
22227,HANGING HEART MIRROR DECORATION,A,Y,AY,4353.92,6036,104,0.77,1,1005,15650130.2,79.443,21.274,"Moderate safety stock, review monthly"
22202,MILK PAN PINK RETROSPOT,A,Z,AZ,4351.25,1078,64,1.794,1,1006,15654481.45,79.465,21.296,High revenue but erratic — expensive to protect
84598,BOYS ALPHABET IRON ON PATCHES,A,Z,AZ,4350.14,20775,87,2.308,1,1007,15658831.59,79.488,21.317,High revenue but erratic — expensive to protect
15039,SANDALWOOD FAN,A,Z,AZ,4347.32,5103,94,1.603,1,1008,15663178.91,79.51,21.338,High revenue but erratic — expensive to protect
22611,VINTAGE UNION JACK SHOPPING BAG,A,Z,AZ,4343.58,908,58,1.524,1,1009,15667522.49,79.532,21.359,High revenue but erratic — expensive to protect
21899,"KEY FOB , GARAGE DESIGN",A,Y,AY,4336.12,6697,103,1.47,1,1010,15671858.61,79.554,21.38,"Moderate safety stock, review monthly"
22892,SET OF SALT AND PEPPER TOADSTOOLS,A,Y,AY,4329.56,3526,57,1.393,1,1011,15676188.17,79.576,21.401,"Moderate safety stock, review monthly"
22425,ENAMEL COLANDER CREAM,A,Y,AY,4326.47,855,80,1.476,1,1012,15680514.64,79.598,21.423,"Moderate safety stock, review monthly"
21913,VINTAGE SEASIDE JIGSAW PUZZLES,A,Z,AZ,4309.98,1131,98,1.88,1,1013,15684824.62,79.619,21.444,High revenue but erratic — expensive to protect
47580,TEA TIME DES TEA COSY,A,Z,AZ,4308.8,1666,90,1.584,1,1014,15689133.42,79.641,21.465,High revenue but erratic — expensive to protect
21012,ANTIQUE ALL GLASS CANDLESTICK,A,Z,AZ,4300.0,2300,90,1.999,1,1015,15693433.42,79.663,21.486,High revenue but erratic — expensive to protect
21153,RED SPOTTY TABLECLOTH,A,Z,AZ,4294.69,393,35,2.507,1,1016,15697728.11,79.685,21.507,High revenue but erratic — expensive to protect
72807A,SET/3 ROSE CANDLE IN JEWELLED BOX,A,Z,AZ,4292.58,934,82,1.613,1,1017,15702020.69,79.707,21.528,High revenue but erratic — expensive to protect
21245,GREEN POLKADOT PLATE,A,Y,AY,4288.64,2579,99,1.201,1,1018,15706309.33,79.729,21.55,"Moderate safety stock, review monthly"
84969,BOX OF 6 ASSORTED COLOUR TEASPOONS,A,Y,AY,4288.43,971,94,0.838,1,1019,15710597.76,79.75,21.571,"Moderate safety stock, review monthly"
23050,RECYCLED ACAPULCO MAT GREEN,A,Z,AZ,4286.55,497,40,1.695,1,1020,15714884.31,79.772,21.592,High revenue but erratic — expensive to protect
20966,SANDWICH BATH SPONGE,A,Z,AZ,4282.74,3021,72,1.562,1,1021,15719167.05,79.794,21.613,High revenue but erratic — expensive to protect
22723,SET OF 6 HERB TINS SKETCHBOOK,A,Z,AZ,4282.57,1169,51,1.871,1,1022,15723449.62,79.816,21.634,High revenue but erratic — expensive to protect
22285,"DECORATION HEN ON NEST, HANGING",A,Z,AZ,4281.01,2725,79,2.106,1,1023,15727730.63,79.837,21.655,High revenue but erratic — expensive to protect
84950,ASSORTED COLOUR T-LIGHT HOLDER,A,Z,AZ,4279.07,6149,88,3.073,1,1024,15732009.7,79.859,21.677,High revenue but erratic — expensive to protect
23237,SET OF 4 KNICK KNACK TINS LEAF,A,Z,AZ,4278.54,1054,27,2.217,1,1025,15736288.24,79.881,21.698,High revenue but erratic — expensive to protect
22312,OFFICE MUG WARMER POLKADOT,A,Z,AZ,4274.7,1240,85,1.755,1,1026,15740562.94,79.902,21.719,High revenue but erratic — expensive to protect
72802B,OCEAN SCENT CANDLE IN JEWELLED BOX,A,Z,AZ,4263.22,1560,79,2.739,1,1027,15744826.16,79.924,21.74,High revenue but erratic — expensive to protect
20665,RED RETROSPOT PURSE,A,Y,AY,4262.24,1337,95,0.903,1,1028,15749088.4,79.946,21.761,"Moderate safety stock, review monthly"
22530,MAGIC DRAWING SLATE DOLLY GIRL,A,Z,AZ,4258.77,10069,87,2.028,1,1029,15753347.17,79.967,21.782,High revenue but erratic — expensive to protect
22744,MAKE YOUR OWN MONSOON CARD KIT,A,Z,AZ,4254.81,1519,63,1.898,1,1030,15757601.98,79.989,21.804,High revenue but erratic — expensive to protect
20982,12 PENCILS TALL TUBE SKULLS,B,Y,BY,4253.15,4862,100,1.018,1,1031,15761855.13,80.011,21.825,Standard policy
21556,CERAMIC STRAWBERRY MONEY BOX,B,Z,BZ,4249.51,1609,78,2.875,1,1032,15766104.64,80.032,21.846,Erratic and mid-value — consider make-to-order
22497,SET OF 2 TINS VINTAGE BATHROOM,B,Y,BY,4243.32,930,84,1.464,1,1033,15770347.96,80.054,21.867,Standard policy
21068,VINTAGE BILLBOARD LOVE/HATE MUG,B,Z,BZ,4227.13,4068,97,2.438,1,1034,15774575.09,80.075,21.888,Erratic and mid-value — consider make-to-order
21355,TOAST ITS - I LOVE YOU,B,Z,BZ,4225.55,3458,77,2.623,1,1035,15778800.64,80.097,21.909,Erratic and mid-value — consider make-to-order
23089,GLASS BON BON JAR,B,Z,BZ,4217.73,2355,31,2.661,1,1036,15783018.37,80.118,21.931,Erratic and mid-value — consider make-to-order
22851,SET 20 NAPKINS FAIRY CAKES DESIGN,B,Z,BZ,4214.08,5191,68,1.559,1,1037,15787232.45,80.139,21.952,Erratic and mid-value — consider make-to-order
22600,CHRISTMAS RETROSPOT STAR WOOD,B,Z,BZ,4212.45,4863,52,1.618,1,1038,15791444.9,80.161,21.973,Erratic and mid-value — consider make-to-order
21707,FOLDING UMBRELLA BLACKBLUE POLKADOT,B,Z,BZ,4209.7,1010,72,3.547,1,1039,15795654.6,80.182,21.994,Erratic and mid-value — consider make-to-order
23012,GLASS APOTHECARY BOTTLE PERFUME,B,Z,BZ,4208.96,1074,26,1.972,1,1040,15799863.56,80.203,22.015,Erratic and mid-value — consider make-to-order
22797,CHEST OF DRAWERS GINGHAM HEART,B,Z,BZ,4205.56,242,48,1.974,1,1041,15804069.12,80.225,22.036,Erratic and mid-value — consider make-to-order
21470,FLOWER VINE RAFFIA FOOD COVER,B,Y,BY,4202.18,1105,94,1.272,1,1042,15808271.3,80.246,22.058,Standard policy
23144,ZINC T-LIGHT HOLDER STARS SMALL,B,Z,BZ,4197.83,5089,34,1.977,1,1043,15812469.13,80.267,22.079,Erratic and mid-value — consider make-to-order
21609,SET 12 LAVENDER  BOTANICAL T-LIGHTS,B,Z,BZ,4195.14,1502,77,1.871,1,1044,15816664.27,80.289,22.1,Erratic and mid-value — consider make-to-order
21474,SWEETHEART CREAM STEEL FOLDIN BENCH,B,Z,BZ,4189.5,210,27,2.26,1,1045,15820853.77,80.31,22.121,Erratic and mid-value — consider make-to-order
21143,ANTIQUE GLASS HEART DECORATION,B,Z,BZ,4188.15,2108,40,2.065,1,1046,15825041.92,80.331,22.142,Erratic and mid-value — consider make-to-order
22926,IVORY GIANT GARDEN THERMOMETER,B,Z,BZ,4174.11,684,25,2.258,0,1047,15829216.03,80.352,22.163,Erratic and mid-value — consider make-to-order
22833,HALL CABINET WITH 3 DRAWERS,B,Z,BZ,4163.54,120,8,6.824,0,1048,15833379.57,80.374,22.185,Erratic and mid-value — consider make-to-order
22127,PARTY CONES CARNIVAL ASSORTED,B,Z,BZ,4160.61,3474,58,2.211,1,1049,15837540.18,80.395,22.206,Erratic and mid-value — consider make-to-order
23110,PARISIENNE KEY CABINET,B,Z,BZ,4158.68,702,31,1.865,1,1050,15841698.86,80.416,22.227,Erratic and mid-value — consider make-to-order
21590,KINGS CHOICE CIGAR BOX MATCHES,B,Z,BZ,4151.28,3456,48,2.174,1,1051,15845850.14,80.437,22.248,Erratic and mid-value — consider make-to-order
70006,LOVE HEART POCKET WARMER,B,Z,BZ,4146.16,4442,61,2.889,1,1052,15849996.3,80.458,22.269,Erratic and mid-value — consider make-to-order
23486,ANTIQUE HEART SHELF UNIT,B,Z,BZ,4145.47,275,8,6.037,0,1053,15854141.77,80.479,22.29,Erratic and mid-value — consider make-to-order
84596B,SMALL DOLLY MIX DESIGN ORANGE BOWL,B,Y,BY,4125.37,6288,100,1.108,1,1054,15858267.14,80.5,22.312,Standard policy
23306,SET OF 36 DOILIES PANTRY DESIGN,B,Z,BZ,4123.38,2808,28,2.547,1,1055,15862390.52,80.521,22.333,Erratic and mid-value — consider make-to-order
22125,UNION JACK HOT WATER BOTTLE,B,Z,BZ,4118.84,658,17,3.742,0,1056,15866509.36,80.542,22.354,Erratic and mid-value — consider make-to-order
22807,SET OF 6 T-LIGHTS TOADSTOOLS,B,Z,BZ,4102.91,1384,59,1.596,1,1057,15870612.27,80.563,22.375,Erratic and mid-value — consider make-to-order
23255,CHILDRENS CUTLERY CIRCUS PARADE,B,Z,BZ,4101.37,1015,36,2.158,1,1058,15874713.64,80.583,22.396,Erratic and mid-value — consider make-to-order
23193,BUFFALO BILL TREASURE BOOK BOX,B,Z,BZ,4097.28,1930,41,3.165,1,1059,15878810.92,80.604,22.417,Erratic and mid-value — consider make-to-order
23194,GYMKHANA TREASURE BOOK BOX,B,Z,BZ,4086.37,1839,41,2.681,1,1060,15882897.29,80.625,22.439,Erratic and mid-value — consider make-to-order
21911,GARDEN METAL SIGN,B,Z,BZ,4085.8,2549,65,1.966,1,1061,15886983.09,80.646,22.46,Erratic and mid-value — consider make-to-order
16161U,WRAP SUKI AND FRIENDS,B,Y,BY,4084.92,10026,97,1.032,1,1062,15891068.01,80.666,22.481,Standard policy
23009,I LOVE LONDON BABY GIFT SET,B,Z,BZ,4082.52,263,38,2.074,1,1063,15895150.53,80.687,22.502,Erratic and mid-value — consider make-to-order
21472,LADYBIRD + BEE RAFFIA FOOD COVER,B,Z,BZ,4081.57,1057,70,1.576,1,1064,15899232.1,80.708,22.523,Erratic and mid-value — consider make-to-order
21901,"KEY FOB , BACK DOOR",B,Y,BY,4077.11,6182,103,1.312,1,1065,15903309.21,80.729,22.544,Standard policy
20981,12 PENCILS TALL TUBE WOODLAND,B,Y,BY,4076.81,4727,101,0.925,1,1066,15907386.02,80.749,22.566,Standard policy
22359,GLASS JAR KINGS CHOICE,B,Z,BZ,4072.83,1285,74,5.651,1,1067,15911458.85,80.77,22.587,Erratic and mid-value — consider make-to-order
22284,HEN HOUSE DECORATION,B,Z,BZ,4067.24,2495,88,1.584,1,1068,15915526.09,80.791,22.608,Erratic and mid-value — consider make-to-order
84580,MOUSE TOY WITH PINK T-SHIRT,B,Y,BY,4066.94,1061,98,0.765,1,1069,15919593.03,80.811,22.629,Standard policy
21717,EASTER TIN BUCKET,B,Z,BZ,4057.48,1561,43,2.023,1,1070,15923650.51,80.832,22.65,Erratic and mid-value — consider make-to-order
35924,HANGING FAIRY CAKE DECORATION,B,Z,BZ,4055.7,2167,76,1.893,1,1071,15927706.21,80.852,22.671,Erratic and mid-value — consider make-to-order
21679,SKULLS  STICKERS,B,Z,BZ,4054.91,4895,96,2.34,1,1072,15931761.12,80.873,22.693,Erratic and mid-value — consider make-to-order
23340,VINTAGE CHRISTMAS CAKE FRILL,B,Z,BZ,4053.88,2512,19,3.454,0,1073,15935815.0,80.894,22.714,Erratic and mid-value — consider make-to-order
23081,GREEN METAL BOX ARMY SUPPLIES,B,Z,BZ,4046.5,484,31,2.533,1,1074,15939861.5,80.914,22.735,Erratic and mid-value — consider make-to-order
22639,SET OF 4 NAPKIN CHARMS HEARTS,B,Y,BY,4036.42,1657,68,1.384,1,1075,15943897.92,80.935,22.756,Standard policy
21349,IVY HEART WREATH,B,Z,BZ,4024.23,555,30,2.355,1,1076,15947922.15,80.955,22.777,Erratic and mid-value — consider make-to-order
22053,EMPIRE DESIGN ROSETTE,B,Z,BZ,4023.39,4553,53,8.832,1,1077,15951945.54,80.975,22.798,Erratic and mid-value — consider make-to-order
22057,CERAMIC PLATE STRAWBERRY DESIGN,B,Z,BZ,4019.18,3065,81,1.836,1,1078,15955964.72,80.996,22.82,Erratic and mid-value — consider make-to-order
20967,GREY FLORAL FELTCRAFT SHOULDER BAG,B,Y,BY,4008.59,1058,68,1.461,1,1079,15959973.31,81.016,22.841,Standard policy
22454,MEASURING TAPE BABUSHKA RED,B,Z,BZ,4007.38,1430,57,3.046,1,1080,15963980.69,81.037,22.862,Erratic and mid-value — consider make-to-order
22245,"HOOK, 1 HANGER ,MAGIC GARDEN",B,Y,BY,4005.85,4653,75,1.299,1,1081,15967986.54,81.057,22.883,Standard policy
22959,WRAP CHRISTMAS VILLAGE,B,Z,BZ,4002.96,9788,33,2.029,1,1082,15971989.5,81.077,22.904,Erratic and mid-value — consider make-to-order
23129,HEART SHAPED HOLLY WREATH,B,Z,BZ,3999.5,950,26,2.72,1,1083,15975989.0,81.097,22.925,Erratic and mid-value — consider make-to-order
85206A,CREAM FELT EASTER EGG BASKET,B,Z,BZ,3994.46,2334,33,2.046,1,1084,15979983.46,81.118,22.947,Erratic and mid-value — consider make-to-order
21987,PACK OF 6 SKULL PAPER CUPS,B,Z,BZ,3990.66,6421,100,1.666,1,1085,15983974.12,81.138,22.968,Erratic and mid-value — consider make-to-order
23130,MISTLETOE HEART WREATH GREEN,B,Z,BZ,3988.98,962,28,2.38,1,1086,15987963.1,81.158,22.989,Erratic and mid-value — consider make-to-order
22612,TEA COSY VINTAGE UNION JACK,B,Z,BZ,3984.99,1001,24,5.644,0,1087,15991948.09,81.179,23.01,Erratic and mid-value — consider make-to-order
22445,PENCIL CASE LIFE IS BEAUTIFUL,B,Y,BY,3975.41,1296,77,1.131,1,1088,15995923.5,81.199,23.031,Standard policy
22731,3D CHRISTMAS STAMPS STICKERS,B,Z,BZ,3974.37,2965,37,2.254,1,1089,15999897.87,81.219,23.052,Erratic and mid-value — consider make-to-order
21648,ASSORTED TUTTI FRUTTI SMALL PURSE,B,Z,BZ,3968.98,2950,77,1.524,1,1090,16003866.85,81.239,23.074,Erratic and mid-value — consider make-to-order
21812,GARLAND WITH HEARTS AND BELLS,B,Z,BZ,3957.09,813,65,1.817,1,1091,16007823.94,81.259,23.095,Erratic and mid-value — consider make-to-order
21034,REX CASH+CARRY JUMBO SHOPPER,B,X,BX,3948.2,4156,104,0.629,1,1092,16011772.14,81.279,23.116,"Automate, review quarterly"
18097C,WHITE TALL PORCELAIN T-LIGHT HOLDER,B,Z,BZ,3942.77,1770,80,2.232,1,1093,16015714.91,81.299,23.137,Erratic and mid-value — consider make-to-order
22788,BROCANTE COAT RACK,B,Z,BZ,3942.62,476,32,4.642,1,1094,16019657.53,81.319,23.158,Erratic and mid-value — consider make-to-order
23557,LANDMARK FRAME BAKER STREET,B,Z,BZ,3930.27,350,8,9.079,0,1095,16023587.8,81.339,23.18,Erratic and mid-value — consider make-to-order
22980,PANTRY SCRUBBING BRUSH,B,Z,BZ,3914.96,2366,42,1.967,1,1096,16027502.76,81.359,23.201,Erratic and mid-value — consider make-to-order
46000M,POLYESTER FILLER PAD 45x45cm,B,Y,BY,3901.35,2517,96,0.904,1,1097,16031404.11,81.379,23.222,Standard policy
23049,RECYCLED ACAPULCO MAT RED,B,Z,BZ,3896.84,456,40,1.892,1,1098,16035300.95,81.399,23.243,Erratic and mid-value — consider make-to-order
22314,OFFICE MUG WARMER CHOC+BLUE,B,Z,BZ,3891.43,1111,83,1.728,1,1099,16039192.38,81.418,23.264,Erratic and mid-value — consider make-to-order
21192,WHITE BELL HONEYCOMB PAPER,B,Z,BZ,3888.94,2169,67,2.049,1,1100,16043081.32,81.438,23.285,Erratic and mid-value — consider make-to-order
37340,MULTICOLOUR SPRING FLOWER MUG,B,Z,BZ,3886.43,13671,84,5.211,1,1101,16046967.75,81.458,23.307,Erratic and mid-value — consider make-to-order
22790,"MIRROR, ARCHED GEORGIAN",B,Z,BZ,3884.0,200,1,10.149,0,1102,16050851.75,81.478,23.328,Erratic and mid-value — consider make-to-order
23552,BICYCLE PUNCTURE REPAIR KIT,B,Z,BZ,3883.99,1864,3,7.021,0,1103,16054735.74,81.497,23.349,Erratic and mid-value — consider make-to-order
72802A,ROSE SCENT CANDLE IN JEWELLED BOX,B,Y,BY,3877.62,926,79,1.325,1,1104,16058613.36,81.517,23.37,Standard policy
23032,DRAWER KNOB CRACKLE GLAZE IVORY,B,Z,BZ,3876.78,2342,24,2.175,0,1105,16062490.14,81.537,23.391,Erratic and mid-value — consider make-to-order
22591,CARDHOLDER GINGHAM CHRISTMAS TREE,B,Z,BZ,3874.55,1355,36,2.268,1,1106,16066364.69,81.556,23.412,Erratic and mid-value — consider make-to-order
22118,JOY WOODEN BLOCK LETTERS,B,Z,BZ,3873.02,806,72,2.807,1,1107,16070237.71,81.576,23.434,Erratic and mid-value — consider make-to-order
22843,BISCUIT TIN VINTAGE GREEN,B,Z,BZ,3872.01,597,54,1.893,1,1108,16074109.72,81.596,23.455,Erratic and mid-value — consider make-to-order
22475,SKULL DESIGN TV DINNER TRAY,B,Z,BZ,3871.65,772,82,1.915,1,1109,16077981.37,81.615,23.476,Erratic and mid-value — consider make-to-order
21055,TOOL BOX SOFT TOY,B,Y,BY,3865.94,389,86,1.089,1,1110,16081847.31,81.635,23.497,Standard policy
85040B,SET/4 BLUE FLOWER CANDLES IN BOWL,B,Z,BZ,3862.05,2473,65,2.137,1,1111,16085709.36,81.654,23.518,Erratic and mid-value — consider make-to-order
22478,BIRDHOUSE GARDEN MARKER,B,Z,BZ,3855.91,2778,87,2.016,1,1112,16089565.27,81.674,23.539,Erratic and mid-value — consider make-to-order
22777,GLASS CLOCHE LARGE,B,Z,BZ,3855.82,457,23,3.406,0,1113,16093421.09,81.694,23.561,Erratic and mid-value — consider make-to-order
22272,FELTCRAFT DOLL MARIA,B,Z,BZ,3851.29,1372,69,1.508,1,1114,16097272.38,81.713,23.582,Erratic and mid-value — consider make-to-order
23253,16 PIECE CUTLERY SET PANTRY DESIGN,B,Z,BZ,3848.86,258,30,2.807,1,1115,16101121.24,81.733,23.603,Erratic and mid-value — consider make-to-order
85040A,S/4 PINK FLOWER CANDLES IN BOWL,B,Y,BY,3847.59,2139,101,0.875,1,1116,16104968.83,81.752,23.624,Standard policy
21447,12 IVORY ROSE PEG PLACE SETTINGS,B,Z,BZ,3846.38,2779,90,1.716,1,1117,16108815.21,81.772,23.645,Erratic and mid-value — consider make-to-order
22778,GLASS CLOCHE SMALL,B,Z,BZ,3844.46,972,53,1.691,1,1118,16112659.67,81.791,23.666,Erratic and mid-value — consider make-to-order
21067,VINTAGE RED TEATIME MUG,B,Z,BZ,3840.67,4771,80,2.669,1,1119,16116500.34,81.811,23.688,Erratic and mid-value — consider make-to-order
23131,MISTLETOE HEART WREATH CREAM,B,Z,BZ,3840.13,943,33,3.452,1,1120,16120340.47,81.83,23.709,Erratic and mid-value — consider make-to-order
23111,PARISIENNE SEWING BOX,B,Z,BZ,3839.24,312,30,2.617,1,1121,16124179.71,81.85,23.73,Erratic and mid-value — consider make-to-order
22965,3 TRADITIONAl BISCUIT CUTTERS  SET,B,Z,BZ,3838.24,1844,55,2.238,1,1122,16128017.95,81.869,23.751,Erratic and mid-value — consider make-to-order
21846,PINK DIAMANTE PEN IN GIFT BOX,B,Z,BZ,3833.4,1625,82,2.595,1,1123,16131851.35,81.889,23.772,Erratic and mid-value — consider make-to-order
71038,WHITE HANGING BEADS CANDLE HOLDER,B,Y,BY,3821.95,723,74,1.12,1,1124,16135673.3,81.908,23.793,Standard policy
85114B,IVORY ENCHANTED FOREST PLACEMAT,B,Z,BZ,3818.01,2081,89,1.936,1,1125,16139491.31,81.927,23.815,Erratic and mid-value — consider make-to-order
21100,CHARLIE AND LOLA CHARLOTTE BAG,B,Z,BZ,3806.55,2547,60,2.39,1,1126,16143297.86,81.947,23.836,Erratic and mid-value — consider make-to-order
23542,WALL ART 70'S ALPHABET,B,Z,BZ,3800.16,506,10,4.442,0,1127,16147098.02,81.966,23.857,Erratic and mid-value — consider make-to-order
22579,WOODEN TREE CHRISTMAS SCANDINAVIAN,B,Z,BZ,3799.85,7157,43,2.24,1,1128,16150897.87,81.985,23.878,Erratic and mid-value — consider make-to-order
22458,CAST IRON HOOK GARDEN FORK,B,Z,BZ,3795.57,1525,49,2.871,1,1129,16154693.44,82.005,23.899,Erratic and mid-value — consider make-to-order
84016,FLAG OF ST GEORGE CAR FLAG,B,Z,BZ,3791.67,1004,22,3.688,0,1130,16158485.11,82.024,23.92,Erratic and mid-value — consider make-to-order
84558A,3D DOG PICTURE PLAYING CARDS,B,Z,BZ,3791.63,1293,75,2.572,1,1131,16162276.74,82.043,23.942,Erratic and mid-value — consider make-to-order
21813,GARLAND WITH STARS AND BELLS,B,Z,BZ,3791.11,821,43,1.932,1,1132,16166067.85,82.062,23.963,Erratic and mid-value — consider make-to-order
22292,HANGING CHICK  YELLOW DECORATION,B,Z,BZ,3786.79,2788,70,2.165,1,1133,16169854.64,82.082,23.984,Erratic and mid-value — consider make-to-order
23299,FOOD COVER WITH BEADS SET 2,B,Z,BZ,3784.13,1015,30,3.139,1,1134,16173638.77,82.101,24.005,Erratic and mid-value — consider make-to-order
21627,ELEPHANT CARNIVAL POUFFE,B,Z,BZ,3781.3,196,71,2.07,1,1135,16177420.07,82.12,24.026,Erratic and mid-value — consider make-to-order
21743,STAR PORTABLE TABLE LIGHT,B,Z,BZ,3778.88,1292,55,2.143,1,1136,16181198.95,82.139,24.047,Erratic and mid-value — consider make-to-order
23092,LARGE ANTIQUE WHITE PHOTO FRAME,B,Z,BZ,3773.58,525,29,3.459,1,1137,16184972.53,82.158,24.069,Erratic and mid-value — consider make-to-order
85049C,ROMANTIC PINKS RIBBONS,B,Y,BY,3772.5,3001,97,0.843,1,1138,16188745.03,82.177,24.09,Standard policy
84356,POMPOM CURTAIN,B,Z,BZ,3771.04,750,67,2.182,1,1139,16192516.07,82.197,24.111,Erratic and mid-value — consider make-to-order
21329,DINOSAURS  WRITING SET,B,Y,BY,3768.91,2087,100,1.054,1,1140,16196284.98,82.216,24.132,Standard policy
23127,FELTCRAFT GIRL NICOLE KIT,B,Z,BZ,3763.95,737,40,1.813,1,1141,16200048.93,82.235,24.153,Erratic and mid-value — consider make-to-order
22830,UTILTY CABINET WITH HOOKS,B,Z,BZ,3760.71,181,9,7.329,0,1142,16203809.64,82.254,24.174,Erratic and mid-value — consider make-to-order
21845,DAIRY MAID STRIPE MUG,B,Z,BZ,3759.2,2522,78,1.522,1,1143,16207568.84,82.273,24.196,Erratic and mid-value — consider make-to-order
22544,MINI JIGSAW SPACEBOY,B,Y,BY,3758.2,9386,86,1.341,1,1144,16211327.04,82.292,24.217,Standard policy
22162,HEART GARLAND RUSTIC PADDED,B,Z,BZ,3746.75,1221,68,2.123,1,1145,16215073.79,82.311,24.238,Erratic and mid-value — consider make-to-order
21795,SET OF 3 BLUE STRIPE BASKET,B,Z,BZ,3734.94,441,30,7.518,1,1146,16218808.73,82.33,24.259,Erratic and mid-value — consider make-to-order
22494,EMERGENCY FIRST AID TIN,B,Y,BY,3732.17,2766,97,1.256,1,1147,16222540.9,82.349,24.28,Standard policy
23091,ZINC HERB GARDEN CONTAINER,B,Z,BZ,3725.07,591,27,2.227,1,1148,16226265.97,82.368,24.301,Erratic and mid-value — consider make-to-order
23182,TOILET SIGN OCCUPIED OR VACANT,B,Z,BZ,3718.09,3777,41,1.597,1,1149,16229984.06,82.387,24.323,Erratic and mid-value — consider make-to-order
23064,CINDERELLA CHANDELIER,B,Z,BZ,3717.56,221,16,5.862,0,1150,16233701.62,82.406,24.344,Erratic and mid-value — consider make-to-order
85232D,SET/3 DECOUPAGE STACKING TINS,B,Y,BY,3716.13,716,82,1.468,1,1151,16237417.75,82.425,24.365,Standard policy
22782,SET 3 WICKER STORAGE BASKETS,B,Z,BZ,3712.3,254,39,2.838,1,1152,16241130.05,82.443,24.386,Erratic and mid-value — consider make-to-order
22398,MAGNETS PACK OF 4 SWALLOWS,B,Y,BY,3705.37,4254,83,1.077,1,1153,16244835.42,82.462,24.407,Standard policy
21351,CINAMMON & ORANGE WREATH,B,Z,BZ,3702.75,1099,34,3.469,1,1154,16248538.17,82.481,24.428,Erratic and mid-value — consider make-to-order
20692,FLORAL ELEPHANT SOFT TOY,B,Z,BZ,3699.76,912,32,2.613,1,1155,16252237.93,82.5,24.45,Erratic and mid-value — consider make-to-order
21246,RED RETROSPOT BIG BOWL,B,Y,BY,3685.63,749,77,1.09,1,1156,16255923.56,82.518,24.471,Standard policy
23013,GLASS APOTHECARY BOTTLE TONIC,B,Z,BZ,3678.11,925,26,2.013,1,1157,16259601.67,82.537,24.492,Erratic and mid-value — consider make-to-order
20785,FUSCHIA RETRO BAR STOOL,B,Z,BZ,3672.35,102,26,2.781,1,1158,16263274.02,82.556,24.513,Erratic and mid-value — consider make-to-order
23497,CLASSIC CHROME BICYCLE BELL,B,Z,BZ,3660.37,2561,7,4.479,0,1159,16266934.39,82.574,24.534,Erratic and mid-value — consider make-to-order
23191,BUNDLE OF 3 RETRO NOTE BOOKS,B,Z,BZ,3656.94,2218,31,1.932,1,1160,16270591.33,82.593,24.555,Erratic and mid-value — consider make-to-order
22769,CHALKBOARD KITCHEN ORGANISER,B,Z,BZ,3656.86,174,12,6.377,0,1161,16274248.19,82.612,24.577,Erratic and mid-value — consider make-to-order
22823,CHEST NATURAL WOOD 20 DRAWERS,B,Z,BZ,3655.0,32,15,3.189,0,1162,16277903.19,82.63,24.598,Erratic and mid-value — consider make-to-order
22962,JAM JAR WITH PINK LID,B,Z,BZ,3647.73,4374,53,1.977,1,1163,16281550.92,82.649,24.619,Erratic and mid-value — consider make-to-order
21486,PINK HEART DOTS HOT WATER BOTTLE,B,Z,BZ,3646.17,1118,43,2.68,1,1164,16285197.09,82.667,24.64,Erratic and mid-value — consider make-to-order
22589,CARDHOLDER GINGHAM STAR,B,Z,BZ,3636.98,1321,38,1.778,1,1165,16288834.07,82.686,24.661,Erratic and mid-value — consider make-to-order
22774,RED DRAWER KNOB ACRYLIC EDWARDIAN,B,Z,BZ,3636.06,2827,54,1.804,1,1166,16292470.13,82.704,24.682,Erratic and mid-value — consider make-to-order
23085,ANTIQUE SILVER BAUBLE LAMP,B,Z,BZ,3635.23,381,21,2.724,0,1167,16296105.36,82.722,24.704,Erratic and mid-value — consider make-to-order
23294,SET OF 6 SNACK LOAF BAKING CASES,B,Z,BZ,3631.05,4420,22,2.605,0,1168,16299736.41,82.741,24.725,Erratic and mid-value — consider make-to-order
84968F,SET OF 16 VINTAGE SKY BLUE CUTLERY,B,Z,BZ,3622.75,300,58,2.206,1,1169,16303359.16,82.759,24.746,Erratic and mid-value — consider make-to-order
22461,SAVOY ART DECO CLOCK,B,Z,BZ,3620.56,411,59,1.928,1,1170,16306979.72,82.778,24.767,Erratic and mid-value — consider make-to-order
23210,WHITE ROCKING HORSE HAND PAINTED,B,Z,BZ,3617.78,2902,27,2.505,1,1171,16310597.5,82.796,24.788,Erratic and mid-value — consider make-to-order
21866,UNION JACK FLAG LUGGAGE TAG,B,Y,BY,3611.5,2184,99,0.963,1,1172,16314209.0,82.814,24.809,Standard policy
22944,CHRISTMAS METAL POSTCARD WITH BELLS,B,Z,BZ,3592.99,4882,30,2.477,1,1173,16317801.99,82.833,24.831,Erratic and mid-value — consider make-to-order
21509,COWBOYS AND INDIANS BIRTHDAY CARD,B,X,BX,3592.26,8708,103,0.707,1,1174,16321394.25,82.851,24.852,"Automate, review quarterly"
22536,MAGIC DRAWING SLATE PURDEY,B,Z,BZ,3589.18,9098,84,1.538,1,1175,16324983.43,82.869,24.873,Erratic and mid-value — consider make-to-order
22704,WRAP RED APPLES,B,Y,BY,3585.76,8728,79,1.012,1,1176,16328569.19,82.887,24.894,Standard policy
21784,SHOE SHINE BOX,B,Y,BY,3578.08,294,68,1.492,1,1177,16332147.27,82.905,24.915,Standard policy
21054,NURSE'S BAG SOFT TOY,B,Y,BY,3573.8,386,69,1.417,1,1178,16335721.07,82.924,24.936,Standard policy
20784,RED RETRO BAR STOOL,B,Z,BZ,3570.87,101,24,2.875,0,1179,16339291.94,82.942,24.958,Erratic and mid-value — consider make-to-order
23332,IVORY WICKER HEART LARGE,B,Z,BZ,3570.76,2076,19,2.324,0,1180,16342862.7,82.96,24.979,Erratic and mid-value — consider make-to-order
84797A,PINK HAWAIIAN PICNIC HAMPER FOR 4,B,Z,BZ,3560.09,499,12,5.679,0,1181,16346422.79,82.978,25.0,Erratic and mid-value — consider make-to-order
22334,DINOSAUR PARTY BAG + STICKER SET,B,Z,BZ,3555.66,2232,94,2.129,1,1182,16349978.45,82.996,25.021,Erratic and mid-value — consider make-to-order
22603,CHRISTMAS RETROSPOT TREE WOOD,B,Z,BZ,3553.79,4145,48,1.961,1,1183,16353532.24,83.014,25.042,Erratic and mid-value — consider make-to-order
21794,CLASSIC FRENCH STYLE BASKET NATURAL,B,Z,BZ,3552.09,713,70,1.578,1,1184,16357084.33,83.032,25.064,Erratic and mid-value — consider make-to-order
20886,BOX OF 9 PEBBLE CANDLES,B,Y,BY,3551.92,1783,91,1.265,1,1185,16360636.25,83.05,25.085,Standard policy
22320,BIRDS MOBILE VINTAGE DESIGN,B,Y,BY,3550.97,599,81,1.45,1,1186,16364187.22,83.068,25.106,Standard policy
22176,BLUE OWL SOFT TOY,B,Z,BZ,3548.63,1186,89,1.608,1,1187,16367735.85,83.086,25.127,Erratic and mid-value — consider make-to-order
22166,WALL MIRROR RECTANGLE DIAMANTE PINK,B,Z,BZ,3536.7,441,80,3.188,1,1188,16371272.55,83.104,25.148,Erratic and mid-value — consider make-to-order
20786,BLACK RETRO BAR STOOL,B,Z,BZ,3533.9,99,18,3.51,0,1189,16374806.45,83.122,25.169,Erratic and mid-value — consider make-to-order
47505,MINATURE COLOURED GARDENING SET,B,Z,BZ,3532.37,738,22,2.494,0,1190,16378338.82,83.14,25.191,Erratic and mid-value — consider make-to-order
21179,NO JUNK MAIL METAL SIGN,B,Z,BZ,3529.54,4294,87,1.705,1,1191,16381868.36,83.158,25.212,Erratic and mid-value — consider make-to-order
23353,6 GIFT TAGS VINTAGE CHRISTMAS,B,Z,BZ,3517.52,4016,19,2.637,0,1192,16385385.88,83.176,25.233,Erratic and mid-value — consider make-to-order
22939,APRON APPLE DELIGHT,B,Z,BZ,3517.39,703,55,1.975,1,1193,16388903.27,83.194,25.254,Erratic and mid-value — consider make-to-order
22531,MAGIC DRAWING SLATE CIRCUS PARADE,B,Z,BZ,3512.8,8148,87,1.757,1,1194,16392416.07,83.211,25.275,Erratic and mid-value — consider make-to-order
22902,TOTE BAG I LOVE LONDON,B,Z,BZ,3510.76,1718,59,1.597,1,1195,16395926.83,83.229,25.296,Erratic and mid-value — consider make-to-order
22765,NEWSPAPER STAND,B,Z,BZ,3508.3,311,10,5.333,0,1196,16399435.13,83.247,25.318,Erratic and mid-value — consider make-to-order
23189,SET OF 12 FORK CANDLES,B,Z,BZ,3507.51,1249,19,2.572,0,1197,16402942.64,83.265,25.339,Erratic and mid-value — consider make-to-order
84352,SILVER CHRISTMAS TREE BAUBLE STAND,B,Z,BZ,3505.58,206,34,2.418,1,1198,16406448.22,83.283,25.36,Erratic and mid-value — consider make-to-order
22076,6 RIBBONS EMPIRE,B,Z,BZ,3496.79,2357,98,1.536,1,1199,16409945.01,83.3,25.381,Erratic and mid-value — consider make-to-order
21469,POLKA DOT RAFFIA FOOD COVER,B,Z,BZ,3482.01,1165,79,2.241,1,1200,16413427.02,83.318,25.402,Erratic and mid-value — consider make-to-order
21466,RED FLOWER CROCHET FOOD COVER,B,Y,BY,3479.79,927,90,1.233,1,1201,16416906.81,83.336,25.423,Standard policy
23232,WRAP VINTAGE LEAF DESIGN,B,Z,BZ,3478.92,8626,45,1.62,1,1202,16420385.73,83.353,25.445,Erratic and mid-value — consider make-to-order
22309,TEA COSY RED  STRIPE,B,Z,BZ,3466.73,1334,90,1.656,1,1203,16423852.46,83.371,25.466,Erratic and mid-value — consider make-to-order
22764,"RUSTIC WOODEN CABINET, GLASS DOORS",B,Z,BZ,3462.49,183,9,6.398,0,1204,16427314.95,83.389,25.487,Erratic and mid-value — consider make-to-order
21507,"ELEPHANT, BIRTHDAY CARD,",B,X,BX,3460.45,8235,104,0.687,1,1205,16430775.4,83.406,25.508,"Automate, review quarterly"
23350,ROLL WRAP VINTAGE SPOT,B,Z,BZ,3456.33,2721,19,2.522,0,1206,16434231.73,83.424,25.529,Erratic and mid-value — consider make-to-order
22172,METAL SHELF WITH RAIL,B,Z,BZ,3451.82,378,34,1.967,1,1207,16437683.55,83.441,25.55,Erratic and mid-value — consider make-to-order
23426,METAL SIGN DROP YOUR PANTS,B,Z,BZ,3450.21,1277,14,2.799,0,1208,16441133.76,83.459,25.572,Erratic and mid-value — consider make-to-order
84510A,SET OF 4 ENGLISH ROSE COASTERS,B,Y,BY,3449.84,2485,102,0.814,1,1209,16444583.6,83.476,25.593,Standard policy
23388,WOODLAND MINI BACKPACK,B,Z,BZ,3448.69,825,14,3.327,0,1210,16448032.29,83.494,25.614,Erratic and mid-value — consider make-to-order
23536,WALL ART VILLAGE SHOW,B,Z,BZ,3442.13,626,10,6.169,0,1211,16451474.42,83.511,25.635,Erratic and mid-value — consider make-to-order
23065,LARGE DECO JEWELLERY STAND,B,Z,BZ,3439.94,274,28,2.665,1,1212,16454914.36,83.529,25.656,Erratic and mid-value — consider make-to-order
23156,SET OF 5 MINI GROCERY MAGNETS,B,Z,BZ,3437.85,1672,38,1.912,1,1213,16458352.21,83.546,25.677,Erratic and mid-value — consider make-to-order
22440,BALLOON WATER BOMB PACK OF 35,B,Z,BZ,3437.21,8613,78,2.621,1,1214,16461789.42,83.564,25.699,Erratic and mid-value — consider make-to-order
23354,6 GIFT TAGS 50'S CHRISTMAS,B,Z,BZ,3431.89,3743,19,2.608,0,1215,16465221.31,83.581,25.72,Erratic and mid-value — consider make-to-order
22452,MEASURING TAPE BABUSHKA PINK,B,Y,BY,3428.9,1295,74,1.447,1,1216,16468650.21,83.598,25.741,Standard policy
21364,PEACE SMALL WOOD LETTERS,B,Z,BZ,3427.97,471,52,4.296,1,1217,16472078.18,83.616,25.762,Erratic and mid-value — consider make-to-order
23014,GLASS APOTHECARY BOTTLE ELIXIR,B,Z,BZ,3427.48,858,25,2.014,0,1218,16475505.66,83.633,25.783,Erratic and mid-value — consider make-to-order
21039,RED SPOTTY SHOPPING BAG,B,Y,BY,3423.65,1313,91,1.267,1,1219,16478929.31,83.651,25.804,Standard policy
37501,TEA TIME TEA SET IN GIFT BOX,B,Y,BY,3422.0,484,70,1.451,1,1220,16482351.31,83.668,25.826,Standard policy
21902,"KEY FOB , FRONT  DOOR",B,Z,BZ,3419.08,5376,101,1.817,1,1221,16485770.39,83.685,25.847,Erratic and mid-value — consider make-to-order
22459,CAST IRON HOOK GARDEN TROWEL,B,Z,BZ,3410.14,1386,51,2.682,1,1222,16489180.53,83.703,25.868,Erratic and mid-value — consider make-to-order
21191,LARGE WHITE HONEYCOMB PAPER BELL,B,Z,BZ,3408.61,1479,65,2.127,1,1223,16492589.14,83.72,25.889,Erratic and mid-value — consider make-to-order
84472,PINK AND LILAC QUILTED THROW,B,Z,BZ,3402.32,87,18,6.262,0,1224,16495991.46,83.737,25.91,Erratic and mid-value — consider make-to-order
23239,SET OF 4 KNICK KNACK TINS POPPIES,B,Z,BZ,3399.49,853,27,2.42,1,1225,16499390.95,83.754,25.931,Erratic and mid-value — consider make-to-order
21123,SET/10 IVORY POLKADOT PARTY CANDLES,B,Y,BY,3398.06,2755,89,1.109,1,1226,16502789.01,83.772,25.953,Standard policy
21327,SKULLS WRITING SET,B,Y,BY,3386.76,1931,103,0.954,1,1227,16506175.77,83.789,25.974,Standard policy
22428,ENAMEL FIRE BUCKET CREAM,B,Y,BY,3386.62,460,76,1.324,1,1228,16509562.39,83.806,25.995,Standard policy
44230,SQUARE MIRROR CURTAIN,B,Z,BZ,3381.62,347,26,2.877,1,1229,16512944.01,83.823,26.016,Erratic and mid-value — consider make-to-order
22822,CREAM WALL PLANTER HEART SHAPED,B,Z,BZ,3379.25,583,50,2.145,1,1230,16516323.26,83.84,26.037,Erratic and mid-value — consider make-to-order
22862,LOVE HEART NAPKIN BOX,B,Z,BZ,3377.47,759,19,2.631,0,1231,16519700.73,83.857,26.058,Erratic and mid-value — consider make-to-order
22047,EMPIRE GIFT WRAP,B,Y,BY,3372.0,8300,90,1.092,1,1232,16523072.73,83.875,26.08,Standard policy
21211,SET OF 72 SKULL PAPER  DOILIES,B,Z,BZ,3369.99,2408,91,2.78,1,1233,16526442.72,83.892,26.101,Erratic and mid-value — consider make-to-order
22477,WATERING CAN GARDEN MARKER,B,Z,BZ,3369.24,2424,78,2.369,1,1234,16529811.96,83.909,26.122,Erratic and mid-value — consider make-to-order
22223,CAKE PLATE LOVEBIRD PINK,B,Z,BZ,3364.61,727,78,1.633,1,1235,16533176.57,83.926,26.143,Erratic and mid-value — consider make-to-order
21917,SET 12 KIDS  WHITE CHALK STICKS,B,Y,BY,3336.82,8040,99,1.251,1,1236,16536513.39,83.943,26.164,Standard policy
20702,PINK PADDED MOBILE,B,Y,BY,3330.7,790,78,1.232,1,1237,16539844.09,83.96,26.185,Standard policy
22136,LOVE HEART SOCK HANGER,B,Z,BZ,3330.47,1994,88,1.813,1,1238,16543174.56,83.977,26.207,Erratic and mid-value — consider make-to-order
15058B,PINK POLKADOT GARDEN PARASOL,B,Z,BZ,3327.67,438,55,1.907,1,1239,16546502.23,83.994,26.228,Erratic and mid-value — consider make-to-order
84828,JUNGLE POPSICLES ICE LOLLY HOLDERS,B,Y,BY,3321.43,2508,90,1.25,1,1240,16549823.66,84.01,26.249,Standard policy
23395,BELLE JARDINIERE CUSHION COVER,B,Z,BZ,3305.83,761,15,2.619,0,1241,16553129.49,84.027,26.27,Erratic and mid-value — consider make-to-order
22281,EASTER TREE YELLOW BIRDS,B,Z,BZ,3303.71,514,40,3.755,1,1242,16556433.2,84.044,26.291,Erratic and mid-value — consider make-to-order
84813,SET OF 4 DIAMOND NAPKIN RINGS,B,Z,BZ,3300.76,422,51,2.827,1,1243,16559733.96,84.061,26.312,Erratic and mid-value — consider make-to-order
84975,HEART SHAPED MIRROR,B,Z,BZ,3300.2,2010,48,1.958,1,1244,16563034.16,84.077,26.334,Erratic and mid-value — consider make-to-order
22183,CAKE STAND VICTORIAN FILIGREE MED,B,Y,BY,3297.25,586,61,1.401,1,1245,16566331.41,84.094,26.355,Standard policy
22122,SET OF 2 FANCY FONT TEA TOWELS,B,Z,BZ,3295.98,1097,36,2.472,1,1246,16569627.39,84.111,26.376,Erratic and mid-value — consider make-to-order
37410,BLACK AND WHITE PAISLEY FLOWER MUG,B,Z,BZ,3288.65,25707,13,7.907,0,1247,16572916.04,84.128,26.397,Erratic and mid-value — consider make-to-order
84031B,CHARLIE LOLA BLUE HOT WATER BOTTLE,B,Z,BZ,3284.31,841,74,1.688,1,1248,16576200.35,84.144,26.418,Erratic and mid-value — consider make-to-order
23308,SET OF 60 VINTAGE LEAF CAKE CASES,B,Z,BZ,3279.21,6151,28,2.186,1,1249,16579479.56,84.161,26.439,Erratic and mid-value — consider make-to-order
22967,SET 3 SONG BIRD PAPER EGGS ASSORTED,B,Z,BZ,3277.31,1173,19,2.992,0,1250,16582756.87,84.178,26.461,Erratic and mid-value — consider make-to-order
22762,CUPBOARD 3 DRAWER MA CAMPAGNE,B,Z,BZ,3276.62,204,51,1.562,1,1251,16586033.49,84.194,26.482,Erratic and mid-value — consider make-to-order
22792,FLUTED ANTIQUE CANDLE HOLDER,B,Z,BZ,3271.73,3525,55,1.756,1,1252,16589305.22,84.211,26.503,Erratic and mid-value — consider make-to-order
22794,SWEETHEART WIRE MAGAZINE RACK,B,Y,BY,3271.35,389,59,1.19,1,1253,16592576.57,84.227,26.524,Standard policy
21467,CHERRY CROCHET FOOD COVER,B,Z,BZ,3271.25,1027,84,1.824,1,1254,16595847.82,84.244,26.545,Erratic and mid-value — consider make-to-order
21829,DINOSAUR KEYRINGS ASSORTED,B,Y,BY,3269.9,15167,96,0.833,1,1255,16599117.72,84.261,26.566,Standard policy
23053,RECYCLED ACAPULCO MAT PINK,B,Z,BZ,3262.57,365,36,2.044,1,1256,16602380.29,84.277,26.588,Erratic and mid-value — consider make-to-order
84596F,SMALL MARSHMALLOWS PINK BOWL,B,Y,BY,3252.95,4756,100,1.059,1,1257,16605633.24,84.294,26.609,Standard policy
21477,STRING OF 20 ROSE LIGHTS,B,Z,BZ,3248.94,273,8,6.071,0,1258,16608882.18,84.31,26.63,Erratic and mid-value — consider make-to-order
22419,LIPSTICK PEN RED,B,Y,BY,3246.37,6856,82,1.357,1,1259,16612128.55,84.327,26.651,Standard policy
21732,RED HANGING METAL STAR TLIGHT HLDR,B,Z,BZ,3244.57,933,28,4.794,1,1260,16615373.12,84.343,26.672,Erratic and mid-value — consider make-to-order
84849B,FAIRY SOAP SOAP HOLDER,B,Y,BY,3244.14,1936,78,1.468,1,1261,16618617.26,84.36,26.693,Standard policy
20992,JAZZ HEARTS PURSE NOTEBOOK,B,Y,BY,3243.28,6179,97,1.41,1,1262,16621860.54,84.376,26.715,Standard policy
84837,WHITE SWEETHEARTS CABINET 4 DRAWERS,B,Z,BZ,3235.54,253,34,1.923,1,1263,16625096.08,84.392,26.736,Erratic and mid-value — consider make-to-order
22972,CHILDREN'S SPACEBOY MUG,B,Y,BY,3234.59,1891,50,1.476,1,1264,16628330.67,84.409,26.757,Standard policy
23393,HOME SWEET HOME CUSHION COVER,B,Z,BZ,3230.41,807,15,2.747,0,1265,16631561.08,84.425,26.778,Erratic and mid-value — consider make-to-order
23230,WRAP ALPHABET DESIGN,B,Z,BZ,3228.42,8001,47,1.649,1,1266,16634789.5,84.442,26.799,Erratic and mid-value — consider make-to-order
23035,DRAWER KNOB CERAMIC IVORY,B,Z,BZ,3226.09,2209,26,2.109,1,1267,16638015.59,84.458,26.82,Erratic and mid-value — consider make-to-order
23051,RECYCLED ACAPULCO MAT BLUE,B,Z,BZ,3223.49,365,38,1.813,1,1268,16641239.08,84.474,26.842,Erratic and mid-value — consider make-to-order
21473,SWEETHEART CREAM STEEL TABLE RECT,B,Z,BZ,3212.16,157,45,1.962,1,1269,16644451.24,84.491,26.863,Erratic and mid-value — consider make-to-order
22194,BLACK DINER WALL CLOCK,B,Z,BZ,3212.1,373,71,1.542,1,1270,16647663.34,84.507,26.884,Erratic and mid-value — consider make-to-order
84944,SET OF 6 KASHMIR FOLKART BAUBLES,B,Z,BZ,3210.78,1149,48,2.557,1,1271,16650874.12,84.523,26.905,Erratic and mid-value — consider make-to-order
79323GR,GREEN CHERRY LIGHTS,B,Z,BZ,3209.36,532,19,3.204,0,1272,16654083.48,84.54,26.926,Erratic and mid-value — consider make-to-order
79164,BLACK WINE GLASS,B,Z,BZ,3208.25,3665,47,3.812,1,1273,16657291.73,84.556,26.948,Erratic and mid-value — consider make-to-order
21830,ASSORTED CREEPY CRAWLIES,B,Y,BY,3205.76,7706,91,1.289,1,1274,16660497.49,84.572,26.969,Standard policy
21628,TRIANGULAR POUFFE VINTAGE,B,Z,BZ,3200.23,165,55,1.914,1,1275,16663697.72,84.588,26.99,Erratic and mid-value — consider make-to-order
21333,CLASSIC WHITE FRAME,B,Y,BY,3197.99,1059,61,1.31,1,1276,16666895.71,84.605,27.011,Standard policy
23342,MINT DINER WALL CLOCK,B,Z,BZ,3193.41,375,25,2.45,0,1277,16670089.12,84.621,27.032,Erratic and mid-value — consider make-to-order
21111,"SWISS ROLL TOWEL, CHOCOLATE  SPOTS",B,Z,BZ,3188.41,1380,71,2.147,1,1278,16673277.53,84.637,27.053,Erratic and mid-value — consider make-to-order
22773,GREEN DRAWER KNOB ACRYLIC EDWARDIAN,B,Y,BY,3186.11,2404,56,1.437,1,1279,16676463.64,84.653,27.075,Standard policy
22863,SOAP DISH BROCANTE,B,Z,BZ,3181.36,1112,55,1.616,1,1280,16679645.0,84.669,27.096,Erratic and mid-value — consider make-to-order
21557,SET OF 6 FUNKY BEAKERS,B,Z,BZ,3178.24,935,94,1.718,1,1281,16682823.24,84.686,27.117,Erratic and mid-value — consider make-to-order
22503,CABIN BAG VINTAGE PAISLEY,B,Z,BZ,3178.02,141,36,2.111,1,1282,16686001.26,84.702,27.138,Erratic and mid-value — consider make-to-order
22406,MONEY BOX KINGS CHOICE DESIGN,B,Z,BZ,3169.35,2503,72,3.543,1,1283,16689170.61,84.718,27.159,Erratic and mid-value — consider make-to-order
21949,SET OF 6 STRAWBERRY CHOPSTICKS,B,Z,BZ,3164.18,2598,84,3.856,1,1284,16692334.79,84.734,27.18,Erratic and mid-value — consider make-to-order
21820,GLITTER HEART GARLAND WITH BELLS,B,Z,BZ,3162.39,803,60,1.898,1,1285,16695497.18,84.75,27.202,Erratic and mid-value — consider make-to-order
22700,BLACK AND WHITE DOG BOWL,B,Z,BZ,3161.3,1386,44,4.363,1,1286,16698658.48,84.766,27.223,Erratic and mid-value — consider make-to-order
22702,BLACK AND WHITE CAT BOWL,B,Z,BZ,3160.52,1591,51,5.769,1,1287,16701819.0,84.782,27.244,Erratic and mid-value — consider make-to-order
21519,GIN & TONIC DIET GREETING CARD,B,X,BX,3160.01,7380,100,0.675,1,1288,16704979.01,84.798,27.265,"Automate, review quarterly"
21765,HANGING METAL BIRD BATH,B,Z,BZ,3155.89,381,41,2.148,1,1289,16708134.9,84.814,27.286,Erratic and mid-value — consider make-to-order
23323,WHITE WICKER STAR,B,Z,BZ,3155.18,1473,25,2.348,0,1290,16711290.08,84.83,27.307,Erratic and mid-value — consider make-to-order
15058A,BLUE POLKADOT GARDEN PARASOL,B,Z,BZ,3153.73,476,54,2.103,1,1291,16714443.81,84.846,27.329,Erratic and mid-value — consider make-to-order
22313,OFFICE MUG WARMER PINK,B,Z,BZ,3151.02,986,64,3.025,1,1292,16717594.83,84.862,27.35,Erratic and mid-value — consider make-to-order
22325,MOBILE VINTAGE HEARTS,B,Z,BZ,3149.89,701,81,1.993,1,1293,16720744.72,84.878,27.371,Erratic and mid-value — consider make-to-order
21705,BAG 500g SWIRLY MARBLES,B,Z,BZ,3145.71,2534,57,3.33,1,1294,16723890.43,84.894,27.392,Erratic and mid-value — consider make-to-order
82578,KITCHEN METAL SIGN,B,Y,BY,3134.74,5605,102,1.12,1,1295,16727025.17,84.91,27.413,Standard policy
22095,LADS ONLY TISSUE BOX,B,Z,BZ,3127.48,2985,76,2.038,1,1296,16730152.65,84.926,27.434,Erratic and mid-value — consider make-to-order
22347,PIZZA SLICE DISH,B,Z,BZ,3126.68,2722,31,3.242,1,1297,16733279.33,84.942,27.456,Erratic and mid-value — consider make-to-order
22891,TEA FOR ONE POLKADOT,B,Z,BZ,3120.7,648,55,1.653,1,1298,16736400.03,84.957,27.477,Erratic and mid-value — consider make-to-order
21272,SALLE DE BAIN HOOK,B,Y,BY,3119.83,2356,84,1.311,1,1299,16739519.86,84.973,27.498,Standard policy
22154,ANGEL DECORATION 3 BUTTONS,B,Z,BZ,3117.42,7219,57,1.82,1,1300,16742637.28,84.989,27.519,Erratic and mid-value — consider make-to-order
23346,SPACEBOY BEAKER,B,Z,BZ,3117.34,2632,21,3.203,0,1301,16745754.62,85.005,27.54,Erratic and mid-value — consider make-to-order
22310,IVORY KNITTED MUG COSY,B,Z,BZ,3115.59,1740,79,1.858,1,1302,16748870.21,85.021,27.561,Erratic and mid-value — consider make-to-order
85227,SET OF 6 3D KIT CARDS FOR KIDS,B,Y,BY,3114.49,3473,96,1.255,1,1303,16751984.7,85.037,27.583,Standard policy
22177,5 HOOK BLACKBOARD ORGANISER,B,Z,BZ,3111.41,326,23,3.907,0,1304,16755096.11,85.052,27.604,Erratic and mid-value — consider make-to-order
21352,EUCALYPTUS & PINECONE  WREATH,B,Z,BZ,3110.28,880,44,2.602,1,1305,16758206.39,85.068,27.625,Erratic and mid-value — consider make-to-order
20956,PORCELAIN T-LIGHT HOLDERS ASSORTED,B,Z,BZ,3102.57,2353,70,1.975,1,1306,16761308.96,85.084,27.646,Erratic and mid-value — consider make-to-order
22572,ROCKING HORSE GREEN CHRISTMAS,B,Z,BZ,3102.48,3457,49,1.902,1,1307,16764411.44,85.1,27.667,Erratic and mid-value — consider make-to-order
22129,PARTY CONES CANDY TREE DECORATION,B,Z,BZ,3100.22,3252,72,1.684,1,1308,16767511.66,85.115,27.688,Erratic and mid-value — consider make-to-order
47504K,ENGLISH ROSE GARDEN SECATEURS,B,Z,BZ,3098.82,2656,90,1.712,1,1309,16770610.48,85.131,27.71,Erratic and mid-value — consider make-to-order
79072,TEATIME CAKE TIN WITH HANDLE,B,Z,BZ,3093.15,285,16,3.077,0,1310,16773703.63,85.147,27.731,Erratic and mid-value — consider make-to-order
84279B,CHERRY BLOSSOM DECORATIVE FLASK,B,Z,BZ,3088.17,811,49,2.144,1,1311,16776791.8,85.163,27.752,Erratic and mid-value — consider make-to-order
84912B,GREEN ROSE WASHBAG,B,Z,BZ,3087.64,1129,83,5.425,1,1312,16779879.44,85.178,27.773,Erratic and mid-value — consider make-to-order
23461,SWEETHEART BIRD HOUSE,B,Z,BZ,3082.71,857,11,7.58,0,1313,16782962.15,85.194,27.794,Erratic and mid-value — consider make-to-order
22372,AIRLINE BAG VINTAGE WORLD CHAMPION,B,Y,BY,3081.93,606,85,1.108,1,1314,16786044.08,85.21,27.815,Standard policy
22963,JAM JAR WITH GREEN LID,B,Z,BZ,3080.26,3697,55,1.953,1,1315,16789124.34,85.225,27.837,Erratic and mid-value — consider make-to-order
22757,LARGE RED BABUSHKA NOTEBOOK,B,Z,BZ,3073.93,2699,65,2.391,1,1316,16792198.27,85.241,27.858,Erratic and mid-value — consider make-to-order
21206,STRAWBERRY HONEYCOMB  GARLAND,B,Y,BY,3071.2,2157,89,1.434,1,1317,16795269.47,85.256,27.879,Standard policy
22473,TV DINNER TRAY VINTAGE PAISLEY,B,Z,BZ,3070.92,811,71,2.199,1,1318,16798340.39,85.272,27.9,Erratic and mid-value — consider make-to-order
20985,HEART CALCULATOR,B,Z,BZ,3059.24,2379,91,1.52,1,1319,16801399.63,85.287,27.921,Erratic and mid-value — consider make-to-order
21408,SPOTTY PINK DUCK DOORSTOP,B,Z,BZ,3057.71,707,86,2.215,1,1320,16804457.34,85.303,27.942,Erratic and mid-value — consider make-to-order
23329,DECORATIVE WICKER HEART LARGE,B,Z,BZ,3056.34,1778,19,2.268,0,1321,16807513.68,85.318,27.964,Erratic and mid-value — consider make-to-order
22037,ROBOT BIRTHDAY CARD,B,Y,BY,3055.86,7102,94,0.791,1,1322,16810569.54,85.334,27.985,Standard policy
21786,POLKADOT RAIN HAT,B,Z,BZ,3054.91,7485,99,1.646,1,1323,16813624.45,85.35,28.006,Erratic and mid-value — consider make-to-order
22067,CHOC TRUFFLE GOLD TRINKET POT,B,Y,BY,3049.02,1873,94,1.484,1,1324,16816673.47,85.365,28.027,Standard policy
22754,SMALL RED BABUSHKA NOTEBOOK,B,Z,BZ,3048.26,3928,67,1.975,1,1325,16819721.73,85.38,28.048,Erratic and mid-value — consider make-to-order
22208,WOOD STAMP SET THANK YOU,B,Y,BY,3046.88,2375,89,1.153,1,1326,16822768.61,85.396,28.069,Standard policy
23390,DOLLY GIRL MINI BACKPACK,B,Z,BZ,3042.19,751,14,3.393,0,1327,16825810.8,85.411,28.091,Erratic and mid-value — consider make-to-order
23242,TREASURE TIN BUFFALO BILL,B,Z,BZ,3037.11,1476,27,2.541,1,1328,16828847.91,85.427,28.112,Erratic and mid-value — consider make-to-order
15044C,PURPLE PAPER PARASOL,B,Z,BZ,3036.11,970,84,1.557,1,1329,16831884.02,85.442,28.133,Erratic and mid-value — consider make-to-order
22712,CARD DOLLY GIRL,B,Y,BY,3032.66,7367,69,1.391,1,1330,16834916.68,85.458,28.154,Standard policy
22805,BLUE DRAWER KNOB ACRYLIC EDWARDIAN,B,Y,BY,3026.32,2221,60,1.498,1,1331,16837943.0,85.473,28.175,Standard policy
21626,VINTAGE UNION JACK PENNANT,B,Y,BY,3024.87,1500,74,1.438,1,1332,16840967.87,85.488,28.196,Standard policy
22402,MAGNETS PACK OF 4 VINTAGE COLLAGE,B,Z,BZ,3016.45,3436,79,2.459,1,1333,16843984.32,85.504,28.218,Erratic and mid-value — consider make-to-order
84912A,PINK ROSE WASHBAG,B,Z,BZ,3012.0,1096,74,5.532,1,1334,16846996.32,85.519,28.239,Erratic and mid-value — consider make-to-order
23231,WRAP DOILEY DESIGN,B,Y,BY,3008.34,7277,48,1.418,1,1335,16850004.66,85.534,28.26,Standard policy
22755,SMALL PURPLE BABUSHKA NOTEBOOK,B,Z,BZ,3004.43,3784,68,1.856,1,1336,16853009.09,85.549,28.281,Erratic and mid-value — consider make-to-order
22925,BLUE GIANT GARDEN THERMOMETER,B,Z,BZ,2995.47,489,46,1.837,1,1337,16856004.56,85.565,28.302,Erratic and mid-value — consider make-to-order
22132,RED LOVE HEART SHAPE CUP,B,Y,BY,2993.21,3349,99,1.322,1,1338,16858997.77,85.58,28.323,Standard policy
22375,AIRLINE BAG VINTAGE JET SET BROWN,B,Y,BY,2990.49,594,90,0.987,1,1339,16861988.26,85.595,28.345,Standard policy
21354,TOAST ITS - BEST MUM,B,Z,BZ,2981.96,2478,68,2.268,1,1340,16864970.22,85.61,28.366,Erratic and mid-value — consider make-to-order
22519,CHILDS GARDEN BRUSH PINK,B,Z,BZ,2972.97,1427,56,2.308,1,1341,16867943.19,85.625,28.387,Erratic and mid-value — consider make-to-order
22816,CARD MOTORBIKE SANTA,B,Z,BZ,2971.09,6904,39,1.796,1,1342,16870914.28,85.64,28.408,Erratic and mid-value — consider make-to-order
22674,FRENCH TOILET SIGN BLUE METAL,B,Z,BZ,2962.58,2382,67,1.628,1,1343,16873876.86,85.655,28.429,Erratic and mid-value — consider make-to-order
22905,CALENDAR IN SEASON DESIGN,B,Z,BZ,2960.12,1078,49,2.262,1,1344,16876836.98,85.67,28.45,Erratic and mid-value — consider make-to-order
22664,TOY TIDY DOLLY GIRL DESIGN,B,Z,BZ,2956.29,1430,70,1.7,1,1345,16879793.27,85.685,28.472,Erratic and mid-value — consider make-to-order
22927,GREEN GIANT GARDEN THERMOMETER,B,Z,BZ,2948.57,468,42,1.953,1,1346,16882741.84,85.7,28.493,Erratic and mid-value — consider make-to-order
22990,COTTON APRON PANTRY DESIGN,B,Z,BZ,2942.18,638,45,2.644,1,1347,16885684.02,85.715,28.514,Erratic and mid-value — consider make-to-order
85049D,BRIGHT BLUES RIBBONS,B,Y,BY,2935.38,2338,85,1.213,1,1348,16888619.4,85.73,28.535,Standard policy
23211,RED ROCKING HORSE HAND PAINTED,B,Z,BZ,2933.07,2331,27,2.441,1,1349,16891552.47,85.745,28.556,Erratic and mid-value — consider make-to-order
22277,COSMETIC BAG VINTAGE ROSE PAISLEY,B,Z,BZ,2931.69,1402,87,1.781,1,1350,16894484.16,85.76,28.577,Erratic and mid-value — consider make-to-order
21948,SET OF 6 CAKE CHOPSTICKS,B,Z,BZ,2923.86,2295,95,4.403,1,1351,16897408.02,85.775,28.599,Erratic and mid-value — consider make-to-order
21214,SET OF 72 IVORY PAPER DOILIES,B,Z,BZ,2922.27,2007,35,2.819,1,1352,16900330.29,85.79,28.62,Erratic and mid-value — consider make-to-order
23056,FLOWERS CHANDELIER T-LIGHT HOLDER,B,Z,BZ,2916.87,966,23,6.541,0,1353,16903247.16,85.804,28.641,Erratic and mid-value — consider make-to-order
21821,GLITTER STAR GARLAND WITH BELLS,B,Z,BZ,2915.35,726,40,2.081,1,1354,16906162.51,85.819,28.662,Erratic and mid-value — consider make-to-order
22518,CHILDS GARDEN BRUSH BLUE,B,Z,BZ,2914.5,1405,54,2.364,1,1355,16909077.01,85.834,28.683,Erratic and mid-value — consider make-to-order
22955,36 FOIL STAR CAKE CASES,B,Z,BZ,2908.36,1459,48,2.298,1,1356,16911985.37,85.849,28.704,Erratic and mid-value — consider make-to-order
22293,HANGING CHICK GREEN DECORATION,B,Z,BZ,2903.7,2064,71,2.096,1,1357,16914889.07,85.864,28.726,Erratic and mid-value — consider make-to-order
23290,SPACEBOY CHILDRENS BOWL,B,Z,BZ,2899.1,2437,26,2.224,1,1358,16917788.17,85.878,28.747,Erratic and mid-value — consider make-to-order
22897,OVEN MITT APPLES DESIGN,B,Y,BY,2897.65,1958,63,1.402,1,1359,16920685.82,85.893,28.768,Standard policy
22184,CAKE STAND VICTORIAN FILIGREE LARGE,B,Z,BZ,2895.57,390,47,2.168,1,1360,16923581.39,85.908,28.789,Erratic and mid-value — consider make-to-order
23345,DOLLY GIRL BEAKER,B,Z,BZ,2891.25,2455,21,3.376,0,1361,16926472.64,85.922,28.81,Erratic and mid-value — consider make-to-order
21709,FOLDING UMBRELLA CHOCOLATE POLKADOT,B,Z,BZ,2886.62,698,68,4.523,1,1362,16929359.26,85.937,28.831,Erratic and mid-value — consider make-to-order
20752,BLUE POLKADOT WASHING UP GLOVES,B,Z,BZ,2885.0,1508,91,2.541,1,1363,16932244.26,85.952,28.853,Erratic and mid-value — consider make-to-order
22811,SET OF 6 T-LIGHTS CACTI,B,Z,BZ,2884.13,1021,48,2.78,1,1364,16935128.39,85.966,28.874,Erratic and mid-value — consider make-to-order
21688,SILVER PLATE CANDLE BOWL SMALL,B,Y,BY,2881.05,924,73,1.324,1,1365,16938009.44,85.981,28.895,Standard policy
21465,PINK FLOWER CROCHET FOOD COVER,B,Z,BZ,2879.39,794,84,2.877,1,1366,16940888.83,85.996,28.916,Erratic and mid-value — consider make-to-order
85114C,RED ENCHANTED FOREST PLACEMAT,B,Y,BY,2875.7,1364,74,1.432,1,1367,16943764.53,86.01,28.937,Standard policy
22949,36 DOILIES DOLLY GIRL,B,Z,BZ,2875.59,2022,57,2.85,1,1368,16946640.12,86.025,28.959,Erratic and mid-value — consider make-to-order
23427,STOOL HOME SWEET HOME,B,Z,BZ,2873.08,238,13,4.084,0,1369,16949513.2,86.039,28.98,Erratic and mid-value — consider make-to-order
22480,RED TEA TOWEL CLASSIC DESIGN,B,Z,BZ,2871.81,2375,67,1.502,1,1370,16952385.01,86.054,29.001,Erratic and mid-value — consider make-to-order
21324,HANGING MEDINA LANTERN SMALL,B,Z,BZ,2869.31,1022,61,3.328,1,1371,16955254.32,86.068,29.022,Erratic and mid-value — consider make-to-order
23212,HEART WREATH DECORATION WITH BELL,B,Z,BZ,2865.89,2300,27,2.58,1,1372,16958120.21,86.083,29.043,Erratic and mid-value — consider make-to-order
85132B,CHARLIE AND LOLA TABLE TINS,B,Z,BZ,2863.37,929,41,2.68,1,1373,16960983.58,86.098,29.064,Erratic and mid-value — consider make-to-order
22581,WOOD STOCKING CHRISTMAS SCANDISPOT,B,Z,BZ,2861.98,3576,44,1.88,1,1374,16963845.56,86.112,29.086,Erratic and mid-value — consider make-to-order
21424,WOODLAND STORAGE BOX LARGE,B,Z,BZ,2861.64,955,71,2.696,1,1375,16966707.2,86.127,29.107,Erratic and mid-value — consider make-to-order
23504,PLAYING CARDS JUBILEE UNION JACK,B,Z,BZ,2857.64,1934,12,2.915,0,1376,16969564.84,86.141,29.128,Erratic and mid-value — consider make-to-order
22983,CARD BILLBOARD FONT,B,Y,BY,2853.63,6719,64,1.214,1,1377,16972418.47,86.156,29.149,Standard policy
22930,BAKING MOULD HEART MILK CHOCOLATE,B,Z,BZ,2849.35,1109,49,2.298,1,1378,16975267.82,86.17,29.17,Erratic and mid-value — consider make-to-order
23196,VINTAGE LEAF MAGNETIC NOTEPAD,B,Z,BZ,2848.04,1876,25,2.071,0,1379,16978115.86,86.184,29.191,Erratic and mid-value — consider make-to-order
21439,BASKET OF TOADSTOOLS,B,Z,BZ,2838.79,2260,86,2.626,1,1380,16980954.65,86.199,29.213,Erratic and mid-value — consider make-to-order
22576,SWALLOW WOODEN CHRISTMAS DECORATION,B,Z,BZ,2838.48,3136,47,1.754,1,1381,16983793.13,86.213,29.234,Erratic and mid-value — consider make-to-order
22710,WRAP I LOVE LONDON,B,Z,BZ,2821.28,7184,71,1.506,1,1382,16986614.41,86.228,29.255,Erratic and mid-value — consider make-to-order
35001W,HAND OPEN SHAPE DECO.WHITE,B,Z,BZ,2820.65,887,46,2.461,1,1383,16989435.06,86.242,29.276,Erratic and mid-value — consider make-to-order
22217,T-LIGHT HOLDER HANGING LACE,B,Z,BZ,2819.81,2378,83,1.7,1,1384,16992254.87,86.256,29.297,Erratic and mid-value — consider make-to-order
21508,VINTAGE KID DOLLY CARD,B,Y,BY,2818.7,6740,102,0.786,1,1385,16995073.57,86.271,29.318,Standard policy
22671,FRENCH LAUNDRY SIGN BLUE METAL,B,Z,BZ,2817.94,1692,64,1.905,1,1386,16997891.51,86.285,29.34,Erratic and mid-value — consider make-to-order
22450,SILK PURSE BABUSHKA BLUE,B,Z,BZ,2811.68,838,61,1.558,1,1387,17000703.19,86.299,29.361,Erratic and mid-value — consider make-to-order
22974,CHILDRENS DOLLY GIRL MUG,B,Z,BZ,2809.01,1644,50,1.774,1,1388,17003512.2,86.313,29.382,Erratic and mid-value — consider make-to-order
21360,JOY LARGE WOOD LETTERS,B,Z,BZ,2800.36,442,48,4.471,1,1389,17006312.56,86.328,29.403,Erratic and mid-value — consider make-to-order
21728,METAL MEDINA LANTERN,B,Z,BZ,2798.61,300,22,6.941,0,1390,17009111.17,86.342,29.424,Erratic and mid-value — consider make-to-order
84909A,PINK PAISLEY QUILT,B,Z,BZ,2797.55,209,7,6.344,0,1391,17011908.72,86.356,29.445,Erratic and mid-value — consider make-to-order
85199S,SMALL HANGING IVORY/RED WOOD BIRD,B,Y,BY,2794.74,6035,101,1.422,1,1392,17014703.46,86.37,29.467,Standard policy
22696,WICKER WREATH LARGE,B,Z,BZ,2794.73,1417,57,1.621,1,1393,17017498.19,86.384,29.488,Erratic and mid-value — consider make-to-order
84519A,TOMATO CHARLIE+LOLA COASTER SET,B,Z,BZ,2791.4,1201,88,1.551,1,1394,17020289.59,86.399,29.509,Erratic and mid-value — consider make-to-order
22101,MIRROR MOSAIC VOTIVE HOLDER,B,Z,BZ,2790.27,1909,64,3.62,1,1395,17023079.86,86.413,29.53,Erratic and mid-value — consider make-to-order
21796,SET OF 3 RED STRIPE BASKETS,B,Z,BZ,2782.19,324,30,7.17,1,1396,17025862.05,86.427,29.551,Erratic and mid-value — consider make-to-order
23396,LE JARDIN BOTANIQUE CUSHION COVER,B,Z,BZ,2780.53,662,15,2.788,0,1397,17028642.58,86.441,29.572,Erratic and mid-value — consider make-to-order
22081,RIBBON REEL FLORA + FAUNA,B,Y,BY,2779.19,1570,95,0.896,1,1398,17031421.77,86.455,29.594,Standard policy
21188,3D HEARTS  HONEYCOMB PAPER GARLAND,B,Y,BY,2771.34,912,70,1.349,1,1399,17034193.11,86.469,29.615,Standard policy
22597,MUSICAL ZINC HEART DECORATION,B,Z,BZ,2768.92,4617,54,1.929,1,1400,17036962.03,86.483,29.636,Erratic and mid-value — consider make-to-order
21682,LARGE MEDINA STAMPED METAL BOWL,B,Z,BZ,2767.59,559,81,1.692,1,1401,17039729.62,86.497,29.657,Erratic and mid-value — consider make-to-order
22416,SET OF 36 DOILIES SPACEBOY DESIGN,B,Z,BZ,2764.81,1971,82,1.983,1,1402,17042494.43,86.511,29.678,Erratic and mid-value — consider make-to-order
23190,BUNDLE OF 3 SCHOOL EXERCISE BOOKS,B,Z,BZ,2761.9,1702,31,2.169,1,1403,17045256.33,86.525,29.699,Erratic and mid-value — consider make-to-order
51014C,"FEATHER PEN,COAL BLACK",B,Y,BY,2761.69,4293,87,1.399,1,1404,17048018.02,86.539,29.721,Standard policy
22145,CHRISTMAS CRAFT HEART STOCKING,B,Z,BZ,2761.06,1310,29,2.615,1,1405,17050779.08,86.553,29.742,Erratic and mid-value — consider make-to-order
22315,200 RED + WHITE BENDY STRAWS,B,Y,BY,2759.51,2144,98,1.269,1,1406,17053538.59,86.567,29.763,Standard policy
22675,FRENCH KITCHEN SIGN BLUE METAL,B,Z,BZ,2758.7,2230,67,1.769,1,1407,17056297.29,86.581,29.784,Erratic and mid-value — consider make-to-order
23266,SET OF 3 WOODEN STOCKING DECORATION,B,Z,BZ,2757.57,2064,27,2.262,1,1408,17059054.86,86.595,29.805,Erratic and mid-value — consider make-to-order
21683,MEDIUM MEDINA STAMPED METAL BOWL,B,Z,BZ,2757.47,936,76,1.801,1,1409,17061812.33,86.609,29.826,Erratic and mid-value — consider make-to-order
23147,SINGLE ANTIQUE ROSE HOOK IVORY,B,Z,BZ,2755.1,1870,34,1.77,1,1410,17064567.43,86.623,29.848,Erratic and mid-value — consider make-to-order
15058C,ICE CREAM DESIGN GARDEN PARASOL,B,Z,BZ,2753.72,470,51,2.256,1,1411,17067321.15,86.637,29.869,Erratic and mid-value — consider make-to-order
84795C,OCEAN STRIPE HAMMOCK,B,Z,BZ,2752.59,325,29,2.433,1,1412,17070073.74,86.651,29.89,Erratic and mid-value — consider make-to-order
22525,CHILDRENS GARDEN GLOVES PINK,B,Z,BZ,2752.54,1949,55,1.591,1,1413,17072826.28,86.665,29.911,Erratic and mid-value — consider make-to-order
85015,SET OF 12  VINTAGE POSTCARD SET,B,Z,BZ,2751.3,2910,88,1.678,1,1414,17075577.58,86.679,29.932,Erratic and mid-value — consider make-to-order
23341,PINK DINER WALL CLOCK,B,Z,BZ,2749.85,308,25,2.303,0,1415,17078327.43,86.693,29.953,Erratic and mid-value — consider make-to-order
22482,BLUE TEA TOWEL CLASSIC DESIGN,B,Z,BZ,2748.18,2326,58,1.681,1,1416,17081075.61,86.707,29.975,Erratic and mid-value — consider make-to-order
22066,LOVE HEART TRINKET POT,B,Y,BY,2745.55,3458,86,1.35,1,1417,17083821.16,86.721,29.996,Standard policy
23100,SILVER BELLS TABLE DECORATION,B,Z,BZ,2743.13,2169,30,2.153,1,1418,17086564.29,86.735,30.017,Erratic and mid-value — consider make-to-order
22161,HEART DECORATION RUSTIC HANGING,B,Y,BY,2739.69,6731,92,1.493,1,1419,17089303.98,86.749,30.038,Standard policy
22650,CERAMIC PIRATE CHEST MONEY BANK,B,Y,BY,2736.73,1799,78,1.249,1,1420,17092040.71,86.763,30.059,Standard policy
22818,CARD CHRISTMAS VILLAGE,B,Z,BZ,2735.98,6326,40,1.812,1,1421,17094776.69,86.777,30.08,Erratic and mid-value — consider make-to-order
47503J,SET/3 FLORAL GARDEN TOOLS IN BAG,B,Z,BZ,2735.51,345,37,2.497,1,1422,17097512.2,86.791,30.102,Erratic and mid-value — consider make-to-order
85183B,CHARLIE & LOLA WASTEPAPER BIN FLORA,B,Z,BZ,2731.76,1725,73,2.02,1,1423,17100243.96,86.804,30.123,Erratic and mid-value — consider make-to-order
85035C,ROSE 3 WICK MORRIS BOX CANDLE,B,Z,BZ,2729.54,1373,64,3.405,1,1424,17102973.5,86.818,30.144,Erratic and mid-value — consider make-to-order
21788,KIDS RAIN MAC BLUE,B,Y,BY,2729.34,3380,85,1.24,1,1425,17105702.84,86.832,30.165,Standard policy
23407,SET OF 2 TRAYS HOME SWEET HOME,B,Z,BZ,2729.33,267,15,2.67,0,1426,17108432.17,86.846,30.186,Erratic and mid-value — consider make-to-order
22651,GENTLEMAN SHIRT REPAIR KIT,B,Z,BZ,2724.26,3179,65,1.769,1,1427,17111156.43,86.86,30.207,Erratic and mid-value — consider make-to-order
21808,"CHRISTMAS GARLAND STARS,TREES",B,Z,BZ,2723.03,1003,37,2.998,1,1428,17113879.46,86.874,30.229,Erratic and mid-value — consider make-to-order
23333,IVORY WICKER HEART MEDIUM,B,Z,BZ,2721.7,2110,18,2.458,0,1429,17116601.16,86.887,30.25,Erratic and mid-value — consider make-to-order
21744,SNOWFLAKE PORTABLE TABLE LIGHT,B,Z,BZ,2720.76,906,44,2.068,1,1430,17119321.92,86.901,30.271,Erratic and mid-value — consider make-to-order
22914,BLUE COAT RACK PARIS FASHION,B,Z,BZ,2720.66,570,51,2.47,1,1431,17122042.58,86.915,30.292,Erratic and mid-value — consider make-to-order
22231,JIGSAW TREE WITH BIRDHOUSE,B,Y,BY,2718.87,2140,92,1.13,1,1432,17124761.45,86.929,30.313,Standard policy
23164,REGENCY CAKE SLICE,B,Z,BZ,2718.65,578,30,2.552,1,1433,17127480.1,86.943,30.334,Erratic and mid-value — consider make-to-order
47480,HANGING PHOTO CLIP ROPE LADDER,B,Z,BZ,2717.28,1640,73,2.014,1,1434,17130197.38,86.956,30.356,Erratic and mid-value — consider make-to-order
22155,STAR DECORATION RUSTIC,B,Z,BZ,2716.33,6031,61,1.701,1,1435,17132913.71,86.97,30.377,Erratic and mid-value — consider make-to-order
21096,SET/6 FRUIT SALAD  PAPER PLATES,B,Z,BZ,2715.96,15924,59,6.278,1,1436,17135629.67,86.984,30.398,Erratic and mid-value — consider make-to-order
22524,CHILDRENS GARDEN GLOVES BLUE,B,Y,BY,2713.23,1925,59,1.431,1,1437,17138342.9,86.998,30.419,Standard policy
21224,SET/4 SKULL BADGES,B,Y,BY,2709.41,2185,97,0.757,1,1438,17141052.31,87.012,30.44,Standard policy
23489,VINTAGE BELLS GARLAND,B,Z,BZ,2709.23,913,8,3.68,0,1439,17143761.54,87.025,30.461,Erratic and mid-value — consider make-to-order
21693,SMALL HAMMERED SILVER CANDLEPOT,B,Y,BY,2707.62,891,67,1.276,1,1440,17146469.16,87.039,30.483,Standard policy
22479,DAISY GARDEN MARKER,B,Z,BZ,2706.19,1951,72,2.826,1,1441,17149175.35,87.053,30.504,Erratic and mid-value — consider make-to-order
23292,SPACEBOY CHILDRENS CUP,B,Z,BZ,2704.58,2182,26,2.214,1,1442,17151879.93,87.067,30.525,Erratic and mid-value — consider make-to-order
22436,12 COLOURED PARTY BALLOONS,B,Z,BZ,2701.35,4237,81,1.717,1,1443,17154581.28,87.08,30.546,Erratic and mid-value — consider make-to-order
84795B,SUNSET CHECK HAMMOCK,B,Z,BZ,2696.81,317,54,1.615,1,1444,17157278.09,87.094,30.567,Erratic and mid-value — consider make-to-order
23264,SET OF 3 WOODEN SLEIGH DECORATIONS,B,Z,BZ,2694.56,1966,27,2.421,1,1445,17159972.65,87.108,30.588,Erratic and mid-value — consider make-to-order
22495,SET OF 2 ROUND TINS CAMEMBERT,B,Z,BZ,2688.22,942,74,1.816,1,1446,17162660.87,87.121,30.61,Erratic and mid-value — consider make-to-order
21204,DAISIES  HONEYCOMB GARLAND,B,Z,BZ,2682.99,1608,87,2.161,1,1447,17165343.86,87.135,30.631,Erratic and mid-value — consider make-to-order
21923,RED/CREAM STRIPE FRINGE HAMMOCK,B,Z,BZ,2678.54,339,29,2.36,1,1448,17168022.4,87.149,30.652,Erratic and mid-value — consider make-to-order
90057,DIAMANTE RING ASSORTED IN BOX.,B,Z,BZ,2675.88,1804,21,3.577,0,1449,17170698.28,87.162,30.673,Erratic and mid-value — consider make-to-order
22028,PENNY FARTHING BIRTHDAY CARD,B,Y,BY,2675.21,6368,95,0.755,1,1450,17173373.49,87.176,30.694,Standard policy
85049B,LUSH GREENS RIBBONS,B,Y,BY,2668.24,2134,59,1.445,1,1451,17176041.73,87.189,30.715,Standard policy
21742,LARGE ROUND WICKER PLATTER,B,Y,BY,2665.13,440,83,1.137,1,1452,17178706.86,87.203,30.737,Standard policy
22270,HAPPY EASTER HANGING DECORATION,B,Z,BZ,2664.92,692,57,2.063,1,1453,17181371.78,87.216,30.758,Erratic and mid-value — consider make-to-order
22500,SET OF 2 TINS JARDIN DE PROVENCE,B,Z,BZ,2660.96,585,82,1.844,1,1454,17184032.74,87.23,30.779,Erratic and mid-value — consider make-to-order
21897,POTTING SHED CANDLE CITRONELLA,B,Z,BZ,2659.06,872,43,4.102,1,1455,17186691.8,87.243,30.8,Erratic and mid-value — consider make-to-order
23146,TRIPLE HOOK ANTIQUE IVORY ROSE,B,Z,BZ,2655.13,801,34,1.822,1,1456,17189346.93,87.257,30.821,Erratic and mid-value — consider make-to-order
22152,PLACE SETTING WHITE STAR,B,Z,BZ,2653.2,6267,75,1.943,1,1457,17192000.13,87.27,30.843,Erratic and mid-value — consider make-to-order
22094,RED RETROSPOT TISSUE BOX,B,Z,BZ,2652.25,3563,93,2.142,1,1458,17194652.38,87.284,30.864,Erratic and mid-value — consider make-to-order
22713,CARD I LOVE LONDON,B,Y,BY,2651.4,6168,80,1.46,1,1459,17197303.78,87.297,30.885,Standard policy
72800E,4 IVORY DINNER CANDLES SILVER FLOCK,B,Z,BZ,2646.25,1409,88,1.565,1,1460,17199950.03,87.311,30.906,Erratic and mid-value — consider make-to-order
85049F,BABY BOOM RIBBONS,B,Y,BY,2642.75,2117,88,1.263,1,1461,17202592.78,87.324,30.927,Standard policy
22146,EASTER CRAFT IVY WREATH WITH CHICK,B,Z,BZ,2640.93,1417,19,4.341,0,1462,17205233.71,87.337,30.948,Erratic and mid-value — consider make-to-order
22376,AIRLINE BAG VINTAGE JET SET WHITE,B,Y,BY,2638.53,530,85,0.95,1,1463,17207872.24,87.351,30.97,Standard policy
22758,LARGE PURPLE BABUSHKA NOTEBOOK,B,Z,BZ,2637.1,2452,64,2.708,1,1464,17210509.34,87.364,30.991,Erratic and mid-value — consider make-to-order
84754,S/15 SILVER GLASS BAUBLES IN BAG,B,Z,BZ,2637.09,2085,48,2.207,1,1465,17213146.43,87.378,31.012,Erratic and mid-value — consider make-to-order
84012,MAGIC SHEEP WOOL GROWING FROM PAPER,B,Z,BZ,2633.57,1840,67,1.715,1,1466,17215780.0,87.391,31.033,Erratic and mid-value — consider make-to-order
82597,BOMBS AWAY METAL SIGN,B,Y,BY,2624.26,1236,46,1.494,1,1467,17218404.26,87.404,31.054,Standard policy
84849D,HOT BATHS SOAP HOLDER,B,Z,BZ,2621.65,1560,88,1.722,1,1468,17221025.91,87.418,31.075,Erratic and mid-value — consider make-to-order
23054,RECYCLED ACAPULCO MAT LAVENDER,B,Z,BZ,2621.43,297,35,1.787,1,1469,17223647.34,87.431,31.097,Erratic and mid-value — consider make-to-order
47585A,PINK FAIRY CAKE CUSHION COVER,B,Z,BZ,2620.38,1086,65,3.607,1,1470,17226267.72,87.444,31.118,Erratic and mid-value — consider make-to-order
84872A,TEATIME FUNKY FLOWER BACKPACK FOR 2,B,Z,BZ,2620.01,235,45,2.02,1,1471,17228887.73,87.457,31.139,Erratic and mid-value — consider make-to-order
85034B,3 WHITE CHOC MORRIS BOXED CANDLES,B,Z,BZ,2619.93,1188,47,2.471,1,1472,17231507.66,87.471,31.16,Erratic and mid-value — consider make-to-order
21422,PORCELAIN ROSE SMALL,B,Z,BZ,2619.17,3160,74,2.058,1,1473,17234126.83,87.484,31.181,Erratic and mid-value — consider make-to-order
72799E,IVORY PILLAR CANDLE SILVER FLOCK,B,Z,BZ,2615.39,1237,67,2.706,1,1474,17236742.22,87.497,31.202,Erratic and mid-value — consider make-to-order
22046,TEA PARTY  WRAPPING PAPER,B,Y,BY,2613.5,6375,91,0.958,1,1475,17239355.72,87.511,31.224,Standard policy
22439,6 ROCKET BALLOONS,B,Y,BY,2612.66,3912,83,0.976,1,1476,17241968.38,87.524,31.245,Standard policy
37502,TEA TIME MUG IN GIFT BOX,B,Z,BZ,2611.59,872,31,2.544,1,1477,17244579.97,87.537,31.266,Erratic and mid-value — consider make-to-order
85034C,3 ROSE MORRIS BOXED CANDLES,B,Z,BZ,2609.15,1318,55,2.607,1,1478,17247189.12,87.55,31.287,Erratic and mid-value — consider make-to-order
90062,CARNIVAL BRACELET,B,Z,BZ,2604.17,205,48,1.859,1,1479,17249793.29,87.564,31.308,Erratic and mid-value — consider make-to-order
85035B,CHOCOLATE 3 WICK MORRIS BOX CANDLE,B,Z,BZ,2602.86,995,54,3.973,1,1480,17252396.15,87.577,31.329,Erratic and mid-value — consider make-to-order
22190,LOCAL CAFE MUG,B,Z,BZ,2591.67,1400,79,1.685,1,1481,17254987.82,87.59,31.351,Erratic and mid-value — consider make-to-order
22933,BAKING MOULD EASTER EGG MILK CHOC,B,Z,BZ,2585.92,940,26,3.72,1,1482,17257573.74,87.603,31.372,Erratic and mid-value — consider make-to-order
21589,SWALLOW GIANT TUBE MATCHES,B,Z,BZ,2583.45,1119,27,2.605,1,1483,17260157.19,87.616,31.393,Erratic and mid-value — consider make-to-order
21818,GLITTER CHRISTMAS HEART,B,Z,BZ,2582.99,4236,63,1.83,1,1484,17262740.18,87.629,31.414,Erratic and mid-value — consider make-to-order
21171,BATHROOM METAL SIGN,B,Z,BZ,2581.17,1847,76,1.959,1,1485,17265321.35,87.642,31.435,Erratic and mid-value — consider make-to-order
21642,ASSORTED TUTTI FRUTTI PEN,B,Z,BZ,2578.87,4418,75,1.569,1,1486,17267900.22,87.656,31.456,Erratic and mid-value — consider make-to-order
21653,GLASS ETCHED T-LIGHT HOLDER LARGE,B,Z,BZ,2576.17,1251,41,2.486,1,1487,17270476.39,87.669,31.478,Erratic and mid-value — consider make-to-order
22471,TV DINNER TRAY AIR HOSTESS,B,Z,BZ,2573.71,628,70,1.953,1,1488,17273050.1,87.682,31.499,Erratic and mid-value — consider make-to-order
22937,BAKING MOULD CHOCOLATE CUPCAKES,B,Z,BZ,2568.34,974,41,1.971,1,1489,17275618.44,87.695,31.52,Erratic and mid-value — consider make-to-order
21288,STRIPEY CHOCOLATE NESTING BOXES,B,Z,BZ,2566.32,985,85,1.707,1,1490,17278184.76,87.708,31.541,Erratic and mid-value — consider make-to-order
22735,RIBBON REEL SOCKS AND MITTENS,B,Z,BZ,2566.13,1449,38,2.176,1,1491,17280750.89,87.721,31.562,Erratic and mid-value — consider make-to-order
22828,REGENCY MIRROR WITH SHUTTERS,B,Z,BZ,2565.0,17,10,3.509,0,1492,17283315.89,87.734,31.583,Erratic and mid-value — consider make-to-order
22342,HOME GARLAND PAINTED ZINC,B,Y,BY,2562.5,1842,93,1.241,1,1493,17285878.39,87.747,31.605,Standard policy
20960,WATERMELON BATH SPONGE,B,Z,BZ,2550.84,1900,56,1.87,1,1494,17288429.23,87.76,31.626,Erratic and mid-value — consider make-to-order
21898,POTTING SHED ROSE CANDLE,B,Z,BZ,2544.71,829,44,4.746,1,1495,17290973.94,87.773,31.647,Erratic and mid-value — consider make-to-order
21792,CLASSIC FRENCH STYLE BASKET GREEN,B,Z,BZ,2538.13,497,60,2.195,1,1496,17293512.07,87.786,31.668,Erratic and mid-value — consider make-to-order
21215,IVORY PAPER CUP CAKE CASES,B,Z,BZ,2537.73,4356,97,1.56,1,1497,17296049.8,87.798,31.689,Erratic and mid-value — consider make-to-order
20787,BLUE RETRO BAR STOOL,B,Z,BZ,2535.1,69,16,4.046,0,1498,17298584.9,87.811,31.71,Erratic and mid-value — consider make-to-order
21203,BUTTERFLIES  HONEYCOMB GARLAND,B,Z,BZ,2530.3,1541,35,2.616,1,1499,17301115.2,87.824,31.732,Erratic and mid-value — consider make-to-order
23424,GINGHAM RECIPE BOOK BOX,B,Z,BZ,2529.42,466,15,2.97,0,1500,17303644.62,87.837,31.753,Erratic and mid-value — consider make-to-order
23681,LUNCH BAG RED VINTAGE DOILY,B,Z,BZ,2526.69,1577,6,4.467,0,1501,17306171.31,87.85,31.774,Erratic and mid-value — consider make-to-order
21323,HANGING MEDINA LANTERN LARGE,B,Z,BZ,2523.89,744,27,5.188,1,1502,17308695.2,87.863,31.795,Erratic and mid-value — consider make-to-order
22415,WHITE TISSUE REAM,B,Z,BZ,2520.15,317,51,1.699,1,1503,17311215.35,87.875,31.816,Erratic and mid-value — consider make-to-order
21431,GREEN GINGHAM FLOWER JEWELLERY BOX,B,Z,BZ,2519.61,1488,45,1.836,1,1504,17313734.96,87.888,31.837,Erratic and mid-value — consider make-to-order
23316,RED REFECTORY CLOCK,B,Z,BZ,2511.59,251,25,2.129,0,1505,17316246.55,87.901,31.859,Erratic and mid-value — consider make-to-order
22153,ANGEL DECORATION STARS ON DRESS,B,Z,BZ,2511.58,5806,58,1.538,1,1506,17318758.13,87.914,31.88,Erratic and mid-value — consider make-to-order
85054,FRENCH ENAMEL POT W LID,B,Y,BY,2506.82,920,89,1.404,1,1507,17321264.95,87.926,31.901,Standard policy
82567,"AIRLINE LOUNGE,METAL SIGN",B,Y,BY,2505.28,1210,100,0.765,1,1508,17323770.23,87.939,31.922,Standard policy
85041,SET/4 PINK ORCHID CANDLES IN BOWL,B,Z,BZ,2498.12,1858,26,5.032,1,1509,17326268.35,87.952,31.943,Erratic and mid-value — consider make-to-order
23367,SET 12 COLOUR PENCILS SPACEBOY,B,Z,BZ,2495.75,3285,12,3.037,0,1510,17328764.1,87.964,31.964,Erratic and mid-value — consider make-to-order
21680,WOODLAND  STICKERS,B,Z,BZ,2493.88,2870,89,1.633,1,1511,17331257.98,87.977,31.986,Erratic and mid-value — consider make-to-order
22091,EMPIRE TISSUE BOX,B,Z,BZ,2492.73,3190,88,1.823,1,1512,17333750.71,87.99,32.007,Erratic and mid-value — consider make-to-order
84509B,SET OF 4 FAIRY CAKE PLACEMATS,B,Y,BY,2489.97,654,87,1.225,1,1513,17336240.68,88.002,32.028,Standard policy
22829,SWEETHEART WIRE WALL TIDY,B,Z,BZ,2488.47,243,46,1.606,1,1514,17338729.15,88.015,32.049,Erratic and mid-value — consider make-to-order
21924,BLUE/CREAM STRIPE FRINGE HAMMOCK,B,Z,BZ,2486.66,315,35,2.224,1,1515,17341215.81,88.028,32.07,Erratic and mid-value — consider make-to-order
85206B,PINK FELT EASTER EGG BASKET,B,Z,BZ,2485.55,1543,17,3.115,0,1516,17343701.36,88.04,32.091,Erratic and mid-value — consider make-to-order
22742,MAKE YOUR OWN PLAYTIME CARD KIT,B,Z,BZ,2484.94,1006,59,2.576,1,1517,17346186.3,88.053,32.113,Erratic and mid-value — consider make-to-order
20668,DISCO BALL CHRISTMAS DECORATION,B,Z,BZ,2475.04,21119,74,1.702,1,1518,17348661.34,88.065,32.134,Erratic and mid-value — consider make-to-order
85036A,GARDENIA 1 WICK MORRIS BOXED CANDLE,B,Z,BZ,2467.79,637,81,1.722,1,1519,17351129.13,88.078,32.155,Erratic and mid-value — consider make-to-order
22676,FRENCH BLUE METAL DOOR SIGN 1,B,Y,BY,2467.48,1832,68,1.279,1,1520,17353596.61,88.091,32.176,Standard policy
22852,DOG BOWL VINTAGE CREAM,B,Z,BZ,2467.11,565,55,1.576,1,1521,17356063.72,88.103,32.197,Erratic and mid-value — consider make-to-order
22789,T-LIGHT HOLDER SWEETHEART HANGING,B,Z,BZ,2466.34,1262,53,1.671,1,1522,17358530.06,88.116,32.218,Erratic and mid-value — consider make-to-order
23352,ROLL WRAP 50'S RED CHRISTMAS,B,Z,BZ,2462.95,1803,18,2.521,0,1523,17360993.01,88.128,32.24,Erratic and mid-value — consider make-to-order
21616,4 PEAR BOTANICAL DINNER CANDLES,B,Z,BZ,2462.33,1153,60,2.29,1,1524,17363455.34,88.141,32.261,Erratic and mid-value — consider make-to-order
21330,WOODLAND ANIMAL  WRITING SET,B,Z,BZ,2460.67,1456,39,3.191,1,1525,17365916.01,88.153,32.282,Erratic and mid-value — consider make-to-order
22911,PAPER CHAIN KIT LONDON,B,Z,BZ,2460.25,855,55,2.093,1,1526,17368376.26,88.166,32.303,Erratic and mid-value — consider make-to-order
21686,MEDINA STAMPED METAL STOOL,B,Z,BZ,2460.14,65,28,2.412,1,1527,17370836.4,88.178,32.324,Erratic and mid-value — consider make-to-order
21462,"NURSERY A,B,C PAINTED LETTERS",B,Z,BZ,2459.16,418,82,2.049,1,1528,17373295.56,88.191,32.345,Erratic and mid-value — consider make-to-order
84509F,SET OF 4 NEW ENGLAND PLACEMATS,B,Z,BZ,2456.1,2781,31,9.733,1,1529,17375751.66,88.203,32.367,Erratic and mid-value — consider make-to-order
21823,PAINTED METAL HEART WITH HOLLY BELL,B,Z,BZ,2453.91,2473,47,2.252,1,1530,17378205.57,88.215,32.388,Erratic and mid-value — consider make-to-order
21747,SMALL SKULL WINDMILL,B,Z,BZ,2453.6,2050,68,2.404,1,1531,17380659.17,88.228,32.409,Erratic and mid-value — consider make-to-order
84840,SWEETHEART CARRY-ALL BASKET,B,Z,BZ,2447.82,284,36,1.783,1,1532,17383106.99,88.24,32.43,Erratic and mid-value — consider make-to-order
21274,EMBOSSED HEART 3 DRAWER SHELF,B,Z,BZ,2446.19,177,43,1.522,1,1533,17385553.18,88.253,32.451,Erratic and mid-value — consider make-to-order
21789,KIDS RAIN MAC PINK,B,Y,BY,2439.62,2923,82,1.28,1,1534,17387992.8,88.265,32.472,Standard policy
22021,BLUE FELT EASTER EGG BASKET,B,Z,BZ,2433.61,1415,30,2.306,1,1535,17390426.41,88.277,32.494,Erratic and mid-value — consider make-to-order
21809,CHRISTMAS HANGING TREE WITH BELL,B,Z,BZ,2430.78,3018,45,2.46,1,1536,17392857.19,88.29,32.515,Erratic and mid-value — consider make-to-order
23406,HOME SWEET HOME KEY HOLDER,B,Z,BZ,2428.91,457,14,4.399,0,1537,17395286.1,88.302,32.536,Erratic and mid-value — consider make-to-order
22609,PENS ASSORTED SPACEBALL,B,Y,BY,2428.22,7159,64,1.428,1,1538,17397714.32,88.314,32.557,Standard policy
22448,PIN CUSHION BABUSHKA RED,B,Z,BZ,2426.73,753,59,3.348,1,1539,17400141.05,88.327,32.578,Erratic and mid-value — consider make-to-order
23265,SET OF 3 WOODEN TREE DECORATIONS,B,Z,BZ,2423.54,1784,27,2.495,1,1540,17402564.59,88.339,32.599,Erratic and mid-value — consider make-to-order
22613,PACK OF 20 SPACEBOY NAPKINS,B,Z,BZ,2423.16,3055,76,1.508,1,1541,17404987.75,88.351,32.621,Erratic and mid-value — consider make-to-order
22537,MAGIC DRAWING SLATE DINOSAUR,B,Z,BZ,2423.01,5866,84,2.804,1,1542,17407410.76,88.364,32.642,Erratic and mid-value — consider make-to-order
22362,GLASS JAR PEACOCK BATH SALTS,B,Z,BZ,2422.33,751,83,1.778,1,1543,17409833.09,88.376,32.663,Erratic and mid-value — consider make-to-order
21973,SET OF 36 MUSHROOM PAPER DOILIES,B,Z,BZ,2420.03,1670,75,1.919,1,1544,17412253.12,88.388,32.684,Erratic and mid-value — consider make-to-order
21106,CREAM SLICE FLANNEL CHOCOLATE SPOT,B,Y,BY,2419.68,790,74,1.385,1,1545,17414672.8,88.401,32.705,Standard policy
22540,MINI JIGSAW CIRCUS PARADE,B,Z,BZ,2410.29,6162,77,2.181,1,1546,17417083.09,88.413,32.727,Erratic and mid-value — consider make-to-order
23400,SHELF WITH 4 HOOKS HOME SWEET HOME,B,Z,BZ,2409.34,461,14,4.51,0,1547,17419492.43,88.425,32.748,Erratic and mid-value — consider make-to-order
21540,DAIRY MAID CERAMIC BUTTER DISH,B,Z,BZ,2403.45,1325,35,8.415,1,1548,17421895.88,88.437,32.769,Erratic and mid-value — consider make-to-order
85059,FRENCH ENAMEL WATER BASIN,B,Z,BZ,2399.89,701,87,1.549,1,1549,17424295.77,88.449,32.79,Erratic and mid-value — consider make-to-order
85034A,3 GARDENIA MORRIS BOXED CANDLES,B,Z,BZ,2393.44,852,58,2.976,1,1550,17426689.21,88.462,32.811,Erratic and mid-value — consider make-to-order
22986,GINGHAM ROSE WRAP,B,Y,BY,2389.9,5795,62,1.35,1,1551,17429079.11,88.474,32.832,Standard policy
85035A,GARDENIA 3 WICK MORRIS BOXED CANDLE,B,Z,BZ,2387.31,653,67,1.943,1,1552,17431466.42,88.486,32.854,Erratic and mid-value — consider make-to-order
23028,DRAWER KNOB CRACKLE GLAZE BLUE,B,Z,BZ,2387.03,1375,21,2.697,0,1553,17433853.45,88.498,32.875,Erratic and mid-value — consider make-to-order
23048,SET OF 10 LANTERNS FAIRY LIGHT STAR,B,Z,BZ,2384.97,581,29,3.908,1,1554,17436238.42,88.51,32.896,Erratic and mid-value — consider make-to-order
84818,DANISH ROSE PHOTO FRAME,B,Z,BZ,2383.04,1789,79,1.929,1,1555,17438621.46,88.522,32.917,Erratic and mid-value — consider make-to-order
22566,FELTCRAFT HAIRBAND PINK AND PURPLE,B,Z,BZ,2378.92,2842,78,2.956,1,1556,17441000.38,88.534,32.938,Erratic and mid-value — consider make-to-order
23498,CLASSIC BICYCLE CLIPS,B,Z,BZ,2378.48,1644,3,7.133,0,1557,17443378.86,88.546,32.959,Erratic and mid-value — consider make-to-order
10133,COLOURING PENCILS BROWN TUBE,B,Z,BZ,2377.88,3848,74,1.613,1,1558,17445756.74,88.558,32.981,Erratic and mid-value — consider make-to-order
21873,IF YOU CAN'T STAND THE HEAT MUG,B,Z,BZ,2377.51,2024,82,3.507,1,1559,17448134.25,88.57,33.002,Erratic and mid-value — consider make-to-order
21262,WHITE GOOSE FEATHER CHRISTMAS TREE,B,Z,BZ,2374.87,609,48,1.672,1,1560,17450509.12,88.582,33.023,Erratic and mid-value — consider make-to-order
23437,50'S CHRISTMAS GIFT BAG LARGE,B,Z,BZ,2373.63,1939,16,3.379,0,1561,17452882.75,88.595,33.044,Erratic and mid-value — consider make-to-order
47570,ENGLISH ROSE TABLE CLOTH,B,Z,BZ,2373.01,220,21,3.347,0,1562,17455255.76,88.607,33.065,Erratic and mid-value — consider make-to-order
23436,VINTAGE CHRISTMAS GIFT BAG LARGE,B,Z,BZ,2367.39,1979,18,3.899,0,1563,17457623.15,88.619,33.086,Erratic and mid-value — consider make-to-order
21468,BUTTERFLY CROCHET FOOD COVER,B,Z,BZ,2365.14,670,76,3.642,1,1564,17459988.29,88.631,33.108,Erratic and mid-value — consider make-to-order
22321,BIRD DECORATION RED RETROSPOT,B,Y,BY,2360.35,2552,96,1.158,1,1565,17462348.64,88.643,33.129,Standard policy
22642,SET OF 4 NAPKIN CHARMS STARS,B,Z,BZ,2358.67,993,44,2.0,1,1566,17464707.31,88.655,33.15,Erratic and mid-value — consider make-to-order
21615,4 LAVENDER BOTANICAL DINNER CANDLES,B,Z,BZ,2354.92,1181,51,2.459,1,1567,17467062.23,88.666,33.171,Erratic and mid-value — consider make-to-order
23401,RUSTIC MIRROR WITH LACE HEART,B,Z,BZ,2354.87,459,14,4.639,0,1568,17469417.1,88.678,33.192,Erratic and mid-value — consider make-to-order
23412,HEART MIRROR ANTIQUE WHITE,B,Z,BZ,2354.8,358,6,5.311,0,1569,17471771.9,88.69,33.213,Erratic and mid-value — consider make-to-order
21824,PAINTED METAL STAR WITH HOLLY BELLS,B,Z,BZ,2354.75,2785,41,2.539,1,1570,17474126.65,88.702,33.235,Erratic and mid-value — consider make-to-order
21437,24 HANGING EASTER EGGS FLORAL TUB,B,Z,BZ,2354.67,678,14,3.965,0,1571,17476481.32,88.714,33.256,Erratic and mid-value — consider make-to-order
21126,SET OF 6 GIRLS CELEBRATION CANDLES,B,Z,BZ,2354.22,2329,95,2.347,1,1572,17478835.54,88.726,33.277,Erratic and mid-value — consider make-to-order
22421,LIPSTICK PEN FUSCHIA,B,Y,BY,2352.7,4723,80,1.38,1,1573,17481188.24,88.738,33.298,Standard policy
84459B,YELLOW METAL CHICKEN HEART,B,Z,BZ,2341.77,1475,54,2.194,1,1574,17483530.01,88.75,33.319,Erratic and mid-value — consider make-to-order
22306,SILVER MUG BONE CHINA TREE OF LIFE,B,Z,BZ,2340.62,1639,41,1.939,1,1575,17485870.63,88.762,33.34,Erratic and mid-value — consider make-to-order
21826,EIGHT PIECE DINOSAUR SET,B,Z,BZ,2336.87,1808,61,1.783,1,1576,17488207.5,88.774,33.362,Erratic and mid-value — consider make-to-order
21708,FOLDING UMBRELLA CREAM POLKADOT,B,Z,BZ,2336.48,611,65,2.534,1,1577,17490543.98,88.786,33.383,Erratic and mid-value — consider make-to-order
21947,SET OF 6 HEART CHOPSTICKS,B,Y,BY,2327.81,1695,92,1.389,1,1578,17492871.79,88.798,33.404,Standard policy
22973,CHILDREN'S CIRCUS PARADE MUG,B,Z,BZ,2324.23,1367,51,1.69,1,1579,17495196.02,88.809,33.425,Erratic and mid-value — consider make-to-order
23197,SKETCHBOOK MAGNETIC SHOPPING LIST,B,Z,BZ,2323.8,1492,25,2.283,0,1580,17497519.82,88.821,33.446,Erratic and mid-value — consider make-to-order
22251,BIRDHOUSE DECORATION MAGIC GARDEN,B,Z,BZ,2322.64,1875,82,1.708,1,1581,17499842.46,88.833,33.467,Erratic and mid-value — consider make-to-order
85107,CUT GLASS T-LIGHT HOLDER OCTAGON,B,Z,BZ,2315.59,1219,43,2.875,1,1582,17502158.05,88.845,33.489,Erratic and mid-value — consider make-to-order
23371,SET 36 COLOUR PENCILS SPACEBOY,B,Z,BZ,2313.53,1712,12,3.218,0,1583,17504471.58,88.856,33.51,Erratic and mid-value — consider make-to-order
84536A,ENGLISH ROSE NOTEBOOK A7 SIZE,B,X,BX,2313.06,5110,102,0.723,1,1584,17506784.64,88.868,33.531,"Automate, review quarterly"
21741,COSY SLIPPER SHOES LARGE GREEN,B,Z,BZ,2311.45,707,63,1.691,1,1585,17509096.09,88.88,33.552,Erratic and mid-value — consider make-to-order
21482,MUSHROOM BLUE HOT WATER BOTTLE,B,Z,BZ,2308.56,744,34,3.276,1,1586,17511404.65,88.892,33.573,Erratic and mid-value — consider make-to-order
84796A,PINK HAWAIIAN PICNIC HAMPER FOR 2,B,Z,BZ,2307.23,312,49,3.351,1,1587,17513711.88,88.903,33.594,Erratic and mid-value — consider make-to-order
22363,GLASS JAR MARMALADE,B,Z,BZ,2306.34,782,77,2.336,1,1588,17516018.22,88.915,33.616,Erratic and mid-value — consider make-to-order
21696,SMALL SILVER TRELLIS CANDLEPOT,B,Y,BY,2304.24,767,61,1.291,1,1589,17518322.46,88.927,33.637,Standard policy
23029,DRAWER KNOB CRACKLE GLAZE GREEN,B,Z,BZ,2303.92,1352,26,2.094,1,1590,17520626.38,88.938,33.658,Erratic and mid-value — consider make-to-order
22409,MONEY BOX BISCUITS DESIGN,B,Z,BZ,2300.46,1694,69,4.606,1,1591,17522926.84,88.95,33.679,Erratic and mid-value — consider make-to-order
23330,DECORATIVE WICKER HEART MEDIUM,B,Z,BZ,2299.47,1804,18,2.55,0,1592,17525226.31,88.962,33.7,Erratic and mid-value — consider make-to-order
85114A,BLACK ENCHANTED FOREST PLACEMAT,B,Z,BZ,2296.54,1326,60,2.034,1,1593,17527522.85,88.973,33.721,Erratic and mid-value — consider make-to-order
23360,SET 8 CANDLES VINTAGE DOILY,B,Z,BZ,2296.15,1187,19,2.666,0,1594,17529819.0,88.985,33.743,Erratic and mid-value — consider make-to-order
85176,SEWING SUSAN 21 NEEDLE SET,B,Z,BZ,2293.0,2748,93,2.438,1,1595,17532112.0,88.997,33.764,Erratic and mid-value — consider make-to-order
22831,WHITE BROCANTE SOAP DISH,B,Z,BZ,2292.18,778,48,2.292,1,1596,17534404.18,89.008,33.785,Erratic and mid-value — consider make-to-order
21464,DISCO BALL ROTATOR BATTERY OPERATED,B,Y,BY,2291.0,540,90,1.048,1,1597,17536695.18,89.02,33.806,Standard policy
22246,"GARLAND, MAGIC GARDEN 1.8M",B,Y,BY,2289.9,1082,73,1.407,1,1598,17538985.08,89.032,33.827,Standard policy
85172,HYACINTH BULB T-LIGHT CANDLES,B,Z,BZ,2288.0,4303,72,1.559,1,1599,17541273.08,89.043,33.848,Erratic and mid-value — consider make-to-order
21655,HANGING RIDGE GLASS T-LIGHT HOLDER,B,Z,BZ,2287.64,1402,27,2.591,1,1600,17543560.72,89.055,33.87,Erratic and mid-value — consider make-to-order
85199L,LARGE HANGING IVORY & RED WOOD BIRD,B,Y,BY,2285.02,3455,92,1.28,1,1601,17545845.74,89.066,33.891,Standard policy
23128,FELTCRAFT BOY JEAN-PAUL KIT,B,Z,BZ,2283.41,453,39,1.963,1,1602,17548129.15,89.078,33.912,Erratic and mid-value — consider make-to-order
21819,GLITTER CHRISTMAS STAR,B,Z,BZ,2281.46,3889,43,2.231,1,1603,17550410.61,89.09,33.933,Erratic and mid-value — consider make-to-order
23252,VINTAGE RED ENAMEL TRIM JUG,B,Z,BZ,2276.61,607,27,2.437,1,1604,17552687.22,89.101,33.954,Erratic and mid-value — consider make-to-order
85106,CUT GLASS HEXAGON T-LIGHT HOLDER,B,Z,BZ,2276.34,1192,34,4.576,1,1605,17554963.56,89.113,33.975,Erratic and mid-value — consider make-to-order
85183A,CHARLIE & LOLA WASTEPAPER BIN BLUE,B,Z,BZ,2275.75,1512,68,2.381,1,1606,17557239.31,89.124,33.997,Erratic and mid-value — consider make-to-order
21804,WHITE CHRISTMAS GARLAND STARS TREES,B,Z,BZ,2270.99,605,35,2.02,1,1607,17559510.3,89.136,34.018,Erratic and mid-value — consider make-to-order
85014C,BLUE/BROWN DOTS RUFFLED UMBRELLA,B,Z,BZ,2270.73,547,21,5.802,0,1608,17561781.03,89.147,34.039,Erratic and mid-value — consider make-to-order
22539,MINI JIGSAW DOLLY GIRL,B,Z,BZ,2269.39,5657,80,1.564,1,1609,17564050.42,89.159,34.06,Erratic and mid-value — consider make-to-order
35001G,HAND OPEN SHAPE GOLD,B,Z,BZ,2267.97,717,55,2.617,1,1610,17566318.39,89.17,34.081,Erratic and mid-value — consider make-to-order
22024,RAINY LADIES BIRTHDAY CARD,B,Y,BY,2267.08,5415,97,0.822,1,1611,17568585.47,89.182,34.102,Standard policy
20658,RED SPOTTY LUGGAGE TAG,B,Y,BY,2263.86,1594,87,0.93,1,1612,17570849.33,89.193,34.124,Standard policy
22133,PINK LOVE HEART SHAPE CUP,B,Y,BY,2258.61,2464,100,1.262,1,1613,17573107.94,89.205,34.145,Standard policy
21681,GIANT MEDINA STAMPED METAL BOWL,B,Z,BZ,2254.71,235,38,2.66,1,1614,17575362.65,89.216,34.166,Erratic and mid-value — consider make-to-order
21476,STEEL SWEETHEART ROUND TABLE CREAM,B,Z,BZ,2249.41,144,41,1.891,1,1615,17577612.06,89.228,34.187,Erratic and mid-value — consider make-to-order
84469,ROSE DES PADDED FLOOR CUSHION,B,Z,BZ,2249.41,664,13,5.528,0,1616,17579861.47,89.239,34.208,Erratic and mid-value — consider make-to-order
21187,WHITE BELL HONEYCOMB PAPER GARLAND,B,Z,BZ,2247.08,1346,58,2.567,1,1617,17582108.55,89.25,34.229,Erratic and mid-value — consider make-to-order
22286,"DECORATION , WOBBLY RABBIT , METAL",B,Z,BZ,2245.3,1964,54,2.111,1,1618,17584353.85,89.262,34.251,Erratic and mid-value — consider make-to-order
23093,SMALL PARISIENNE HEART PHOTO FRAME,B,Z,BZ,2244.22,941,31,2.557,1,1619,17586598.07,89.273,34.272,Erratic and mid-value — consider make-to-order
23079,TOADSTOOL BEDSIDE LIGHT,B,Z,BZ,2243.35,253,30,2.049,1,1620,17588841.42,89.285,34.293,Erratic and mid-value — consider make-to-order
21651,HANGING GLASS ETCHED TEALIGHT,B,Z,BZ,2241.61,1386,50,2.23,1,1621,17591083.03,89.296,34.314,Erratic and mid-value — consider make-to-order
21710,FOLDING UMBRELLA PINKWHITE POLKADOT,B,Z,BZ,2239.96,727,63,4.578,1,1622,17593322.99,89.307,34.335,Erratic and mid-value — consider make-to-order
21638,ASSORTED TUTTI FRUTTI NOTEBOOK,B,Z,BZ,2239.84,1029,65,1.618,1,1623,17595562.83,89.319,34.356,Erratic and mid-value — consider make-to-order
85045,GREEN CHRISTMAS TREE STRING 20LIGHT,B,Z,BZ,2239.34,471,29,3.315,1,1624,17597802.17,89.33,34.378,Erratic and mid-value — consider make-to-order
20931,BLUE POT PLANT CANDLE,B,Z,BZ,2238.07,673,72,1.734,1,1625,17600040.24,89.342,34.399,Erratic and mid-value — consider make-to-order
22163,HEART STRING MEMO HOLDER HANGING,B,Z,BZ,2238.07,1270,65,2.013,1,1626,17602278.31,89.353,34.42,Erratic and mid-value — consider make-to-order
22803,IVORY EMBROIDERED QUILT,B,Z,BZ,2237.84,59,19,3.737,0,1627,17604516.15,89.364,34.441,Erratic and mid-value — consider make-to-order
23326,HANGING MINI COLOURED BOTTLES,B,Z,BZ,2237.71,3443,17,3.101,0,1628,17606753.86,89.376,34.462,Erratic and mid-value — consider make-to-order
22336,DOVE DECORATION PAINTED ZINC,B,Z,BZ,2235.34,4663,61,2.359,1,1629,17608989.2,89.387,34.483,Erratic and mid-value — consider make-to-order
16237,SLEEPING CAT ERASERS,B,Y,BY,2233.78,10388,103,0.907,1,1630,17611222.98,89.398,34.505,Standard policy
21620,SET OF 4 ROSE BOTANICAL CANDLES,B,Z,BZ,2232.98,1104,67,2.175,1,1631,17613455.96,89.41,34.526,Erratic and mid-value — consider make-to-order
51014L,"FEATHER PEN,LIGHT PINK",B,Y,BY,2232.55,3457,81,1.303,1,1632,17615688.51,89.421,34.547,Standard policy
21398,RED POLKADOT COFFEE  MUG,B,Z,BZ,2231.9,2295,54,3.028,1,1633,17617920.41,89.432,34.568,Erratic and mid-value — consider make-to-order
84691,PACK 20 DOLLY PEGS,B,Z,BZ,2231.45,2754,39,1.856,1,1634,17620151.86,89.444,34.589,Erratic and mid-value — consider make-to-order
23438,RED SPOT GIFT BAG LARGE,B,Z,BZ,2227.42,1823,19,3.41,0,1635,17622379.28,89.455,34.61,Erratic and mid-value — consider make-to-order
22074,6 RIBBONS SHIMMERING PINKS,B,Z,BZ,2222.94,2160,87,2.134,1,1636,17624602.22,89.466,34.632,Erratic and mid-value — consider make-to-order
21125,SET 6 FOOTBALL CELEBRATION CANDLES,B,Z,BZ,2221.38,2131,90,1.874,1,1637,17626823.6,89.477,34.653,Erratic and mid-value — consider make-to-order
22711,WRAP CIRCUS PARADE,B,Y,BY,2220.84,5402,70,1.234,1,1638,17629044.44,89.489,34.674,Standard policy
23501,KEY RING BASEBALL BOOT UNION JACK,B,Z,BZ,2220.37,1823,10,3.311,0,1639,17631264.81,89.5,34.695,Erratic and mid-value — consider make-to-order
22453,MEASURING TAPE BABUSHKA BLUE,B,Z,BZ,2218.82,803,59,1.962,1,1640,17633483.63,89.511,34.716,Erratic and mid-value — consider make-to-order
22716,CARD CIRCUS PARADE,B,Y,BY,2216.45,5230,77,0.861,1,1641,17635700.08,89.523,34.738,Standard policy
84913A,SOFT PINK ROSE TOWEL,B,Y,BY,2211.54,608,76,1.057,1,1642,17637911.62,89.534,34.759,Standard policy
23403,LETTER HOLDER HOME SWEET HOME,B,Z,BZ,2207.86,626,14,3.679,0,1643,17640119.48,89.545,34.78,Erratic and mid-value — consider make-to-order
22514,CHILDS GARDEN SPADE BLUE,B,Z,BZ,2207.12,1084,72,2.703,1,1644,17642326.6,89.556,34.801,Erratic and mid-value — consider make-to-order
22785,SQUARECUSHION COVER PINK UNION FLAG,B,Z,BZ,2207.11,412,38,3.709,1,1645,17644533.71,89.567,34.822,Erratic and mid-value — consider make-to-order
85116,BLACK CANDELABRA T-LIGHT HOLDER,B,Z,BZ,2206.24,1817,76,1.942,1,1646,17646739.95,89.579,34.843,Erratic and mid-value — consider make-to-order
22853,CAT BOWL VINTAGE CREAM,B,Y,BY,2205.57,645,54,1.488,1,1647,17648945.52,89.59,34.865,Standard policy
17091J,VANILLA INCENSE IN TIN,B,Y,BY,2204.35,3964,81,1.432,1,1648,17651149.87,89.601,34.886,Standard policy
22920,HERB MARKER BASIL,B,Z,BZ,2201.14,3481,49,4.703,1,1649,17653351.01,89.612,34.907,Erratic and mid-value — consider make-to-order
23302,KNEELING MAT HOUSEWORK  DESIGN,B,Z,BZ,2194.62,1544,30,3.274,1,1650,17655545.63,89.623,34.928,Erratic and mid-value — consider make-to-order
21611,SET OF 12 LILY BOTANICAL T-LIGHTS,B,Z,BZ,2193.99,754,45,2.03,1,1651,17657739.62,89.634,34.949,Erratic and mid-value — consider make-to-order
20770,ABSTRACT CIRCLE JOURNAL,B,Z,BZ,2193.14,1046,77,2.118,1,1652,17659932.76,89.646,34.97,Erratic and mid-value — consider make-to-order
85039B,S/4 IVORY MINI ROSE CANDLE IN BOWL,B,Z,BZ,2191.96,1657,78,1.666,1,1653,17662124.72,89.657,34.992,Erratic and mid-value — consider make-to-order
23020,GLASS  SONGBIRD STORAGE JAR,B,Z,BZ,2191.84,180,26,2.275,1,1654,17664316.56,89.668,35.013,Erratic and mid-value — consider make-to-order
23031,DRAWER KNOB CRACKLE GLAZE PINK,B,Z,BZ,2182.0,1296,26,2.136,1,1655,17666498.56,89.679,35.034,Erratic and mid-value — consider make-to-order
23445,ICE CREAM BUBBLES,B,Z,BZ,2177.84,2688,16,2.882,0,1656,17668676.4,89.69,35.055,Erratic and mid-value — consider make-to-order
22069,BROWN  PIRATE TREASURE CHEST,B,Z,BZ,2167.93,970,89,1.506,1,1657,17670844.33,89.701,35.076,Erratic and mid-value — consider make-to-order
85103,SILVER T-LIGHT SETTING,B,Z,BZ,2166.93,319,47,2.707,1,1658,17673011.26,89.712,35.097,Erratic and mid-value — consider make-to-order
22948,METAL DECORATION NAUGHTY CHILDREN,B,Y,BY,2166.39,2157,56,1.433,1,1659,17675177.65,89.723,35.119,Standard policy
22182,CAKE STAND VICTORIAN FILIGREE SMALL,B,Z,BZ,2166.35,563,69,1.696,1,1660,17677344.0,89.734,35.14,Erratic and mid-value — consider make-to-order
85216,ASSORTED CAKES FRIDGE MAGNETS,B,Z,BZ,2158.12,2855,56,1.815,1,1661,17679502.12,89.745,35.161,Erratic and mid-value — consider make-to-order
22714,CARD BIRTHDAY COWBOY,B,Y,BY,2157.91,5277,79,1.381,1,1662,17681660.03,89.756,35.182,Standard policy
23370,SET 36 COLOURING PENCILS DOILY,B,Z,BZ,2157.85,1555,12,3.105,0,1663,17683817.88,89.767,35.203,Erratic and mid-value — consider make-to-order
22824,3 TIER SWEETHEART GARDEN SHELF,B,Z,BZ,2153.95,61,31,1.958,1,1664,17685971.83,89.778,35.224,Erratic and mid-value — consider make-to-order
22338,STAR DECORATION PAINTED ZINC,B,Z,BZ,2152.75,6091,51,2.265,1,1665,17688124.58,89.789,35.246,Erratic and mid-value — consider make-to-order
21359,RELAX LARGE WOOD LETTERS,B,Z,BZ,2148.38,210,48,2.441,1,1666,17690272.96,89.8,35.267,Erratic and mid-value — consider make-to-order
23005,TRAVEL CARD WALLET I LOVE LONDON,B,Z,BZ,2147.55,4783,28,2.303,1,1667,17692420.51,89.81,35.288,Erratic and mid-value — consider make-to-order
23161,REGENCY CAKE FORK,B,Z,BZ,2145.3,1715,29,2.189,1,1668,17694565.81,89.821,35.309,Erratic and mid-value — consider make-to-order
21421,PORCELAIN ROSE LARGE,B,Z,BZ,2144.48,1792,48,2.275,1,1669,17696710.29,89.832,35.33,Erratic and mid-value — consider make-to-order
21905,MORE BUTTER METAL SIGN,B,Z,BZ,2143.17,1616,89,2.396,1,1670,17698853.46,89.843,35.351,Erratic and mid-value — consider make-to-order
22677,FRENCH BLUE METAL DOOR SIGN 2,B,Y,BY,2143.03,1583,63,1.321,1,1671,17700996.49,89.854,35.373,Standard policy
21617,4 LILY  BOTANICAL DINNER CANDLES,B,Z,BZ,2142.51,838,69,1.843,1,1672,17703139.0,89.865,35.394,Erratic and mid-value — consider make-to-order
20764,ABSTRACT CIRCLES SKETCHBOOK,B,Z,BZ,2142.26,687,79,2.135,1,1673,17705281.26,89.876,35.415,Erratic and mid-value — consider make-to-order
22708,WRAP DOLLY GIRL,B,Z,BZ,2140.5,5325,70,1.978,1,1674,17707421.76,89.887,35.436,Erratic and mid-value — consider make-to-order
84670,JAPANESE CROCHETED ANIMAL,B,Z,BZ,2140.06,5223,46,1.988,1,1675,17709561.82,89.897,35.457,Erratic and mid-value — consider make-to-order
23213,STAR WREATH DECORATION WITH BELL,B,Z,BZ,2139.67,1683,24,2.603,0,1676,17711701.49,89.908,35.478,Erratic and mid-value — consider make-to-order
23066,SMALL DECO JEWELLERY STAND,B,Z,BZ,2137.81,259,24,2.952,0,1677,17713839.3,89.919,35.5,Erratic and mid-value — consider make-to-order
21774,DECORATIVE CATS BATHROOM BOTTLE,B,Z,BZ,2134.81,1715,100,2.263,1,1678,17715974.11,89.93,35.521,Erratic and mid-value — consider make-to-order
22515,CHILDS GARDEN SPADE PINK,B,Z,BZ,2131.84,1047,68,2.724,1,1679,17718105.95,89.941,35.542,Erratic and mid-value — consider make-to-order
21643,ASSORTED TUTTI FRUTTI MIRROR,B,Y,BY,2127.94,1521,77,1.313,1,1680,17720233.89,89.952,35.563,Standard policy
21195,PINK  HONEYCOMB PAPER BALL,B,Z,BZ,2122.66,997,58,2.436,1,1681,17722356.55,89.962,35.584,Erratic and mid-value — consider make-to-order
22023,EMPIRE BIRTHDAY CARD,B,Y,BY,2112.05,5059,100,0.965,1,1682,17724468.6,89.973,35.605,Standard policy
23046,PAPER LANTERN 9 POINT DELUXE STAR,B,Z,BZ,2111.49,349,21,7.18,0,1683,17726580.09,89.984,35.627,Erratic and mid-value — consider make-to-order
22279,POCKET BAG BLUE PAISLEY RED SPOT,B,Z,BZ,2110.87,1445,78,1.523,1,1684,17728690.96,89.995,35.648,Erratic and mid-value — consider make-to-order
22913,RED COAT RACK PARIS FASHION,B,Z,BZ,2107.85,450,46,3.006,1,1685,17730798.81,90.005,35.669,Erratic and mid-value — consider make-to-order
23251,VINTAGE RED ENAMEL TRIM MUG,B,Z,BZ,2107.0,1713,26,2.381,1,1686,17732905.81,90.016,35.69,Erratic and mid-value — consider make-to-order
23233,WRAP POPPIES  DESIGN,B,Z,BZ,2105.5,5175,47,1.845,1,1687,17735011.31,90.027,35.711,Erratic and mid-value — consider make-to-order
84676,BATH DUCK WATERING CAN,B,Z,BZ,2102.46,848,30,3.486,1,1688,17737113.77,90.037,35.732,Erratic and mid-value — consider make-to-order
40018F,CHERRY DESIGN PAPERLANTERNS,B,Z,BZ,2102.28,1093,36,3.531,1,1689,17739216.05,90.048,35.754,Erratic and mid-value — consider make-to-order
21291,SMALL POLKADOT CHOCOLATE GIFT BAG,B,Y,BY,2101.73,2439,75,1.372,1,1690,17741317.78,90.059,35.775,Standard policy
22996,TRAVEL CARD WALLET VINTAGE TICKET,B,Z,BZ,2099.97,4813,43,1.75,1,1691,17743417.75,90.069,35.796,Erratic and mid-value — consider make-to-order
21070,VINTAGE BILLBOARD MUG,B,Z,BZ,2099.71,2047,93,2.657,1,1692,17745517.46,90.08,35.817,Erratic and mid-value — consider make-to-order
21865,PINK UNION JACK  PASSPORT COVER,B,Y,BY,2098.24,902,93,1.15,1,1693,17747615.7,90.091,35.838,Standard policy
23152,IVORY SWEETHEART WIRE LETTER RACK,B,Z,BZ,2095.65,558,33,2.012,1,1694,17749711.35,90.101,35.859,Erratic and mid-value — consider make-to-order
22859,EASTER TIN BUNNY BOUQUET,B,Z,BZ,2095.65,1256,32,2.222,1,1695,17751807.0,90.112,35.881,Erratic and mid-value — consider make-to-order
23315,IVORY REFECTORY CLOCK,B,Z,BZ,2094.24,213,25,2.426,0,1696,17753901.24,90.123,35.902,Erratic and mid-value — consider make-to-order
21619,4 VANILLA BOTANICAL CANDLES,B,Z,BZ,2085.27,1138,58,2.605,1,1697,17755986.51,90.133,35.923,Erratic and mid-value — consider make-to-order
22308,TEA COSY BLUE STRIPE,B,Z,BZ,2085.05,677,88,1.691,1,1698,17758071.56,90.144,35.944,Erratic and mid-value — consider make-to-order
84854,GIRLY PINK TOOL SET,B,Z,BZ,2084.42,382,39,2.504,1,1699,17760155.98,90.154,35.965,Erratic and mid-value — consider make-to-order
79323S,SILVER CHERRY LIGHTS,B,Z,BZ,2084.32,334,17,5.47,0,1700,17762240.3,90.165,35.986,Erratic and mid-value — consider make-to-order
21640,ASSORTED TUTTI FRUTTI  FOB NOTEBOOK,B,Y,BY,2084.25,2266,80,1.334,1,1701,17764324.55,90.175,36.008,Standard policy
72799F,IVORY PILLAR CANDLE GOLD FLOCK,B,Z,BZ,2082.74,1125,49,4.47,1,1702,17766407.29,90.186,36.029,Erratic and mid-value — consider make-to-order
84797B,BLUE SAVANNAH PICNIC HAMPER FOR 4,B,Z,BZ,2077.82,344,12,5.568,0,1703,17768485.11,90.197,36.05,Erratic and mid-value — consider make-to-order
84990,60 GOLD AND SILVER FAIRY CAKE CASES,B,Z,BZ,2077.59,4276,45,2.73,1,1704,17770562.7,90.207,36.071,Erratic and mid-value — consider make-to-order
22695,WICKER WREATH SMALL,B,Z,BZ,2071.6,1458,52,1.857,1,1705,17772634.3,90.218,36.092,Erratic and mid-value — consider make-to-order
23227,FILIGREE HEART BUTTERFLY WHITE,B,Z,BZ,2070.06,1642,29,2.35,1,1706,17774704.36,90.228,36.113,Erratic and mid-value — consider make-to-order
85049H,URBAN BLACK RIBBONS,B,Y,BY,2068.43,2067,90,1.301,1,1707,17776772.79,90.239,36.135,Standard policy
22935,BAKING MOULD ROSE MILK CHOCOLATE,B,Z,BZ,2066.82,690,35,2.793,1,1708,17778839.61,90.249,36.156,Erratic and mid-value — consider make-to-order
21200,MULTICOLOUR HONEYCOMB PAPER GARLAND,B,Z,BZ,2066.81,1422,71,2.652,1,1709,17780906.42,90.26,36.177,Erratic and mid-value — consider make-to-order
21058,PARTY INVITES WOODLAND,B,Y,BY,2063.24,2405,94,1.337,1,1710,17782969.66,90.27,36.198,Standard policy
21077,SET/20 WOODLAND PAPER NAPKINS,B,Z,BZ,2060.65,2793,39,3.087,1,1711,17785030.31,90.281,36.219,Erratic and mid-value — consider make-to-order
84509G,SET OF 4 FAIRY CAKE PLACEMATS,B,Z,BZ,2060.37,804,73,2.343,1,1712,17787090.68,90.291,36.24,Erratic and mid-value — consider make-to-order
23291,DOLLY GIRL CHILDRENS CUP,B,Z,BZ,2060.28,1635,26,2.356,1,1713,17789150.96,90.301,36.262,Erratic and mid-value — consider make-to-order
22400,MAGNETS PACK OF 4 HOME SWEET HOME,B,Z,BZ,2057.29,2461,71,1.953,1,1714,17791208.25,90.312,36.283,Erratic and mid-value — consider make-to-order
23490,T-LIGHT HOLDER HANGING LOVE BIRD,B,Z,BZ,2055.27,548,9,3.588,0,1715,17793263.52,90.322,36.304,Erratic and mid-value — consider make-to-order
22903,CALENDAR FAMILY FAVOURITES,B,Z,BZ,2053.96,745,38,3.849,1,1716,17795317.48,90.333,36.325,Erratic and mid-value — consider make-to-order
84459A,PINK METAL CHICKEN HEART,B,Z,BZ,2046.16,1266,70,2.223,1,1717,17797363.64,90.343,36.346,Erratic and mid-value — consider make-to-order
23500,KEY RING BASEBALL BOOT ASSORTED,B,Z,BZ,2044.58,1631,10,3.487,0,1718,17799408.22,90.354,36.367,Erratic and mid-value — consider make-to-order
22928,YELLOW GIANT GARDEN THERMOMETER,B,Z,BZ,2041.35,296,42,2.294,1,1719,17801449.57,90.364,36.389,Erratic and mid-value — consider make-to-order
21348,PINK SPOTS CHOCOLATE NESTING BOXES,B,Z,BZ,2039.69,845,47,2.663,1,1720,17803489.26,90.374,36.41,Erratic and mid-value — consider make-to-order
22201,FRYING PAN BLUE POLKADOT,B,Z,BZ,2038.65,510,72,3.01,1,1721,17805527.91,90.385,36.431,Erratic and mid-value — consider make-to-order
85016,SET OF 6 VINTAGE NOTELETS KIT,B,Z,BZ,2033.33,1679,66,2.682,1,1722,17807561.24,90.395,36.452,Erratic and mid-value — consider make-to-order
22832,BROCANTE SHELF WITH HOOKS,B,Z,BZ,2033.15,185,40,2.145,1,1723,17809594.39,90.405,36.473,Erratic and mid-value — consider make-to-order
22261,FELT EGG COSY WHITE RABBIT,B,Z,BZ,2030.3,2112,66,2.671,1,1724,17811624.69,90.416,36.494,Erratic and mid-value — consider make-to-order
22799,SWEETHEART WIRE FRUIT BOWL,B,Z,BZ,2029.34,254,45,1.792,1,1725,17813654.03,90.426,36.516,Erratic and mid-value — consider make-to-order
47591C,BLUE FAIRY CAKE CHILD'S APRON,B,Z,BZ,2029.27,1055,35,2.58,1,1726,17815683.3,90.436,36.537,Erratic and mid-value — consider make-to-order
21612,SET 12 WILDFLOWER BOTANICAL T-LIGHT,B,Z,BZ,2025.77,698,33,2.259,1,1727,17817709.07,90.446,36.558,Erratic and mid-value — consider make-to-order
21504,SKULLS GREETING CARD,B,Y,BY,2025.18,4961,91,1.025,1,1728,17819734.25,90.457,36.579,Standard policy
22211,WOOD STAMP SET FLOWERS,B,Y,BY,2024.0,1532,87,1.094,1,1729,17821758.25,90.467,36.6,Standard policy
35953,FOLKART STAR CHRISTMAS DECORATIONS,B,Z,BZ,2020.97,3879,35,2.768,1,1730,17823779.22,90.477,36.622,Erratic and mid-value — consider make-to-order
23268,SET OF 2 CERAMIC CHRISTMAS REINDEER,B,Z,BZ,2019.59,1448,20,3.719,0,1731,17825798.81,90.488,36.643,Erratic and mid-value — consider make-to-order
21397,BLUE  SPOTTY EGG CUP,B,Z,BZ,2017.74,2157,58,2.557,1,1732,17827816.55,90.498,36.664,Erratic and mid-value — consider make-to-order
21356,TOAST ITS - FAIRY FLOWER,B,Y,BY,2015.41,1593,88,1.02,1,1733,17829831.96,90.508,36.685,Standard policy
23289,DOLLY GIRL CHILDRENS BOWL,B,Z,BZ,2013.7,1622,26,2.29,1,1734,17831845.66,90.518,36.706,Erratic and mid-value — consider make-to-order
20686,DOLLY MIXTURE CHILDREN'S UMBRELLA,B,Y,BY,2012.59,593,84,1.233,1,1735,17833858.25,90.528,36.727,Standard policy
22520,CHILDS GARDEN TROWEL BLUE,B,Z,BZ,2012.13,2295,57,1.705,1,1736,17835870.38,90.539,36.749,Erratic and mid-value — consider make-to-order
23358,HOT STUFF HOT WATER BOTTLE,B,Z,BZ,2012.13,595,16,3.048,0,1737,17837882.51,90.549,36.77,Erratic and mid-value — consider make-to-order
23529,WALL ART DOLLY GIRL,B,Z,BZ,2011.99,637,10,5.616,0,1738,17839894.5,90.559,36.791,Erratic and mid-value — consider make-to-order
21389,IVORY HANGING DECORATION  BIRD,B,Y,BY,2010.64,2302,84,1.131,1,1739,17841905.14,90.569,36.812,Standard policy
37476,CONDIMENT TRAY 4 BOWLS AND 4 SPOONS,B,Z,BZ,2010.6,209,45,3.887,1,1740,17843915.74,90.579,36.833,Erratic and mid-value — consider make-to-order
20703,BLUE PADDED SOFT MOBILE,B,Y,BY,2010.47,475,49,1.408,1,1741,17845926.21,90.59,36.854,Standard policy
23274,STAR T-LIGHT HOLDER WILLIE WINKIE,B,Z,BZ,2009.95,1183,24,2.548,0,1742,17847936.16,90.6,36.876,Erratic and mid-value — consider make-to-order
22496,SET OF 2 ROUND TINS DUTCH CHEESE,B,Z,BZ,2007.89,735,80,1.842,1,1743,17849944.05,90.61,36.897,Erratic and mid-value — consider make-to-order
79323G,GOLD  CHERRY LIGHTS,B,Z,BZ,2007.88,314,18,3.408,0,1744,17851951.93,90.62,36.918,Erratic and mid-value — consider make-to-order
22068,BLACK PIRATE TREASURE CHEST,B,Z,BZ,2003.31,1127,96,1.751,1,1745,17853955.24,90.63,36.939,Erratic and mid-value — consider make-to-order
22932,BAKING MOULD TOFFEE CUP CHOCOLATE,B,Z,BZ,2000.88,884,38,3.366,1,1746,17855956.12,90.641,36.96,Erratic and mid-value — consider make-to-order
22521,CHILDS GARDEN TROWEL PINK,B,Z,BZ,1998.13,2300,54,1.784,1,1747,17857954.25,90.651,36.981,Erratic and mid-value — consider make-to-order
22405,MONEY BOX POCKET MONEY DESIGN,B,Z,BZ,1995.88,1644,71,1.571,1,1748,17859950.13,90.661,37.003,Erratic and mid-value — consider make-to-order
23357,HOT WATER BOTTLE SEX BOMB,B,Z,BZ,1993.6,453,16,2.881,0,1749,17861943.73,90.671,37.024,Erratic and mid-value — consider make-to-order
22719,GUMBALL MONOCHROME COAT RACK,B,Z,BZ,1987.83,1467,51,1.519,1,1750,17863931.56,90.681,37.045,Erratic and mid-value — consider make-to-order
79160,HEART SHAPE WIRELESS DOORBELL,B,Z,BZ,1987.77,951,71,2.047,1,1751,17865919.33,90.691,37.066,Erratic and mid-value — consider make-to-order
21695,SMALL SILVER FLOWER CANDLE POT,B,Y,BY,1987.58,642,61,1.446,1,1752,17867906.91,90.701,37.087,Standard policy
22559,SEASIDE FLYING DISC,B,Z,BZ,1986.87,1583,72,1.644,1,1753,17869893.78,90.711,37.108,Erratic and mid-value — consider make-to-order
22343,PARTY PIZZA DISH RED RETROSPOT,B,Z,BZ,1986.31,3300,80,1.906,1,1754,17871880.09,90.721,37.13,Erratic and mid-value — consider make-to-order
85217,ASSORTED ICE CREAM FRIDGE MAGNETS,B,Z,BZ,1985.75,2875,38,1.813,1,1755,17873865.84,90.732,37.151,Erratic and mid-value — consider make-to-order
20871,OPULENT VELVET SET/3 CANDLES,B,Z,BZ,1984.35,1276,36,2.824,1,1756,17875850.19,90.742,37.172,Erratic and mid-value — consider make-to-order
17084R,ASSORTED INCENSE PACK,B,Z,BZ,1983.57,10697,47,3.076,1,1757,17877833.76,90.752,37.193,Erratic and mid-value — consider make-to-order
21657,MILK BOTTLE WITH GLASS STOPPER,B,Y,BY,1981.28,259,54,1.456,1,1758,17879815.04,90.762,37.214,Standard policy
23075,PARLOUR CERAMIC WALL HOOK,B,Z,BZ,1981.05,477,31,2.136,1,1759,17881796.09,90.772,37.235,Erratic and mid-value — consider make-to-order
23145,ZINC T-LIGHT HOLDER STAR LARGE,B,Z,BZ,1979.48,2084,34,1.782,1,1760,17883775.57,90.782,37.257,Erratic and mid-value — consider make-to-order
22204,MILK PAN BLUE POLKADOT,B,Z,BZ,1978.04,538,72,2.835,1,1761,17885753.61,90.792,37.278,Erratic and mid-value — consider make-to-order
21629,SQUARE FLOOR CUSHION VINTAGE RED,B,Y,BY,1977.27,179,62,1.242,1,1762,17887730.88,90.802,37.299,Standard policy
23068,ALUMINIUM STAMPED HEART,B,Z,BZ,1976.89,813,34,2.043,1,1763,17889707.77,90.812,37.32,Erratic and mid-value — consider make-to-order
22599,CHRISTMAS MUSICAL ZINC STAR,B,Z,BZ,1976.88,3119,35,2.011,1,1764,17891684.65,90.822,37.341,Erratic and mid-value — consider make-to-order
21630,FLOOR CUSHION ELEPHANT CARNIVAL,B,Z,BZ,1973.39,162,59,1.636,1,1765,17893658.04,90.832,37.362,Erratic and mid-value — consider make-to-order
21803,CHRISTMAS TREE STAR DECORATION,B,Z,BZ,1969.62,4536,59,1.731,1,1766,17895627.66,90.842,37.384,Erratic and mid-value — consider make-to-order
22931,BAKING MOULD HEART WHITE CHOCOLATE,B,Z,BZ,1968.4,815,41,2.886,1,1767,17897596.06,90.852,37.405,Erratic and mid-value — consider make-to-order
21082,SET/20 FRUIT SALAD PAPER NAPKINS,B,Z,BZ,1963.85,7187,65,6.132,1,1768,17899559.91,90.862,37.426,Erratic and mid-value — consider make-to-order
23374,RED SPOT PAPER GIFT BAG,B,Z,BZ,1962.83,2456,19,2.691,0,1769,17901522.74,90.872,37.447,Erratic and mid-value — consider make-to-order
23228,FILIGREE HEART BIRD WHITE,B,Z,BZ,1960.0,1492,28,2.104,1,1770,17903482.74,90.882,37.468,Erratic and mid-value — consider make-to-order
22262,FELT EGG COSY CHICKEN,B,Y,BY,1958.87,2039,84,1.289,1,1771,17905441.61,90.892,37.489,Standard policy
22098,BOUDOIR SQUARE TISSUE BOX,B,Z,BZ,1958.68,2871,92,2.159,1,1772,17907400.29,90.902,37.511,Erratic and mid-value — consider make-to-order
22438,BALLOON ART MAKE YOUR OWN FLOWERS,B,Z,BZ,1958.46,1483,64,3.729,1,1773,17909358.75,90.912,37.532,Erratic and mid-value — consider make-to-order
21647,ASSORTED TUTTI FRUTTI LARGE PURSE,B,Z,BZ,1958.08,876,52,1.78,1,1774,17911316.83,90.922,37.553,Erratic and mid-value — consider make-to-order
20846,ZINC HEART LATTICE T-LIGHT HOLDER,B,Y,BY,1958.06,1454,78,1.223,1,1775,17913274.89,90.932,37.574,Standard policy
23235,STORAGE TIN VINTAGE LEAF,B,Z,BZ,1957.69,739,25,3.573,0,1776,17915232.58,90.942,37.595,Erratic and mid-value — consider make-to-order
22614,PACK OF 12 SPACEBOY TISSUES,B,Y,BY,1955.85,5731,78,0.971,1,1777,17917188.43,90.951,37.616,Standard policy
35971,ROSE FOLKART HEART DECORATIONS,B,Z,BZ,1955.24,1969,88,2.579,1,1778,17919143.67,90.961,37.638,Erratic and mid-value — consider make-to-order
22802,FAUX FUR CHOCOLATE THROW,B,Z,BZ,1953.54,111,28,2.463,1,1779,17921097.21,90.971,37.659,Erratic and mid-value — consider make-to-order
20984,12 PENCILS TALL TUBE POSY,B,Z,BZ,1953.04,5899,73,2.496,1,1780,17923050.25,90.981,37.68,Erratic and mid-value — consider make-to-order
21692,SILVER LATTICE VANILLA CANDLE POT,B,Z,BZ,1940.37,511,48,1.681,1,1781,17924990.62,90.991,37.701,Erratic and mid-value — consider make-to-order
46775D,SUNSET COLOUR CHUNKY KNITTED THROW,B,Z,BZ,1938.19,153,56,2.39,1,1782,17926928.81,91.001,37.722,Erratic and mid-value — consider make-to-order
22753,SMALL YELLOW BABUSHKA NOTEBOOK,B,Z,BZ,1929.66,2349,65,1.628,1,1783,17928858.47,91.011,37.743,Erratic and mid-value — consider make-to-order
21538,DAIRY MAID  PUDDING BOWL,B,Z,BZ,1928.26,1309,27,9.297,1,1784,17930786.73,91.02,37.765,Erratic and mid-value — consider make-to-order
21991,BOHEMIAN COLLAGE STATIONERY SET,B,Z,BZ,1927.54,1103,76,1.979,1,1785,17932714.27,91.03,37.786,Erratic and mid-value — consider make-to-order
84581,DOG TOY WITH PINK CROCHET SKIRT,B,Y,BY,1927.52,508,88,0.889,1,1786,17934641.79,91.04,37.807,Standard policy
20716,PARTY FOOD SHOPPER BAG,B,Y,BY,1926.29,1534,73,1.123,1,1787,17936568.08,91.05,37.828,Standard policy
21043,APRON MODERN VINTAGE COTTON,B,Z,BZ,1924.93,679,49,2.473,1,1788,17938493.01,91.06,37.849,Erratic and mid-value — consider make-to-order
23094,LE GRAND TRAY CHIC SET,B,Z,BZ,1924.92,152,29,2.395,1,1789,17940417.93,91.069,37.87,Erratic and mid-value — consider make-to-order
21802,CHRISTMAS TREE HEART DECORATION,B,Z,BZ,1917.62,4378,65,1.697,1,1790,17942335.55,91.079,37.892,Erratic and mid-value — consider make-to-order
85232A,SET/3 POLKA DOT STACKING TINS,B,Z,BZ,1915.17,378,62,1.597,1,1791,17944250.72,91.089,37.913,Erratic and mid-value — consider make-to-order
23155,KNICKERBOCKERGLORY MAGNET ASSORTED,B,Z,BZ,1914.73,2233,37,2.116,1,1792,17946165.45,91.099,37.934,Erratic and mid-value — consider make-to-order
20684,STRAWBERRY DREAM CHILDS UMBRELLA,B,Z,BZ,1913.31,581,68,1.828,1,1793,17948078.76,91.108,37.955,Erratic and mid-value — consider make-to-order
22522,CHILDS GARDEN FORK BLUE,B,Z,BZ,1911.76,2246,73,1.724,1,1794,17949990.52,91.118,37.976,Erratic and mid-value — consider make-to-order
40001,WHITE BAMBOO RIBS LAMPSHADE,B,Z,BZ,1911.65,2484,70,1.766,1,1795,17951902.17,91.128,37.997,Erratic and mid-value — consider make-to-order
21659,GLASS CAKE STAND,B,Z,BZ,1906.65,121,30,2.29,1,1796,17953808.82,91.137,38.019,Erratic and mid-value — consider make-to-order
22513,DOORSTOP FOOTBALL DESIGN,B,Z,BZ,1905.95,588,65,2.399,1,1797,17955714.77,91.147,38.04,Erratic and mid-value — consider make-to-order
22565,FELTCRAFT HAIRBANDS PINK AND WHITE,B,Y,BY,1905.59,2090,81,1.326,1,1798,17957620.36,91.157,38.061,Standard policy
85162B,BLACK RETRODISC LAMPSHADE,B,Z,BZ,1905.15,977,11,4.089,0,1799,17959525.51,91.166,38.082,Erratic and mid-value — consider make-to-order
84763,ZINC FINISH 15CM PLANTER POTS,B,Y,BY,1903.0,1517,68,1.493,1,1800,17961428.51,91.176,38.103,Standard policy
21773,DECORATIVE ROSE BATHROOM BOTTLE,B,Z,BZ,1901.9,1644,97,2.495,1,1801,17963330.41,91.186,38.124,Erratic and mid-value — consider make-to-order
22210,WOOD STAMP SET BEST WISHES,B,Z,BZ,1901.73,1589,81,1.828,1,1802,17965232.14,91.195,38.146,Erratic and mid-value — consider make-to-order
84519B,CARROT CHARLIE+LOLA COASTER SET,B,Y,BY,1899.57,869,87,1.469,1,1803,17967131.71,91.205,38.167,Standard policy
23491,VINTAGE JINGLE BELLS HEART,B,Z,BZ,1897.76,228,8,4.027,0,1804,17969029.47,91.215,38.188,Erratic and mid-value — consider make-to-order
22985,"WRAP, BILLBOARD FONTS DESIGN",B,Z,BZ,1895.24,4722,58,2.075,1,1805,17970924.71,91.224,38.209,Erratic and mid-value — consider make-to-order
16169E,WRAP 50'S  CHRISTMAS,B,Z,BZ,1892.46,4563,21,2.515,0,1806,17972817.17,91.234,38.23,Erratic and mid-value — consider make-to-order
21445,12 PINK ROSE PEG PLACE SETTINGS,B,Z,BZ,1892.23,1523,61,3.25,1,1807,17974709.4,91.243,38.251,Erratic and mid-value — consider make-to-order
23434,3 RAFFIA RIBBONS 50'S CHRISTMAS,B,Z,BZ,1892.07,2105,14,3.05,0,1808,17976601.47,91.253,38.273,Erratic and mid-value — consider make-to-order
21581,SKULLS  DESIGN  COTTON TOTE BAG,B,Z,BZ,1890.74,1172,74,3.362,1,1809,17978492.21,91.263,38.294,Erratic and mid-value — consider make-to-order
22523,CHILDS GARDEN FORK PINK,B,Z,BZ,1889.09,2191,76,1.642,1,1810,17980381.3,91.272,38.315,Erratic and mid-value — consider make-to-order
23394,POSTE FRANCE CUSHION COVER,B,Z,BZ,1888.9,438,15,2.717,0,1811,17982270.2,91.282,38.336,Erratic and mid-value — consider make-to-order
85185B,PINK HORSE SOCK PUPPET,B,Y,BY,1887.71,608,80,1.074,1,1812,17984157.91,91.291,38.357,Standard policy
85231B,CINAMMON SET OF 9 T-LIGHTS,B,Y,BY,1886.97,2061,90,1.453,1,1813,17986044.88,91.301,38.378,Standard policy
21687,SILVER PLATE CANDLE BOWL LARGE,B,Z,BZ,1886.23,481,37,2.384,1,1814,17987931.11,91.311,38.4,Erratic and mid-value — consider make-to-order
22858,EASTER TIN KEEPSAKE,B,Z,BZ,1882.29,1138,23,2.69,0,1815,17989813.4,91.32,38.421,Erratic and mid-value — consider make-to-order
84856S,SMALL TAHITI BEACH BAG,B,Z,BZ,1877.21,467,22,4.919,0,1816,17991690.61,91.33,38.442,Erratic and mid-value — consider make-to-order
85039A,SET/4 RED MINI ROSE CANDLE IN BOWL,B,Z,BZ,1877.12,1514,81,2.155,1,1817,17993567.73,91.339,38.463,Erratic and mid-value — consider make-to-order
22678,FRENCH BLUE METAL DOOR SIGN 3,B,Y,BY,1876.78,1401,64,1.349,1,1818,17995444.51,91.349,38.484,Standard policy
21983,PACK OF 12 BLUE PAISLEY TISSUES,B,Y,BY,1875.89,6121,101,1.218,1,1819,17997320.4,91.358,38.506,Standard policy
21841,BABY MOUSE RED GINGHAM DRESS,B,Z,BZ,1874.47,441,55,1.792,1,1820,17999194.87,91.368,38.527,Erratic and mid-value — consider make-to-order
21085,SET/6 WOODLAND PAPER CUPS,B,Z,BZ,1873.33,13732,23,9.448,0,1821,18001068.2,91.377,38.548,Erratic and mid-value — consider make-to-order
23359,SET OF 12 T-LIGHTS VINTAGE DOILY,B,Z,BZ,1872.31,993,19,2.598,0,1822,18002940.51,91.387,38.569,Erratic and mid-value — consider make-to-order
21241,GREEN SPOTTY CUP,B,Z,BZ,1871.62,2216,44,1.724,1,1823,18004812.13,91.396,38.59,Erratic and mid-value — consider make-to-order
23090,VINTAGE GLASS T-LIGHT HOLDER,B,Z,BZ,1870.86,2238,28,2.324,1,1824,18006682.99,91.406,38.611,Erratic and mid-value — consider make-to-order
16016,LARGE CHINESE STYLE SCISSOR,B,Z,BZ,1870.7,2314,69,2.028,1,1825,18008553.69,91.415,38.633,Erratic and mid-value — consider make-to-order
21091,SET/6 WOODLAND PAPER PLATES,B,Z,BZ,1868.7,13700,14,9.611,0,1826,18010422.39,91.425,38.654,Erratic and mid-value — consider make-to-order
23525,WALL ART BUFFALO BILL,B,Z,BZ,1867.57,583,11,6.093,0,1827,18012289.96,91.434,38.675,Erratic and mid-value — consider make-to-order
22535,MAGIC DRAWING SLATE BUNNIES,B,Y,BY,1865.85,4462,84,1.241,1,1828,18014155.81,91.444,38.696,Standard policy
21394,RED POLKADOT BEAKER,B,Z,BZ,1864.63,4005,53,1.982,1,1829,18016020.44,91.453,38.717,Erratic and mid-value — consider make-to-order
21613,S/12 VANILLA  BOTANICAL T-LIGHTS,B,Y,BY,1861.45,632,72,1.303,1,1830,18017881.89,91.463,38.738,Standard policy
21287,SCENTED VELVET LOUNGE CANDLE,B,Z,BZ,1860.0,4107,58,2.387,1,1831,18019741.89,91.472,38.76,Erratic and mid-value — consider make-to-order
21677,HEARTS  STICKERS,B,Y,BY,1859.38,2125,86,1.033,1,1832,18021601.27,91.481,38.781,Standard policy
22686,FRENCH BLUE METAL DOOR SIGN No,B,Z,BZ,1857.39,1406,65,1.752,1,1833,18023458.66,91.491,38.802,Erratic and mid-value — consider make-to-order
20772,GARDEN PATH JOURNAL,B,Z,BZ,1851.28,971,68,2.534,1,1834,18025309.94,91.5,38.823,Erratic and mid-value — consider make-to-order
85164B,BLACK BAROQUE CUCKOO CLOCK,B,Z,BZ,1851.22,141,29,2.182,1,1835,18027161.16,91.51,38.844,Erratic and mid-value — consider make-to-order
22587,FELTCRAFT HAIRBAND RED AND BLUE,B,Y,BY,1850.54,2123,79,1.398,1,1836,18029011.7,91.519,38.865,Standard policy
21547,CERAMIC BIRDHOUSE CRESTED TIT SMALL,B,Z,BZ,1848.47,719,53,3.843,1,1837,18030860.17,91.528,38.887,Erratic and mid-value — consider make-to-order
21894,POTTING SHED SEED ENVELOPES,B,Y,BY,1844.89,1327,86,1.305,1,1838,18032705.06,91.538,38.908,Standard policy
23378,PACK OF 12 50'S CHRISTMAS TISSUES,B,Z,BZ,1842.42,4003,15,3.028,0,1839,18034547.48,91.547,38.929,Erratic and mid-value — consider make-to-order
85162C,WHITE RETRODISC LAMPSHADE,B,Z,BZ,1841.7,904,19,2.945,0,1840,18036389.18,91.557,38.95,Erratic and mid-value — consider make-to-order
21391,FRENCH LAVENDER SCENT HEART,B,Z,BZ,1839.64,1436,75,2.039,1,1841,18038228.82,91.566,38.971,Erratic and mid-value — consider make-to-order
21357,TOAST ITS - DINOSAUR,B,Z,BZ,1836.51,1395,54,2.037,1,1842,18040065.33,91.575,38.992,Erratic and mid-value — consider make-to-order
22317,FIVE CATS HANGING DECORATION,B,Y,BY,1836.49,590,76,1.306,1,1843,18041901.82,91.585,39.014,Standard policy
21618,4 WILDFLOWER BOTANICAL CANDLES,B,Z,BZ,1826.24,700,64,1.894,1,1844,18043728.06,91.594,39.035,Erratic and mid-value — consider make-to-order
85173,SET/6 FROG PRINCE T-LIGHT CANDLES,B,Z,BZ,1826.07,1018,74,2.05,1,1845,18045554.13,91.603,39.056,Erratic and mid-value — consider make-to-order
21529,RETRO SPOT CERAMIC TOASTRACK,B,Z,BZ,1824.94,513,34,2.143,1,1846,18047379.07,91.612,39.077,Erratic and mid-value — consider make-to-order
84327A,PINK JUMPER LARRY THE LAMB,B,Z,BZ,1824.47,961,35,2.558,1,1847,18049203.54,91.622,39.098,Erratic and mid-value — consider make-to-order
22680,FRENCH BLUE METAL DOOR SIGN 5,B,Y,BY,1821.7,1357,65,1.351,1,1848,18051025.24,91.631,39.119,Standard policy
23148,MINIATURE ANTIQUE ROSE HOOK IVORY,B,Z,BZ,1820.46,2144,34,1.802,1,1849,18052845.7,91.64,39.141,Erratic and mid-value — consider make-to-order
22586,FELTCRAFT HAIRBAND PINK AND BLUE,B,Y,BY,1818.54,2091,78,1.264,1,1850,18054664.24,91.649,39.162,Standard policy
21088,SET/6 FRUIT SALAD PAPER CUPS,B,Z,BZ,1816.73,16615,59,6.12,1,1851,18056480.97,91.659,39.183,Erratic and mid-value — consider make-to-order
22307,GOLD MUG BONE CHINA TREE OF LIFE,B,Z,BZ,1815.81,1205,40,1.93,1,1852,18058296.78,91.668,39.204,Erratic and mid-value — consider make-to-order
21384,IVORY HANGING DECORATION  BUTTERFLY,B,Z,BZ,1815.29,1923,22,2.368,0,1853,18060112.07,91.677,39.225,Erratic and mid-value — consider make-to-order
21761,WOOD AND GLASS MEDICINE CABINET,B,Z,BZ,1814.75,65,20,3.958,0,1854,18061926.82,91.686,39.246,Erratic and mid-value — consider make-to-order
23160,REGENCY TEA SPOON,B,Z,BZ,1809.48,1462,27,2.282,1,1855,18063736.3,91.695,39.268,Erratic and mid-value — consider make-to-order
21161,KEEP OUT BOYS DOOR HANGER,B,Z,BZ,1808.95,2362,67,4.706,1,1856,18065545.25,91.705,39.289,Erratic and mid-value — consider make-to-order
21548,CERAMIC BIRDHOUSE FINCH BLUE ROOF,B,Z,BZ,1802.67,691,38,4.027,1,1857,18067347.92,91.714,39.31,Erratic and mid-value — consider make-to-order
90167,BEADED LOVE HEART JEWELLERY SET,B,Z,BZ,1801.17,2197,40,2.882,1,1858,18069149.09,91.723,39.331,Erratic and mid-value — consider make-to-order
21280,VINTAGE KITCHEN PRINT VEGETABLES,B,Z,BZ,1800.44,3333,48,5.44,1,1859,18070949.53,91.732,39.352,Erratic and mid-value — consider make-to-order
22770,MIRROR CORNICE,B,Z,BZ,1799.62,112,42,1.565,1,1860,18072749.15,91.741,39.373,Erratic and mid-value — consider make-to-order
79302M,"ART LIGHTS,FUNK MONKEY",B,Z,BZ,1797.95,628,65,1.753,1,1861,18074547.1,91.75,39.395,Erratic and mid-value — consider make-to-order
21158,MOODY GIRL DOOR HANGER,B,Z,BZ,1797.51,2594,90,2.271,1,1862,18076344.61,91.759,39.416,Erratic and mid-value — consider make-to-order
22324,BLUE POLKADOT KIDS BAG,B,Z,BZ,1797.06,664,72,1.888,1,1863,18078141.67,91.768,39.437,Erratic and mid-value — consider make-to-order
84748,FOLK FELT HANGING MULTICOL GARLAND,B,Z,BZ,1796.12,1174,41,5.355,1,1864,18079937.79,91.778,39.458,Erratic and mid-value — consider make-to-order
22254,FELT TOADSTOOL LARGE,B,Z,BZ,1793.46,1399,69,1.845,1,1865,18081731.25,91.787,39.479,Erratic and mid-value — consider make-to-order
22103,MIRROR MOSAIC T-LIGHT HOLDER ROUND,B,Z,BZ,1790.34,1764,51,5.626,1,1866,18083521.59,91.796,39.5,Erratic and mid-value — consider make-to-order
22922,FRIDGE MAGNETS US DINER ASSORTED,B,Z,BZ,1789.2,2073,42,1.943,1,1867,18085310.79,91.805,39.522,Erratic and mid-value — consider make-to-order
22533,MAGIC DRAWING SLATE BAKE A CAKE,B,Z,BZ,1787.56,4529,72,1.864,1,1868,18087098.35,91.814,39.543,Erratic and mid-value — consider make-to-order
23317,BLUE REFECTORY CLOCK,B,Z,BZ,1787.41,174,25,2.183,0,1869,18088885.76,91.823,39.564,Erratic and mid-value — consider make-to-order
23057,BEADED CHANDELIER T-LIGHT HOLDER,B,Z,BZ,1783.52,776,23,4.968,0,1870,18090669.28,91.832,39.585,Erratic and mid-value — consider make-to-order
20729,RED SPOTTY CANDY BAG,B,Z,BZ,1778.12,5262,24,8.161,0,1871,18092447.4,91.841,39.606,Erratic and mid-value — consider make-to-order
37343,SPOTS DESIGN MUG W PINK INSIDE,B,Z,BZ,1768.94,1116,50,1.951,1,1872,18094216.34,91.85,39.627,Erratic and mid-value — consider make-to-order
21163,DO NOT TOUCH MY STUFF DOOR HANGER,B,Z,BZ,1766.34,2808,83,3.022,1,1873,18095982.68,91.859,39.649,Erratic and mid-value — consider make-to-order
84507B,STRIPES DESIGN MONKEY DOLL,B,Z,BZ,1764.03,1349,57,4.067,1,1874,18097746.71,91.868,39.67,Erratic and mid-value — consider make-to-order
21205,MULTICOLOUR 3D BALLS GARLAND,B,Y,BY,1762.27,675,79,1.478,1,1875,18099508.98,91.877,39.691,Standard policy
22422,TOOTHPASTE TUBE PEN,B,Z,BZ,1762.24,2745,73,2.165,1,1876,18101271.22,91.886,39.712,Erratic and mid-value — consider make-to-order
22546,MINI JIGSAW PURDEY,B,Z,BZ,1762.06,4378,68,2.008,1,1877,18103033.28,91.895,39.733,Erratic and mid-value — consider make-to-order
21652,GLASS ETCHED T-LIGHT HOLDER MEDIUM,B,Z,BZ,1761.59,903,29,1.871,1,1878,18104794.87,91.904,39.754,Erratic and mid-value — consider make-to-order
23096,PETIT TRAY CHIC,B,Z,BZ,1759.79,1047,30,2.434,1,1879,18106554.66,91.913,39.776,Erratic and mid-value — consider make-to-order
22209,WOOD STAMP SET HAPPY BIRTHDAY,B,Y,BY,1759.74,1421,85,1.135,1,1880,18108314.4,91.922,39.797,Standard policy
22446,PIN CUSHION BABUSHKA PINK,B,Z,BZ,1755.28,619,57,1.846,1,1881,18110069.68,91.931,39.818,Erratic and mid-value — consider make-to-order
20767,BLUE PAISLEY JOURNAL,B,Z,BZ,1754.36,817,81,2.033,1,1882,18111824.04,91.939,39.839,Erratic and mid-value — consider make-to-order
23372,SET 36 COLOUR PENCILS DOLLY GIRL,B,Z,BZ,1752.79,1391,12,3.281,0,1883,18113576.83,91.948,39.86,Erratic and mid-value — consider make-to-order
23399,HOME SWEET HOME HANGING HEART,B,Z,BZ,1752.35,1922,15,2.941,0,1884,18115329.18,91.957,39.881,Erratic and mid-value — consider make-to-order
21000,ROSE DU SUD COSMETICS BAG,B,Z,BZ,1749.23,691,61,7.357,1,1885,18117078.41,91.966,39.903,Erratic and mid-value — consider make-to-order
84535B,FAIRY CAKES NOTEBOOK A6 SIZE,B,Y,BY,1748.41,2687,99,1.197,1,1886,18118826.82,91.975,39.924,Standard policy
21780,MA CAMPAGNE 4 DRAWER WALL SHELF,B,Z,BZ,1745.85,203,4,5.385,0,1887,18120572.67,91.984,39.945,Erratic and mid-value — consider make-to-order
85060,WOOD FAN WITH FLOWER DESIGN,B,Z,BZ,1745.62,1448,28,2.882,1,1888,18122318.29,91.993,39.966,Erratic and mid-value — consider make-to-order
23101,SILVER STARS TABLE DECORATION,B,Z,BZ,1744.61,2037,28,2.276,1,1889,18124062.9,92.002,39.987,Erratic and mid-value — consider make-to-order
21637,ASSORTED SANSKRIT MINI NOTEBOOK,B,Z,BZ,1741.72,1358,44,2.633,1,1890,18125804.62,92.01,40.008,Erratic and mid-value — consider make-to-order
21662,VINTAGE GLASS COFFEE CADDY,B,Z,BZ,1741.0,270,56,2.216,1,1891,18127545.62,92.019,40.03,Erratic and mid-value — consider make-to-order
21760,FRENCH STYLE WALL DRESSER,B,Z,BZ,1740.0,15,10,3.775,0,1892,18129285.62,92.028,40.051,Erratic and mid-value — consider make-to-order
84006,MAGIC TREE -PAPER FLOWERS,B,Z,BZ,1739.77,1858,74,1.513,1,1893,18131025.39,92.037,40.072,Erratic and mid-value — consider make-to-order
47591B,SCOTTIES CHILDRENS APRON,B,Z,BZ,1737.9,1067,58,1.721,1,1894,18132763.29,92.046,40.093,Erratic and mid-value — consider make-to-order
84843,WHITE SOAP RACK WITH 2 BOTTLES,B,Z,BZ,1737.01,281,68,1.803,1,1895,18134500.3,92.055,40.114,Erratic and mid-value — consider make-to-order
22035,VINTAGE CARAVAN GREETING CARD,B,Y,BY,1736.28,4095,94,0.76,1,1896,18136236.58,92.063,40.135,Standard policy
23244,ROUND STORAGE TIN VINTAGE LEAF,B,Z,BZ,1733.98,936,27,2.937,1,1897,18137970.56,92.072,40.157,Erratic and mid-value — consider make-to-order
23181,BULL DOG BOTTLE TOP WALL CLOCK,B,Z,BZ,1733.57,201,35,1.869,1,1898,18139704.13,92.081,40.178,Erratic and mid-value — consider make-to-order
21090,SET/6 COLLAGE PAPER PLATES,B,Z,BZ,1731.43,3113,77,2.014,1,1899,18141435.56,92.09,40.199,Erratic and mid-value — consider make-to-order
21275,ZINC TOP  2 DOOR WOODEN SHELF,B,Z,BZ,1731.43,250,32,4.225,1,1900,18143166.99,92.099,40.22,Erratic and mid-value — consider make-to-order
37342,POLKADOT COFFEE CUP & SAUCER PINK,B,Z,BZ,1731.4,1629,48,2.068,1,1901,18144898.39,92.107,40.241,Erratic and mid-value — consider make-to-order
21927,BLUE/CREAM STRIPE CUSHION COVER,B,Y,BY,1728.24,1260,66,1.413,1,1902,18146626.63,92.116,40.262,Standard policy
23122,PARTY CHARMS 50 PIECES,B,Z,BZ,1727.75,2253,25,3.383,0,1903,18148354.38,92.125,40.284,Erratic and mid-value — consider make-to-order
22516,CHILDS GARDEN RAKE BLUE,B,Z,BZ,1725.8,851,56,3.122,1,1904,18150080.18,92.134,40.305,Erratic and mid-value — consider make-to-order
85127,SMALL SQUARE CUT GLASS CANDLESTICK,B,Z,BZ,1725.52,279,52,1.931,1,1905,18151805.7,92.142,40.326,Erratic and mid-value — consider make-to-order
22026,BANQUET BIRTHDAY  CARD,B,Y,BY,1722.51,4041,99,1.047,1,1906,18153528.21,92.151,40.347,Standard policy
22319,HAIRCLIPS FORTIES FABRIC ASSORTED,B,Z,BZ,1721.44,3023,75,2.158,1,1907,18155249.65,92.16,40.368,Erratic and mid-value — consider make-to-order
23073,GEORGIAN TRINKET BOX,B,Z,BZ,1719.0,144,25,2.842,0,1908,18156968.65,92.169,40.39,Erratic and mid-value — consider make-to-order
21895,POTTING SHED SOW 'N' GROW SET,B,Z,BZ,1718.63,555,36,4.805,1,1909,18158687.28,92.177,40.411,Erratic and mid-value — consider make-to-order
10125,MINI FUNKY DESIGN TAPES,B,Y,BY,1718.33,2106,71,1.495,1,1910,18160405.61,92.186,40.432,Standard policy
21281,VINTAGE KITCHEN PRINT SEAFOOD,B,Z,BZ,1716.8,3680,41,5.994,1,1911,18162122.41,92.195,40.453,Erratic and mid-value — consider make-to-order
21283,NATURAL BARK CANDLE SMALL,B,Z,BZ,1710.45,537,42,2.2,1,1912,18163832.86,92.203,40.474,Erratic and mid-value — consider make-to-order
35809A,ENAMEL PINK TEA CONTAINER,B,Z,BZ,1709.15,1148,70,1.935,1,1913,18165542.01,92.212,40.495,Erratic and mid-value — consider make-to-order
22934,BAKING MOULD EASTER EGG WHITE CHOC,B,Z,BZ,1707.47,589,25,2.725,0,1914,18167249.48,92.221,40.517,Erratic and mid-value — consider make-to-order
20990,SPRING FLOWER CHOPSTICKS SET/5,B,Z,BZ,1706.14,895,26,3.011,1,1915,18168955.62,92.229,40.538,Erratic and mid-value — consider make-to-order
23214,JINGLE BELL HEART ANTIQUE GOLD,B,Z,BZ,1705.44,794,23,2.538,0,1916,18170661.06,92.238,40.559,Erratic and mid-value — consider make-to-order
46776F,WOVEN ROSE GARDEN CUSHION COVER,B,Z,BZ,1704.64,494,70,3.345,1,1917,18172365.7,92.247,40.58,Erratic and mid-value — consider make-to-order
22679,FRENCH BLUE METAL DOOR SIGN 4,B,Y,BY,1704.43,1270,65,1.357,1,1918,18174070.13,92.255,40.601,Standard policy
84795A,PASTEL STRIPE HAMMOCK,B,Z,BZ,1703.97,209,22,2.864,0,1919,18175774.1,92.264,40.622,Erratic and mid-value — consider make-to-order
22123,PING MICROWAVE APRON,B,Z,BZ,1700.93,656,75,1.882,1,1920,18177475.03,92.273,40.644,Erratic and mid-value — consider make-to-order
21189,WHITE HONEYCOMB PAPER GARLAND,B,Z,BZ,1700.53,798,58,1.703,1,1921,18179175.56,92.281,40.665,Erratic and mid-value — consider make-to-order
22706,WRAP COWBOYS,B,Z,BZ,1693.24,4222,54,1.734,1,1922,18180868.8,92.29,40.686,Erratic and mid-value — consider make-to-order
21645,ASSORTED TUTTI FRUTTI ROUND BOX,B,Z,BZ,1692.15,999,45,2.208,1,1923,18182560.95,92.299,40.707,Erratic and mid-value — consider make-to-order
20996,JAZZ HEARTS ADDRESS BOOK,B,Z,BZ,1688.62,6317,90,2.59,1,1924,18184249.57,92.307,40.728,Erratic and mid-value — consider make-to-order
21576,LETS GO SHOPPING COTTON TOTE BAG,B,Y,BY,1688.44,733,82,1.025,1,1925,18185938.01,92.316,40.749,Standard policy
22323,PINK POLKADOT KIDS BAG,B,Z,BZ,1687.21,637,43,2.189,1,1926,18187625.22,92.324,40.771,Erratic and mid-value — consider make-to-order
21251,DINOSAUR HEIGHT CHART STICKER SET,B,Z,BZ,1686.88,596,71,2.184,1,1927,18189312.1,92.333,40.792,Erratic and mid-value — consider make-to-order
85221,ASSORTED COLOUR SILK COIN PURSE,B,Z,BZ,1685.46,3558,18,3.417,0,1928,18190997.56,92.341,40.813,Erratic and mid-value — consider make-to-order
21278,VINTAGE KITCHEN PRINT PUDDINGS,B,Z,BZ,1685.05,2770,49,6.183,1,1929,18192682.61,92.35,40.834,Erratic and mid-value — consider make-to-order
70007,HI TEC ALPINE HAND WARMER,B,Z,BZ,1684.58,1306,52,2.491,1,1930,18194367.19,92.358,40.855,Erratic and mid-value — consider make-to-order
17129F,BLUE GLASS GEMS IN BAG,B,Y,BY,1684.58,1580,81,1.405,1,1931,18196051.77,92.367,40.876,Standard policy
21446,12 RED ROSE PEG PLACE SETTINGS,B,Y,BY,1683.58,1269,92,1.211,1,1932,18197735.35,92.376,40.898,Standard policy
23368,SET 12 COLOUR PENCILS DOLLY GIRL,B,Z,BZ,1681.5,2382,12,3.213,0,1933,18199416.85,92.384,40.919,Erratic and mid-value — consider make-to-order
21382,SET/4 SPRING FLOWER DECORATION,B,Z,BZ,1681.16,1244,56,2.034,1,1934,18201098.01,92.393,40.94,Erratic and mid-value — consider make-to-order
22975,SPACEBOY CHILDRENS EGG CUP,B,Z,BZ,1679.66,1245,49,1.507,1,1935,18202777.67,92.401,40.961,Erratic and mid-value — consider make-to-order
21633,SUNFLOWER DECORATIVE PARASOL,B,Z,BZ,1675.86,176,43,2.662,1,1936,18204453.53,92.41,40.982,Erratic and mid-value — consider make-to-order
72816,SET/3 CHRISTMAS DECOUPAGE CANDLES,B,Z,BZ,1673.72,1346,40,3.696,1,1937,18206127.25,92.418,41.003,Erratic and mid-value — consider make-to-order
72817,SET OF 2 CHRISTMAS DECOUPAGE CANDLE,B,Z,BZ,1671.28,1553,42,2.344,1,1938,18207798.53,92.427,41.025,Erratic and mid-value — consider make-to-order
85036C,ROSE 1 WICK MORRIS BOXED CANDLE,B,Z,BZ,1671.27,895,53,3.688,1,1939,18209469.8,92.435,41.046,Erratic and mid-value — consider make-to-order
22673,FRENCH GARDEN SIGN BLUE METAL,B,Z,BZ,1671.25,1323,61,1.577,1,1940,18211141.05,92.444,41.067,Erratic and mid-value — consider make-to-order
22410,MONEY BOX HOUSEKEEPING DESIGN,B,Z,BZ,1671.21,1366,71,1.517,1,1941,18212812.26,92.452,41.088,Erratic and mid-value — consider make-to-order
23366,SET 12 COLOURING PENCILS DOILY,B,Z,BZ,1670.55,2253,12,3.153,0,1942,18214482.81,92.461,41.109,Erratic and mid-value — consider make-to-order
21284,RETROSPOT CANDLE  SMALL,B,Z,BZ,1670.41,1548,62,2.559,1,1943,18216153.22,92.469,41.13,Erratic and mid-value — consider make-to-order
23505,PLAYING CARDS I LOVE LONDON,B,Z,BZ,1660.04,1207,12,3.449,0,1944,18217813.26,92.477,41.152,Erratic and mid-value — consider make-to-order
23270,SET OF 2 CERAMIC PAINTED HEARTS,B,Z,BZ,1659.37,1183,27,2.479,1,1945,18219472.63,92.486,41.173,Erratic and mid-value — consider make-to-order
21294,ETCHED GLASS COASTER,B,Z,BZ,1658.75,2250,69,1.799,1,1946,18221131.38,92.494,41.194,Erratic and mid-value — consider make-to-order
21162,TOXIC AREA  DOOR HANGER,B,Z,BZ,1657.05,2405,88,2.345,1,1947,18222788.43,92.503,41.215,Erratic and mid-value — consider make-to-order
37441,ASSORTED WHITE EMBOSSED CHINA MUGS,B,Z,BZ,1652.4,706,26,3.479,1,1948,18224440.83,92.511,41.236,Erratic and mid-value — consider make-to-order
22025,RING OF ROSES BIRTHDAY CARD,B,Y,BY,1651.72,3994,93,1.203,1,1949,18226092.55,92.519,41.257,Standard policy
23483,HANGING  BUTTERFLY T-LIGHT HOLDER,B,Z,BZ,1651.36,1340,10,3.273,0,1950,18227743.91,92.528,41.279,Erratic and mid-value — consider make-to-order
23273,HEART T-LIGHT HOLDER WILLIE WINKIE,B,Z,BZ,1649.05,969,27,2.151,1,1951,18229392.96,92.536,41.3,Erratic and mid-value — consider make-to-order
21426,WOODLAND STORAGE BOX SMALL,B,Z,BZ,1647.07,1028,69,3.067,1,1952,18231040.03,92.545,41.321,Erratic and mid-value — consider make-to-order
21332,MOROCCAN BEATEN METAL MIRROR,B,Z,BZ,1644.17,270,32,3.925,1,1953,18232684.2,92.553,41.342,Erratic and mid-value — consider make-to-order
21545,CERAMIC BIRDHOUSE BUTTERFLY SMALL,B,Z,BZ,1643.07,698,30,4.266,1,1954,18234327.27,92.561,41.363,Erratic and mid-value — consider make-to-order
48195,DOOR MAT GREEN PAISLEY,B,Z,BZ,1642.97,271,25,5.093,0,1955,18235970.24,92.57,41.384,Erratic and mid-value — consider make-to-order
23348,CHILDRENS TOY COOKING UTENSIL SET,B,Z,BZ,1642.13,750,24,2.877,0,1956,18237612.37,92.578,41.406,Erratic and mid-value — consider make-to-order
21448,12 DAISY PEGS IN WOOD BOX,B,Z,BZ,1641.82,956,80,1.554,1,1957,18239254.19,92.586,41.427,Erratic and mid-value — consider make-to-order
85180A,RED HEARTS LIGHT CHAIN,B,Z,BZ,1636.42,629,37,3.281,1,1958,18240890.61,92.595,41.448,Erratic and mid-value — consider make-to-order
21541,DINOSAURS WATER TRANSFER TATTOOS,B,Z,BZ,1636.24,1907,45,1.842,1,1959,18242526.85,92.603,41.469,Erratic and mid-value — consider make-to-order
23391,I LOVE LONDON MINI BACKPACK,B,Z,BZ,1632.32,390,14,3.35,0,1960,18244159.17,92.611,41.49,Erratic and mid-value — consider make-to-order
35241,ENAMEL BLUE RIM BISCUIT BIN,B,Z,BZ,1631.42,309,59,1.575,1,1961,18245790.59,92.619,41.511,Erratic and mid-value — consider make-to-order
21593,SWALLOW CIGAR BOX MATCHES,B,Z,BZ,1630.56,1392,23,4.586,0,1962,18247421.15,92.628,41.533,Erratic and mid-value — consider make-to-order
21837,CROSS STITCH ALPHABET CUSHION COVER,B,Z,BZ,1628.59,245,22,2.469,0,1963,18249049.74,92.636,41.554,Erratic and mid-value — consider make-to-order
21793,CLASSIC FRENCH STYLE BASKET BROWN,B,Z,BZ,1627.36,353,54,2.055,1,1964,18250677.1,92.644,41.575,Erratic and mid-value — consider make-to-order
21656,RIDGED GLASS POSY VASE,B,Z,BZ,1623.24,991,65,1.567,1,1965,18252300.34,92.653,41.596,Erratic and mid-value — consider make-to-order
21286,RETROSPOT CANDLE  LARGE,B,Z,BZ,1623.01,1006,49,2.921,1,1966,18253923.35,92.661,41.617,Erratic and mid-value — consider make-to-order
84619,BLUE GINGHAM ROSE QUILT,B,Z,BZ,1622.96,72,10,5.84,0,1967,18255546.31,92.669,41.638,Erratic and mid-value — consider make-to-order
85160A,WHITE BIRD GARDEN DESIGN MUG,B,Z,BZ,1622.79,8824,25,6.991,0,1968,18257169.1,92.677,41.66,Erratic and mid-value — consider make-to-order
21279,VINTAGE KITCHEN PRINT FRUITS,B,Z,BZ,1621.83,3527,59,6.61,1,1969,18258790.93,92.685,41.681,Erratic and mid-value — consider make-to-order
85131A,BEADED PEARL HEART WHITE ON STICK,B,Z,BZ,1620.48,2026,66,1.737,1,1970,18260411.41,92.694,41.702,Erratic and mid-value — consider make-to-order
84919,BLUE CUSHION COVER WITH FLOWER,B,Z,BZ,1619.84,291,32,5.841,1,1971,18262031.25,92.702,41.723,Erratic and mid-value — consider make-to-order
21157,RED SPOTTY WASHBAG,B,Z,BZ,1619.05,690,64,1.569,1,1972,18263650.3,92.71,41.744,Erratic and mid-value — consider make-to-order
23280,FOLDING BUTTERFLY MIRROR HOT PINK,B,Z,BZ,1614.99,2024,30,2.492,1,1973,18265265.29,92.718,41.765,Erratic and mid-value — consider make-to-order
23217,LAUREL HEART ANTIQUE SILVER,B,Z,BZ,1613.82,1309,23,2.921,0,1974,18266879.11,92.727,41.787,Erratic and mid-value — consider make-to-order
23287,RED VINTAGE SPOT BEAKER,B,Z,BZ,1613.59,1891,26,2.374,1,1975,18268492.7,92.735,41.808,Erratic and mid-value — consider make-to-order
35471D,SET OF 3 BIRD LIGHT PINK FEATHER,B,Z,BZ,1613.57,2268,89,1.928,1,1976,18270106.27,92.743,41.829,Erratic and mid-value — consider make-to-order
23462,ROCOCO WALL MIRROR WHITE,B,Z,BZ,1607.04,80,8,4.417,0,1977,18271713.31,92.751,41.85,Erratic and mid-value — consider make-to-order
82615,PINK MARSHMALLOW SCARF KNITTING KIT,B,Z,BZ,1606.92,583,33,3.412,1,1978,18273320.23,92.759,41.871,Erratic and mid-value — consider make-to-order
35810A,ENAMEL PINK COFFEE CONTAINER,B,Z,BZ,1605.57,1206,77,1.646,1,1979,18274925.8,92.767,41.892,Erratic and mid-value — consider make-to-order
21542,WOODLAND WATER TRANSFER TATTOOS,B,Z,BZ,1605.0,1882,36,1.861,1,1980,18276530.8,92.776,41.914,Erratic and mid-value — consider make-to-order
22517,CHILDS GARDEN RAKE PINK,B,Z,BZ,1604.11,813,60,3.204,1,1981,18278134.91,92.784,41.935,Erratic and mid-value — consider make-to-order
21550,CERAMIC BIRDHOUSE CRESTED TIT LARGE,B,Z,BZ,1601.21,301,22,4.355,0,1982,18279736.12,92.792,41.956,Erratic and mid-value — consider make-to-order
22260,FELT EGG COSY BLUE RABBIT,B,Z,BZ,1599.02,1562,72,2.372,1,1983,18281335.14,92.8,41.977,Erratic and mid-value — consider make-to-order
21383,PACK OF 12 STICKY BUNNIES,B,Z,BZ,1597.58,2215,76,1.707,1,1984,18282932.72,92.808,41.998,Erratic and mid-value — consider make-to-order
20802,SMALL GLASS SUNDAE DISH CLEAR,B,Z,BZ,1596.81,1051,72,2.141,1,1985,18284529.53,92.816,42.019,Erratic and mid-value — consider make-to-order
23226,FILIGREE HEART DAISY WHITE,B,Z,BZ,1596.67,1247,28,2.273,1,1986,18286126.2,92.824,42.041,Erratic and mid-value — consider make-to-order
84509C,SET OF 4 POLKADOT PLACEMATS,B,Y,BY,1594.97,345,74,1.479,1,1987,18287721.17,92.832,42.062,Standard policy
84913B,MINT GREEN ROSE TOWEL,B,Y,BY,1593.29,420,67,1.149,1,1988,18289314.46,92.84,42.083,Standard policy
21694,SMALL REGAL  SILVER CANDLEPOT,B,Z,BZ,1593.16,556,47,2.574,1,1989,18290907.62,92.849,42.104,Erratic and mid-value — consider make-to-order
22099,CARAVAN SQUARE TISSUE BOX,B,Z,BZ,1592.02,2131,91,1.986,1,1990,18292499.64,92.857,42.125,Erratic and mid-value — consider make-to-order
35160,BUDDHA INCENSE HOLDER ASSORTED,B,Z,BZ,1590.64,2180,35,2.812,1,1991,18294090.28,92.865,42.146,Erratic and mid-value — consider make-to-order
22106,MIRROR MOSAIC HURRICANE LAMP,B,Z,BZ,1589.98,509,51,4.975,1,1992,18295680.26,92.873,42.168,Erratic and mid-value — consider make-to-order
21675,BUTTERFLIES STICKERS,B,Y,BY,1587.04,1794,88,0.926,1,1993,18297267.3,92.881,42.189,Standard policy
85170A,SET/6 IVORY BIRD T-LIGHT CANDLES,B,Z,BZ,1585.06,848,43,2.919,1,1994,18298852.36,92.889,42.21,Erratic and mid-value — consider make-to-order
21867,PINK UNION JACK  LUGGAGE TAG,B,Y,BY,1582.87,1160,92,1.349,1,1995,18300435.23,92.897,42.231,Standard policy
85222,ASSORTED COLOUR SILK COSMETIC PURSE,B,Z,BZ,1581.78,1407,22,3.773,0,1996,18302017.01,92.905,42.252,Erratic and mid-value — consider make-to-order
23369,SET 36 COLOUR PENCILS LOVE LONDON,B,Z,BZ,1581.06,1105,12,3.225,0,1997,18303598.07,92.913,42.273,Erratic and mid-value — consider make-to-order
22608,PENS ASSORTED FUNKY JEWELED,B,Z,BZ,1580.65,5771,56,1.946,1,1998,18305178.72,92.921,42.295,Erratic and mid-value — consider make-to-order
21099,SET/6 STRAWBERRY PAPER CUPS,B,Z,BZ,1580.34,13388,18,9.823,0,1999,18306759.06,92.929,42.316,Erratic and mid-value — consider make-to-order
22705,WRAP GREEN PEARS,B,Y,BY,1578.36,3758,64,1.102,1,2000,18308337.42,92.937,42.337,Standard policy
21282,NATURAL BARK CANDLE LARGE,B,Z,BZ,1577.53,369,38,2.563,1,2001,18309914.95,92.945,42.358,Erratic and mid-value — consider make-to-order
85036B,CHOCOLATE 1 WICK MORRIS BOX CANDLE,B,Z,BZ,1575.1,608,43,2.379,1,2002,18311490.05,92.953,42.379,Erratic and mid-value — consider make-to-order
79323B,BLACK CHERRY LIGHTS,B,Z,BZ,1572.45,243,20,2.907,0,2003,18313062.5,92.961,42.401,Erratic and mid-value — consider make-to-order
21631,HIPPY CHIC DECORATIVE PARASOL,B,Z,BZ,1571.75,221,33,3.454,1,2004,18314634.25,92.969,42.422,Erratic and mid-value — consider make-to-order
21092,SET/6 STRAWBERRY PAPER PLATES,B,Z,BZ,1571.5,12846,13,9.858,0,2005,18316205.75,92.977,42.443,Erratic and mid-value — consider make-to-order
21289,LARGE STRIPES CHOCOLATE GIFT BAG,B,Z,BZ,1570.56,1430,65,2.143,1,2006,18317776.31,92.985,42.464,Erratic and mid-value — consider make-to-order
72803A,ROSE SCENT CANDLE JEWELLED DRAWER,B,Z,BZ,1570.5,728,63,5.683,1,2007,18319346.81,92.993,42.485,Erratic and mid-value — consider make-to-order
84536B,FAIRY CAKES NOTEBOOK A7 SIZE,B,Y,BY,1567.97,3512,101,1.316,1,2008,18320914.78,93.001,42.506,Standard policy
21925,UNION STRIPE CUSHION COVER,B,Z,BZ,1567.33,1205,63,1.664,1,2009,18322482.11,93.009,42.528,Erratic and mid-value — consider make-to-order
15059A,ENGLISH ROSE EDWARDIAN PARASOL,B,Z,BZ,1567.0,509,1,10.149,0,2010,18324049.11,93.017,42.549,Erratic and mid-value — consider make-to-order
84789,ENCHANTED BIRD PLANT CAGE,B,Z,BZ,1565.89,447,55,1.734,1,2011,18325615.0,93.025,42.57,Erratic and mid-value — consider make-to-order
21579,LOLITA  DESIGN  COTTON TOTE BAG,B,Z,BZ,1565.35,1031,70,3.578,1,2012,18327180.35,93.033,42.591,Erratic and mid-value — consider make-to-order
21610,SET 12 PEAR BOTANICAL T-LIGHTS,B,Z,BZ,1564.32,549,43,2.291,1,2013,18328744.67,93.041,42.612,Erratic and mid-value — consider make-to-order
85194L,HANGING SPRING FLOWER EGG LARGE,B,Z,BZ,1562.33,1820,38,2.057,1,2014,18330307.0,93.049,42.633,Erratic and mid-value — consider make-to-order
21972,SET OF 36 DINOSAUR PAPER DOILIES,B,Y,BY,1562.27,1056,85,1.259,1,2015,18331869.27,93.056,42.655,Standard policy
22681,FRENCH BLUE METAL DOOR SIGN 6,B,Y,BY,1562.02,1169,64,1.372,1,2016,18333431.29,93.064,42.676,Standard policy
21711,FOLDING UMBRELLA WHITE/RED POLKADOT,B,Z,BZ,1560.61,383,48,3.128,1,2017,18334991.9,93.072,42.697,Erratic and mid-value — consider make-to-order
21276,TWO EMBOSSED HEART MINI DRAWERS,B,Z,BZ,1558.94,677,9,5.28,0,2018,18336550.84,93.08,42.718,Erratic and mid-value — consider make-to-order
23524,WALL ART HORSE & PONY,B,Z,BZ,1557.63,481,11,5.193,0,2019,18338108.47,93.088,42.739,Erratic and mid-value — consider make-to-order
20766,GARDEN PATH SKETCHBOOK,B,Z,BZ,1555.97,520,71,2.543,1,2020,18339664.44,93.096,42.76,Erratic and mid-value — consider make-to-order
21399,BLUE POLKADOT COFFEE MUG,B,Z,BZ,1555.12,2390,53,2.949,1,2021,18341219.56,93.104,42.782,Erratic and mid-value — consider make-to-order
22786,CUSHION COVER PINK UNION JACK,B,Z,BZ,1555.05,249,37,2.306,1,2022,18342774.61,93.112,42.803,Erratic and mid-value — consider make-to-order
22982,PANTRY PASTRY BRUSH,B,Z,BZ,1545.02,1155,40,1.881,1,2023,18344319.63,93.12,42.824,Erratic and mid-value — consider make-to-order
16033,MINI HIGHLIGHTER PENS,B,Z,BZ,1544.52,15121,36,2.867,1,2024,18345864.15,93.127,42.845,Erratic and mid-value — consider make-to-order
75131,METAL TUBE CHIME ON BAMBOO,B,Z,BZ,1543.03,1217,46,3.862,1,2025,18347407.18,93.135,42.866,Erratic and mid-value — consider make-to-order
20735,BLACK MINI TAPE MEASURE,B,Z,BZ,1540.29,1515,68,2.304,1,2026,18348947.47,93.143,42.887,Erratic and mid-value — consider make-to-order
84795D,SEASIDE STRIPE HAMMOCK,B,Z,BZ,1538.79,189,22,2.676,0,2027,18350486.26,93.151,42.909,Erratic and mid-value — consider make-to-order
22322,BIRD DECORATION GREEN POLKADOT,B,Y,BY,1538.41,1629,85,1.437,1,2028,18352024.67,93.159,42.93,Standard policy
21146,ANTIQUE GLASS RIDGED HANGING BALL,B,Z,BZ,1537.07,801,17,3.165,0,2029,18353561.74,93.167,42.951,Erratic and mid-value — consider make-to-order
20768,GREEN FERN JOURNAL,B,Z,BZ,1536.74,768,70,2.537,1,2030,18355098.48,93.174,42.972,Erratic and mid-value — consider make-to-order
22340,NOEL GARLAND PAINTED ZINC,B,Z,BZ,1535.92,1824,36,2.411,1,2031,18356634.4,93.182,42.993,Erratic and mid-value — consider make-to-order
20986,BLUE CALCULATOR RULER,B,Z,BZ,1532.2,1218,78,2.367,1,2032,18358166.6,93.19,43.014,Erratic and mid-value — consider make-to-order
23267,SET OF 4 SANTA PLACE SETTINGS,B,Z,BZ,1531.95,1202,23,2.479,0,2033,18359698.55,93.198,43.036,Erratic and mid-value — consider make-to-order
72008,FROSTED BOX 9 WHITE T-LIGHT CANDLES,B,Z,BZ,1531.82,3820,47,1.855,1,2034,18361230.37,93.205,43.057,Erratic and mid-value — consider make-to-order
23250,VINTAGE RED TRIM ENAMEL BOWL,B,Z,BZ,1531.03,1179,26,2.225,1,2035,18362761.4,93.213,43.078,Erratic and mid-value — consider make-to-order
22288,HANGING METAL RABBIT DECORATION,B,Z,BZ,1528.49,1312,43,2.808,1,2036,18364289.89,93.221,43.099,Erratic and mid-value — consider make-to-order
20902,VINTAGE KEEPSAKE BOX PARIS DAYS,B,Z,BZ,1525.22,206,59,2.055,1,2037,18365815.11,93.229,43.12,Erratic and mid-value — consider make-to-order
22337,ANGEL DECORATION PAINTED ZINC,B,Z,BZ,1522.52,2473,36,2.658,1,2038,18367337.63,93.236,43.141,Erratic and mid-value — consider make-to-order
22682,FRENCH BLUE METAL DOOR SIGN 7,B,Y,BY,1521.86,1166,64,1.388,1,2039,18368859.49,93.244,43.163,Standard policy
21785,RAIN PONCHO,B,Z,BZ,1519.73,2011,44,2.746,1,2040,18370379.22,93.252,43.184,Erratic and mid-value — consider make-to-order
21661,VINTAGE GLASS TEA CADDY,B,Z,BZ,1517.26,240,44,1.8,1,2041,18371896.48,93.26,43.205,Erratic and mid-value — consider make-to-order
85159B,"WHITE TEA,COFFEE,SUGAR JARS",B,Z,BZ,1516.5,660,61,1.7,1,2042,18373412.98,93.267,43.226,Erratic and mid-value — consider make-to-order
85177,BASKET OF FLOWERS SEWING KIT,B,Z,BZ,1515.63,1821,73,1.98,1,2043,18374928.61,93.275,43.247,Erratic and mid-value — consider make-to-order
21009,ETCHED GLASS STAR TREE DECORATION,B,Z,BZ,1509.99,1059,24,3.207,0,2044,18376438.6,93.283,43.268,Erratic and mid-value — consider make-to-order
22137,BATHROOM SET LOVE HEART DESIGN,B,Z,BZ,1508.28,606,32,7.238,1,2045,18377946.88,93.29,43.29,Erratic and mid-value — consider make-to-order
21634,ASSORTED MINI MADRAS NOTEBOOK,B,Z,BZ,1507.74,1771,46,2.506,1,2046,18379454.62,93.298,43.311,Erratic and mid-value — consider make-to-order
21002,ROSE DU SUD DRAWSTRING BAG,B,Y,BY,1507.22,417,57,1.435,1,2047,18380961.84,93.306,43.332,Standard policy
23528,WALL ART SPACEBOY,B,Z,BZ,1504.49,479,10,6.145,0,2048,18382466.33,93.313,43.353,Erratic and mid-value — consider make-to-order
84526,GIANT BLACK SUNGLASSES,B,Z,BZ,1503.64,538,25,8.483,0,2049,18383969.97,93.321,43.374,Erratic and mid-value — consider make-to-order
21066,VINTAGE RED MUG,B,Z,BZ,1503.42,2291,71,2.928,1,2050,18385473.39,93.329,43.395,Erratic and mid-value — consider make-to-order
84510B,SET OF 4 FAIRY CAKES COASTERS,B,Z,BZ,1503.2,1188,26,2.637,1,2051,18386976.59,93.336,43.417,Erratic and mid-value — consider make-to-order
22683,FRENCH BLUE METAL DOOR SIGN 8,B,Y,BY,1501.66,1131,65,1.448,1,2052,18388478.25,93.344,43.438,Standard policy
23271,CHRISTMAS TABLE SILVER CANDLE SPIKE,B,Z,BZ,1499.38,1734,21,2.773,0,2053,18389977.63,93.351,43.459,Erratic and mid-value — consider make-to-order
85125,SMALL ROUND CUT GLASS CANDLESTICK,B,Z,BZ,1499.31,313,42,2.245,1,2054,18391476.94,93.359,43.48,Erratic and mid-value — consider make-to-order
22976,CIRCUS PARADE CHILDRENS EGG CUP,B,Z,BZ,1496.51,1152,49,1.621,1,2055,18392973.45,93.367,43.501,Erratic and mid-value — consider make-to-order
21199,PINK  HEART CONFETTI IN TUBE,B,Z,BZ,1495.7,1305,71,2.177,1,2056,18394469.15,93.374,43.522,Erratic and mid-value — consider make-to-order
22157,ANGEL DECORATION WITH LACE PADDED,B,Z,BZ,1493.9,1748,28,2.344,1,2057,18395963.05,93.382,43.544,Erratic and mid-value — consider make-to-order
21849,SILVER DIAMANTE PEN IN GIFT BOX,B,Z,BZ,1493.41,635,61,2.274,1,2058,18397456.46,93.389,43.565,Erratic and mid-value — consider make-to-order
84856L,LARGE TAHITI BEACH BAG,B,Z,BZ,1492.28,238,37,2.801,1,2059,18398948.74,93.397,43.586,Erratic and mid-value — consider make-to-order
23334,IVORY WICKER HEART SMALL,B,Z,BZ,1491.75,2271,18,2.614,0,2060,18400440.49,93.405,43.607,Erratic and mid-value — consider make-to-order
21051,RIBBONS PURSE,B,Z,BZ,1490.36,756,60,1.745,1,2061,18401930.85,93.412,43.628,Erratic and mid-value — consider make-to-order
23559,WOODLAND BUNNIES LOLLY MAKERS,B,Z,BZ,1488.65,652,14,3.192,0,2062,18403419.5,93.42,43.649,Erratic and mid-value — consider make-to-order
23392,SPACEBOY ROCKET LOLLY MAKERS,B,Z,BZ,1485.43,667,14,3.656,0,2063,18404904.93,93.427,43.671,Erratic and mid-value — consider make-to-order
21801,CHRISTMAS TREE DECORATION WITH BELL,B,Z,BZ,1482.78,3434,58,1.957,1,2064,18406387.71,93.435,43.692,Erratic and mid-value — consider make-to-order
21644,ASSORTED TUTTI FRUTTI HEART BOX,B,Y,BY,1482.72,1104,63,1.475,1,2065,18407870.43,93.442,43.713,Standard policy
85198,ASSORTED FARMYARD ANIMALS IN BUCKET,B,Z,BZ,1479.7,3871,26,8.741,1,2066,18409350.13,93.45,43.734,Erratic and mid-value — consider make-to-order
21851,LILAC DIAMANTE PEN IN GIFT BOX,B,Z,BZ,1478.51,629,61,3.955,1,2067,18410828.64,93.457,43.755,Erratic and mid-value — consider make-to-order
21392,RED SPOTTY PUDDING BOWL,B,Z,BZ,1478.13,7545,36,6.913,1,2068,18412306.77,93.465,43.776,Erratic and mid-value — consider make-to-order
79030G,"TUMBLER, NEW ENGLAND",B,Z,BZ,1475.19,1763,50,2.966,1,2069,18413781.96,93.472,43.798,Erratic and mid-value — consider make-to-order
84659A,WHITE TRAVEL ALARM CLOCK,B,Y,BY,1474.61,590,72,1.358,1,2070,18415256.57,93.48,43.819,Standard policy
22915,ASSORTED BOTTLE TOP  MAGNETS,B,Z,BZ,1474.52,3281,49,2.014,1,2071,18416731.09,93.487,43.84,Erratic and mid-value — consider make-to-order
21198,WHITE HEART CONFETTI IN TUBE,B,Z,BZ,1473.95,1283,66,1.939,1,2072,18418205.04,93.495,43.861,Erratic and mid-value — consider make-to-order
22815,CARD PSYCHEDELIC APPLES,B,Y,BY,1473.57,3445,62,1.23,1,2073,18419678.61,93.502,43.882,Standard policy
21869,POTTING SHED COFFEE MUG,B,Z,BZ,1473.33,1267,22,3.212,0,2074,18421151.94,93.51,43.903,Erratic and mid-value — consider make-to-order
21065,BOOM BOX SPEAKER GIRLS,B,Z,BZ,1473.21,611,54,2.839,1,2075,18422625.15,93.517,43.925,Erratic and mid-value — consider make-to-order
84616,SILVER ROCCOCO CHANDELIER,B,Z,BZ,1472.62,72,17,4.398,0,2076,18424097.77,93.525,43.946,Erratic and mid-value — consider make-to-order
22912,YELLOW COAT RACK PARIS FASHION,B,Z,BZ,1471.09,313,46,2.611,1,2077,18425568.86,93.532,43.967,Erratic and mid-value — consider make-to-order
20734,SILVER MINI TAPE MEASURE,B,Z,BZ,1470.62,1592,58,2.972,1,2078,18427039.48,93.54,43.988,Erratic and mid-value — consider make-to-order
21410,COUNTRY COTTAGE  DOORSTOP GREEN,B,Z,BZ,1466.78,314,48,1.708,1,2079,18428506.26,93.547,44.009,Erratic and mid-value — consider make-to-order
23034,DRAWER KNOB CERAMIC BLACK,B,Z,BZ,1466.07,991,25,2.547,0,2080,18429972.33,93.554,44.03,Erratic and mid-value — consider make-to-order
22393,PAPERWEIGHT VINTAGE COLLAGE,B,Z,BZ,1464.47,836,61,3.018,1,2081,18431436.8,93.562,44.052,Erratic and mid-value — consider make-to-order
23365,SET 12 COLOUR PENCILS LOVE LONDON,B,Z,BZ,1464.38,1859,12,3.478,0,2082,18432901.18,93.569,44.073,Erratic and mid-value — consider make-to-order
21317,GLASS SPHERE CANDLE STAND MEDIUM,B,Z,BZ,1464.3,359,52,3.589,1,2083,18434365.48,93.577,44.094,Erratic and mid-value — consider make-to-order
22052,VINTAGE CARAVAN GIFT WRAP,B,Y,BY,1460.5,3525,56,1.252,1,2084,18435825.98,93.584,44.115,Standard policy
23470,CARD HOLDER LOVE BIRD LARGE,B,Z,BZ,1460.5,232,11,3.665,0,2085,18437286.48,93.592,44.136,Erratic and mid-value — consider make-to-order
22929,SCHOOL DESK AND CHAIR,B,Z,BZ,1459.75,23,12,3.256,0,2086,18438746.23,93.599,44.157,Erratic and mid-value — consider make-to-order
85136C,RED SHARK HELICOPTER,B,Z,BZ,1459.64,180,48,2.018,1,2087,18440205.87,93.606,44.179,Erratic and mid-value — consider make-to-order
22228,BUNNY WOODEN PAINTED WITH BIRD,B,Y,BY,1458.3,1729,70,1.431,1,2088,18441664.17,93.614,44.2,Standard policy
21739,COSY SLIPPER SHOES SMALL GREEN,B,Y,BY,1457.75,496,62,1.424,1,2089,18443121.92,93.621,44.221,Standard policy
85098B,BLUE FLYING SINGING CANARY,B,Z,BZ,1456.94,366,44,1.861,1,2090,18444578.86,93.629,44.242,Erratic and mid-value — consider make-to-order
23086,ZINC  STAR T-LIGHT HOLDER,B,Z,BZ,1455.18,1228,23,3.161,0,2091,18446034.04,93.636,44.263,Erratic and mid-value — consider make-to-order
84637,KITCHEN FLOWER POTS WALL PLAQUE,B,Z,BZ,1454.49,585,52,4.719,1,2092,18447488.53,93.643,44.285,Erratic and mid-value — consider make-to-order
84596G,SMALL CHOCOLATES PINK BOWL,B,Y,BY,1454.0,2233,90,1.387,1,2093,18448942.53,93.651,44.306,Standard policy
20733,GOLD MINI TAPE MEASURE,B,Z,BZ,1453.9,1929,81,3.289,1,2094,18450396.43,93.658,44.327,Erratic and mid-value — consider make-to-order
22390,PAPERWEIGHT CHILDHOOD MEMORIES,B,Z,BZ,1453.62,815,50,2.38,1,2095,18451850.05,93.665,44.348,Erratic and mid-value — consider make-to-order
85055,FRENCH ENAMEL UTENSIL HOLDER,B,Z,BZ,1450.44,361,52,1.661,1,2096,18453300.49,93.673,44.369,Erratic and mid-value — consider make-to-order
22249,DECORATION WHITE CHICK MAGIC GARDEN,B,Z,BZ,1449.96,1654,61,1.577,1,2097,18454750.45,93.68,44.39,Erratic and mid-value — consider make-to-order
22287,"DECORATION , WOBBLY CHICKEN, METAL",B,Z,BZ,1447.3,1347,47,2.638,1,2098,18456197.75,93.688,44.412,Erratic and mid-value — consider make-to-order
23249,VINTAGE RED ENAMEL TRIM PLATE,B,Z,BZ,1445.9,854,26,2.876,1,2099,18457643.65,93.695,44.433,Erratic and mid-value — consider make-to-order
21159,MOODY BOY  DOOR HANGER,B,Z,BZ,1445.76,2106,87,2.554,1,2100,18459089.41,93.702,44.454,Erratic and mid-value — consider make-to-order
35637A,IVORY STRING CURTAIN WITH POLE,B,Z,BZ,1445.05,551,35,4.754,1,2101,18460534.46,93.71,44.475,Erratic and mid-value — consider make-to-order
84313C,ORANGE TV TRAY TABLE,B,Z,BZ,1442.39,548,44,4.24,1,2102,18461976.85,93.717,44.496,Erratic and mid-value — consider make-to-order
21822,GLITTER CHRISTMAS TREE WITH BELLS,B,Z,BZ,1442.34,1082,33,2.473,1,2103,18463419.19,93.724,44.517,Erratic and mid-value — consider make-to-order
22817,CARD SUKI BIRTHDAY,B,Y,BY,1439.94,3404,63,1.192,1,2104,18464859.13,93.732,44.539,Standard policy
21807,WHITE CHRISTMAS STAR DECORATION,B,Z,BZ,1438.41,3263,42,2.142,1,2105,18466297.54,93.739,44.56,Erratic and mid-value — consider make-to-order
20761,BLUE PAISLEY SKETCHBOOK,B,Z,BZ,1437.46,462,72,2.49,1,2106,18467735.0,93.746,44.581,Erratic and mid-value — consider make-to-order
22093,MOTORING TISSUE BOX,B,Z,BZ,1436.82,2355,76,2.129,1,2107,18469171.82,93.753,44.602,Erratic and mid-value — consider make-to-order
22316,200 BENDY SKULL STRAWS,B,Z,BZ,1435.32,1259,69,2.639,1,2108,18470607.14,93.761,44.623,Erratic and mid-value — consider make-to-order
22396,MAGNETS PACK OF 4 RETRO PHOTO,B,Z,BZ,1432.39,1902,74,1.886,1,2109,18472039.53,93.768,44.644,Erratic and mid-value — consider make-to-order
23527,WALL ART ANIMALS AND NATURE,B,Z,BZ,1432.31,421,10,5.699,0,2110,18473471.84,93.775,44.666,Erratic and mid-value — consider make-to-order
35965,FOLKART HEART NAPKIN RINGS,B,Y,BY,1429.53,631,72,1.447,1,2111,18474901.37,93.782,44.687,Standard policy
15034,PAPER POCKET TRAVELING FAN,B,Z,BZ,1428.02,10237,92,1.961,1,2112,18476329.39,93.79,44.708,Erratic and mid-value — consider make-to-order
21292,SMALL STRIPES CHOCOLATE GIFT BAG,B,Z,BZ,1427.11,2449,56,2.168,1,2113,18477756.5,93.797,44.729,Erratic and mid-value — consider make-to-order
20801,LARGE PINK GLASS SUNDAE DISH,B,Z,BZ,1427.1,1094,45,2.774,1,2114,18479183.6,93.804,44.75,Erratic and mid-value — consider make-to-order
85167B,BLACK GRAND BAROQUE PHOTO FRAME,B,Z,BZ,1426.34,692,34,2.952,1,2115,18480609.94,93.811,44.771,Erratic and mid-value — consider make-to-order
21532,DAIRY MAID SUGAR JAM BOWL,B,Z,BZ,1423.91,1389,36,8.371,1,2116,18482033.85,93.819,44.793,Erratic and mid-value — consider make-to-order
22545,MINI JIGSAW BUNNIES,B,Z,BZ,1422.74,3455,77,1.946,1,2117,18483456.59,93.826,44.814,Erratic and mid-value — consider make-to-order
35004G,SET OF 3 GOLD FLYING DUCKS,B,Z,BZ,1419.51,359,50,2.283,1,2118,18484876.1,93.833,44.835,Erratic and mid-value — consider make-to-order
20840,FRENCH FLORAL CUSHION COVER,B,Z,BZ,1419.09,885,45,2.899,1,2119,18486295.19,93.84,44.856,Erratic and mid-value — consider make-to-order
85071A,BLUE CHARLIE+LOLA PERSONAL DOORSIGN,B,Z,BZ,1418.64,1908,60,1.894,1,2120,18487713.83,93.848,44.877,Erratic and mid-value — consider make-to-order
22819,"BIRTHDAY CARD, RETRO SPOT",B,Y,BY,1418.12,3351,62,1.27,1,2121,18489131.95,93.855,44.898,Standard policy
47503A,ASS FLORAL PRINT MULTI SCREWDRIVER,B,Z,BZ,1416.84,2878,62,1.675,1,2122,18490548.79,93.862,44.92,Erratic and mid-value — consider make-to-order
21395,BLUE POLKADOT BEAKER,B,Z,BZ,1415.64,2980,47,2.16,1,2123,18491964.43,93.869,44.941,Erratic and mid-value — consider make-to-order
23104,IVORY CAFE HANGING LAMP,B,Z,BZ,1405.42,118,24,3.44,0,2124,18493369.85,93.876,44.962,Erratic and mid-value — consider make-to-order
21828,EIGHT PIECE SNAKE  SET,B,Z,BZ,1402.87,1110,81,2.278,1,2125,18494772.72,93.883,44.983,Erratic and mid-value — consider make-to-order
23119,PACK OF 6 LARGE FRUIT STRAWS,B,Z,BZ,1402.32,2283,26,2.818,1,2126,18496175.04,93.89,45.004,Erratic and mid-value — consider make-to-order
23055,IVORY CHANDELIER T-LIGHT HOLDER,B,Z,BZ,1401.43,658,21,5.794,0,2127,18497576.47,93.898,45.025,Erratic and mid-value — consider make-to-order
21358,TOAST ITS - HAPPY BIRTHDAY,B,Y,BY,1399.96,1130,87,1.045,1,2128,18498976.43,93.905,45.047,Standard policy
21910,WAY OUT METAL SIGN,B,Z,BZ,1398.18,1066,47,3.889,1,2129,18500374.61,93.912,45.068,Erratic and mid-value — consider make-to-order
22756,LARGE YELLOW BABUSHKA NOTEBOOK,B,Z,BZ,1395.95,1206,59,2.104,1,2130,18501770.56,93.919,45.089,Erratic and mid-value — consider make-to-order
22685,FRENCH BLUE METAL DOOR SIGN 0,B,Y,BY,1395.84,1082,59,1.479,1,2131,18503166.4,93.926,45.11,Standard policy
23040,PAPER LANTERN 9 POINT SNOW STAR,B,Z,BZ,1394.03,253,21,5.078,0,2132,18504560.43,93.933,45.131,Erratic and mid-value — consider make-to-order
47503K,ASSORTED FLORAL SECATEURS,B,Z,BZ,1393.34,3179,24,9.229,0,2133,18505953.77,93.94,45.152,Erratic and mid-value — consider make-to-order
85087,CANDY SPOT CUSHION COVER,B,Z,BZ,1392.64,420,49,1.858,1,2134,18507346.41,93.947,45.174,Erratic and mid-value — consider make-to-order
22917,HERB MARKER ROSEMARY,B,Z,BZ,1390.55,2002,53,1.84,1,2135,18508736.96,93.954,45.195,Erratic and mid-value — consider make-to-order
85017B,ENVELOPE 50 BLOSSOM IMAGES,B,Z,BZ,1390.39,2231,89,1.741,1,2136,18510127.35,93.961,45.216,Erratic and mid-value — consider make-to-order
21011,GLITTER SNOW PEAR TREE DECORATION,B,Z,BZ,1389.75,1851,25,2.44,0,2137,18511517.1,93.968,45.237,Erratic and mid-value — consider make-to-order
23376,PACK OF 12 VINTAGE CHRISTMAS TISSUE,B,Z,BZ,1389.59,3051,15,2.901,0,2138,18512906.69,93.975,45.258,Erratic and mid-value — consider make-to-order
85169A,IVORY LOVE BIRD CANDLE,B,Z,BZ,1389.57,1255,68,2.067,1,2139,18514296.26,93.982,45.279,Erratic and mid-value — consider make-to-order
22250,DECORATION  BUTTERFLY  MAGIC GARDEN,B,Y,BY,1387.21,1526,81,1.467,1,2140,18515683.47,93.99,45.301,Standard policy
84562A,PINK/WHITE RIBBED MELAMINE JUG,B,Z,BZ,1386.21,170,42,2.075,1,2141,18517069.68,93.997,45.322,Erratic and mid-value — consider make-to-order
22339,CHRISTMAS TREE PAINTED ZINC,B,Z,BZ,1386.11,3522,40,2.266,1,2142,18518455.79,94.004,45.343,Erratic and mid-value — consider make-to-order
22984,CARD GINGHAM ROSE,B,Y,BY,1385.85,3385,63,1.412,1,2143,18519841.64,94.011,45.364,Standard policy
90200D,PINK SWEETHEART BRACELET,B,Y,BY,1385.01,330,71,1.482,1,2144,18521226.65,94.018,45.385,Standard policy
84873A,FUNKY FLOWER PICNIC BAG FOR 4,B,Z,BZ,1384.46,121,17,4.313,0,2145,18522611.11,94.025,45.406,Erratic and mid-value — consider make-to-order
84396,6 HOOK JEWELLERY STAND BLACK DRESS,B,Z,BZ,1380.52,552,11,4.304,0,2146,18523991.63,94.032,45.428,Erratic and mid-value — consider make-to-order
23414,ZINC BOX SIGN HOME,B,Z,BZ,1378.75,141,14,3.166,0,2147,18525370.38,94.039,45.449,Erratic and mid-value — consider make-to-order
35962,12 ASS ZINC CHRISTMAS DECORATIONS,B,Z,BZ,1376.98,593,24,2.575,0,2148,18526747.36,94.046,45.47,Erratic and mid-value — consider make-to-order
23546,WRAP PAISLEY PARK,B,Z,BZ,1375.5,3275,21,2.191,0,2149,18528122.86,94.053,45.491,Erratic and mid-value — consider make-to-order
21277,FRENCH STYLE EMBOSSED HEART CABINET,B,Z,BZ,1375.24,57,40,1.516,1,2150,18529498.1,94.06,45.512,Erratic and mid-value — consider make-to-order
46776B,WOVEN BERRIES CUSHION COVER,B,Z,BZ,1373.36,429,69,3.756,1,2151,18530871.46,94.067,45.533,Erratic and mid-value — consider make-to-order
20866,BLUE ROSE FABRIC MIRROR,B,Z,BZ,1372.66,1283,70,2.491,1,2152,18532244.12,94.074,45.555,Erratic and mid-value — consider make-to-order
84819,DANISH ROSE ROUND SEWING BOX,B,Z,BZ,1372.51,909,48,4.165,1,2153,18533616.63,94.081,45.576,Erratic and mid-value — consider make-to-order
20704,MR ROBOT SOFT TOY,B,Z,BZ,1371.42,361,47,2.827,1,2154,18534988.05,94.088,45.597,Erratic and mid-value — consider make-to-order
21530,DAIRY MAID TOASTRACK,B,Z,BZ,1370.41,962,77,1.608,1,2155,18536358.46,94.094,45.618,Erratic and mid-value — consider make-to-order
84685,BEACH HUT KEY CABINET,B,Z,BZ,1369.92,436,53,3.383,1,2156,18537728.38,94.101,45.639,Erratic and mid-value — consider make-to-order
23000,TRAVEL CARD WALLET TRANSPORT,B,Y,BY,1369.12,3171,43,1.458,1,2157,18539097.5,94.108,45.66,Standard policy
21209,MULTICOLOUR HONEYCOMB FAN,B,Z,BZ,1368.04,1476,69,1.804,1,2158,18540465.54,94.115,45.682,Erratic and mid-value — consider make-to-order
21684,SMALL MEDINA STAMPED METAL BOWL,B,Z,BZ,1367.81,1708,63,3.285,1,2159,18541833.35,94.122,45.703,Erratic and mid-value — consider make-to-order
35599D,PINK AND WHITE CHRISTMAS TREE 120CM,B,Z,BZ,1366.48,406,37,2.297,1,2160,18543199.83,94.129,45.724,Erratic and mid-value — consider make-to-order
22916,HERB MARKER THYME,B,Z,BZ,1365.33,1965,54,1.839,1,2161,18544565.16,94.136,45.745,Erratic and mid-value — consider make-to-order
84665,SQUARE CHERRY BLOSSOM CABINET,B,Z,BZ,1364.7,226,34,2.073,1,2162,18545929.86,94.143,45.766,Erratic and mid-value — consider make-to-order
23221,REINDEER HEART DECORATION SILVER,B,Z,BZ,1363.87,1537,25,2.728,0,2163,18547293.73,94.15,45.787,Erratic and mid-value — consider make-to-order
35649,VINTAGE BEAD COSMETIC BAG,B,Z,BZ,1362.9,1826,36,9.599,1,2164,18548656.63,94.157,45.809,Erratic and mid-value — consider make-to-order
21285,RETROSPOT CANDLE  MEDIUM,B,Z,BZ,1362.62,1007,49,2.931,1,2165,18550019.25,94.164,45.83,Erratic and mid-value — consider make-to-order
22269,EGG CUP NATURAL CHICKEN,B,Z,BZ,1360.2,1523,77,1.518,1,2166,18551379.45,94.171,45.851,Erratic and mid-value — consider make-to-order
84965B,BLUE KASHMIRI COFFEE TABLE,B,Z,BZ,1359.95,27,4,6.756,0,2167,18552739.4,94.178,45.872,Erratic and mid-value — consider make-to-order
85141,JARDIN ETCHED GLASS FRUITBOWL,B,Z,BZ,1355.99,191,42,2.678,1,2168,18554095.39,94.185,45.893,Erratic and mid-value — consider make-to-order
23469,CARD HOLDER LOVE BIRD SMALL,B,Z,BZ,1355.24,332,11,4.321,0,2169,18555450.63,94.191,45.914,Erratic and mid-value — consider make-to-order
23061,VINTAGE EMBOSSED HEART,B,Z,BZ,1355.18,1033,33,1.821,1,2170,18556805.81,94.198,45.936,Erratic and mid-value — consider make-to-order
22050,PINK PAISLEY ROSE GIFT WRAP,B,Y,BY,1354.0,3300,69,1.188,1,2171,18558159.81,94.205,45.957,Standard policy
84466,TOP SECRET PEN SET,B,Z,BZ,1352.11,1259,25,3.909,0,2172,18559511.92,94.212,45.978,Erratic and mid-value — consider make-to-order
17129D,CLEAR COLOUR GLASS GEMS IN BAG,B,Z,BZ,1351.18,1125,11,5.442,0,2173,18560863.1,94.219,45.999,Erratic and mid-value — consider make-to-order
21059,PARTY INVITES DINOSAURS,B,Y,BY,1349.41,1597,90,1.179,1,2174,18562212.51,94.226,46.02,Standard policy
22684,FRENCH BLUE METAL DOOR SIGN 9,B,Z,BZ,1344.94,1014,61,1.566,1,2175,18563557.45,94.233,46.041,Erratic and mid-value — consider make-to-order
20780,BLACK EAR MUFF HEADPHONES,B,Z,BZ,1344.94,233,41,2.978,1,2176,18564902.39,94.239,46.063,Erratic and mid-value — consider make-to-order
20762,GREEN FERN SKETCHBOOK,B,Z,BZ,1343.79,458,65,2.614,1,2177,18566246.18,94.246,46.084,Erratic and mid-value — consider make-to-order
21738,COSY SLIPPER SHOES SMALL  RED,B,Z,BZ,1343.28,429,44,2.174,1,2178,18567589.46,94.253,46.105,Erratic and mid-value — consider make-to-order
16235,RECYCLED PENCIL WITH RABBIT ERASER,B,Y,BY,1341.72,5864,93,1.463,1,2179,18568931.18,94.26,46.126,Standard policy
22924,FRIDGE MAGNETS LA VIE EN ROSE,B,Z,BZ,1338.72,1518,43,2.068,1,2180,18570269.9,94.267,46.147,Erratic and mid-value — consider make-to-order
21190,PINK HEARTS PAPER GARLAND,B,Z,BZ,1337.59,806,41,2.396,1,2181,18571607.49,94.273,46.169,Erratic and mid-value — consider make-to-order
23538,WALL ART VINTAGE HEART,B,Z,BZ,1334.49,332,10,8.255,0,2182,18572941.98,94.28,46.19,Erratic and mid-value — consider make-to-order
20993,JAZZ HEARTS MEMO PAD,B,Z,BZ,1334.11,10967,13,8.693,0,2183,18574276.09,94.287,46.211,Erratic and mid-value — consider make-to-order
85032D,YULETIDE IMAGES GIFT WRAP SET,B,Z,BZ,1333.98,1151,46,2.298,1,2184,18575610.07,94.294,46.232,Erratic and mid-value — consider make-to-order
21580,RABBIT  DESIGN  COTTON TOTE BAG,B,Z,BZ,1331.88,543,67,1.578,1,2185,18576941.95,94.3,46.253,Erratic and mid-value — consider make-to-order
20933,YELLOW POT PLANT CANDLE,B,Z,BZ,1329.49,505,32,6.335,1,2186,18578271.44,94.307,46.274,Erratic and mid-value — consider make-to-order
20893,HANGING BAUBLE T-LIGHT HOLDER SMALL,B,Z,BZ,1328.99,567,48,2.963,1,2187,18579600.43,94.314,46.296,Erratic and mid-value — consider make-to-order
22051,BLUE SCANDINAVIAN PAISLEY WRAP,B,Y,BY,1328.0,3200,68,1.139,1,2188,18580928.43,94.321,46.317,Standard policy
21926,RED/CREAM STRIPE CUSHION COVER,B,Z,BZ,1327.77,1011,61,1.563,1,2189,18582256.2,94.327,46.338,Erratic and mid-value — consider make-to-order
21775,DECORATIVE FLORE BATHROOM BOTTLE,B,Z,BZ,1327.54,875,92,1.546,1,2190,18583583.74,94.334,46.359,Erratic and mid-value — consider make-to-order
47593B,SCOTTIE DOGS BABY BIB,B,Z,BZ,1327.22,2348,90,1.786,1,2191,18584910.96,94.341,46.38,Erratic and mid-value — consider make-to-order
22918,HERB MARKER PARSLEY,B,Z,BZ,1326.11,1930,53,1.851,1,2192,18586237.07,94.348,46.401,Erratic and mid-value — consider make-to-order
22923,FRIDGE MAGNETS LES ENFANTS ASSORTED,B,Z,BZ,1325.09,1595,39,2.001,1,2193,18587562.16,94.354,46.423,Erratic and mid-value — consider make-to-order
85032A,ROMANTIC IMAGES GIFT WRAP SET,B,Z,BZ,1324.16,1442,56,2.211,1,2194,18588886.32,94.361,46.444,Erratic and mid-value — consider make-to-order
85071B,RED CHARLIE+LOLA PERSONAL DOORSIGN,B,Z,BZ,1323.72,2352,62,1.586,1,2195,18590210.04,94.368,46.465,Erratic and mid-value — consider make-to-order
85200,BUNNY EGG BOX,B,Z,BZ,1321.59,1047,26,2.739,1,2196,18591531.63,94.375,46.486,Erratic and mid-value — consider make-to-order
23405,HOME SWEET HOME 2 DRAWER CABINET,B,Z,BZ,1321.38,254,14,2.937,0,2197,18592853.01,94.381,46.507,Erratic and mid-value — consider make-to-order
22701,PINK DOG BOWL,B,Z,BZ,1320.57,675,58,2.192,1,2198,18594173.58,94.388,46.528,Erratic and mid-value — consider make-to-order
22232,JIGSAW TOADSTOOLS 3 PIECE,B,Y,BY,1318.99,1109,68,1.416,1,2199,18595492.57,94.395,46.55,Standard policy
85135C,RED DRAGONFLY HELICOPTER,B,Z,BZ,1317.92,162,48,1.907,1,2200,18596810.49,94.401,46.571,Erratic and mid-value — consider make-to-order
21945,STRAWBERRIES  DESIGN FLANNEL,B,Z,BZ,1317.3,1874,73,3.511,1,2201,18598127.79,94.408,46.592,Erratic and mid-value — consider make-to-order
20798,CLEAR MILKSHAKE GLASS,B,Z,BZ,1316.55,555,42,2.067,1,2202,18599444.34,94.415,46.613,Erratic and mid-value — consider make-to-order
21219,SET/4 BADGES BALLOON GIRL,B,Y,BY,1315.77,1023,76,1.206,1,2203,18600760.11,94.421,46.634,Standard policy
22977,DOLLY GIRL CHILDRENS EGG CUP,B,Z,BZ,1315.11,1000,43,1.862,1,2204,18602075.22,94.428,46.655,Erratic and mid-value — consider make-to-order
20760,GARDEN PATH POCKET BOOK,B,Z,BZ,1314.51,5551,44,7.939,1,2205,18603389.73,94.435,46.677,Erratic and mid-value — consider make-to-order
84688,BEACH HUT DESIGN BLACKBOARD,B,Z,BZ,1313.52,422,45,3.595,1,2206,18604703.25,94.441,46.698,Erratic and mid-value — consider make-to-order
23373,VINTAGE CHRISTMAS PAPER GIFT BAG,B,Z,BZ,1313.39,1608,18,3.317,0,2207,18606016.64,94.448,46.719,Erratic and mid-value — consider make-to-order
22481,BLACK TEA TOWEL CLASSIC DESIGN,B,Y,BY,1313.09,1276,74,1.376,1,2208,18607329.73,94.455,46.74,Standard policy
35598D,PINK/WHITE CHRISTMAS TREE 60CM,B,Z,BZ,1312.2,1727,44,2.657,1,2209,18608641.93,94.461,46.761,Erratic and mid-value — consider make-to-order
21248,DOOR HANGER  MUM + DADS ROOM,B,Z,BZ,1309.7,1050,76,2.149,1,2210,18609951.63,94.468,46.782,Erratic and mid-value — consider make-to-order
21842,PINK HEART CANDY BUTTON CALCULATOR,B,Z,BZ,1308.74,551,10,4.515,0,2211,18611260.37,94.475,46.804,Erratic and mid-value — consider make-to-order
84569D,PACK 6 HEART/ICE-CREAM PATCHES,B,Y,BY,1306.29,1038,80,1.216,1,2212,18612566.66,94.481,46.825,Standard policy
22893,MINI CAKE STAND T-LIGHT HOLDER,B,Z,BZ,1306.09,2721,55,2.033,1,2213,18613872.75,94.488,46.846,Erratic and mid-value — consider make-to-order
72818,CHRISTMAS DECOUPAGE CANDLE,B,Z,BZ,1305.23,2420,34,3.485,1,2214,18615177.98,94.495,46.867,Erratic and mid-value — consider make-to-order
46776A,WOVEN BUBBLE GUM CUSHION COVER,B,Z,BZ,1303.88,411,62,4.026,1,2215,18616481.86,94.501,46.888,Erratic and mid-value — consider make-to-order
20738,GREEN MINI TAPE MEASURE,B,Z,BZ,1301.72,1610,37,2.591,1,2216,18617783.58,94.508,46.909,Erratic and mid-value — consider make-to-order
85170D,SET/6 PINK BIRD T-LIGHT CANDLES,B,Z,BZ,1296.36,723,75,2.06,1,2217,18619079.94,94.514,46.931,Erratic and mid-value — consider make-to-order
79191C,RETRO PLASTIC ELEPHANT TRAY,B,Z,BZ,1296.31,1622,76,1.995,1,2218,18620376.25,94.521,46.952,Erratic and mid-value — consider make-to-order
22258,FELT FARM ANIMAL RABBIT,B,Z,BZ,1294.8,1345,40,2.505,1,2219,18621671.05,94.528,46.973,Erratic and mid-value — consider make-to-order
22105,MIRROR MOSAIC GOBLET CANDLE HOLDER,B,Z,BZ,1294.7,692,40,7.048,1,2220,18622965.75,94.534,46.994,Erratic and mid-value — consider make-to-order
22267,EASTER DECORATION EGG BUNNY,B,Z,BZ,1292.72,1473,48,2.733,1,2221,18624258.47,94.541,47.015,Erratic and mid-value — consider make-to-order
22097,SWALLOW SQUARE TISSUE BOX,B,Z,BZ,1292.68,2081,88,2.525,1,2222,18625551.15,94.547,47.036,Erratic and mid-value — consider make-to-order
22181,SNOWSTORM PHOTO FRAME FRIDGE MAGNET,B,Z,BZ,1291.38,1538,62,1.87,1,2223,18626842.53,94.554,47.058,Erratic and mid-value — consider make-to-order
85231G,ORANGE SCENTED SET/9 T-LIGHTS,B,Y,BY,1291.09,1480,85,1.251,1,2224,18628133.62,94.56,47.079,Standard policy
17091A,LAVENDER INCENSE IN TIN,B,Z,BZ,1290.02,2089,59,2.132,1,2225,18629423.64,94.567,47.1,Erratic and mid-value — consider make-to-order
21880,RED RETROSPOT TAPE,B,Z,BZ,1289.83,2483,94,1.559,1,2226,18630713.47,94.573,47.121,Erratic and mid-value — consider make-to-order
85006,SET 4 NURSERY DES ROUND BOXES,B,Z,BZ,1289.31,3049,28,6.74,1,2227,18632002.78,94.58,47.142,Erratic and mid-value — consider make-to-order
84609,TALL ROCOCO CANDLE HOLDER,B,Z,BZ,1289.24,143,32,2.228,1,2228,18633292.02,94.587,47.163,Erratic and mid-value — consider make-to-order
84559A,3D SHEET OF DOG STICKERS,B,Y,BY,1288.42,1381,92,1.213,1,2229,18634580.44,94.593,47.185,Standard policy
85025C,PINK HEART SHAPE PHOTO FRAME,B,Z,BZ,1287.56,721,64,2.478,1,2230,18635868.0,94.6,47.206,Erratic and mid-value — consider make-to-order
72800B,4 PURPLE FLOCK DINNER CANDLES,B,Z,BZ,1284.43,988,52,4.185,1,2231,18637152.43,94.606,47.227,Erratic and mid-value — consider make-to-order
82613D,METAL SIGN CUPCAKE SINGLE HOOK,B,Z,BZ,1284.36,1188,86,2.115,1,2232,18638436.79,94.613,47.248,Erratic and mid-value — consider make-to-order
46775E,CANDY POP CHUNKY KNITTED THROW,B,Z,BZ,1282.9,101,14,4.97,0,2233,18639719.69,94.619,47.269,Erratic and mid-value — consider make-to-order
22543,MINI JIGSAW BAKE A CAKE,B,Z,BZ,1282.33,3249,64,2.483,1,2234,18641002.02,94.626,47.29,Erratic and mid-value — consider make-to-order
22999,TRAVEL CARD WALLET VINTAGE LEAF,B,Z,BZ,1280.31,2960,43,2.031,1,2235,18642282.33,94.632,47.312,Erratic and mid-value — consider make-to-order
20765,CHRYSANTHEMUM SKETCHBOOK,B,Z,BZ,1280.06,446,67,2.816,1,2236,18643562.39,94.639,47.333,Erratic and mid-value — consider make-to-order
22214,CANDLE PLATE LACE WHITE,B,Z,BZ,1279.79,549,52,2.365,1,2237,18644842.18,94.645,47.354,Erratic and mid-value — consider make-to-order
84816,DANISH ROSE BEDSIDE CABINET,B,Z,BZ,1278.35,33,18,2.521,0,2238,18646120.53,94.652,47.375,Erratic and mid-value — consider make-to-order
22268,EASTER DECORATION SITTING BUNNY,B,Z,BZ,1278.09,2562,62,1.576,1,2239,18647398.62,94.658,47.396,Erratic and mid-value — consider make-to-order
16225,RATTLE SNAKE EGGS,B,Z,BZ,1275.41,1523,61,3.0,1,2240,18648674.03,94.665,47.417,Erratic and mid-value — consider make-to-order
21425,SKULLS STORAGE BOX LARGE,B,Z,BZ,1274.93,505,56,4.872,1,2241,18649948.96,94.671,47.439,Erratic and mid-value — consider make-to-order
21759,METAL WALL SHELF UNIT WITH HOOKS,B,Z,BZ,1274.47,30,8,5.259,0,2242,18651223.43,94.678,47.46,Erratic and mid-value — consider make-to-order
23072,MARIE ANTOINETTE TRINKET BOX SILVER,B,Z,BZ,1273.76,334,16,7.431,0,2243,18652497.19,94.684,47.481,Erratic and mid-value — consider make-to-order
35648,VINTAGE BEAD PINK PURSE,B,Z,BZ,1272.59,1043,54,1.679,1,2244,18653769.78,94.69,47.502,Erratic and mid-value — consider make-to-order
21689,SILVER VANILLA  FLOWER CANDLE POT,B,Z,BZ,1271.87,343,42,3.176,1,2245,18655041.65,94.697,47.523,Erratic and mid-value — consider make-to-order
21549,CERAMIC BIRDHOUSE RED ROOF SMALL,B,Z,BZ,1270.39,547,17,5.342,0,2246,18656312.04,94.703,47.544,Erratic and mid-value — consider make-to-order
85163B,BLACK BAROQUE WALL CLOCK,B,Z,BZ,1268.66,115,42,3.177,1,2247,18657580.7,94.71,47.566,Erratic and mid-value — consider make-to-order
20777,CHRYSANTHEMUM NOTEBOOK,B,Z,BZ,1262.7,3660,68,8.865,1,2248,18658843.4,94.716,47.587,Erratic and mid-value — consider make-to-order
22062,CERAMIC BOWL WITH LOVE HEART DESIGN,B,Z,BZ,1261.15,769,67,1.964,1,2249,18660104.55,94.723,47.608,Erratic and mid-value — consider make-to-order
22290,STANDING METAL RABBIT WITH EGG,B,Z,BZ,1260.82,688,15,4.829,0,2250,18661365.37,94.729,47.629,Erratic and mid-value — consider make-to-order
35957,SMALLFOLKART BAUBLE CHRISTMAS DEC,B,Z,BZ,1259.94,3577,32,2.085,1,2251,18662625.31,94.735,47.65,Erratic and mid-value — consider make-to-order
21752,GLASS CAKE STAND MIRRORED BASE,B,Z,BZ,1259.76,78,16,3.306,0,2252,18663885.07,94.742,47.671,Erratic and mid-value — consider make-to-order
77101A,UNION FLAG WINDSOCK,B,Z,BZ,1258.47,1084,44,3.218,1,2253,18665143.54,94.748,47.693,Erratic and mid-value — consider make-to-order
22919,HERB MARKER MINT,B,Z,BZ,1258.04,1804,52,1.71,1,2254,18666401.58,94.755,47.714,Erratic and mid-value — consider make-to-order
40003,WHITE BAMBOO RIBS LAMPSHADE,B,Z,BZ,1257.02,1150,42,2.689,1,2255,18667658.6,94.761,47.735,Erratic and mid-value — consider make-to-order
21063,PARTY INVITES JAZZ HEARTS,B,Y,BY,1256.27,1456,91,1.269,1,2256,18668914.87,94.767,47.756,Standard policy
21145,ANTIQUE GLASS PLACE SETTING,B,Z,BZ,1256.21,869,32,2.645,1,2257,18670171.08,94.774,47.777,Erratic and mid-value — consider make-to-order
23511,EMBROIDERED RIBBON REEL EMILY,B,Z,BZ,1256.17,573,12,3.878,0,2258,18671427.25,94.78,47.798,Erratic and mid-value — consider make-to-order
23071,MARIE ANTOINETTE TRINKET BOX GOLD,B,Z,BZ,1255.1,319,14,7.059,0,2259,18672682.35,94.786,47.82,Erratic and mid-value — consider make-to-order
20825,GOLD WINE GLASS,B,Z,BZ,1255.08,361,5,8.202,0,2260,18673937.43,94.793,47.841,Erratic and mid-value — consider make-to-order
22280,POCKET BAG PINK PAISELY BROWN SPOT,B,Z,BZ,1254.59,881,67,1.897,1,2261,18675192.02,94.799,47.862,Erratic and mid-value — consider make-to-order
79066K,RETRO MOD TRAY,B,Y,BY,1253.16,1415,93,1.255,1,2262,18676445.18,94.806,47.883,Standard policy
20731,POSY CANDY BAG,B,Z,BZ,1252.92,4142,42,6.88,1,2263,18677698.1,94.812,47.904,Erratic and mid-value — consider make-to-order
84967B,BLUE KASHMIRI OCCASIONAL TABLE,B,Z,BZ,1249.45,24,10,3.667,0,2264,18678947.55,94.818,47.925,Erratic and mid-value — consider make-to-order
23067,HANGING ENGRAVED METAL HEART,B,Z,BZ,1249.11,297,31,2.243,1,2265,18680196.66,94.825,47.947,Erratic and mid-value — consider make-to-order
85159A,"BLACK TEA,COFFEE,SUGAR JARS",B,Z,BZ,1248.98,492,53,1.846,1,2266,18681445.64,94.831,47.968,Erratic and mid-value — consider make-to-order
21438,TUB 24 HANGING EASTER EGGS SPOTTY,B,Z,BZ,1248.57,378,13,6.494,0,2267,18682694.21,94.837,47.989,Erratic and mid-value — consider make-to-order
84989A,75 GREEN FAIRY CAKE CASES,B,Z,BZ,1245.64,2197,84,3.61,1,2268,18683939.85,94.844,48.01,Erratic and mid-value — consider make-to-order
22389,PAPERWEIGHT SAVE THE PLANET,B,Z,BZ,1245.52,647,52,2.351,1,2269,18685185.37,94.85,48.031,Erratic and mid-value — consider make-to-order
20707,CRAZY DAISY HEART DECORATION,B,Z,BZ,1244.93,1614,74,4.378,1,2270,18686430.3,94.856,48.052,Erratic and mid-value — consider make-to-order
22808,SET OF 6 T-LIGHTS EASTER CHICKS,B,Z,BZ,1243.88,420,29,2.271,1,2271,18687674.18,94.863,48.074,Erratic and mid-value — consider make-to-order
79163,BLACK CHAMPAGNE GLASS,B,Z,BZ,1240.83,1833,41,2.737,1,2272,18688915.01,94.869,48.095,Erratic and mid-value — consider make-to-order
23138,SINGLE WIRE HOOK IVORY HEART,B,Z,BZ,1238.76,884,34,3.456,1,2273,18690153.77,94.875,48.116,Erratic and mid-value — consider make-to-order
85162A,SILVER RETRODISC LAMPSHADE,B,Z,BZ,1234.27,607,13,3.879,0,2274,18691388.04,94.881,48.137,Erratic and mid-value — consider make-to-order
21253,SET OF PICTURE FRAME  STICKERS,B,Z,BZ,1231.07,334,70,1.664,1,2275,18692619.11,94.888,48.158,Erratic and mid-value — consider make-to-order
84910A,PINK PAISLEY CUSHION COVER,B,Z,BZ,1230.39,432,40,7.241,1,2276,18693849.5,94.894,48.18,Erratic and mid-value — consider make-to-order
22921,HERB MARKER CHIVES,B,Z,BZ,1229.97,1776,49,1.945,1,2277,18695079.47,94.9,48.201,Erratic and mid-value — consider make-to-order
23539,WALL ART LOVES' SECRET,B,Z,BZ,1227.95,247,11,6.654,0,2278,18696307.42,94.906,48.222,Erratic and mid-value — consider make-to-order
16046,TEATIME PEN CASE & PENS,B,Z,BZ,1226.9,10060,42,6.535,1,2279,18697534.32,94.913,48.243,Erratic and mid-value — consider make-to-order
85135B,BLUE DRAGONFLY HELICOPTER,B,Z,BZ,1226.51,151,42,2.116,1,2280,18698760.83,94.919,48.264,Erratic and mid-value — consider make-to-order
20771,CHRYSANTHEMUM  JOURNAL,B,Z,BZ,1222.08,626,67,2.636,1,2281,18699982.91,94.925,48.285,Erratic and mid-value — consider make-to-order
84660C,PINK STITCHED WALL CLOCK,B,Z,BZ,1221.96,756,61,3.336,1,2282,18701204.87,94.931,48.307,Erratic and mid-value — consider make-to-order
23142,IVORY WIRE KITCHEN ORGANISER,B,Z,BZ,1220.82,121,20,5.304,0,2283,18702425.69,94.937,48.328,Erratic and mid-value — consider make-to-order
23598,PAPER BUNTING VINTAGE PARTY,B,Z,BZ,1218.48,428,5,5.479,0,2284,18703644.17,94.944,48.349,Erratic and mid-value — consider make-to-order
85130A,BEADED PEARL HEART WHITE LARGE,B,Z,BZ,1217.54,710,44,1.771,1,2285,18704861.71,94.95,48.37,Erratic and mid-value — consider make-to-order
22216,T-LIGHT HOLDER WHITE LACE,B,Z,BZ,1215.83,1396,65,2.101,1,2286,18706077.54,94.956,48.391,Erratic and mid-value — consider make-to-order
21490,SET OF THREE 50'S GIFT WRAPS,B,Z,BZ,1214.5,639,6,9.624,0,2287,18707292.04,94.962,48.412,Erratic and mid-value — consider make-to-order
84687,BEACH HUT SHELF W 3 DRAWERS,B,Z,BZ,1214.01,315,47,3.768,1,2288,18708506.05,94.968,48.434,Erratic and mid-value — consider make-to-order
84658,WHITE STITCHED CUSHION COVER,B,Z,BZ,1213.56,216,45,2.058,1,2289,18709719.61,94.974,48.455,Erratic and mid-value — consider make-to-order
22265,EASTER DECORATION NATURAL CHICK,B,Z,BZ,1211.7,1849,61,2.013,1,2290,18710931.31,94.981,48.476,Erratic and mid-value — consider make-to-order
22233,JIGSAW RABBIT AND BIRDHOUSE,B,Y,BY,1210.7,950,68,1.441,1,2291,18712142.01,94.987,48.497,Standard policy
84823,DANISH ROSE FOLDING CHAIR,B,Z,BZ,1210.0,120,9,7.541,0,2292,18713352.01,94.993,48.518,Erratic and mid-value — consider make-to-order
84596E,SMALL LICORICE DES PINK BOWL,B,Z,BZ,1209.78,1158,57,1.885,1,2293,18714561.79,94.999,48.539,Erratic and mid-value — consider make-to-order
22256,FELT FARM ANIMAL CHICKEN,C,Z,CZ,1207.57,939,43,2.47,1,2294,18715769.36,95.005,48.561,Delist candidate — worst capital-to-value ratio
22102,MIRROR MOSAIC T-LIGHT HOLDER,C,Z,CZ,1206.54,1851,44,8.209,1,2295,18716975.9,95.011,48.582,Delist candidate — worst capital-to-value ratio
21904,HOUSE WRECKING METAL SIGN,C,Z,CZ,1205.72,759,57,3.635,1,2296,18718181.62,95.017,48.603,Delist candidate — worst capital-to-value ratio
21396,RED SPOTTY EGG CUP,C,Z,CZ,1205.25,948,18,2.874,0,2297,18719386.87,95.024,48.624,Delist candidate — worst capital-to-value ratio
21130,COLOURFUL STANDING GNOME,C,Z,CZ,1204.38,722,23,6.772,0,2298,18720591.25,95.03,48.645,Delist candidate — worst capital-to-value ratio
22403,MAGNETS PACK OF 4 VINTAGE LABELS,C,Z,CZ,1202.53,1721,70,1.944,1,2299,18721793.78,95.036,48.666,Delist candidate — worst capital-to-value ratio
23026,DRAWER KNOB VINTAGE GLASS STAR,C,Z,CZ,1201.04,557,25,2.523,0,2300,18722994.82,95.042,48.688,Delist candidate — worst capital-to-value ratio
84815,SET OF 3 DANISH ROSE PLANTERS,C,Z,CZ,1200.82,930,24,8.887,0,2301,18724195.64,95.048,48.709,Delist candidate — worst capital-to-value ratio
21883,STARS GIFT TAPE,C,Z,CZ,1200.13,2349,79,1.93,1,2302,18725395.77,95.054,48.73,Delist candidate — worst capital-to-value ratio
23444,Next Day Carriage,C,Z,CZ,1200.0,79,26,2.459,1,2303,18726595.77,95.06,48.751,Delist candidate — worst capital-to-value ratio
21650,ASSORTED TUTTI FRUTTI BRACELET,C,Z,CZ,1196.3,3254,70,1.61,1,2304,18727792.07,95.066,48.772,Delist candidate — worst capital-to-value ratio
85129D,BEADED CRYSTAL HEART PINK SMALL,C,Y,CY,1196.06,795,76,1.49,1,2305,18728988.13,95.072,48.793,Low priority
20934,SET/3 POT PLANT CANDLES,C,Z,CZ,1195.97,199,38,2.236,1,2306,18730184.1,95.078,48.815,Delist candidate — worst capital-to-value ratio
72232,FENG SHUI PILLAR CANDLE,C,Z,CZ,1195.48,6292,65,2.663,1,2307,18731379.58,95.084,48.836,Delist candidate — worst capital-to-value ratio
84830,LARGE ENGLISH ARBORETUM,C,Z,CZ,1195.15,113,6,8.994,0,2308,18732574.73,95.091,48.857,Delist candidate — worst capital-to-value ratio
84625A,PINK NEW BAROQUECANDLESTICK CANDLE,C,Z,CZ,1193.0,838,49,1.973,1,2309,18733767.73,95.097,48.878,Delist candidate — worst capital-to-value ratio
22252,BIRDCAGE DECORATION TEALIGHT HOLDER,C,Z,CZ,1191.81,969,67,1.516,1,2310,18734959.54,95.103,48.899,Delist candidate — worst capital-to-value ratio
84750A,PINK SMALL GLASS CAKE STAND,C,Z,CZ,1189.23,544,24,2.756,0,2311,18736148.77,95.109,48.92,Delist candidate — worst capital-to-value ratio
47503E,ASS FLORAL PRINT SCISSORS,C,Z,CZ,1186.9,6842,16,9.931,0,2312,18737335.67,95.115,48.942,Delist candidate — worst capital-to-value ratio
21312,LARGE CHUNKY GLASS ROMAN BOWL,C,Z,CZ,1185.92,300,17,4.571,0,2313,18738521.59,95.121,48.963,Delist candidate — worst capital-to-value ratio
21806,WHITE CHRISTMAS HEART DECORATION,C,Z,CZ,1183.63,2717,32,2.386,1,2314,18739705.22,95.127,48.984,Delist candidate — worst capital-to-value ratio
22761,CHEST 7 DRAWER MA CAMPAGNE,C,Z,CZ,1182.78,48,25,2.227,0,2315,18740888.0,95.133,49.005,Delist candidate — worst capital-to-value ratio
84674,FLYING PIG WATERING CAN,C,Z,CZ,1178.88,461,69,1.629,1,2316,18742066.88,95.139,49.026,Delist candidate — worst capital-to-value ratio
23041,PAPER LANTERN 9 POINT SNOW STAR,C,Z,CZ,1178.48,272,25,2.516,0,2317,18743245.36,95.145,49.047,Delist candidate — worst capital-to-value ratio
23225,CHERUB HEART DECORATION SILVER,C,Z,CZ,1177.0,1356,19,2.972,0,2318,18744422.36,95.151,49.069,Delist candidate — worst capital-to-value ratio
72819,CUPID DESIGN SCENTED CANDLES,C,Z,CZ,1176.56,695,58,2.887,1,2319,18745598.92,95.157,49.09,Delist candidate — worst capital-to-value ratio
23431,NATURAL HANGING QUILTED HEARTS,C,Z,CZ,1175.38,1454,15,4.427,0,2320,18746774.3,95.163,49.111,Delist candidate — worst capital-to-value ratio
23523,WALL ART TREASURE AHOY,C,Z,CZ,1173.81,360,10,6.393,0,2321,18747948.11,95.169,49.132,Delist candidate — worst capital-to-value ratio
21393,BLUE  SPOTTY PUDDING BOWL,C,Z,CZ,1172.81,5244,30,6.801,1,2322,18749120.92,95.174,49.153,Delist candidate — worst capital-to-value ratio
37475,SET/4 COLOURFUL MIXING BOWLS,C,Z,CZ,1170.51,117,47,1.634,1,2323,18750291.43,95.18,49.174,Delist candidate — worst capital-to-value ratio
23418,LAVENDER TOILETTE BOTTLE,C,Z,CZ,1168.08,558,14,3.216,0,2324,18751459.51,95.186,49.196,Delist candidate — worst capital-to-value ratio
22048,BIRTHDAY BANQUET GIFT WRAP,C,Y,CY,1166.3,2815,65,1.193,1,2325,18752625.81,95.192,49.217,Low priority
23508,MINI PLAYING CARDS DOLLY GIRL,C,Z,CZ,1165.13,2631,12,4.97,0,2326,18753790.94,95.198,49.238,Delist candidate — worst capital-to-value ratio
23515,EMBROIDERED RIBBON REEL DAISY,C,Z,CZ,1164.98,579,12,4.671,0,2327,18754955.92,95.204,49.259,Delist candidate — worst capital-to-value ratio
22253,6 CROCHET STRAWBERRIES,C,Z,CZ,1164.53,969,18,3.536,0,2328,18756120.45,95.21,49.28,Delist candidate — worst capital-to-value ratio
84313B,BLUE TV TRAY TABLE,C,Z,CZ,1164.04,227,40,2.474,1,2329,18757284.49,95.216,49.301,Delist candidate — worst capital-to-value ratio
23269,SET OF 2 CERAMIC CHRISTMAS TREES,C,Z,CZ,1163.13,786,23,3.528,0,2330,18758447.62,95.222,49.323,Delist candidate — worst capital-to-value ratio
21649,ASSORTED TUTTI FRUTTI PHOTO FRAME,C,Z,CZ,1162.89,421,5,5.41,0,2331,18759610.51,95.228,49.344,Delist candidate — worst capital-to-value ratio
22264,FELT FARM ANIMAL WHITE BUNNY,C,Z,CZ,1159.87,2023,54,3.156,1,2332,18760770.38,95.234,49.365,Delist candidate — worst capital-to-value ratio
23566,EGG CUP MILKMAID HEIDI,C,Z,CZ,1159.43,883,8,4.352,0,2333,18761929.81,95.24,49.386,Delist candidate — worst capital-to-value ratio
21763,VINTAGE WOODEN BAR STOOL,C,Z,CZ,1157.9,43,15,3.121,0,2334,18763087.71,95.245,49.407,Delist candidate — worst capital-to-value ratio
84847,FLORAL BATHROOM SET,C,Z,CZ,1157.23,2332,35,6.842,1,2335,18764244.94,95.251,49.428,Delist candidate — worst capital-to-value ratio
23507,MINI PLAYING CARDS BUFFALO BILL,C,Z,CZ,1156.51,2884,12,4.564,0,2336,18765401.45,95.257,49.45,Delist candidate — worst capital-to-value ratio
22814,CARD PARTY GAMES,C,Y,CY,1152.81,2740,61,1.395,1,2337,18766554.26,95.263,49.471,Low priority
23402,HOME SWEET HOME 3 PEG HANGER,C,Z,CZ,1151.03,297,14,3.164,0,2338,18767705.29,95.269,49.492,Delist candidate — worst capital-to-value ratio
21316,SMALL CHUNKY GLASS ROMAN  BOWL,C,Z,CZ,1149.06,694,31,3.498,1,2339,18768854.35,95.275,49.513,Delist candidate — worst capital-to-value ratio
22806,SET OF 6 T-LIGHTS WEDDING CAKE,C,Z,CZ,1149.02,430,33,3.166,1,2340,18770003.37,95.28,49.534,Delist candidate — worst capital-to-value ratio
20932,PINK POT PLANT CANDLE,C,Z,CZ,1147.72,334,56,2.348,1,2341,18771151.09,95.286,49.555,Delist candidate — worst capital-to-value ratio
22615,PACK OF 12 CIRCUS PARADE TISSUES,C,Z,CZ,1146.75,3721,74,1.624,1,2342,18772297.84,95.292,49.577,Delist candidate — worst capital-to-value ratio
22718,CARD CAT AND TREE,C,Y,CY,1146.4,2617,76,1.09,1,2343,18773444.24,95.298,49.598,Low priority
21261,GREEN GOOSE FEATHER CHRISTMAS TREE,C,Z,CZ,1146.12,283,38,2.338,1,2344,18774590.36,95.304,49.619,Delist candidate — worst capital-to-value ratio
72598,SET/12 TAPER CANDLES,C,Z,CZ,1145.76,1244,70,1.772,1,2345,18775736.12,95.31,49.64,Delist candidate — worst capital-to-value ratio
37482B,CUBIC MUG BLUE POLKA DOT,C,Z,CZ,1145.26,1252,9,5.935,0,2346,18776881.38,95.315,49.661,Delist candidate — worst capital-to-value ratio
22040,BOTANICAL ROSE GIFT WRAP,C,Z,CZ,1144.3,2815,61,1.724,1,2347,18778025.68,95.321,49.682,Delist candidate — worst capital-to-value ratio
85118,HEART T-LIGHT HOLDER,C,Z,CZ,1143.68,2062,39,2.805,1,2348,18779169.36,95.327,49.704,Delist candidate — worst capital-to-value ratio
84750B,BLACK SMALL GLASS CAKE STAND,C,Z,CZ,1142.02,609,40,2.16,1,2349,18780311.38,95.333,49.725,Delist candidate — worst capital-to-value ratio
21366,MIRRORED WALL ART PHOTO FRAMES,C,Z,CZ,1140.0,238,48,4.166,1,2350,18781451.38,95.339,49.746,Delist candidate — worst capital-to-value ratio
23506,MINI PLAYING CARDS SPACEBOY,C,Z,CZ,1139.2,2747,12,4.913,0,2351,18782590.58,95.344,49.767,Delist candidate — worst capital-to-value ratio
85124C,GREEN JUICY FRUIT PHOTO FRAME,C,Z,CZ,1139.07,429,63,1.758,1,2352,18783729.65,95.35,49.788,Delist candidate — worst capital-to-value ratio
22715,CARD WEDDING DAY,C,Y,CY,1138.97,2729,67,1.304,1,2353,18784868.62,95.356,49.809,Low priority
85110,BLACK SILVER FLOWER T-LIGHT HOLDER,C,Z,CZ,1138.04,11520,18,5.918,0,2354,18786006.66,95.362,49.831,Delist candidate — worst capital-to-value ratio
37424,WHITE WITH BLACK CATS MUG,C,Z,CZ,1136.38,5251,43,5.852,1,2355,18787143.04,95.368,49.852,Delist candidate — worst capital-to-value ratio
21942,SKULLS DESIGN FLANNEL,C,Z,CZ,1136.28,1672,70,3.99,1,2356,18788279.32,95.373,49.873,Delist candidate — worst capital-to-value ratio
20622,VIPPASSPORT COVER,C,Z,CZ,1135.99,586,68,3.641,1,2357,18789415.31,95.379,49.894,Delist candidate — worst capital-to-value ratio
22230,JIGSAW TREE WITH WATERING CAN,C,Z,CZ,1135.78,1659,77,2.112,1,2358,18790551.09,95.385,49.915,Delist candidate — worst capital-to-value ratio
21413,PERIWINKLE T-LIGHT HOLDER,C,Z,CZ,1134.89,3165,32,9.528,1,2359,18791685.98,95.391,49.936,Delist candidate — worst capital-to-value ratio
22598,CHRISTMAS MUSICAL ZINC TREE,C,Z,CZ,1133.01,1794,32,2.139,1,2360,18792818.99,95.396,49.958,Delist candidate — worst capital-to-value ratio
20832,RED FLOCK LOVE HEART PHOTO FRAME,C,Z,CZ,1132.01,1705,63,1.845,1,2361,18793951.0,95.402,49.979,Delist candidate — worst capital-to-value ratio
21555,CERAMIC STRAWBERRY TRINKET TRAY,C,Z,CZ,1131.37,425,70,2.232,1,2362,18795082.37,95.408,50.0,Delist candidate — worst capital-to-value ratio
85224,ASSORTED COLOUR SILK GLASSES CASE,C,Z,CZ,1129.36,2008,38,2.504,1,2363,18796211.73,95.414,50.021,Delist candidate — worst capital-to-value ratio
85136A,YELLOW SHARK HELICOPTER,C,Z,CZ,1129.23,139,49,1.636,1,2364,18797340.96,95.419,50.042,Delist candidate — worst capital-to-value ratio
22255,FELT TOADSTOOL  SMALL,C,Y,CY,1128.81,1187,67,1.433,1,2365,18798469.77,95.425,50.064,Low priority
85212,MINI PAINTED GARDEN DECORATION,C,Z,CZ,1128.01,2868,68,2.272,1,2366,18799597.78,95.431,50.085,Delist candidate — worst capital-to-value ratio
21040,MODERN VINTAGE COTTON SHOPPING BAG,C,Z,CZ,1125.85,894,32,4.92,1,2367,18800723.63,95.436,50.106,Delist candidate — worst capital-to-value ratio
20700,GREEN CAT FLORAL CUSHION COVER,C,Z,CZ,1125.05,420,51,4.256,1,2368,18801848.68,95.442,50.127,Delist candidate — worst capital-to-value ratio
21010,ETCHED GLASS BIRD TREE DECORATION,C,Z,CZ,1122.26,856,20,2.949,0,2369,18802970.94,95.448,50.148,Delist candidate — worst capital-to-value ratio
20669,RED HEART LUGGAGE TAG,C,Y,CY,1119.39,803,78,1.231,1,2370,18804090.33,95.454,50.169,Low priority
23510,MINI PLAYING CARDS GYMKHANA,C,Z,CZ,1119.22,2522,12,4.276,0,2371,18805209.55,95.459,50.191,Delist candidate — worst capital-to-value ratio
84559B,3D SHEET OF CAT STICKERS,C,Y,CY,1119.09,1231,80,1.36,1,2372,18806328.64,95.465,50.212,Low priority
23411,TRELLIS COAT RACK,C,Z,CZ,1118.61,227,14,4.538,0,2373,18807447.25,95.471,50.233,Delist candidate — worst capital-to-value ratio
17096,ASSORTED LAQUERED INCENSE HOLDERS,C,Z,CZ,1117.51,6242,53,3.668,1,2374,18808564.76,95.476,50.254,Delist candidate — worst capital-to-value ratio
84678,CLASSICAL ROSE SMALL VASE,C,Z,CZ,1115.93,568,47,1.962,1,2375,18809680.69,95.482,50.275,Delist candidate — worst capital-to-value ratio
22997,TRAVEL CARD WALLET UNION JACK,C,Y,CY,1115.93,2595,42,1.468,1,2376,18810796.62,95.488,50.296,Low priority
23513,EMBROIDERED RIBBON REEL SUSIE,C,Z,CZ,1114.26,566,12,4.784,0,2377,18811910.88,95.493,50.318,Delist candidate — worst capital-to-value ratio
84631,FRUIT TREE AND BIRDS WALL PLAQUE,C,Z,CZ,1114.11,289,30,5.574,1,2378,18813024.99,95.499,50.339,Delist candidate — worst capital-to-value ratio
47504H,ENGLISH ROSE SPIRIT LEVEL,C,Z,CZ,1113.07,1028,54,2.417,1,2379,18814138.06,95.505,50.36,Delist candidate — worst capital-to-value ratio
21666,RIDGED GLASS T-LIGHT HOLDER,C,Z,CZ,1109.05,1766,56,3.224,1,2380,18815247.11,95.51,50.381,Delist candidate — worst capital-to-value ratio
23375,50'S CHRISTMAS PAPER GIFT BAG,C,Z,CZ,1108.89,1352,16,3.008,0,2381,18816356.0,95.516,50.402,Delist candidate — worst capital-to-value ratio
23433,HANGING QUILTED PATCHWORK APPLES,C,Z,CZ,1108.58,1258,14,3.367,0,2382,18817464.58,95.521,50.423,Delist candidate — worst capital-to-value ratio
20892,SET/3 TALL GLASS CANDLE HOLDER PINK,C,Z,CZ,1108.1,103,29,2.681,1,2383,18818572.68,95.527,50.445,Delist candidate — worst capital-to-value ratio
21944,KITTENS DESIGN FLANNEL,C,Z,CZ,1106.86,1790,68,4.012,1,2384,18819679.54,95.533,50.466,Delist candidate — worst capital-to-value ratio
22116,METAL SIGN HIS DINNER IS SERVED,C,Z,CZ,1103.88,823,77,2.018,1,2385,18820783.42,95.538,50.487,Delist candidate — worst capital-to-value ratio
21202,DOLLY HONEYCOMB GARLAND,C,Z,CZ,1103.48,854,50,2.829,1,2386,18821886.9,95.544,50.508,Delist candidate — worst capital-to-value ratio
21839,MUMMY MOUSE RED GINGHAM RIBBON,C,Z,CZ,1101.94,204,38,2.308,1,2387,18822988.84,95.549,50.529,Delist candidate — worst capital-to-value ratio
84638,SMALL KITCHEN FLOWER POTS PLAQUE,C,Z,CZ,1101.55,400,41,5.146,1,2388,18824090.39,95.555,50.55,Delist candidate — worst capital-to-value ratio
22532,MAGIC DRAWING SLATE LEAP FROG,C,Z,CZ,1101.1,2862,67,1.784,1,2389,18825191.49,95.561,50.572,Delist candidate — worst capital-to-value ratio
47587A,PINK FAIRY CAKE COASTER,C,Z,CZ,1099.88,2706,14,9.018,0,2390,18826291.37,95.566,50.593,Delist candidate — worst capital-to-value ratio
22709,WRAP WEDDING DAY,C,Z,CZ,1099.58,2799,50,1.783,1,2391,18827390.95,95.572,50.614,Delist candidate — worst capital-to-value ratio
21131,GOLD STANDING GNOME,C,Z,CZ,1098.86,276,40,4.802,1,2392,18828489.81,95.577,50.635,Delist candidate — worst capital-to-value ratio
21779,MA CAMPAGNE MINI WOODEN CHEST,C,Z,CZ,1097.8,301,5,6.665,0,2393,18829587.61,95.583,50.656,Delist candidate — worst capital-to-value ratio
84358,FLOOR LAMP SHADE WOOD BASE,C,Z,CZ,1097.48,121,27,4.531,1,2394,18830685.09,95.589,50.677,Delist candidate — worst capital-to-value ratio
37479B,CUBIC MUG FLOCK BLUE ON BROWN,C,Z,CZ,1095.85,1253,26,5.201,1,2395,18831780.94,95.594,50.699,Delist candidate — worst capital-to-value ratio
84791,GINGHAM HEART DECORATION,C,Z,CZ,1094.98,337,30,2.286,1,2396,18832875.92,95.6,50.72,Delist candidate — worst capital-to-value ratio
20867,PINK ROSE FABRIC MIRROR,C,Z,CZ,1094.39,1099,56,2.966,1,2397,18833970.31,95.605,50.741,Delist candidate — worst capital-to-value ratio
85131D,BEADED CRYSTAL HEART PINK ON STICK,C,Y,CY,1093.96,1444,72,1.444,1,2398,18835064.27,95.611,50.762,Low priority
85093,CANDY SPOT EGG WARMER HARE,C,Z,CZ,1092.46,1362,62,2.229,1,2399,18836156.73,95.616,50.783,Delist candidate — worst capital-to-value ratio
23087,ZINC  HEART T-LIGHT HOLDER,C,Z,CZ,1090.66,868,25,2.684,0,2400,18837247.39,95.622,50.804,Delist candidate — worst capital-to-value ratio
20755,BLUE PAISLEY POCKET BOOK,C,Z,CZ,1090.58,5146,53,8.554,1,2401,18838337.97,95.627,50.826,Delist candidate — worst capital-to-value ratio
23432,PRETTY HANGING QUILTED HEARTS,C,Z,CZ,1090.02,1278,15,3.465,0,2402,18839427.99,95.633,50.847,Delist candidate — worst capital-to-value ratio
21632,VINTAGE PINK DECORATIVE PARASOL,C,Z,CZ,1088.97,133,28,3.807,1,2403,18840516.96,95.638,50.868,Delist candidate — worst capital-to-value ratio
85124A,PINK JUICY FRUIT PHOTO FRAME,C,Z,CZ,1087.73,387,33,2.415,1,2404,18841604.69,95.644,50.889,Delist candidate — worst capital-to-value ratio
23102,SILVER HEARTS TABLE DECORATION,C,Z,CZ,1086.65,1288,27,2.225,1,2405,18842691.34,95.649,50.91,Delist candidate — worst capital-to-value ratio
21817,GLITTER CHRISTMAS TREE,C,Z,CZ,1086.01,1699,32,2.242,1,2406,18843777.35,95.655,50.931,Delist candidate — worst capital-to-value ratio
72815,3 WICK CHRISTMAS BRIAR CANDLE,C,Z,CZ,1083.36,282,20,2.839,0,2407,18844860.71,95.66,50.953,Delist candidate — worst capital-to-value ratio
21815,STAR  T-LIGHT HOLDER,C,Z,CZ,1080.54,693,36,2.186,1,2408,18845941.25,95.666,50.974,Delist candidate — worst capital-to-value ratio
84247E,PACK/12 XMAS FUN CARD,C,Z,CZ,1078.8,381,29,2.538,1,2409,18847020.05,95.671,50.995,Delist candidate — worst capital-to-value ratio
21850,BLUE  DIAMANTE PEN IN GIFT BOX,C,Z,CZ,1077.93,448,49,3.411,1,2410,18848097.98,95.677,51.016,Delist candidate — worst capital-to-value ratio
20615,BLUE POLKADOT PASSPORT COVER,C,Z,CZ,1077.81,637,80,2.199,1,2411,18849175.79,95.682,51.037,Delist candidate — worst capital-to-value ratio
23347,I LOVE LONDON BEAKER,C,Z,CZ,1077.3,860,21,3.42,0,2412,18850253.09,95.688,51.058,Delist candidate — worst capital-to-value ratio
85126,LARGE ROUND CUTGLASS CANDLESTICK,C,Z,CZ,1075.91,157,29,3.044,1,2413,18851329.0,95.693,51.08,Delist candidate — worst capital-to-value ratio
22860,EASTER TIN CHICKS PINK DAISY,C,Z,CZ,1075.7,621,22,2.836,0,2414,18852404.7,95.699,51.101,Delist candidate — worst capital-to-value ratio
21827,EIGHT PIECE CREEPY CRAWLIE SET,C,Z,CZ,1072.64,838,46,1.893,1,2415,18853477.34,95.704,51.122,Delist candidate — worst capital-to-value ratio
85163A,WHITE BAROQUE WALL CLOCK,C,Z,CZ,1070.92,104,39,2.721,1,2416,18854548.26,95.71,51.143,Delist candidate — worst capital-to-value ratio
21758,VINTAGE SHELLS PRINT,C,Y,CY,1069.76,135,54,1.464,1,2417,18855618.02,95.715,51.164,Low priority
72800F,4 IVORY DINNER CANDLES GOLD FLOCK,C,Z,CZ,1067.84,825,34,6.303,1,2418,18856685.86,95.721,51.185,Delist candidate — worst capital-to-value ratio
23033,DRAWER KNOB CERAMIC RED,C,Z,CZ,1067.6,720,25,2.985,0,2419,18857753.46,95.726,51.207,Delist candidate — worst capital-to-value ratio
22856,ASSORTED EASTER DECORATIONS  BELLS,C,Z,CZ,1067.35,883,21,4.682,0,2420,18858820.81,95.731,51.228,Delist candidate — worst capital-to-value ratio
85008,SET OF 3 CONEY ISLAND OVAL BOXES,C,Z,CZ,1063.67,270,47,1.931,1,2421,18859884.48,95.737,51.249,Delist candidate — worst capital-to-value ratio
23516,EMBROIDERED RIBBON REEL SOPHIE,C,Z,CZ,1062.35,297,11,4.881,0,2422,18860946.83,95.742,51.27,Delist candidate — worst capital-to-value ratio
23331,DECORATIVE WICKER HEART SMALL,C,Z,CZ,1062.28,1596,18,2.433,0,2423,18862009.11,95.748,51.291,Delist candidate — worst capital-to-value ratio
22995,TRAVEL CARD WALLET SUKI,C,Z,CZ,1062.0,2389,43,1.639,1,2424,18863071.11,95.753,51.312,Delist candidate — worst capital-to-value ratio
85179B,WHITE BITTY LIGHT CHAIN,C,Z,CZ,1061.25,247,22,3.611,0,2425,18864132.36,95.758,51.334,Delist candidate — worst capital-to-value ratio
22857,ASSORTED EASTER GIFT TAGS,C,Z,CZ,1060.18,1244,22,2.657,0,2426,18865192.54,95.764,51.355,Delist candidate — worst capital-to-value ratio
21825,PAINTED METAL TREE WITH HOLLY BELLS,C,Z,CZ,1058.99,737,21,2.878,0,2427,18866251.53,95.769,51.376,Delist candidate — worst capital-to-value ratio
85144,JARDIN ETCHED GLASS CHEESE DISH,C,Z,CZ,1058.0,290,36,3.151,1,2428,18867309.53,95.774,51.397,Delist candidate — worst capital-to-value ratio
35651,VINTAGE BEAD PINK SCARF,C,Z,CZ,1057.62,459,27,2.504,1,2429,18868367.15,95.78,51.418,Delist candidate — worst capital-to-value ratio
20783,HEART EAR MUFF HEADPHONES,C,Z,CZ,1056.89,166,22,3.638,0,2430,18869424.04,95.785,51.439,Delist candidate — worst capital-to-value ratio
16047,POP ART PEN CASE & PENS,C,Z,CZ,1056.4,10614,22,6.973,0,2431,18870480.44,95.791,51.461,Delist candidate — worst capital-to-value ratio
84707A,SILVER JEWELLED MIRROR TRINKET TRAY,C,Z,CZ,1055.83,126,38,2.782,1,2432,18871536.27,95.796,51.482,Delist candidate — worst capital-to-value ratio
22821,GIFT BAG PSYCHEDELIC APPLES,C,Z,CZ,1055.25,1672,57,1.617,1,2433,18872591.52,95.801,51.503,Delist candidate — worst capital-to-value ratio
22511,RETROSPOT BABUSHKA DOORSTOP,C,Z,CZ,1054.16,399,51,2.135,1,2434,18873645.68,95.807,51.524,Delist candidate — worst capital-to-value ratio
21269,ANTIQUE CREAM CUTLERY SHELF,C,Y,CY,1053.84,116,42,1.488,1,2435,18874699.52,95.812,51.545,Low priority
84908B,BLUE 5 PATCH FLOWER CUSHION COVER,C,Z,CZ,1052.29,435,22,6.245,0,2436,18875751.81,95.817,51.566,Delist candidate — worst capital-to-value ratio
84908A,PINK 5 PATCH FLOWER CUSHION COVER,C,Z,CZ,1052.11,433,23,6.274,0,2437,18876803.92,95.823,51.588,Delist candidate — worst capital-to-value ratio
37327,ASSTD MULTICOLOUR CIRCLES MUG,C,Z,CZ,1052.08,1740,39,2.14,1,2438,18877856.0,95.828,51.609,Delist candidate — worst capital-to-value ratio
85078,SCANDINAVIAN 3 HEARTS NAPKIN RING,C,Z,CZ,1052.02,2258,63,1.973,1,2439,18878908.02,95.833,51.63,Delist candidate — worst capital-to-value ratio
23327,HANGING CLEAR MINI BOTTLE,C,Z,CZ,1051.14,1734,14,3.545,0,2440,18879959.16,95.839,51.651,Delist candidate — worst capital-to-value ratio
84965A,PINK KASHMIRI COFFEE TABLE,C,Z,CZ,1050.0,20,3,7.869,0,2441,18881009.16,95.844,51.672,Delist candidate — worst capital-to-value ratio
84985A,SET OF 72 GREEN PAPER DOILIES,C,Z,CZ,1049.38,655,61,1.774,1,2442,18882058.54,95.849,51.693,Delist candidate — worst capital-to-value ratio
85160B,BLACK BIRD GARDEN DESIGN MUG,C,Z,CZ,1048.83,6156,28,6.901,1,2443,18883107.37,95.855,51.715,Delist candidate — worst capital-to-value ratio
21061,PARTY INVITES FOOTBALL,C,Z,CZ,1047.41,1397,82,2.245,1,2444,18884154.78,95.86,51.736,Delist candidate — worst capital-to-value ratio
72750B,FLOWER FAIRY SET 3 CANDLES LAVENDER,C,Z,CZ,1047.2,496,26,3.288,1,2445,18885201.98,95.865,51.757,Delist candidate — worst capital-to-value ratio
23419,HOME SWEET HOME BOTTLE,C,Z,CZ,1045.8,474,14,3.298,0,2446,18886247.78,95.871,51.778,Delist candidate — worst capital-to-value ratio
46775A,BUBBLE GUM CHUNKY KNITTED THROW,C,Z,CZ,1044.23,83,6,6.728,0,2447,18887292.01,95.876,51.799,Delist candidate — worst capital-to-value ratio
22134,MINI LADLE LOVE HEART RED,C,Z,CZ,1044.0,2355,96,2.365,1,2448,18888336.01,95.881,51.82,Delist candidate — worst capital-to-value ratio
35646,VINTAGE BEAD PINK EVENING BAG,C,Z,CZ,1043.44,642,39,2.068,1,2449,18889379.45,95.886,51.842,Delist candidate — worst capital-to-value ratio
18007,ESSENTIAL BALM 3.5g TIN IN ENVELOPE,C,Z,CZ,1043.4,11397,43,4.361,1,2450,18890422.85,95.892,51.863,Delist candidate — worst capital-to-value ratio
22266,EASTER DECORATION HANGING BUNNY,C,Z,CZ,1042.71,2546,58,2.73,1,2451,18891465.56,95.897,51.884,Delist candidate — worst capital-to-value ratio
84405A,S/3 PINK COL METAL BASKET W HANDLE,C,Z,CZ,1042.16,129,27,3.663,1,2452,18892507.72,95.902,51.905,Delist candidate — worst capital-to-value ratio
72800D,4 BLUE DINNER CANDLES SILVER FLOCK,C,Z,CZ,1040.61,639,56,4.507,1,2453,18893548.33,95.908,51.926,Delist candidate — worst capital-to-value ratio
20671,BLUE TEATIME PRINT BOWL,C,Z,CZ,1039.97,787,50,2.002,1,2454,18894588.3,95.913,51.948,Delist candidate — worst capital-to-value ratio
21725,SWEETIES  STICKERS,C,Y,CY,1038.13,1137,80,1.335,1,2455,18895626.43,95.918,51.969,Low priority
21664,RIDGED GLASS STORAGE JAR CREAM LID,C,Z,CZ,1034.82,259,46,2.448,1,2456,18896661.25,95.923,51.99,Delist candidate — worst capital-to-value ratio
20652,BLUE POLKADOT LUGGAGE TAG,C,Z,CZ,1033.54,1521,75,4.248,1,2457,18897694.79,95.929,52.011,Delist candidate — worst capital-to-value ratio
23088,ZINC HEART FLOWER T-LIGHT HOLDER,C,Z,CZ,1033.28,795,26,2.481,1,2458,18898728.07,95.934,52.032,Delist candidate — worst capital-to-value ratio
82616C,MIDNIGHT GLAMOUR SCARF KNITTING KIT,C,Z,CZ,1030.0,634,56,2.434,1,2459,18899758.07,95.939,52.053,Delist candidate — worst capital-to-value ratio
22247,BUNNY DECORATION MAGIC GARDEN,C,Z,CZ,1027.89,1190,47,2.048,1,2460,18900785.96,95.944,52.075,Delist candidate — worst capital-to-value ratio
84686,BEACH HUT MIRROR,C,Z,CZ,1027.79,389,38,4.41,1,2461,18901813.75,95.95,52.096,Delist candidate — worst capital-to-value ratio
84923,PINK BUTTERFLY HANDBAG W BOBBLES,C,Y,CY,1026.14,235,65,1.168,1,2462,18902839.89,95.955,52.117,Low priority
21417,COCKLE SHELL DISH,C,Z,CZ,1026.0,503,67,3.047,1,2463,18903865.89,95.96,52.138,Delist candidate — worst capital-to-value ratio
23545,WRAP RED VINTAGE DOILY,C,Z,CZ,1025.6,2480,21,2.281,0,2464,18904891.49,95.965,52.159,Delist candidate — worst capital-to-value ratio
22049,WRAP CHRISTMAS SCREEN PRINT,C,Z,CZ,1025.25,3550,27,2.248,1,2465,18905916.74,95.97,52.18,Delist candidate — worst capital-to-value ratio
21814,HEART T-LIGHT HOLDER,C,Z,CZ,1025.23,676,42,2.148,1,2466,18906941.97,95.976,52.202,Delist candidate — worst capital-to-value ratio
35923,CANDY HEART HANGING DECORATION,C,Z,CZ,1025.02,1546,57,3.756,1,2467,18907966.99,95.981,52.223,Delist candidate — worst capital-to-value ratio
21690,SILVER  CANDLEPOT JARDIN,C,Z,CZ,1024.59,267,44,2.127,1,2468,18908991.58,95.986,52.244,Delist candidate — worst capital-to-value ratio
85104,SILVER GLASS T-LIGHT SET,C,Z,CZ,1024.49,351,36,4.42,1,2469,18910016.07,95.991,52.265,Delist candidate — worst capital-to-value ratio
84625C,BLUE NEW BAROQUE CANDLESTICK CANDLE,C,Z,CZ,1024.15,770,41,2.103,1,2470,18911040.22,95.996,52.286,Delist candidate — worst capital-to-value ratio
22717,CARD DOG AND BALL,C,Z,CZ,1023.46,2417,72,1.53,1,2471,18912063.68,96.002,52.307,Delist candidate — worst capital-to-value ratio
85180B,PINK HEARTS LIGHT CHAIN,C,Z,CZ,1022.16,364,37,3.759,1,2472,18913085.84,96.007,52.329,Delist candidate — worst capital-to-value ratio
82613B,"METAL SIGN,CUPCAKE SINGLE HOOK",C,Z,CZ,1021.86,911,89,2.008,1,2473,18914107.7,96.012,52.35,Delist candidate — worst capital-to-value ratio
23452,HEART MINI PORTRAIT FRAME,C,Z,CZ,1021.76,518,9,3.44,0,2474,18915129.46,96.017,52.371,Delist candidate — worst capital-to-value ratio
21636,MADRAS NOTEBOOK MEDIUM,C,Z,CZ,1020.84,1032,48,2.138,1,2475,18916150.3,96.022,52.392,Delist candidate — worst capital-to-value ratio
84929,ASSTD FRUIT+FLOWERS FRIDGE MAGNETS,C,Z,CZ,1020.72,3120,57,2.386,1,2476,18917171.02,96.028,52.413,Delist candidate — worst capital-to-value ratio
23153,ZINC SWEETHEART WIRE LETTER RACK,C,Z,CZ,1020.69,263,32,2.057,1,2477,18918191.71,96.033,52.434,Delist candidate — worst capital-to-value ratio
84709B,PINK OVAL JEWELLED MIRROR,C,Z,CZ,1020.43,177,48,1.849,1,2478,18919212.14,96.038,52.456,Delist candidate — worst capital-to-value ratio
22643,SET OF 4 NAPKIN CHARMS LEAVES,C,Z,CZ,1019.78,470,42,1.897,1,2479,18920231.92,96.043,52.477,Delist candidate — worst capital-to-value ratio
47589,CONGRATULATIONS BUNTING,C,Z,CZ,1019.63,185,35,2.303,1,2480,18921251.55,96.048,52.498,Delist candidate — worst capital-to-value ratio
84596L,BISCUITS SMALL BOWL LIGHT BLUE,C,Z,CZ,1019.34,1540,70,1.852,1,2481,18922270.89,96.053,52.519,Delist candidate — worst capital-to-value ratio
17021,NAMASTE SWAGAT INCENSE,C,Z,CZ,1018.44,3834,54,2.813,1,2482,18923289.33,96.059,52.54,Delist candidate — worst capital-to-value ratio
20839,FRENCH PAISLEY CUSHION COVER,C,Z,CZ,1018.11,633,47,1.745,1,2483,18924307.44,96.064,52.561,Delist candidate — worst capital-to-value ratio
85031C,CURIOUS IMAGES SCRAP BOOK SET,C,Z,CZ,1017.48,481,38,2.956,1,2484,18925324.92,96.069,52.583,Delist candidate — worst capital-to-value ratio
20619,TROPICAL PASSPORT COVER,C,Z,CZ,1016.52,579,82,2.135,1,2485,18926341.44,96.074,52.604,Delist candidate — worst capital-to-value ratio
23544,WALL ART MID CENTURY MODERN,C,Z,CZ,1015.78,164,8,8.315,0,2486,18927357.22,96.079,52.625,Delist candidate — worst capital-to-value ratio
22420,LIPSTICK PEN BABY PINK,C,Z,CZ,1015.17,2112,69,1.632,1,2487,18928372.39,96.084,52.646,Delist candidate — worst capital-to-value ratio
20730,STRAWBERRY CANDY BAG,C,Z,CZ,1011.7,2218,24,6.582,0,2488,18929384.09,96.09,52.667,Delist candidate — worst capital-to-value ratio
72586,SET OF 6 HALLOWEEN GHOST T-LIGHTS,C,Z,CZ,1010.94,2305,61,3.412,1,2489,18930395.03,96.095,52.688,Delist candidate — worst capital-to-value ratio
23107,WHITE HEARTS WIRE PLANT POT HOLDER,C,Z,CZ,1009.51,359,27,2.535,1,2490,18931404.54,96.1,52.71,Delist candidate — worst capital-to-value ratio
21084,SET/6 COLLAGE PAPER CUPS,C,Z,CZ,1008.81,2929,72,2.315,1,2491,18932413.35,96.105,52.731,Delist candidate — worst capital-to-value ratio
84905,PINK BUTTERFLY CUSHION COVER,C,Z,CZ,1007.91,269,44,2.194,1,2492,18933421.26,96.11,52.752,Delist candidate — worst capital-to-value ratio
21836,GINGHAM OVEN GLOVE RED HEART,C,Z,CZ,1007.64,250,39,1.791,1,2493,18934428.9,96.115,52.773,Delist candidate — worst capital-to-value ratio
23460,SWEETHEART WALL TIDY,C,Z,CZ,1007.08,108,8,4.36,0,2494,18935435.98,96.12,52.794,Delist candidate — worst capital-to-value ratio
20782,CAMOUFLAGE EAR MUFF HEADPHONES,C,Z,CZ,1006.46,157,36,2.101,1,2495,18936442.44,96.125,52.815,Delist candidate — worst capital-to-value ratio
47310M,SMALL POP BOX FUNKY MONKEY,C,Z,CZ,1004.94,746,71,1.549,1,2496,18937447.38,96.13,52.837,Delist candidate — worst capital-to-value ratio
21127,COLOURFUL FISHING GNOME,C,Z,CZ,1003.98,298,24,6.142,0,2497,18938451.36,96.136,52.858,Delist candidate — worst capital-to-value ratio
23121,PACK OF 6 COCKTAIL PARASOL STRAWS,C,Z,CZ,1002.54,2506,25,3.246,0,2498,18939453.9,96.141,52.879,Delist candidate — worst capital-to-value ratio
23281,FOLDING BUTTERFLY MIRROR RED,C,Z,CZ,1000.82,1280,28,2.801,1,2499,18940454.72,96.146,52.9,Delist candidate — worst capital-to-value ratio
84907,PINK YELLOW PATCH CUSHION COVER,C,Z,CZ,999.17,391,27,5.484,1,2500,18941453.89,96.151,52.921,Delist candidate — worst capital-to-value ratio
21427,SKULLS STORAGE BOX SMALL,C,Z,CZ,999.06,507,62,2.781,1,2501,18942452.95,96.156,52.942,Delist candidate — worst capital-to-value ratio
23533,WALL ART GARDEN HAVEN,C,Z,CZ,998.64,215,10,7.237,0,2502,18943451.59,96.161,52.964,Delist candidate — worst capital-to-value ratio
21250,SET OF SKULL WALL STICKERS,C,Z,CZ,997.55,402,41,3.377,1,2503,18944449.14,96.166,52.985,Delist candidate — worst capital-to-value ratio
23517,EMBROIDERED RIBBON REEL REBECCA,C,Z,CZ,996.38,334,12,4.682,0,2504,18945445.52,96.171,53.006,Delist candidate — worst capital-to-value ratio
20705,MRS ROBOT SOFT TOY,C,Z,CZ,996.19,273,40,2.861,1,2505,18946441.71,96.176,53.027,Delist candidate — worst capital-to-value ratio
84918,CREAM CUSHION COVER WITH FLOWERS,C,Z,CZ,995.12,208,24,3.063,0,2506,18947436.83,96.181,53.048,Delist candidate — worst capital-to-value ratio
85170C,SET/6 EAU DE NIL BIRD T-LIGHTS,C,Z,CZ,993.03,543,60,2.419,1,2507,18948429.86,96.186,53.069,Delist candidate — worst capital-to-value ratio
20617,FIRST CLASS PASSPORT COVER,C,Z,CZ,992.99,498,66,4.121,1,2508,18949422.85,96.191,53.091,Delist candidate — worst capital-to-value ratio
85025B,EAU DE NILE HEART SHAPE PHOTO FRAME,C,Z,CZ,992.0,574,54,2.859,1,2509,18950414.85,96.196,53.112,Delist candidate — worst capital-to-value ratio
72484,ROSES IN WHITE HEART CANDLE,C,Z,CZ,991.38,1818,11,4.15,0,2510,18951406.23,96.201,53.133,Delist candidate — worst capital-to-value ratio
21721,CANDY SHOP  STICKER SHEET,C,Y,CY,991.35,1091,58,1.419,1,2511,18952397.58,96.206,53.154,Low priority
84964B,BLUE PAINTED KASHMIRI TABLE,C,Z,CZ,990.0,17,2,9.565,0,2512,18953387.58,96.211,53.175,Delist candidate — worst capital-to-value ratio
21335,LIBRARY LAMP,C,Z,CZ,989.62,42,17,2.627,0,2513,18954377.2,96.216,53.196,Delist candidate — worst capital-to-value ratio
35958,FOLKART ZINC STAR CHRISTMAS DEC,C,Z,CZ,986.33,1133,28,2.779,1,2514,18955363.53,96.221,53.218,Delist candidate — worst capital-to-value ratio
21303,FILIGREE WALL MIRROR  ANTIQUE WHITE,C,Z,CZ,985.54,96,11,5.958,0,2515,18956349.07,96.226,53.239,Delist candidate — worst capital-to-value ratio
22529,MAGIC DRAWING SLATE GO TO THE FAIR,C,Z,CZ,984.87,2439,65,1.935,1,2516,18957333.94,96.231,53.26,Delist candidate — worst capital-to-value ratio
71279,PINK GLASS CANDLEHOLDER,C,Z,CZ,983.91,297,53,1.6,1,2517,18958317.85,96.236,53.281,Delist candidate — worst capital-to-value ratio
23380,PACK OF 12 VINTAGE DOILY TISSUES,C,Z,CZ,983.5,2344,14,3.492,0,2518,18959301.35,96.241,53.302,Delist candidate — worst capital-to-value ratio
23518,EMBROIDERED RIBBON REEL RACHEL,C,Z,CZ,983.3,362,11,5.121,0,2519,18960284.65,96.246,53.323,Delist candidate — worst capital-to-value ratio
20661,BLUE SPOTTY PURSE,C,Z,CZ,983.01,899,58,4.772,1,2520,18961267.66,96.251,53.345,Delist candidate — worst capital-to-value ratio
35653,VINTAGE BEAD NOTEBOOK,C,Z,CZ,982.53,311,52,1.641,1,2521,18962250.19,96.256,53.366,Delist candidate — worst capital-to-value ratio
85019B,BLOSSOM  IMAGES NOTEBOOK SET,C,Z,CZ,982.47,718,34,2.78,1,2522,18963232.66,96.261,53.387,Delist candidate — worst capital-to-value ratio
82616B,FRAPPUCINO SCARF KNITTING KIT,C,Z,CZ,980.5,607,55,1.933,1,2523,18964213.16,96.266,53.408,Delist candidate — worst capital-to-value ratio
21691,SILVER VANILLA FLOWER CANDLE POT,C,Z,CZ,979.74,254,35,1.875,1,2524,18965192.9,96.271,53.429,Delist candidate — worst capital-to-value ratio
72814,SET OF 3 CHRISTMAS BRIAR CANDLES,C,Z,CZ,979.17,269,20,3.033,0,2525,18966172.07,96.276,53.45,Delist candidate — worst capital-to-value ratio
22108,PING! MICROWAVE PLATE,C,Z,CZ,978.74,313,59,1.734,1,2526,18967150.81,96.281,53.472,Delist candidate — worst capital-to-value ratio
85018D,YULETIDE IMAGES S/6 PAPER BOXES,C,Z,CZ,977.55,790,23,4.068,0,2527,18968128.36,96.286,53.493,Delist candidate — worst capital-to-value ratio
23514,EMBROIDERED RIBBON REEL SALLY,C,Z,CZ,977.39,478,11,4.311,0,2528,18969105.75,96.291,53.514,Delist candidate — worst capital-to-value ratio
23512,EMBROIDERED RIBBON REEL ROSIE,C,Z,CZ,977.32,501,12,4.897,0,2529,18970083.07,96.296,53.535,Delist candidate — worst capital-to-value ratio
20830,SILVER PHOTO FRAME,C,Z,CZ,977.21,413,54,2.7,1,2530,18971060.28,96.301,53.556,Delist candidate — worst capital-to-value ratio
21208,PASTEL COLOUR HONEYCOMB FAN,C,Z,CZ,976.91,1078,69,1.811,1,2531,18972037.19,96.306,53.577,Delist candidate — worst capital-to-value ratio
35599B,BLACK CHRISTMAS TREE 120CM,C,Z,CZ,974.81,268,29,3.702,1,2532,18973012.0,96.311,53.599,Delist candidate — worst capital-to-value ratio
85189,HANGING BUTTERFLY  EGG,C,Z,CZ,971.35,1180,21,3.64,0,2533,18973983.35,96.316,53.62,Delist candidate — worst capital-to-value ratio
22512,DOORSTOP RACING CAR DESIGN,C,Z,CZ,971.17,388,41,3.484,1,2534,18974954.52,96.321,53.641,Delist candidate — worst capital-to-value ratio
78124,MAGAZINE RACK GEBRA ASSORTED,C,Z,CZ,970.86,731,26,4.538,1,2535,18975925.38,96.326,53.662,Delist candidate — worst capital-to-value ratio
84800L,LARGE WHITE/PINK ROSE ART FLOWER,C,Z,CZ,970.79,650,31,2.865,1,2536,18976896.17,96.331,53.683,Delist candidate — worst capital-to-value ratio
21129,SILVER FISHING GNOME,C,Z,CZ,970.29,127,41,1.803,1,2537,18977866.46,96.336,53.704,Delist candidate — worst capital-to-value ratio
21562,HAWAIIAN GRASS SKIRT,C,Z,CZ,970.28,678,51,2.094,1,2538,18978836.74,96.341,53.726,Delist candidate — worst capital-to-value ratio
22104,MIRROR MOSAIC CANDLE PLATE,C,Z,CZ,968.08,1187,65,5.032,1,2539,18979804.82,96.345,53.747,Delist candidate — worst capital-to-value ratio
85197,SET OF 12 MINI BUNNIES IN A BUCKET,C,Z,CZ,967.86,1673,27,8.547,1,2540,18980772.68,96.35,53.768,Delist candidate — worst capital-to-value ratio
23183,MOTHER'S KITCHEN SPOON REST,C,Z,CZ,967.17,226,31,2.053,1,2541,18981739.85,96.355,53.789,Delist candidate — worst capital-to-value ratio
21299,EDWARDIAN TOILET ROLL UNIT,C,Z,CZ,966.35,166,14,7.068,0,2542,18982706.2,96.36,53.81,Delist candidate — worst capital-to-value ratio
20773,BLUE PAISLEY NOTEBOOK,C,Z,CZ,965.63,3340,57,9.303,1,2543,18983671.83,96.365,53.831,Delist candidate — worst capital-to-value ratio
90175A,WHITE GLASS CHUNKY CHARM BRACELET,C,Z,CZ,964.45,107,45,1.978,1,2544,18984636.28,96.37,53.853,Delist candidate — worst capital-to-value ratio
20774,GREEN FERN NOTEBOOK,C,Z,CZ,964.13,3485,54,9.356,1,2545,18985600.41,96.375,53.874,Delist candidate — worst capital-to-value ratio
85130D,BEADED CRYSTAL HEART PINK LARGE,C,Z,CZ,962.15,790,67,2.61,1,2546,18986562.56,96.38,53.895,Delist candidate — worst capital-to-value ratio
85032B,BLOSSOM IMAGES GIFT WRAP SET,C,Z,CZ,961.14,994,53,2.043,1,2547,18987523.7,96.385,53.916,Delist candidate — worst capital-to-value ratio
22994,TRAVEL CARD WALLET RETROSPOT,C,Z,CZ,958.2,2197,43,1.591,1,2548,18988481.9,96.39,53.937,Delist candidate — worst capital-to-value ratio
72753B,S/3 FLWR FAIRY LAVENDER CANDLES,C,Z,CZ,957.73,445,8,5.256,0,2549,18989439.63,96.394,53.959,Delist candidate — worst capital-to-value ratio
21805,WHITE CHRISTMAS TREE DECORATION,C,Z,CZ,957.63,2221,24,2.508,0,2550,18990397.26,96.399,53.98,Delist candidate — worst capital-to-value ratio
85111,SILVER GLITTER FLOWER VOTIVE HOLDER,C,Z,CZ,957.63,2919,44,3.754,1,2551,18991354.89,96.404,54.001,Delist candidate — worst capital-to-value ratio
90147,CHUNKY SILVER NECKLACE PASTEL FLOWE,C,Z,CZ,957.35,95,42,1.6,1,2552,18992312.24,96.409,54.022,Delist candidate — worst capital-to-value ratio
84360,TABLE LAMP WHITE SHADE WOOD BASE,C,Z,CZ,956.89,179,34,2.736,1,2553,18993269.13,96.414,54.043,Delist candidate — worst capital-to-value ratio
20758,ABSTRACT CIRCLES POCKET BOOK,C,Z,CZ,955.97,5428,52,9.023,1,2554,18994225.1,96.419,54.064,Delist candidate — worst capital-to-value ratio
84664,CHERRY BLOSSOM BATHROOM CABINET,C,Z,CZ,955.35,193,17,3.483,0,2555,18995180.45,96.424,54.086,Delist candidate — worst capital-to-value ratio
84660B,BLACK STITCHED WALL CLOCK,C,Z,CZ,954.24,754,43,3.275,1,2556,18996134.69,96.428,54.107,Delist candidate — worst capital-to-value ratio
20878,SET/9 CHRISTMAS T-LIGHTS SCENTED,C,Z,CZ,953.76,738,20,2.7,0,2557,18997088.45,96.433,54.128,Delist candidate — worst capital-to-value ratio
17012C,ORIGAMI LAVENDER INCENSE/CANDL SET,C,Z,CZ,952.95,857,60,3.42,1,2558,18998041.4,96.438,54.149,Delist candidate — worst capital-to-value ratio
21060,PARTY INVITES BALLOON GIRL,C,Z,CZ,952.55,1276,75,2.4,1,2559,18998993.95,96.443,54.17,Delist candidate — worst capital-to-value ratio
22953,BIRTHDAY PARTY CORDON BARRIER TAPE,C,Z,CZ,949.8,761,46,2.586,1,2560,18999943.75,96.448,54.191,Delist candidate — worst capital-to-value ratio
85124B,BLUE JUICY FRUIT PHOTO FRAME,C,Z,CZ,948.7,355,64,1.687,1,2561,19000892.45,96.453,54.213,Delist candidate — worst capital-to-value ratio
85032C,CURIOUS IMAGES GIFT WRAP SET,C,Z,CZ,947.89,888,57,2.398,1,2562,19001840.34,96.457,54.234,Delist candidate — worst capital-to-value ratio
22143,CHRISTMAS CRAFT HEART DECORATIONS,C,Z,CZ,947.08,448,26,3.863,1,2563,19002787.42,96.462,54.255,Delist candidate — worst capital-to-value ratio
23540,WALL ART THE MAGIC FOREST,C,Z,CZ,947.06,150,8,9.269,0,2564,19003734.48,96.467,54.276,Delist candidate — worst capital-to-value ratio
37492B,BLUE YELLOW FLOWER PIGGY BANK,C,Z,CZ,946.72,489,27,4.221,1,2565,19004681.2,96.472,54.297,Delist candidate — worst capital-to-value ratio
21331,MOROCCAN BEATEN METAL DISH LARGE,C,Z,CZ,946.68,110,25,4.622,0,2566,19005627.88,96.477,54.318,Delist candidate — worst capital-to-value ratio
21641,ASSORTED TUTTI FRUTTI KEYRING BALL,C,Z,CZ,946.31,1666,59,3.52,1,2567,19006574.19,96.481,54.34,Delist candidate — worst capital-to-value ratio
20778,GARDEN PATH NOTEBOOK,C,Z,CZ,946.01,3612,42,9.443,1,2568,19007520.2,96.486,54.361,Delist candidate — worst capital-to-value ratio
37482P,CUBIC MUG PINK POLKADOT,C,Z,CZ,945.69,681,36,3.435,1,2569,19008465.89,96.491,54.382,Delist candidate — worst capital-to-value ratio
22096,PINK PAISLEY SQUARE TISSUE BOX,C,Z,CZ,944.09,1676,69,3.222,1,2570,19009409.98,96.496,54.403,Delist candidate — worst capital-to-value ratio
23178,JAM CLOCK MAGNET,C,Z,CZ,943.92,330,29,2.963,1,2571,19010353.9,96.501,54.424,Delist candidate — worst capital-to-value ratio
85031A,ROMANTIC IMAGES SCRAP BOOK SET,C,Z,CZ,943.44,477,44,3.013,1,2572,19011297.34,96.505,54.445,Delist candidate — worst capital-to-value ratio
20998,ROSE DU SUD OVEN GLOVE,C,Y,CY,942.26,324,71,1.105,1,2573,19012239.6,96.51,54.467,Low priority
20831,GOLD PHOTO FRAME,C,Z,CZ,940.56,480,53,3.022,1,2574,19013180.16,96.515,54.488,Delist candidate — worst capital-to-value ratio
21726,MULTI HEARTS  STICKERS,C,Z,CZ,938.64,1086,63,1.617,1,2575,19014118.8,96.52,54.509,Delist candidate — worst capital-to-value ratio
84817,DANISH ROSE DECORATIVE PLATE,C,Z,CZ,937.44,1059,49,3.632,1,2576,19015056.24,96.524,54.53,Delist candidate — worst capital-to-value ratio
85121B,RETRO LAUNDRY TUB PINK,C,Z,CZ,936.74,86,21,2.606,0,2577,19015992.98,96.529,54.551,Delist candidate — worst capital-to-value ratio
20775,DAISY NOTEBOOK,C,Z,CZ,934.79,3609,55,9.451,1,2578,19016927.77,96.534,54.572,Delist candidate — worst capital-to-value ratio
85226A,WHITE/BLUE PULL BACK RACING CAR,C,Z,CZ,934.72,1717,41,3.187,1,2579,19017862.49,96.539,54.594,Delist candidate — worst capital-to-value ratio
82607A,GLASS BONBON JAR PARFUME AUX FLEURE,C,Z,CZ,932.47,670,41,1.895,1,2580,19018794.96,96.543,54.615,Delist candidate — worst capital-to-value ratio
47504E,ENGLISH ROSE SCISSORS,C,Z,CZ,931.86,4387,27,9.66,1,2581,19019726.82,96.548,54.636,Delist candidate — worst capital-to-value ratio
22647,CERAMIC LOVE HEART MONEY BANK,C,Z,CZ,931.23,1066,45,2.654,1,2582,19020658.05,96.553,54.657,Delist candidate — worst capital-to-value ratio
21720,CAKE SHOP  STICKER SHEET,C,Z,CZ,930.66,1069,45,1.892,1,2583,19021588.71,96.558,54.678,Delist candidate — worst capital-to-value ratio
23179,CLOCK MAGNET MUM'S KITCHEN,C,Z,CZ,930.48,324,27,3.342,1,2584,19022519.19,96.562,54.699,Delist candidate — worst capital-to-value ratio
72800C,4 PINK DINNER CANDLE SILVER FLOCK,C,Z,CZ,929.94,662,49,4.227,1,2585,19023449.13,96.567,54.721,Delist candidate — worst capital-to-value ratio
21014,SWISS CHALET TREE DECORATION,C,Z,CZ,929.79,1852,45,2.428,1,2586,19024378.92,96.572,54.742,Delist candidate — worst capital-to-value ratio
23413,VINTAGE COFFEE GRINDER BOX,C,Z,CZ,929.11,177,14,3.185,0,2587,19025308.03,96.576,54.763,Delist candidate — worst capital-to-value ratio
37330,SPOTS MUG,C,Z,CZ,927.46,517,20,2.986,0,2588,19026235.49,96.581,54.784,Delist candidate — worst capital-to-value ratio
84341B,SMALL PINK MAGIC CHRISTMAS TREE,C,Z,CZ,926.43,1762,38,2.292,1,2589,19027161.92,96.586,54.805,Delist candidate — worst capital-to-value ratio
23099,FRENCH CARRIAGE LANTERN,C,Z,CZ,925.35,137,25,2.338,0,2590,19028087.27,96.591,54.826,Delist candidate — worst capital-to-value ratio
23002,TRAVEL CARD WALLET SKULLS,C,Z,CZ,925.29,2145,43,1.816,1,2591,19029012.56,96.595,54.848,Delist candidate — worst capital-to-value ratio
22703,PINK CAT BOWL,C,Z,CZ,923.91,514,57,2.194,1,2592,19029936.47,96.6,54.869,Delist candidate — worst capital-to-value ratio
72529W,WHITE ADVENT CANDLE,C,Z,CZ,923.05,465,15,4.008,0,2593,19030859.52,96.605,54.89,Delist candidate — worst capital-to-value ratio
21264,WHITE GOOSE FEATHER TREE 60CM,C,Z,CZ,921.75,393,33,2.291,1,2594,19031781.27,96.609,54.911,Delist candidate — worst capital-to-value ratio
20903,VINTAGE KEEPSAKE BOX TRAVELOGUE,C,Z,CZ,919.8,187,47,2.386,1,2595,19032701.07,96.614,54.932,Delist candidate — worst capital-to-value ratio
85121C,RETRO LAUNDRY TUB PISTACHIO,C,Z,CZ,918.91,98,27,2.255,1,2596,19033619.98,96.619,54.953,Delist candidate — worst capital-to-value ratio
21702,SET 5 MINI GATEAUX  FRIDGE MAGNETS,C,Z,CZ,918.68,2636,5,8.19,0,2597,19034538.66,96.623,54.975,Delist candidate — worst capital-to-value ratio
72045D,ROSES ON BLUE TEACUP CANDLE,C,Z,CZ,918.65,539,3,9.495,0,2598,19035457.31,96.628,54.996,Delist candidate — worst capital-to-value ratio
85130B,BEADED CRYSTAL HEART GREEN LARGE,C,Z,CZ,918.33,911,51,2.504,1,2599,19036375.64,96.633,55.017,Delist candidate — worst capital-to-value ratio
84600,NEW BAROQUE JEWELLERY BOX,C,Z,CZ,918.27,108,36,2.234,1,2600,19037293.91,96.637,55.038,Delist candidate — worst capital-to-value ratio
23338,EGG FRYING PAN RED,C,Z,CZ,915.4,431,26,2.888,1,2601,19038209.31,96.642,55.059,Delist candidate — worst capital-to-value ratio
85019A,ROMANTIC IMAGES NOTEBOOK SET,C,Z,CZ,915.04,647,41,2.753,1,2602,19039124.35,96.647,55.08,Delist candidate — worst capital-to-value ratio
21220,SET/4 BADGES DOGS,C,Y,CY,914.93,680,73,1.207,1,2603,19040039.28,96.651,55.102,Low priority
21007,ETCHED GLASS DROPLET DECORATION,C,Z,CZ,914.67,1927,17,3.677,0,2604,19040953.95,96.656,55.123,Delist candidate — worst capital-to-value ratio
21320,GLASS CHALICE GREEN  LARGE,C,Z,CZ,913.34,398,35,3.084,1,2605,19041867.29,96.661,55.144,Delist candidate — worst capital-to-value ratio
84974,S/2 ZINC HEART DESIGN PLANTERS,C,Z,CZ,909.4,92,43,1.616,1,2606,19042776.69,96.665,55.165,Delist candidate — worst capital-to-value ratio
23472,NINE DRAWER OFFICE TIDY,C,Z,CZ,909.37,59,11,3.566,0,2607,19043686.06,96.67,55.186,Delist candidate — worst capital-to-value ratio
84660A,WHITE STITCHED WALL CLOCK,C,Z,CZ,907.96,867,31,3.287,1,2608,19044594.02,96.674,55.207,Delist candidate — worst capital-to-value ratio
23004,TRAVEL CARD WALLET PANTRY,C,Z,CZ,906.94,2011,43,1.509,1,2609,19045500.96,96.679,55.229,Delist candidate — worst capital-to-value ratio
22707,WRAP MONSTER FUN,C,Y,CY,905.94,2157,54,1.21,1,2610,19046406.9,96.684,55.25,Low priority
46000P,POLYESTER FILLER PAD 65CMx65CM,C,Z,CZ,905.25,213,29,3.218,1,2611,19047312.15,96.688,55.271,Delist candidate — worst capital-to-value ratio
46776C,WOVEN FROST CUSHION COVER,C,Z,CZ,905.1,258,51,3.264,1,2612,19048217.25,96.693,55.292,Delist candidate — worst capital-to-value ratio
21318,GLASS CHALICE BLUE SMALL,C,Z,CZ,903.72,974,47,3.38,1,2613,19049120.97,96.697,55.313,Delist candidate — worst capital-to-value ratio
22248,DECORATION  PINK CHICK MAGIC GARDEN,C,Z,CZ,903.2,1015,65,1.582,1,2614,19050024.17,96.702,55.334,Delist candidate — worst capital-to-value ratio
21480,PINK STRIPE HOT WATER BOTTLE,C,Z,CZ,902.47,286,4,5.931,0,2615,19050926.64,96.707,55.356,Delist candidate — worst capital-to-value ratio
21444,BLUE CHALET BIRDFEEDER,C,Z,CZ,902.03,291,16,7.449,0,2616,19051828.67,96.711,55.377,Delist candidate — worst capital-to-value ratio
23532,WALL ART WORK REST AND PLAY,C,Z,CZ,901.58,210,10,7.043,0,2617,19052730.25,96.716,55.398,Delist candidate — worst capital-to-value ratio
85031B,BLOSSOM IMAGES SCRAP BOOK SET,C,Z,CZ,901.04,497,39,3.059,1,2618,19053631.29,96.72,55.419,Delist candidate — worst capital-to-value ratio
84820,DANISH ROSE TRINKET TRAYS,C,Z,CZ,900.95,325,39,3.915,1,2619,19054532.24,96.725,55.44,Delist candidate — worst capital-to-value ratio
21270,ANTIQUE CREAM CUTLERY CUPBOARD,C,Z,CZ,899.93,78,27,2.697,1,2620,19055432.17,96.729,55.461,Delist candidate — worst capital-to-value ratio
20913,SET/5 BLUE SPOTTY LID GLASS BOWLS,C,Z,CZ,898.72,314,6,7.316,0,2621,19056330.89,96.734,55.483,Delist candidate — worst capital-to-value ratio
84086C,PINK/PURPLE RETRO RADIO,C,Z,CZ,896.55,301,49,2.003,1,2622,19057227.44,96.739,55.504,Delist candidate — worst capital-to-value ratio
23502,PLAYING CARDS VINTAGE DOILY,C,Z,CZ,896.41,714,12,3.74,0,2623,19058123.85,96.743,55.525,Delist candidate — worst capital-to-value ratio
17109B,FLOWER FAIRY INCENSE LAVENDER,C,Z,CZ,896.34,4542,11,8.707,0,2624,19059020.19,96.748,55.546,Delist candidate — worst capital-to-value ratio
20941,FROG CANDLE,C,Z,CZ,896.28,998,57,4.11,1,2625,19059916.47,96.752,55.567,Delist candidate — worst capital-to-value ratio
84760L,LARGE HANGING GLASS+ZINC LANTERN,C,Z,CZ,896.0,560,1,10.149,0,2626,19060812.47,96.757,55.588,Delist candidate — worst capital-to-value ratio
22936,BAKING MOULD ROSE WHITE CHOCOLATE,C,Z,CZ,895.97,279,29,3.943,1,2627,19061708.44,96.761,55.61,Delist candidate — worst capital-to-value ratio
21676,FLOWERS  STICKERS,C,Z,CZ,893.72,1193,77,1.797,1,2628,19062602.16,96.766,55.631,Delist candidate — worst capital-to-value ratio
20757,RED DAISY POCKET BOOK,C,Z,CZ,893.25,5350,40,9.142,1,2629,19063495.41,96.77,55.652,Delist candidate — worst capital-to-value ratio
84666,SQUARE CHERRY BLOSSOM CABINET,C,Z,CZ,892.7,226,16,3.216,0,2630,19064388.11,96.775,55.673,Delist candidate — worst capital-to-value ratio
20759,CHRYSANTHEMUM POCKET BOOK,C,Z,CZ,891.13,5777,36,9.31,1,2631,19065279.24,96.779,55.694,Delist candidate — worst capital-to-value ratio
85214,TUB 24 PINK FLOWER PEGS,C,Z,CZ,889.53,516,64,1.609,1,2632,19066168.77,96.784,55.715,Delist candidate — worst capital-to-value ratio
85194S,HANGING SPRING FLOWER EGG SMALL,C,Z,CZ,889.46,1760,54,1.563,1,2633,19067058.23,96.788,55.737,Delist candidate — worst capital-to-value ratio
21724,PANDA AND BUNNIES STICKER SHEET,C,Y,CY,888.34,996,76,1.395,1,2634,19067946.57,96.793,55.758,Low priority
20803,SMALL PINK GLASS SUNDAE DISH,C,Z,CZ,886.7,1161,47,3.122,1,2635,19068833.27,96.797,55.779,Delist candidate — worst capital-to-value ratio
20991,JAZZ HEARTS MAGNETIC MEMO PAD,C,Z,CZ,884.56,7084,9,9.769,0,2636,19069717.83,96.802,55.8,Delist candidate — worst capital-to-value ratio
35598B,BLACK CHRISTMAS TREE 60CM,C,Z,CZ,883.5,934,29,3.278,1,2637,19070601.33,96.806,55.821,Delist candidate — worst capital-to-value ratio
22164,STRING OF STARS CARD HOLDER,C,Z,CZ,883.22,315,31,2.586,1,2638,19071484.55,96.811,55.843,Delist candidate — worst capital-to-value ratio
21147,JINGLE BELLS TREE DECORATION,C,Z,CZ,883.08,483,39,2.281,1,2639,19072367.63,96.815,55.864,Delist candidate — worst capital-to-value ratio
23479,WIRE EGG BASKET,C,Z,CZ,880.23,114,8,3.998,0,2640,19073247.86,96.82,55.885,Delist candidate — worst capital-to-value ratio
84826,ASSTD DESIGN 3D PAPER STICKERS,C,Z,CZ,878.43,1745,35,2.571,1,2641,19074126.29,96.824,55.906,Delist candidate — worst capital-to-value ratio
90200E,GREEN SWEETHEART BRACELET,C,Z,CZ,878.22,210,57,1.751,1,2642,19075004.51,96.829,55.927,Delist candidate — worst capital-to-value ratio
72799A,BLACK PILLAR CANDLE SILVER FLOCK,C,Z,CZ,877.8,612,12,6.106,0,2643,19075882.31,96.833,55.948,Delist candidate — worst capital-to-value ratio
23423,PANTRY 3 HOOK ROLLING PIN HANGER,C,Z,CZ,876.9,219,14,2.932,0,2644,19076759.21,96.838,55.97,Delist candidate — worst capital-to-value ratio
21062,PARTY INVITES SPACEMAN,C,Y,CY,876.72,1054,73,1.116,1,2645,19077635.93,96.842,55.991,Low priority
21185,HOME SWEET HOME  BLACKBOARD,C,Z,CZ,876.29,132,14,3.559,0,2646,19078512.22,96.847,56.012,Delist candidate — worst capital-to-value ratio
84925F,PSYCHEDELIC WALL THERMOMETER,C,Z,CZ,875.66,715,27,4.779,1,2647,19079387.88,96.851,56.033,Delist candidate — worst capital-to-value ratio
90200C,BLUE SWEETHEART BRACELET,C,Z,CZ,874.63,206,46,1.848,1,2648,19080262.51,96.855,56.054,Delist candidate — worst capital-to-value ratio
21338,MARAKESH LANTERN SMALL,C,Z,CZ,873.25,199,9,8.352,0,2649,19081135.76,96.86,56.075,Delist candidate — worst capital-to-value ratio
85165,CANDY PINK FRENCH BOUDOIR CLOCK,C,Z,CZ,872.76,90,23,2.808,0,2650,19082008.52,96.864,56.097,Delist candidate — worst capital-to-value ratio
21293,MIRRORED DOVE WALL DECORATION,C,Z,CZ,872.34,343,45,1.732,1,2651,19082880.86,96.869,56.118,Delist candidate — worst capital-to-value ratio
21414,SCALLOP SHELL SOAP DISH,C,Z,CZ,870.89,1637,25,9.295,0,2652,19083751.75,96.873,56.139,Delist candidate — worst capital-to-value ratio
23220,REINDEER HEART DECORATION GOLD,C,Z,CZ,869.98,994,19,2.801,0,2653,19084621.73,96.878,56.16,Delist candidate — worst capital-to-value ratio
17033,"BROCADE PURSE,SMALL ARCH BUTTON",C,Z,CZ,867.84,3280,26,2.828,1,2654,19085489.57,96.882,56.181,Delist candidate — worst capital-to-value ratio
17012B,ORIGAMI JASMINE INCENSE/CANDLE SET,C,Z,CZ,867.45,721,58,2.313,1,2655,19086357.02,96.886,56.202,Delist candidate — worst capital-to-value ratio
35954,SMALL FOLKART STAR CHRISTMAS DEC,C,Z,CZ,865.49,2243,38,2.446,1,2656,19087222.51,96.891,56.224,Delist candidate — worst capital-to-value ratio
21478,SILVER SKULL HOT WATER BOTTLE,C,Z,CZ,865.48,207,29,3.54,1,2657,19088087.99,96.895,56.245,Delist candidate — worst capital-to-value ratio
85166B,BLACK METAL BAROQUE PHOTO FRAME,C,Z,CZ,864.1,510,27,3.975,1,2658,19088952.09,96.9,56.266,Delist candidate — worst capital-to-value ratio
85161,ACRYLIC GEOMETRIC LAMP,C,Z,CZ,863.85,51,25,2.898,0,2659,19089815.94,96.904,56.287,Delist candidate — worst capital-to-value ratio
21255,"FRENCH BOTTLE , LAVENDER",C,Z,CZ,860.08,476,18,3.053,0,2660,19090676.02,96.908,56.308,Delist candidate — worst capital-to-value ratio
20894,HANGING BAUBLE T-LIGHT HOLDER LARGE,C,Z,CZ,859.75,278,43,2.288,1,2661,19091535.77,96.913,56.329,Delist candidate — worst capital-to-value ratio
84632,DECORATIVE HANGING SHELVING UNIT,C,Z,CZ,859.25,15,10,3.651,0,2662,19092395.02,96.917,56.351,Delist candidate — worst capital-to-value ratio
84578,ELEPHANT TOY WITH BLUE T-SHIRT,C,Z,CZ,858.66,223,18,2.527,0,2663,19093253.68,96.921,56.372,Delist candidate — worst capital-to-value ratio
20756,GREEN FERN POCKET BOOK,C,Z,CZ,856.66,5734,32,9.382,1,2664,19094110.34,96.926,56.393,Delist candidate — worst capital-to-value ratio
22486,PLASMATRONIC LAMP,C,Z,CZ,856.4,104,26,2.958,1,2665,19094966.74,96.93,56.414,Delist candidate — worst capital-to-value ratio
21635,MADRAS NOTEBOOK LARGE,C,Z,CZ,855.24,398,30,4.739,1,2666,19095821.98,96.934,56.435,Delist candidate — worst capital-to-value ratio
21376,LARGE  TALL CAMPHOR WOOD TOADSTOOL,C,Z,CZ,854.91,187,35,3.132,1,2667,19096676.89,96.939,56.456,Delist candidate — worst capital-to-value ratio
84951B,SET OF 4 BLACK LOVEBIRD COASTERS,C,Z,CZ,853.99,575,53,2.044,1,2668,19097530.88,96.943,56.478,Delist candidate — worst capital-to-value ratio
82613C,"METAL SIGN,CUPCAKE SINGLE HOOK",C,Z,CZ,853.74,784,83,2.332,1,2669,19098384.62,96.947,56.499,Delist candidate — worst capital-to-value ratio
84951A,SET OF 4 PISTACHIO LOVEBIRD COASTER,C,Z,CZ,852.1,624,60,1.791,1,2670,19099236.72,96.952,56.52,Delist candidate — worst capital-to-value ratio
22547,MINI JIGSAW DINOSAUR,C,Z,CZ,850.6,1989,76,1.664,1,2671,19100087.32,96.956,56.541,Delist candidate — worst capital-to-value ratio
20936,FORKED CACTUS CANDLE,C,Z,CZ,849.29,335,53,2.785,1,2672,19100936.61,96.96,56.562,Delist candidate — worst capital-to-value ratio
21458,2 PICTURE BOOK EGGS EASTER BUNNY,C,Z,CZ,849.24,768,31,4.162,1,2673,19101785.85,96.965,56.583,Delist candidate — worst capital-to-value ratio
20897,VINTAGE NOTEBOOK PARIS DAYS,C,Z,CZ,848.7,351,44,4.644,1,2674,19102634.55,96.969,56.605,Delist candidate — worst capital-to-value ratio
22229,BUNNY WOODEN PAINTED WITH FLOWER,C,Z,CZ,845.3,1007,56,1.547,1,2675,19103479.85,96.973,56.626,Delist candidate — worst capital-to-value ratio
22820,GIFT BAG BIRTHDAY,C,Z,CZ,845.13,1353,46,2.012,1,2676,19104324.98,96.978,56.647,Delist candidate — worst capital-to-value ratio
90161C,ANT COPPER LIME BOUDICCA BRACELET,C,Y,CY,843.91,169,61,1.439,1,2677,19105168.89,96.982,56.668,Low priority
37423,WHITE WITH BLACK CATS PLATE,C,Z,CZ,843.88,6168,39,6.832,1,2678,19106012.77,96.986,56.689,Delist candidate — worst capital-to-value ratio
21552,CERAMIC BIRDHOUSE BLACK ROSE  LARGE,C,Z,CZ,843.55,166,10,5.139,0,2679,19106856.32,96.99,56.71,Delist candidate — worst capital-to-value ratio
85208,SET/12 FUNKY FELT FLOWER PEG IN BAG,C,Z,CZ,843.24,423,49,2.59,1,2680,19107699.56,96.995,56.732,Delist candidate — worst capital-to-value ratio
85231L,LAVENDER SCENTED SET/9 T-LIGHTS,C,Z,CZ,841.75,1043,18,3.421,0,2681,19108541.31,96.999,56.753,Delist candidate — worst capital-to-value ratio
21300,ANTIQUE EDWARDIAN DRESSER,C,Z,CZ,841.7,53,4,7.614,0,2682,19109383.01,97.003,56.774,Delist candidate — worst capital-to-value ratio
21128,GOLD FISHING GNOME,C,Z,CZ,841.63,126,45,1.968,1,2683,19110224.64,97.008,56.795,Delist candidate — worst capital-to-value ratio
23564,EGG CUP MILKMAID INGRID,C,Z,CZ,841.31,644,9,4.819,0,2684,19111065.95,97.012,56.816,Delist candidate — worst capital-to-value ratio
23551,PACK OF 12 PAISLEY PARK TISSUES,C,Z,CZ,841.01,1843,15,2.776,0,2685,19111906.96,97.016,56.837,Delist candidate — worst capital-to-value ratio
40018E,TEA TIME PAPER LANTERNS,C,Z,CZ,840.92,386,23,2.768,0,2686,19112747.88,97.02,56.859,Delist candidate — worst capital-to-value ratio
84782A,PINK 3 TIER GLASS PLATE STAND,C,Z,CZ,840.45,119,16,5.175,0,2687,19113588.33,97.025,56.88,Delist candidate — worst capital-to-value ratio
79342B,BROWN FLOWER LIGHTS,C,Z,CZ,838.52,120,13,5.135,0,2688,19114426.85,97.029,56.901,Delist candidate — worst capital-to-value ratio
17039,INLAID WOOD INCENSE HOLDER,C,Z,CZ,837.88,3707,28,3.791,1,2689,19115264.73,97.033,56.922,Delist candidate — worst capital-to-value ratio
47563A,RETRO LONGBOARD IRONING BOARD COVER,C,Z,CZ,837.87,344,64,1.829,1,2690,19116102.6,97.037,56.943,Delist candidate — worst capital-to-value ratio
84762B,PINK PICNIC BARBECUE BUCKET,C,Z,CZ,837.77,113,22,3.5,0,2691,19116940.37,97.042,56.964,Delist candidate — worst capital-to-value ratio
85071C,"CHARLIE+LOLA""EXTREMELY BUSY"" SIGN",C,Z,CZ,837.23,1285,63,2.792,1,2692,19117777.6,97.046,56.986,Delist candidate — worst capital-to-value ratio
72801G,4 BURGUNDY WINE DINNER CANDLES,C,Z,CZ,836.22,1345,41,5.084,1,2693,19118613.82,97.05,57.007,Delist candidate — worst capital-to-value ratio
84849A,HELLO SAILOR BLUE SOAP HOLDER,C,Z,CZ,835.26,471,64,2.35,1,2694,19119449.08,97.054,57.028,Delist candidate — worst capital-to-value ratio
47367B,PAIR PADDED HANGERS PINK CHECK,C,Z,CZ,834.95,242,61,1.853,1,2695,19120284.03,97.059,57.049,Delist candidate — worst capital-to-value ratio
20776,ABSTRACT CIRCLES NOTEBOOK,C,Z,CZ,834.31,3259,29,9.468,1,2696,19121118.34,97.063,57.07,Delist candidate — worst capital-to-value ratio
85213,MINI  ZINC GARDEN DECORATIONS,C,Z,CZ,832.48,1390,47,4.249,1,2697,19121950.82,97.067,57.091,Delist candidate — worst capital-to-value ratio
85196,EASTER BUNNIES ON A STICK,C,Z,CZ,831.04,1564,12,3.641,0,2698,19122781.86,97.071,57.113,Delist candidate — worst capital-to-value ratio
23017,APOTHECARY MEASURING JAR,C,Z,CZ,826.28,67,17,2.887,0,2699,19123608.14,97.075,57.134,Delist candidate — worst capital-to-value ratio
85188A,GREEN METAL SWINGING BUNNY,C,Z,CZ,825.82,945,26,2.306,1,2700,19124433.96,97.08,57.155,Delist candidate — worst capital-to-value ratio
22510,GINGHAM BABUSHKA DOORSTOP,C,Z,CZ,825.32,317,52,2.367,1,2701,19125259.28,97.084,57.176,Delist candidate — worst capital-to-value ratio
21551,CERAMIC BIRDHOUSE BUTTERFLY LARGE,C,Z,CZ,824.95,169,7,6.486,0,2702,19126084.23,97.088,57.197,Delist candidate — worst capital-to-value ratio
21654,RIDGED GLASS FINGER BOWL,C,Z,CZ,824.89,1195,46,2.509,1,2703,19126909.12,97.092,57.218,Delist candidate — worst capital-to-value ratio
22289,"DECORATION , HANGING METAL CHICKEN",C,Z,CZ,822.48,768,42,4.181,1,2704,19127731.6,97.096,57.24,Delist candidate — worst capital-to-value ratio
37494A,FAIRY CAKE CERAMIC BUTTER DISH,C,Z,CZ,820.55,242,12,3.74,0,2705,19128552.15,97.101,57.261,Delist candidate — worst capital-to-value ratio
21375,LARGE CAMPHOR WOOD FIELD MUSHROOM,C,Z,CZ,820.1,136,42,2.43,1,2706,19129372.25,97.105,57.282,Delist candidate — worst capital-to-value ratio
23186,FRENCH STYLE STORAGE JAR CAFE,C,Z,CZ,819.46,1982,26,2.48,1,2707,19130191.71,97.109,57.303,Delist candidate — worst capital-to-value ratio
17107D,"FLOWER FAIRY,5 SUMMER B'DRAW LINERS",C,Y,CY,818.55,321,51,1.401,1,2708,19131010.26,97.113,57.324,Low priority
85187,S/12 MINI RABBIT EASTER,C,Z,CZ,818.13,480,38,2.27,1,2709,19131828.39,97.117,57.345,Delist candidate — worst capital-to-value ratio
21719,LOVELY BONBON STICKER SHEET,C,Y,CY,816.54,910,76,1.31,1,2710,19132644.93,97.121,57.367,Low priority
23324,RUSTIC STRAWBERRY JAM POT LARGE,C,Z,CZ,816.04,399,16,3.525,0,2711,19133460.97,97.125,57.388,Delist candidate — worst capital-to-value ratio
23106,ZINC HEARTS PLANT POT HOLDER,C,Z,CZ,815.59,291,25,2.246,0,2712,19134276.56,97.13,57.409,Delist candidate — worst capital-to-value ratio
85145,JARDIN ETCHED GLASS LARGE BELL JAR,C,Z,CZ,813.0,92,21,2.934,0,2713,19135089.56,97.134,57.43,Delist candidate — worst capital-to-value ratio
20901,VINTAGE KEEPSAKE BOX PINK FLOWER,C,Z,CZ,812.93,92,34,2.016,1,2714,19135902.49,97.138,57.451,Delist candidate — worst capital-to-value ratio
84920,PINK FLOWER FABRIC PONY,C,Z,CZ,812.88,203,50,1.538,1,2715,19136715.37,97.142,57.472,Delist candidate — worst capital-to-value ratio
47594B,SCOTTIES DESIGN WASHBAG,C,Z,CZ,812.29,410,57,1.653,1,2716,19137527.66,97.146,57.494,Delist candidate — worst capital-to-value ratio
21222,SET/4 BADGES BEETLES,C,Y,CY,812.15,627,68,1.216,1,2717,19138339.81,97.15,57.515,Low priority
20833,SHAKER THROW  QUILTED,C,Z,CZ,811.8,52,4,7.395,0,2718,19139151.61,97.154,57.536,Delist candidate — worst capital-to-value ratio
37333,"RETRO ""TEA FOR ONE""",C,Z,CZ,810.05,146,37,3.634,1,2719,19139961.66,97.158,57.557,Delist candidate — worst capital-to-value ratio
21374,MIRRORED WALL ART SKULLS,C,Z,CZ,809.67,470,49,2.09,1,2720,19140771.33,97.163,57.578,Delist candidate — worst capital-to-value ratio
16011,ANIMAL STICKERS,C,Y,CY,809.4,3860,67,1.333,1,2721,19141580.73,97.167,57.599,Low priority
21454,PAINTED PINK RABBIT,C,Z,CZ,809.3,939,60,1.76,1,2722,19142390.03,97.171,57.621,Delist candidate — worst capital-to-value ratio
20769,DAISY JOURNAL,C,Z,CZ,808.81,438,47,3.414,1,2723,19143198.84,97.175,57.642,Delist candidate — worst capital-to-value ratio
84922,PINK BUTTERFLY WASHBAG,C,Z,CZ,808.22,342,15,8.902,0,2724,19144007.06,97.179,57.663,Delist candidate — worst capital-to-value ratio
23022,SMALL BONNE JAM JAR  T-LIGHT HOLDER,C,Z,CZ,808.16,422,15,3.501,0,2725,19144815.22,97.183,57.684,Delist candidate — worst capital-to-value ratio
22344,PARTY PIZZA DISH PINK POLKADOT,C,Z,CZ,807.89,1583,62,2.597,1,2726,19145623.11,97.187,57.705,Delist candidate — worst capital-to-value ratio
22058,CERAMIC LOVE HEARTS DESIGN MUG,C,Z,CZ,807.64,528,35,2.833,1,2727,19146430.75,97.191,57.727,Delist candidate — worst capital-to-value ratio
22135,MINI LADLE LOVE HEART PINK,C,Z,CZ,806.57,1625,96,2.028,1,2728,19147237.32,97.195,57.748,Delist candidate — worst capital-to-value ratio
85044,RED REINDEER STRING OF 20 LIGHTS,C,Z,CZ,806.35,150,17,3.398,0,2729,19148043.67,97.2,57.769,Delist candidate — worst capital-to-value ratio
84767,ZINC POLICE BOX LANTERN,C,Z,CZ,806.22,195,5,9.731,0,2730,19148849.89,97.204,57.79,Delist candidate — worst capital-to-value ratio
17012A,ORIGAMI VANILLA INCENSE/CANDLE SET,C,Z,CZ,806.16,726,53,3.207,1,2731,19149656.05,97.208,57.811,Delist candidate — worst capital-to-value ratio
23409,PHOTO FRAME LINEN AND LACE LARGE,C,Z,CZ,801.68,215,13,3.424,0,2732,19150457.73,97.212,57.832,Delist candidate — worst capital-to-value ratio
22408,MONEY BOX CONFECTIONERY DESIGN,C,Z,CZ,801.17,652,53,2.133,1,2733,19151258.9,97.216,57.854,Delist candidate — worst capital-to-value ratio
20699,MOUSEY LONG LEGS SOFT TOY,C,Z,CZ,800.51,295,48,1.744,1,2734,19152059.41,97.22,57.875,Delist candidate — worst capital-to-value ratio
22825,DECORATIVE PLANT POT WITH FRIEZE,C,Z,CZ,799.02,100,28,2.266,1,2735,19152858.43,97.224,57.896,Delist candidate — worst capital-to-value ratio
47574A,ENGLISH ROSE SCENTED HANGING FLOWER,C,Z,CZ,797.73,575,42,3.959,1,2736,19153656.16,97.228,57.917,Delist candidate — worst capital-to-value ratio
21455,PAINTED YELLOW WOODEN DAISY,C,Z,CZ,797.27,901,57,1.744,1,2737,19154453.43,97.232,57.938,Delist candidate — worst capital-to-value ratio
20997,ROSE DU SUD CUSHION COVER,C,Z,CZ,796.74,170,43,1.684,1,2738,19155250.17,97.236,57.959,Delist candidate — worst capital-to-value ratio
22447,PIN CUSHION BABUSHKA BLUE,C,Z,CZ,796.34,248,44,1.917,1,2739,19156046.51,97.24,57.981,Delist candidate — worst capital-to-value ratio
84625D,WHITE NEWBAROQUE CANDLESTICK CANDLE,C,Z,CZ,796.29,651,26,2.379,1,2740,19156842.8,97.244,58.002,Delist candidate — worst capital-to-value ratio
23487,SWEET HEART CAKE CARRIER,C,Z,CZ,795.58,80,8,4.02,0,2741,19157638.38,97.248,58.023,Delist candidate — worst capital-to-value ratio
23521,WALL ART CAT AND BIRD,C,Z,CZ,793.37,413,10,6.732,0,2742,19158431.75,97.252,58.044,Delist candidate — worst capital-to-value ratio
35915C,PEACH KNITTED HEN,C,Z,CZ,793.32,662,30,4.657,1,2743,19159225.07,97.256,58.065,Delist candidate — worst capital-to-value ratio
85017A,ENVELOPE 50 ROMANTIC IMAGES,C,Z,CZ,793.0,1158,45,3.045,1,2744,19160018.07,97.26,58.086,Delist candidate — worst capital-to-value ratio
23335,EGG FRYING PAN IVORY,C,Z,CZ,792.86,378,25,3.264,0,2745,19160810.93,97.264,58.108,Delist candidate — worst capital-to-value ratio
23519,EMBROIDERED RIBBON REEL CLAIRE,C,Z,CZ,792.31,224,9,5.188,0,2746,19161603.24,97.268,58.129,Delist candidate — worst capital-to-value ratio
45008C,DECORATIVE NET CANOPY CREAM,C,Z,CZ,792.07,83,19,3.234,0,2747,19162395.31,97.272,58.15,Delist candidate — worst capital-to-value ratio
23568,EGG CUP HENRIETTA HEN CREAM,C,Z,CZ,787.52,630,9,4.517,0,2748,19163182.83,97.276,58.171,Delist candidate — worst capital-to-value ratio
23115,RED APPLES CHOPPING BOARD,C,Z,CZ,785.17,155,11,3.7,0,2749,19163968.0,97.28,58.192,Delist candidate — worst capital-to-value ratio
84534B,FAIRY CAKE NOTEBOOK A5 SIZE,C,Z,CZ,783.86,824,54,1.621,1,2750,19164751.86,97.284,58.213,Delist candidate — worst capital-to-value ratio
72799C,PINK PILLAR CANDLE SILVER FLOCK,C,Z,CZ,783.1,471,28,5.34,1,2751,19165534.96,97.288,58.235,Delist candidate — worst capital-to-value ratio
20989,URBAN CHIC CHOPSTICKS SET/5,C,Z,CZ,782.18,407,14,4.152,0,2752,19166317.14,97.292,58.256,Delist candidate — worst capital-to-value ratio
20910,VINTAGE PHOTO ALBUM PARIS DAYS,C,Z,CZ,781.82,108,36,2.647,1,2753,19167098.96,97.296,58.277,Delist candidate — worst capital-to-value ratio
90200B,BLACK SWEETHEART BRACELET,C,Z,CZ,779.7,184,55,1.667,1,2754,19167878.66,97.3,58.298,Delist candidate — worst capital-to-value ratio
85130C,BEADED CRYSTAL HEART BLUE  LARGE,C,Z,CZ,779.14,684,45,2.201,1,2755,19168657.8,97.304,58.319,Delist candidate — worst capital-to-value ratio
37461,FUNKY MONKEY MUG,C,Z,CZ,778.64,742,44,3.441,1,2756,19169436.44,97.308,58.34,Delist candidate — worst capital-to-value ratio
84761,IVORY HANGING BIRD PLANTER,C,Z,CZ,776.5,279,29,2.198,1,2757,19170212.94,97.312,58.362,Delist candidate — worst capital-to-value ratio
21456,2 PICTURE BOOK EGGS EASTER CHICKS,C,Z,CZ,776.05,738,24,4.314,0,2758,19170988.99,97.316,58.383,Delist candidate — worst capital-to-value ratio
84029C,BROWN FURRY HOT WATER BOTTLE,C,Z,CZ,773.97,205,5,5.557,0,2759,19171762.96,97.32,58.404,Delist candidate — worst capital-to-value ratio
21554,CERAMIC BIRDHOUSE RED ROOF LARGE,C,Z,CZ,773.7,168,6,7.382,0,2760,19172536.66,97.324,58.425,Delist candidate — worst capital-to-value ratio
21723,ALPHABET HEARTS STICKER SHEET,C,Y,CY,772.53,870,71,1.317,1,2761,19173309.19,97.328,58.446,Low priority
21015,DARK BIRD HOUSE TREE DECORATION,C,Z,CZ,772.31,1702,43,2.485,1,2762,19174081.5,97.332,58.467,Delist candidate — worst capital-to-value ratio
85135A,YELLOW DRAGONFLY HELICOPTER,C,Z,CZ,770.49,96,34,2.369,1,2763,19174851.99,97.336,58.489,Delist candidate — worst capital-to-value ratio
35095B,RED VICTORIAN FABRIC OVAL BOX,C,Z,CZ,769.58,1959,78,2.843,1,2764,19175621.57,97.34,58.51,Delist candidate — worst capital-to-value ratio
84712B,PINK JEWELLED PHOTO FRAME,C,Z,CZ,767.16,98,40,2.127,1,2765,19176388.73,97.343,58.531,Delist candidate — worst capital-to-value ratio
72755C,FLOWER FAIRY OIL BURNER SET ROSE,C,Z,CZ,767.0,592,8,4.655,0,2766,19177155.73,97.347,58.552,Delist candidate — worst capital-to-value ratio
72750A,"F.FAIRY S/3 CANDLE/GLASS,LILY/VALLY",C,Z,CZ,766.85,383,11,4.8,0,2767,19177922.58,97.351,58.573,Delist candidate — worst capital-to-value ratio
47581B,FAIRY CAKE WICKER PICNIC BASKET,C,Z,CZ,766.52,47,22,2.76,0,2768,19178689.1,97.355,58.594,Delist candidate — worst capital-to-value ratio
23140,TRIPLE WIRE HOOK IVORY HEART,C,Z,CZ,766.1,182,25,2.91,0,2769,19179455.2,97.359,58.616,Delist candidate — worst capital-to-value ratio
16259,PIECE OF CAMO STATIONERY SET,C,Z,CZ,766.09,5473,37,1.818,1,2770,19180221.29,97.363,58.637,Delist candidate — worst capital-to-value ratio
22640,SET OF 4 NAPKIN CHARMS 3 KEYS,C,Z,CZ,765.39,357,51,1.963,1,2771,19180986.68,97.367,58.658,Delist candidate — worst capital-to-value ratio
23006,TRAVEL CARD WALLET FLOWER MEADOW,C,Z,CZ,765.27,1764,42,1.759,1,2772,19181751.95,97.371,58.679,Delist candidate — worst capital-to-value ratio
16244B,MAXWELL 2 TONE BLUE 60 PAGE PHOTO A,C,Z,CZ,765.02,345,15,7.499,0,2773,19182516.97,97.375,58.7,Delist candidate — worst capital-to-value ratio
84963A,PINK PAINTED KASHMIRI CHAIR,C,Z,CZ,763.35,23,8,4.476,0,2774,19183280.32,97.378,58.721,Delist candidate — worst capital-to-value ratio
23550,WRAP ALPHABET POSTER,C,Z,CZ,763.1,1855,20,2.511,0,2775,19184043.42,97.382,58.743,Delist candidate — worst capital-to-value ratio
35811A,ENAMEL PINK SUGAR CONTAINER,C,Z,CZ,762.97,434,36,2.7,1,2776,19184806.39,97.386,58.764,Delist candidate — worst capital-to-value ratio
23458,DOLLY CABINET 3 DRAWERS,C,Z,CZ,762.45,51,8,3.888,0,2777,19185568.84,97.39,58.785,Delist candidate — worst capital-to-value ratio
90200A,PURPLE SWEETHEART BRACELET,C,Z,CZ,762.44,180,53,1.854,1,2778,19186331.28,97.394,58.806,Delist candidate — worst capital-to-value ratio
84762C,GREEN PICNIC BARBECUE BUCKET,C,Z,CZ,761.25,105,18,4.039,0,2779,19187092.53,97.398,58.827,Delist candidate — worst capital-to-value ratio
23025,DRAWER KNOB VINTAGE GLASS BALL,C,Z,CZ,760.8,350,20,2.531,0,2780,19187853.33,97.402,58.848,Delist candidate — worst capital-to-value ratio
23123,COCKTAIL SWORDS 50 PIECES,C,Z,CZ,760.4,936,24,3.495,0,2781,19188613.73,97.405,58.87,Delist candidate — worst capital-to-value ratio
84620,BLUE GINGHAM ROSE CUSHION COVER,C,Z,CZ,758.51,123,31,2.077,1,2782,19189372.24,97.409,58.891,Delist candidate — worst capital-to-value ratio
84663A,GRASS HOPPER WOODEN WALL CLOCK,C,Z,CZ,758.29,375,43,3.602,1,2783,19190130.53,97.413,58.912,Delist candidate — worst capital-to-value ratio
23282,FOLDING BUTTERFLY MIRROR IVORY,C,Z,CZ,757.86,812,30,2.329,1,2784,19190888.39,97.417,58.933,Delist candidate — worst capital-to-value ratio
21194,PINK  HONEYCOMB PAPER FAN,C,Z,CZ,757.8,581,53,1.943,1,2785,19191646.19,97.421,58.954,Delist candidate — worst capital-to-value ratio
21298,EDWARDIAN 2 DRAWER WALL CABINET,C,Z,CZ,755.8,52,4,7.452,0,2786,19192401.99,97.425,58.975,Delist candidate — worst capital-to-value ratio
22124,SET OF 2 TEA TOWELS PING MICROWAVE,C,Z,CZ,754.88,299,67,2.087,1,2787,19193156.87,97.429,58.997,Delist candidate — worst capital-to-value ratio
17165B,ASS COL LARGE SAND GECKO P'WEIGHT,C,Z,CZ,754.83,813,30,4.227,1,2788,19193911.7,97.432,59.018,Delist candidate — worst capital-to-value ratio
90209C,PINK ENAMEL+GLASS HAIR COMB,C,Z,CZ,754.46,399,46,3.858,1,2789,19194666.16,97.436,59.039,Delist candidate — worst capital-to-value ratio
23454,THREE MINI HANGING FRAMES,C,Z,CZ,753.95,179,8,3.745,0,2790,19195420.11,97.44,59.06,Delist candidate — worst capital-to-value ratio
84821,DANISH ROSE DELUXE COASTER,C,Z,CZ,752.7,1330,52,2.66,1,2791,19196172.81,97.444,59.081,Delist candidate — worst capital-to-value ratio
23223,CHRISTMAS TREE HANGING SILVER,C,Z,CZ,751.85,803,20,2.812,0,2792,19196924.66,97.448,59.102,Delist candidate — worst capital-to-value ratio
23124,18PC WOODEN CUTLERY SET DISPOSABLE,C,Z,CZ,751.38,567,15,5.184,0,2793,19197676.04,97.451,59.124,Delist candidate — worst capital-to-value ratio
72800A,S/4 BLACK DINNER CANDLE SILVER FLOC,C,Z,CZ,750.91,677,19,5.909,0,2794,19198426.95,97.455,59.145,Delist candidate — worst capital-to-value ratio
84653,GREEN ROSE QUILT,C,Z,CZ,750.48,14,7,3.997,0,2795,19199177.43,97.459,59.166,Delist candidate — worst capital-to-value ratio
21344,MOROCCAN BEATEN METAL DISH,C,Z,CZ,749.82,166,23,5.406,0,2796,19199927.25,97.463,59.187,Delist candidate — worst capital-to-value ratio
84615,PINK ROUND BUTTERFLY MIRROR,C,Z,CZ,748.48,240,9,5.224,0,2797,19200675.73,97.467,59.208,Delist candidate — worst capital-to-value ratio
35647,VINTAGE BEAD PINK SHADE,C,Z,CZ,748.24,563,36,4.3,1,2798,19201423.97,97.47,59.229,Delist candidate — worst capital-to-value ratio
84842,HELLO SAILOR BATHROOM SET,C,Z,CZ,747.9,1506,29,6.833,1,2799,19202171.87,97.474,59.251,Delist candidate — worst capital-to-value ratio
90161B,ANT COPPER TURQ BOUDICCA BRACELET,C,Z,CZ,744.06,149,51,1.53,1,2800,19202915.93,97.478,59.272,Delist candidate — worst capital-to-value ratio
21319,GLASS CHALICE GREEN  SMALL,C,Z,CZ,743.61,508,42,2.397,1,2801,19203659.54,97.482,59.293,Delist candidate — worst capital-to-value ratio
84689,S/2 BEACH HUT TREASURE CHESTS,C,Z,CZ,742.9,312,23,5.139,0,2802,19204402.44,97.486,59.314,Delist candidate — worst capital-to-value ratio
21377,SMALL CAMPHOR WOOD FIELD  MUSHROOM,C,Z,CZ,742.56,518,62,3.11,1,2803,19205145.0,97.489,59.335,Delist candidate — worst capital-to-value ratio
23325,RUSTIC STRAWBERRY JAM POT SMALL,C,Z,CZ,740.94,462,15,2.968,0,2804,19205885.94,97.493,59.356,Delist candidate — worst capital-to-value ratio
21503,TOYBOX  WRAP,C,Z,CZ,740.42,1801,43,1.813,1,2805,19206626.36,97.497,59.378,Delist candidate — worst capital-to-value ratio
23114,VINTAGE LEAF CHOPPING BOARD,C,Z,CZ,737.95,149,11,4.111,0,2806,19207364.31,97.501,59.399,Delist candidate — worst capital-to-value ratio
22638,SET OF 4 NAPKIN CHARMS CROWNS,C,Z,CZ,737.78,406,35,2.49,1,2807,19208102.09,97.504,59.42,Delist candidate — worst capital-to-value ratio
84033,FLAG OF ST GEORGE,C,Z,CZ,737.03,393,26,2.889,1,2808,19208839.12,97.508,59.441,Delist candidate — worst capital-to-value ratio
21133,PAINTED BIRD ASSORTED CHRISTMAS,C,Z,CZ,736.57,424,16,4.635,0,2809,19209575.69,97.512,59.462,Delist candidate — worst capital-to-value ratio
47503F,ASS FLORAL PRINT TORCH,C,Z,CZ,736.55,2571,6,9.883,0,2810,19210312.24,97.516,59.483,Delist candidate — worst capital-to-value ratio
84715,SET OF 6 ICE CREAM SKITTLES,C,Z,CZ,734.89,241,28,2.152,1,2811,19211047.13,97.519,59.505,Delist candidate — worst capital-to-value ratio
23435,3 RAFFIA RIBBONS VINTAGE CHRISTMAS,C,Z,CZ,734.79,827,14,3.845,0,2812,19211781.92,97.523,59.526,Delist candidate — worst capital-to-value ratio
84708B,PINK JEWELLED PHOTO FRAME,C,Z,CZ,732.79,142,42,1.811,1,2813,19212514.71,97.527,59.547,Delist candidate — worst capital-to-value ratio
90209B,GREEN ENAMEL+GLASS HAIR COMB,C,Z,CZ,732.76,381,49,2.766,1,2814,19213247.47,97.53,59.568,Delist candidate — worst capital-to-value ratio
84971L,LARGE HEART FLOWERS HOOK,C,Z,CZ,732.18,590,17,3.512,0,2815,19213979.65,97.534,59.589,Delist candidate — worst capital-to-value ratio
85131B,BEADED CRYSTAL HEART GREEN ON STICK,C,Z,CZ,731.99,949,66,1.622,1,2816,19214711.64,97.538,59.61,Delist candidate — worst capital-to-value ratio
21443,OLIVE CHALET BIRDFEEDER,C,Z,CZ,731.68,258,13,8.383,0,2817,19215443.32,97.542,59.632,Delist candidate — worst capital-to-value ratio
21378,SMALL TALL CAMPHOR WOOD TOADSTOOL,C,Z,CZ,730.62,561,53,2.838,1,2818,19216173.94,97.545,59.653,Delist candidate — worst capital-to-value ratio
23562,SET OF 6 RIBBONS PERFECTLY PRETTY,C,Z,CZ,730.37,253,3,7.241,0,2819,19216904.31,97.549,59.674,Delist candidate — worst capital-to-value ratio
21415,CLAM SHELL SMALL,C,Z,CZ,730.36,350,59,1.807,1,2820,19217634.67,97.553,59.695,Delist candidate — worst capital-to-value ratio
20657,TROPICAL LUGGAGE TAG,C,Z,CZ,727.72,1878,61,6.74,1,2821,19218362.39,97.556,59.716,Delist candidate — worst capital-to-value ratio
23522,WALL ART DOG AND BALL,C,Z,CZ,727.44,354,10,7.164,0,2822,19219089.83,97.56,59.738,Delist candidate — worst capital-to-value ratio
82613A,"METAL SIGN,CUPCAKE SINGLE HOOK",C,Z,CZ,726.2,536,52,2.128,1,2823,19219816.03,97.564,59.759,Delist candidate — worst capital-to-value ratio
85230F,JASMINE VOTIVE CANDLE,C,Z,CZ,725.7,2946,40,3.584,1,2824,19220541.73,97.568,59.78,Delist candidate — worst capital-to-value ratio
35095A,BLUE VICTORIAN FABRIC OVAL BOX,C,Z,CZ,725.56,1809,74,2.906,1,2825,19221267.29,97.571,59.801,Delist candidate — worst capital-to-value ratio
85017C,ENVELOPE 50 CURIOUS IMAGES,C,Z,CZ,723.92,1092,48,3.222,1,2826,19221991.21,97.575,59.822,Delist candidate — worst capital-to-value ratio
85088,CANDY SPOT HAND BAG,C,Z,CZ,723.85,347,49,2.591,1,2827,19222715.06,97.579,59.843,Delist candidate — worst capital-to-value ratio
21001,ROSE DU SUD WASHBAG,C,Y,CY,723.75,142,57,1.447,1,2828,19223438.81,97.582,59.865,Low priority
10134,COLOURING PENCILS BROWN TUBE,C,Z,CZ,723.63,627,29,3.919,1,2829,19224162.44,97.586,59.886,Delist candidate — worst capital-to-value ratio
84595E,LARGE TORTILLA DESIGN RED BOWL,C,Z,CZ,723.57,367,34,3.699,1,2830,19224886.01,97.59,59.907,Delist candidate — worst capital-to-value ratio
84976,RECTANGULAR SHAPED MIRROR,C,Z,CZ,722.76,674,38,3.327,1,2831,19225608.77,97.593,59.928,Delist candidate — worst capital-to-value ratio
21221,SET/4 BADGES CUTE CREATURES,C,Z,CZ,722.16,545,58,1.543,1,2832,19226330.93,97.597,59.949,Delist candidate — worst capital-to-value ratio
20701,PINK CAT FLORAL CUSHION COVER,C,Z,CZ,721.49,353,21,5.172,0,2833,19227052.42,97.601,59.97,Delist candidate — worst capital-to-value ratio
84684,BEACH HUT PHOTO FRAME,C,Z,CZ,720.7,609,19,4.701,0,2834,19227773.12,97.604,59.992,Delist candidate — worst capital-to-value ratio
21026,SPACE OWL,C,Z,CZ,720.48,552,52,1.639,1,2835,19228493.6,97.608,60.013,Delist candidate — worst capital-to-value ratio
23222,CHRISTMAS TREE HANGING GOLD,C,Z,CZ,718.53,799,17,3.311,0,2836,19229212.13,97.612,60.034,Delist candidate — worst capital-to-value ratio
35951,FOLKART BAUBLE CHRISTMAS DECORATION,C,Z,CZ,717.99,1352,22,2.647,0,2837,19229930.12,97.615,60.055,Delist candidate — worst capital-to-value ratio
21457,2 PICTURE BOOK EGGS EASTER DUCKS,C,Z,CZ,717.25,686,28,4.598,1,2838,19230647.37,97.619,60.076,Delist candidate — worst capital-to-value ratio
35915B,BLUE KNITTED HEN,C,Z,CZ,717.03,565,26,5.357,1,2839,19231364.4,97.622,60.097,Delist candidate — worst capital-to-value ratio
20854,BLUE PATCH PURSE PINK HEART,C,Z,CZ,716.32,444,46,2.894,1,2840,19232080.72,97.626,60.119,Delist candidate — worst capital-to-value ratio
85186A,EASTER BUNNY GARLAND OF FLOWERS,C,Z,CZ,716.11,1545,39,2.131,1,2841,19232796.83,97.63,60.14,Delist candidate — worst capital-to-value ratio
21076,SET/20 COLLAGE PAPER NAPKIN,C,Z,CZ,715.4,844,15,3.282,0,2842,19233512.23,97.633,60.161,Delist candidate — worst capital-to-value ratio
79030D,TUMBLER BAROQUE,C,Z,CZ,713.98,1015,38,3.791,1,2843,19234226.21,97.637,60.182,Delist candidate — worst capital-to-value ratio
20850,ZINC HEART LATTICE PLANTER BOWL,C,Z,CZ,713.8,820,15,8.662,0,2844,19234940.01,97.641,60.203,Delist candidate — worst capital-to-value ratio
21379,CAMPHOR WOOD PORTOBELLO MUSHROOM,C,Z,CZ,712.96,647,69,3.114,1,2845,19235652.97,97.644,60.224,Delist candidate — worst capital-to-value ratio
22100,SKULLS SQUARE TISSUE BOX,C,Z,CZ,712.39,1008,63,2.466,1,2846,19236365.36,97.648,60.246,Delist candidate — worst capital-to-value ratio
23042,PAPER LANTERN 7 POINT SNOW STAR,C,Z,CZ,711.51,103,18,3.117,0,2847,19237076.87,97.651,60.267,Delist candidate — worst capital-to-value ratio
16015,MEDIUM CHINESE STYLE SCISSOR,C,Z,CZ,711.38,1572,54,2.342,1,2848,19237788.25,97.655,60.288,Delist candidate — worst capital-to-value ratio
22345,PARTY PIZZA DISH BLUE POLKADOT,C,Z,CZ,711.17,1469,63,2.676,1,2849,19238499.42,97.659,60.309,Delist candidate — worst capital-to-value ratio
23070,EDWARDIAN HEART PHOTO FRAME,C,Z,CZ,709.54,160,25,2.343,0,2850,19239208.96,97.662,60.33,Delist candidate — worst capital-to-value ratio
21442,GREEN BIRDHOUSE DECORATION,C,Z,CZ,708.37,977,71,2.309,1,2851,19239917.33,97.666,60.351,Delist candidate — worst capital-to-value ratio
21365,MIRRORED WALL ART STARS,C,Z,CZ,707.92,469,46,2.162,1,2852,19240625.25,97.669,60.373,Delist candidate — worst capital-to-value ratio
21740,COSY SLIPPER SHOES LARGE RED,C,Z,CZ,706.86,204,8,5.471,0,2853,19241332.11,97.673,60.394,Delist candidate — worst capital-to-value ratio
21308,LOUVRE VANITY MIRROR,C,Z,CZ,705.9,132,4,9.687,0,2854,19242038.01,97.677,60.415,Delist candidate — worst capital-to-value ratio
21386,IVORY HANGING DECORATION  EGG,C,Z,CZ,705.74,1196,47,1.585,1,2855,19242743.75,97.68,60.436,Delist candidate — worst capital-to-value ratio
21265,PINK GOOSE FEATHER TREE 60CM,C,Z,CZ,705.59,321,25,3.07,0,2856,19243449.34,97.684,60.457,Delist candidate — worst capital-to-value ratio
22981,PANTRY APPLE CORER,C,Z,CZ,705.58,472,35,3.612,1,2857,19244154.92,97.687,60.478,Delist candidate — worst capital-to-value ratio
22036,DINOSAUR BIRTHDAY CARD,C,Z,CZ,705.19,1673,36,1.926,1,2858,19244860.11,97.691,60.5,Delist candidate — worst capital-to-value ratio
84952C,MIRROR LOVE BIRD T-LIGHT HOLDER,C,Z,CZ,705.01,374,23,3.601,0,2859,19245565.12,97.695,60.521,Delist candidate — worst capital-to-value ratio
22641,SET OF 4 NAPKIN CHARMS INSTRUMENT,C,Z,CZ,704.9,300,39,2.268,1,2860,19246270.02,97.698,60.542,Delist candidate — worst capital-to-value ratio
84869,CANDY BUTTON PHOTO ALBUM,C,Z,CZ,703.54,302,14,4.153,0,2861,19246973.56,97.702,60.563,Delist candidate — worst capital-to-value ratio
84986B,SET OF 36 SILVER PAPER DOILIES,C,Z,CZ,703.34,470,32,2.52,1,2862,19247676.9,97.705,60.584,Delist candidate — worst capital-to-value ratio
20763,DAISY SKETCHBOOK,C,Z,CZ,702.86,267,47,2.87,1,2863,19248379.76,97.709,60.605,Delist candidate — worst capital-to-value ratio
84569A,PACK 3 IRON ON DOG PATCHES,C,Y,CY,702.42,562,61,1.276,1,2864,19249082.18,97.712,60.627,Low priority
72801D,4 SKY BLUE DINNER CANDLES,C,Z,CZ,702.4,657,65,3.904,1,2865,19249784.58,97.716,60.648,Delist candidate — worst capital-to-value ratio
84931B,BLUE SCOTTIE DOG W FLOWER PATTERN,C,Z,CZ,701.48,279,53,1.952,1,2866,19250486.06,97.72,60.669,Delist candidate — worst capital-to-value ratio
21674,RIDGED GLASS PENDANT LAMPSHADE,C,Z,CZ,697.8,44,7,4.43,0,2867,19251183.86,97.723,60.69,Delist candidate — worst capital-to-value ratio
85231E,STRAWBERRY SCENTED SET/9 T-LIGHTS,C,Z,CZ,697.74,837,23,2.842,0,2868,19251881.6,97.727,60.711,Delist candidate — worst capital-to-value ratio
84584,PINK GINGHAM CAT WITH SCARF,C,Z,CZ,696.75,282,46,1.945,1,2869,19252578.35,97.73,60.732,Delist candidate — worst capital-to-value ratio
72131,COLUMBIAN CANDLE RECTANGLE,C,Z,CZ,696.18,750,34,3.645,1,2870,19253274.53,97.734,60.754,Delist candidate — worst capital-to-value ratio
23120,PACK OF 6 SMALL FRUIT STRAWS,C,Z,CZ,695.41,1716,25,3.172,0,2871,19253969.94,97.737,60.775,Delist candidate — worst capital-to-value ratio
23187,FRENCH STYLE STORAGE JAR BONBONS,C,Z,CZ,695.06,2338,22,2.512,0,2872,19254665.0,97.741,60.796,Delist candidate — worst capital-to-value ratio
20898,VINTAGE NOTEBOOK TRAVELOGUE,C,Z,CZ,693.92,327,32,4.685,1,2873,19255358.92,97.744,60.817,Delist candidate — worst capital-to-value ratio
72755D,FLOWER FAIRY OIL BURNER SET SUMMER,C,Z,CZ,693.25,533,8,4.734,0,2874,19256052.17,97.748,60.838,Delist candidate — worst capital-to-value ratio
84993A,75 GREEN PETIT FOUR CASES,C,Y,CY,691.32,1522,88,1.153,1,2875,19256743.49,97.751,60.859,Low priority
20862,PINK PATCH PENCIL CASE BLUE HEART,C,Z,CZ,691.14,325,16,4.104,0,2876,19257434.63,97.755,60.881,Delist candidate — worst capital-to-value ratio
35964,FOLKART CLIP ON STARS,C,Z,CZ,690.93,1190,36,2.737,1,2877,19258125.56,97.758,60.902,Delist candidate — worst capital-to-value ratio
72753A,S/3 FLWR FAIRY LILLY CANDLES,C,Z,CZ,690.24,315,6,6.244,0,2878,19258815.8,97.762,60.923,Delist candidate — worst capital-to-value ratio
17165D,ASS COL LARGE SAND FROG P'WEIGHT,C,Z,CZ,689.67,723,43,2.383,1,2879,19259505.47,97.765,60.944,Delist candidate — worst capital-to-value ratio
22034,ROBIN CHRISTMAS CARD,C,Z,CZ,688.61,1653,23,2.96,0,2880,19260194.08,97.769,60.965,Delist candidate — worst capital-to-value ratio
90161D,ANT COPPER PINK BOUDICCA BRACELET,C,Z,CZ,687.52,138,47,1.61,1,2881,19260881.6,97.772,60.986,Delist candidate — worst capital-to-value ratio
22033,BOTANICAL ROSE GREETING CARD,C,Y,CY,686.97,1615,59,1.228,1,2882,19261568.57,97.776,61.008,Low priority
84917,WHITE HAND TOWEL WITH BUTTERFLY,C,Z,CZ,686.03,229,31,3.835,1,2883,19262254.6,97.779,61.029,Delist candidate — worst capital-to-value ratio
84563A,PINK & WHITE BREAKFAST TRAY,C,Z,CZ,685.15,139,34,2.496,1,2884,19262939.75,97.783,61.05,Delist candidate — worst capital-to-value ratio
72801C,4 ROSE PINK DINNER CANDLES,C,Z,CZ,685.03,770,52,3.564,1,2885,19263624.78,97.786,61.071,Delist candidate — worst capital-to-value ratio
23597,PAPER BUNTING PAISLEY PARK,C,Z,CZ,684.97,251,5,6.013,0,2886,19264309.75,97.79,61.092,Delist candidate — worst capital-to-value ratio
85084,HOLLY TOP CHRISTMAS STOCKING,C,Z,CZ,683.1,684,19,3.798,0,2887,19264992.85,97.793,61.113,Delist candidate — worst capital-to-value ratio
37492D,PURPLE GREEN FLOWER PIGGY BANK,C,Z,CZ,682.99,361,15,5.424,0,2888,19265675.84,97.797,61.135,Delist candidate — worst capital-to-value ratio
47594A,CAROUSEL DESIGN WASHBAG,C,Z,CZ,682.51,345,57,1.555,1,2889,19266358.35,97.8,61.156,Delist candidate — worst capital-to-value ratio
85023B,EAU DE NILE JEWELLED PHOTOFRAME,C,Z,CZ,682.35,293,31,3.726,1,2890,19267040.7,97.804,61.177,Delist candidate — worst capital-to-value ratio
85096,HILDA CANDY SPOT RABBIT,C,Z,CZ,680.67,165,45,1.778,1,2891,19267721.37,97.807,61.198,Delist candidate — worst capital-to-value ratio
17012F,ORIGAMI SANDLEWOOD INCENSE/CAND SET,C,Z,CZ,680.65,586,49,2.489,1,2892,19268402.02,97.81,61.219,Delist candidate — worst capital-to-value ratio
90184C,BLACK CHUNKY BEAD BRACELET W STRAP,C,Z,CZ,678.94,75,37,2.039,1,2893,19269080.96,97.814,61.24,Delist candidate — worst capital-to-value ratio
62094B,TURQ ICE CREAM BUM BAG,C,Z,CZ,677.99,305,38,3.521,1,2894,19269758.95,97.817,61.262,Delist candidate — worst capital-to-value ratio
84925D,LA PALMIERA WALL THERMOMETER,C,Z,CZ,677.45,452,20,6.855,0,2895,19270436.4,97.821,61.283,Delist candidate — worst capital-to-value ratio
90160C,TURQ+RED BOUDICCA LARGE BRACELET,C,Z,CZ,677.0,97,41,1.934,1,2896,19271113.4,97.824,61.304,Delist candidate — worst capital-to-value ratio
84824,DANISH ROSE UMBRELLA STAND,C,Z,CZ,676.45,38,17,3.061,0,2897,19271789.85,97.828,61.325,Delist candidate — worst capital-to-value ratio
23428,IVORY RETRO KITCHEN WALL CLOCK,C,Z,CZ,675.91,77,4,5.317,0,2898,19272465.76,97.831,61.346,Delist candidate — worst capital-to-value ratio
21847,GREEN  DIAMANTE PEN IN GIFT BOX,C,Z,CZ,675.37,347,40,3.929,1,2899,19273141.13,97.835,61.367,Delist candidate — worst capital-to-value ratio
37444C,PINK BREAKFAST CUP AND SAUCER,C,Z,CZ,674.5,1656,32,6.639,1,2900,19273815.63,97.838,61.389,Delist candidate — worst capital-to-value ratio
20856,DENIM PATCH PURSE PINK BUTTERFLY,C,Y,CY,674.09,408,59,1.28,1,2901,19274489.72,97.841,61.41,Low priority
90082D,DIAMANTE BOW BROOCH BLACK COLOUR,C,Z,CZ,670.7,104,34,1.951,1,2902,19275160.42,97.845,61.431,Delist candidate — worst capital-to-value ratio
75013B,"STRING OF 8 BUTTERFLIES,PINK",C,Z,CZ,669.62,390,39,2.646,1,2903,19275830.04,97.848,61.452,Delist candidate — worst capital-to-value ratio
72023F,RED ORGANIC CANDLE IN GLASS,C,Z,CZ,669.62,640,19,5.655,0,2904,19276499.66,97.852,61.473,Delist candidate — worst capital-to-value ratio
85205B,PINK FELT EASTER RABBIT GARLAND,C,Z,CZ,669.38,241,24,2.333,0,2905,19277169.04,97.855,61.494,Delist candidate — worst capital-to-value ratio
23024,LARGE BONNE JAM JAR  T-LIGHT HOLDER,C,Z,CZ,667.85,255,9,4.895,0,2906,19277836.89,97.858,61.516,Delist candidate — worst capital-to-value ratio
21879,HEARTS GIFT TAPE,C,Z,CZ,666.79,1570,55,2.99,1,2907,19278503.68,97.862,61.537,Delist candidate — worst capital-to-value ratio
85203,HANGING WOOD AND FELT BUTTERFLY,C,Y,CY,666.75,1465,86,1.49,1,2908,19279170.43,97.865,61.558,Low priority
46776E,WOVEN CANDY CUSHION COVER,C,Z,CZ,666.23,206,45,4.346,1,2909,19279836.66,97.869,61.579,Delist candidate — worst capital-to-value ratio
21247,SET OF RED SALAD SERVERS,C,Z,CZ,666.22,423,37,1.992,1,2910,19280502.88,97.872,61.6,Delist candidate — worst capital-to-value ratio
21263,GREEN GOOSE FEATHER TREE 60CM,C,Z,CZ,666.09,303,25,3.138,0,2911,19281168.97,97.875,61.622,Delist candidate — worst capital-to-value ratio
21750,LARGE SKULL WINDMILL,C,Z,CZ,665.95,310,42,2.419,1,2912,19281834.92,97.879,61.643,Delist candidate — worst capital-to-value ratio
21884,CAKES AND BOWS GIFT  TAPE,C,Z,CZ,664.26,1449,76,2.926,1,2913,19282499.18,97.882,61.664,Delist candidate — worst capital-to-value ratio
22056,CERAMIC PLATE LOVE HEART DESIGN,C,Z,CZ,662.83,611,18,5.047,0,2914,19283162.01,97.885,61.685,Delist candidate — worst capital-to-value ratio
85168B,BLACK BAROQUE CARRIAGE CLOCK,C,Z,CZ,662.12,73,31,2.482,1,2915,19283824.13,97.889,61.706,Delist candidate — worst capital-to-value ratio
17012D,ORIGAMI ROSE INCENSE/CANDLE SET,C,Z,CZ,662.12,522,50,2.297,1,2916,19284486.25,97.892,61.727,Delist candidate — worst capital-to-value ratio
21197,MULTICOLOUR  CONFETTI IN TUBE,C,Z,CZ,661.81,453,32,2.286,1,2917,19285148.06,97.895,61.749,Delist candidate — worst capital-to-value ratio
85188B,PINK METAL SWINGING BUNNY,C,Z,CZ,661.73,749,21,2.939,0,2918,19285809.79,97.899,61.77,Delist candidate — worst capital-to-value ratio
23547,WRAP FLOWER SHOP,C,Z,CZ,661.5,1575,20,2.317,0,2919,19286471.29,97.902,61.791,Delist candidate — worst capital-to-value ratio
17109C,FLOWER FAIRY INCENSE ROSE,C,Z,CZ,661.23,3124,9,8.24,0,2920,19287132.52,97.906,61.812,Delist candidate — worst capital-to-value ratio
23482,PEARLISED IVORY HEART LARGE,C,Z,CZ,661.02,418,8,5.209,0,2921,19287793.54,97.909,61.833,Delist candidate — worst capital-to-value ratio
37474,SET/4 2 TONE EGG SHAPE MIXING BOWLS,C,Z,CZ,661.0,64,31,2.153,1,2922,19288454.54,97.912,61.854,Delist candidate — worst capital-to-value ratio
21764,VINTAGE WOODEN PLATE RACK,C,Z,CZ,659.15,17,8,4.417,0,2923,19289113.69,97.916,61.876,Delist candidate — worst capital-to-value ratio
71403,"PINK/WHITE ""KEEP CLEAN"" BULLET BIN",C,Z,CZ,659.0,177,47,1.888,1,2924,19289772.69,97.919,61.897,Delist candidate — worst capital-to-value ratio
16169K,WRAP FOLK ART,C,Z,CZ,658.75,2075,34,3.158,1,2925,19290431.44,97.922,61.918,Delist candidate — worst capital-to-value ratio
22054,MINI CAKE STAND HANGING HEARTS,C,Z,CZ,658.31,363,14,3.476,0,2926,19291089.75,97.926,61.939,Delist candidate — worst capital-to-value ratio
85186C,BUNNY EGG GARLAND,C,Z,CZ,658.19,1400,39,2.026,1,2927,19291747.94,97.929,61.96,Delist candidate — worst capital-to-value ratio
46776D,WOVEN SUNSET CUSHION COVER,C,Z,CZ,658.07,153,42,2.192,1,2928,19292406.01,97.932,61.981,Delist candidate — worst capital-to-value ratio
85028S,FRENCH CHATEAU SMALL FRUITBOWL,C,Z,CZ,656.82,430,19,4.318,0,2929,19293062.83,97.936,62.003,Delist candidate — worst capital-to-value ratio
21441,BLUE BIRDHOUSE DECORATION,C,Z,CZ,655.46,928,69,2.513,1,2930,19293718.29,97.939,62.024,Delist candidate — worst capital-to-value ratio
21307,SET/4 BUTTERFLY MIRROR MAGNETS,C,Z,CZ,654.27,751,37,4.177,1,2931,19294372.56,97.942,62.045,Delist candidate — worst capital-to-value ratio
85028L,FRENCH CHATEAU LARGE FRUIT BOWL,C,Z,CZ,654.01,271,20,5.81,0,2932,19295026.57,97.946,62.066,Delist candidate — worst capital-to-value ratio
21350,GINGHAM HEART WREATH,C,Z,CZ,653.65,227,17,3.616,0,2933,19295680.22,97.949,62.087,Delist candidate — worst capital-to-value ratio
35004P,SET OF 3 PINK FLYING DUCKS,C,Z,CZ,651.69,121,18,3.6,0,2934,19296331.91,97.952,62.108,Delist candidate — worst capital-to-value ratio
85215,ASSORTED CHEESE FRIDGE MAGNETS,C,Z,CZ,651.69,843,43,2.031,1,2935,19296983.6,97.956,62.13,Delist candidate — worst capital-to-value ratio
85019C,CURIOUS  IMAGES NOTEBOOK SET,C,Z,CZ,651.19,423,21,4.175,0,2936,19297634.79,97.959,62.151,Delist candidate — worst capital-to-value ratio
17164B,ASS COL SMALL SAND GECKO P'WEIGHT,C,Z,CZ,650.76,1630,43,2.547,1,2937,19298285.55,97.962,62.172,Delist candidate — worst capital-to-value ratio
20618,QUEEN OF THE SKIES PASSPORT COVER,C,Y,CY,650.64,298,74,1.414,1,2938,19298936.19,97.965,62.193,Low priority
20714,POSY SHOPPER BAG,C,Z,CZ,649.82,1580,5,6.682,0,2939,19299586.01,97.969,62.214,Delist candidate — worst capital-to-value ratio
21134,VICTORIAN METAL POSTCARD CHRISTMAS,C,Z,CZ,649.74,379,20,3.92,0,2940,19300235.75,97.972,62.235,Delist candidate — worst capital-to-value ratio
23224,CHERUB HEART DECORATION GOLD,C,Z,CZ,649.02,738,17,3.537,0,2941,19300884.77,97.975,62.257,Delist candidate — worst capital-to-value ratio
21003,ROSE DU SUD CUSHION COVER,C,Z,CZ,647.75,109,34,2.056,1,2942,19301532.52,97.979,62.278,Delist candidate — worst capital-to-value ratio
84916,HAND TOWEL PALE BLUE W FLOWERS,C,Z,CZ,646.43,261,35,4.4,1,2943,19302178.95,97.982,62.299,Delist candidate — worst capital-to-value ratio
22391,PAPERWEIGHT HOME SWEET HOME,C,Z,CZ,645.39,327,41,2.429,1,2944,19302824.34,97.985,62.32,Delist candidate — worst capital-to-value ratio
84865,NEW BAROQUE BLACK PHOTO ALBUM,C,Z,CZ,645.32,79,29,2.453,1,2945,19303469.66,97.988,62.341,Delist candidate — worst capital-to-value ratio
17181,CIRCLE OF FRIENDS CANDLE HOLDER,C,Z,CZ,645.21,354,27,3.233,1,2946,19304114.87,97.992,62.362,Delist candidate — worst capital-to-value ratio
47597,NEW ENGLAND TEATOWELS,C,Z,CZ,644.88,322,28,2.104,1,2947,19304759.75,97.995,62.384,Delist candidate — worst capital-to-value ratio
23408,PHOTO FRAME LINEN AND LACE SMALL,C,Z,CZ,644.8,310,14,3.085,0,2948,19305404.55,97.998,62.405,Delist candidate — worst capital-to-value ratio
84766,SILVER ROCOCO CANDLE STICK,C,Z,CZ,643.95,201,21,3.321,0,2949,19306048.5,98.002,62.426,Delist candidate — worst capital-to-value ratio
22042,CHRISTMAS CARD SINGING ANGEL,C,Z,CZ,642.31,1774,38,2.391,1,2950,19306690.81,98.005,62.447,Delist candidate — worst capital-to-value ratio
85185D,FROG SOCK PUPPET,C,Z,CZ,642.01,197,38,2.265,1,2951,19307332.82,98.008,62.468,Delist candidate — worst capital-to-value ratio
84520D,PACK OF 20 FAIRY CAKE PAPER NAPKINS,C,Z,CZ,641.17,701,11,3.793,0,2952,19307973.99,98.011,62.489,Delist candidate — worst capital-to-value ratio
16169M,WRAP DAISY CARPET,C,Z,CZ,640.95,2060,43,3.115,1,2953,19308614.94,98.015,62.511,Delist candidate — worst capital-to-value ratio
17084N,FAIRY DREAMS INCENSE,C,Z,CZ,640.26,2768,82,1.549,1,2954,19309255.2,98.018,62.532,Delist candidate — worst capital-to-value ratio
21816,CHRISTMAS TREE T-LIGHT HOLDER,C,Z,CZ,640.24,424,24,2.73,0,2955,19309895.44,98.021,62.553,Delist candidate — worst capital-to-value ratio
21665,TRIANGULAR RIDGED GLASS POSY HOLDER,C,Z,CZ,638.8,879,21,2.855,0,2956,19310534.24,98.024,62.574,Delist candidate — worst capital-to-value ratio
84601A,NEW BAROQUE IVORY CUSHION COVER,C,Z,CZ,638.34,260,13,6.21,0,2957,19311172.58,98.028,62.595,Delist candidate — worst capital-to-value ratio
47592A,CAROUSEL DES CHILD'S OVERALL,C,Z,CZ,637.37,331,33,2.252,1,2958,19311809.95,98.031,62.616,Delist candidate — worst capital-to-value ratio
23492,VINTAGE JINGLE BELLS WREATH,C,Z,CZ,635.38,76,8,4.524,0,2959,19312445.33,98.034,62.638,Delist candidate — worst capital-to-value ratio
84507C,BLUE CIRCLES DESIGN MONKEY DOLL,C,Z,CZ,634.64,433,51,3.197,1,2960,19313079.97,98.037,62.659,Delist candidate — worst capital-to-value ratio
23456,MEDIUM PARLOUR PICTURE FRAME,C,Z,CZ,634.1,158,8,4.428,0,2961,19313714.07,98.04,62.68,Delist candidate — worst capital-to-value ratio
22263,FELT EGG COSY LADYBIRD,C,Z,CZ,632.48,842,57,3.874,1,2962,19314346.55,98.044,62.701,Delist candidate — worst capital-to-value ratio
23453,OVAL  MINI PORTRAIT FRAME,C,Z,CZ,631.58,324,9,3.821,0,2963,19314978.13,98.047,62.722,Delist candidate — worst capital-to-value ratio
20819,SILVER TEDDY BEAR,C,Z,CZ,631.49,228,43,2.999,1,2964,19315609.62,98.05,62.743,Delist candidate — worst capital-to-value ratio
23216,LAUREL HEART ANTIQUE GOLD,C,Z,CZ,630.73,525,21,3.267,0,2965,19316240.35,98.053,62.765,Delist candidate — worst capital-to-value ratio
84964A,PINK PAINTED KASHMIRI TABLE,C,Z,CZ,630.0,11,2,9.263,0,2966,19316870.35,98.057,62.786,Delist candidate — worst capital-to-value ratio
23019,SMALL APOTHECARY MEASURING JAR,C,Z,CZ,629.05,81,18,3.042,0,2967,19317499.4,98.06,62.807,Delist candidate — worst capital-to-value ratio
85230E,STRAWBRY SCENTED VOTIVE CANDLE,C,Y,CY,628.41,2445,47,1.498,1,2968,19318127.81,98.063,62.828,Low priority
84596J,MIXED NUTS LIGHT GREEN BOWL,C,Z,CZ,628.01,813,56,2.874,1,2969,19318755.82,98.066,62.849,Delist candidate — worst capital-to-value ratio
23027,DRAWER KNOB VINTAGE GLASS HEXAGON,C,Z,CZ,627.95,295,18,3.457,0,2970,19319383.77,98.069,62.87,Delist candidate — worst capital-to-value ratio
71101E,STANDING FAIRY POLE SUPPORT,C,Z,CZ,627.83,779,37,1.903,1,2971,19320011.6,98.072,62.892,Delist candidate — worst capital-to-value ratio
23471,SIX DRAWER OFFICE TIDY,C,Z,CZ,626.74,66,10,3.728,0,2972,19320638.34,98.076,62.913,Delist candidate — worst capital-to-value ratio
16169N,WRAP BLUE RUSSIAN FOLKART,C,Z,CZ,626.25,2025,29,3.67,1,2973,19321264.59,98.079,62.934,Delist candidate — worst capital-to-value ratio
20694,FLORAL PINK MONSTER,C,Z,CZ,626.08,167,37,2.408,1,2974,19321890.67,98.082,62.955,Delist candidate — worst capital-to-value ratio
90184B,AMETHYST CHUNKY BEAD BRACELET W STR,C,Z,CZ,625.48,69,35,1.877,1,2975,19322516.15,98.085,62.976,Delist candidate — worst capital-to-value ratio
85218,S/5 MINI ICE CREAM FRIDGE MAGNETS,C,Z,CZ,625.2,1992,2,10.026,0,2976,19323141.35,98.088,62.997,Delist candidate — worst capital-to-value ratio
21004,ROSE DU SUD CHILDS APRON,C,Z,CZ,625.07,137,37,1.922,1,2977,19323766.42,98.092,63.019,Delist candidate — worst capital-to-value ratio
22043,CHRISTMAS CARD SCREEN PRINT,C,Z,CZ,624.29,2209,40,1.984,1,2978,19324390.71,98.095,63.04,Delist candidate — worst capital-to-value ratio
82616A,BUBBLE GUM SCARF KNITTING KIT,C,Z,CZ,624.21,316,26,3.366,1,2979,19325014.92,98.098,63.061,Delist candidate — worst capital-to-value ratio
85092,CANDY SPOT TEA COSY,C,Z,CZ,622.57,391,15,6.655,0,2980,19325637.49,98.101,63.082,Delist candidate — worst capital-to-value ratio
23425,STORAGE TIN HOME SWEET HOME,C,Z,CZ,621.44,275,15,4.081,0,2981,19326258.93,98.104,63.103,Delist candidate — worst capital-to-value ratio
23180,MUM'S KITCHEN CLOCK,C,Z,CZ,621.09,122,28,2.33,1,2982,19326880.02,98.107,63.124,Delist candidate — worst capital-to-value ratio
20689,RETRO SISTERS EXPRESSO CUPS,C,Z,CZ,620.05,430,20,7.996,0,2983,19327500.07,98.11,63.146,Delist candidate — worst capital-to-value ratio
16156N,"WRAP, FRIENDSHIP ON GREEN",C,Z,CZ,619.5,1475,23,2.417,0,2984,19328119.57,98.114,63.167,Delist candidate — worst capital-to-value ratio
84707B,PINK JEWELLED MIRROR TRINKET TRAY,C,Z,CZ,618.52,79,37,2.356,1,2985,19328738.09,98.117,63.188,Delist candidate — worst capital-to-value ratio
16012,FOOD/DRINK SPONGE STICKERS,C,Z,CZ,618.09,2949,51,1.717,1,2986,19329356.18,98.12,63.209,Delist candidate — worst capital-to-value ratio
20696,FLORAL SOFT CAR TOY,C,Z,CZ,617.94,151,42,1.941,1,2987,19329974.12,98.123,63.23,Delist candidate — worst capital-to-value ratio
84051,ASS COLOUR GLOWING TIARAS,C,Z,CZ,617.33,757,42,2.589,1,2988,19330591.45,98.126,63.251,Delist candidate — worst capital-to-value ratio
82095,HEART BUTTONS JEWELLERY BOX,C,Z,CZ,616.21,102,33,3.029,1,2989,19331207.66,98.129,63.273,Delist candidate — worst capital-to-value ratio
72772,SET/4 SCENTED CANDLES IN RAMEKINS,C,Z,CZ,615.84,457,5,6.894,0,2990,19331823.5,98.132,63.294,Delist candidate — worst capital-to-value ratio
84952B,BLACK LOVE BIRD T-LIGHT HOLDER,C,Z,CZ,615.49,364,26,3.761,1,2991,19332438.99,98.136,63.315,Delist candidate — worst capital-to-value ratio
84932C,SMALL ORIENTAL BLUE FOLDING STOOL,C,Z,CZ,615.4,282,19,2.77,0,2992,19333054.39,98.139,63.336,Delist candidate — worst capital-to-value ratio
90143,SILVER BRACELET W PASTEL FLOWER,C,Z,CZ,614.13,81,32,2.224,1,2993,19333668.52,98.142,63.357,Delist candidate — worst capital-to-value ratio
22346,PARTY PIZZA DISH GREEN POLKADOT,C,Z,CZ,614.03,1304,49,2.912,1,2994,19334282.55,98.145,63.378,Delist candidate — worst capital-to-value ratio
90198A,VINTAGE ROSE BEAD BRACELET RASPBERR,C,Z,CZ,613.68,145,53,1.523,1,2995,19334896.23,98.148,63.4,Delist candidate — worst capital-to-value ratio
84859A,SILVER DISCO HANDBAG,C,Z,CZ,613.53,293,39,2.915,1,2996,19335509.76,98.151,63.421,Delist candidate — worst capital-to-value ratio
47583A,SET OF 3 WICKER BASKET ROSE,C,Z,CZ,612.82,71,4,9.437,0,2997,19336122.58,98.154,63.442,Delist candidate — worst capital-to-value ratio
84247G,"DECOUPAGE,GREETING CARD,",C,Z,CZ,612.75,1438,57,1.544,1,2998,19336735.33,98.157,63.463,Delist candidate — worst capital-to-value ratio
37351,ORANGE FLOWER MUG,C,Z,CZ,612.51,5404,11,10.073,0,2999,19337347.84,98.16,63.484,Delist candidate — worst capital-to-value ratio
23018,LARGE APOTHECARY MEASURING JAR,C,Z,CZ,612.16,51,13,3.825,0,3000,19337960.0,98.164,63.506,Delist candidate — worst capital-to-value ratio
79315W,FLYING SAUCER TABLE LIGHT IN WHITE,C,Z,CZ,611.51,199,11,7.218,0,3001,19338571.51,98.167,63.527,Delist candidate — worst capital-to-value ratio
35972,DAISY FOLKART HEART DECORATION,C,Z,CZ,611.38,440,41,2.456,1,3002,19339182.89,98.17,63.548,Delist candidate — worst capital-to-value ratio
21173,LOO ROLL  METAL SIGN,C,Z,CZ,611.26,342,15,3.237,0,3003,19339794.15,98.173,63.569,Delist candidate — worst capital-to-value ratio
84858C,PINK RIVIERA HANDBAG,C,Z,CZ,611.07,347,22,5.029,0,3004,19340405.22,98.176,63.59,Delist candidate — worst capital-to-value ratio
22538,MINI JIGSAW GO TO THE FAIR,C,Z,CZ,610.85,1444,55,1.977,1,3005,19341016.07,98.179,63.611,Delist candidate — worst capital-to-value ratio
20655,QUEEN OF SKIES LUGGAGE TAG,C,Y,CY,609.73,415,82,1.18,1,3006,19341625.8,98.182,63.633,Low priority
21440,12 MINI TOADSTOOL PEGS,C,Z,CZ,608.81,481,30,2.241,1,3007,19342234.61,98.185,63.654,Delist candidate — worst capital-to-value ratio
21416,CLAM SHELL LARGE,C,Z,CZ,606.81,752,18,9.714,0,3008,19342841.42,98.188,63.675,Delist candidate — worst capital-to-value ratio
20863,BLUE PATCH PENCIL CASE PINK HEART,C,Z,CZ,605.73,295,26,3.914,1,3009,19343447.15,98.191,63.696,Delist candidate — worst capital-to-value ratio
20695,FLORAL BLUE MONSTER,C,Z,CZ,604.58,142,30,3.239,1,3010,19344051.73,98.194,63.717,Delist candidate — worst capital-to-value ratio
23520,EMBROIDERED RIBBON REEL RUBY,C,Z,CZ,604.3,168,11,5.906,0,3011,19344656.03,98.198,63.738,Delist candidate — worst capital-to-value ratio
84876D,BLUE HEART COMPACT MIRROR,C,Z,CZ,604.27,332,28,2.644,1,3012,19345260.3,98.201,63.76,Delist candidate — worst capital-to-value ratio
85169D,PINK LOVE BIRD CANDLE,C,Z,CZ,603.98,521,55,2.956,1,3013,19345864.28,98.204,63.781,Delist candidate — worst capital-to-value ratio
79190B,RETRO PLASTIC POLKA TRAY,C,Z,CZ,603.08,1485,75,2.939,1,3014,19346467.36,98.207,63.802,Delist candidate — worst capital-to-value ratio
84932A,SMALL GREEN PEONY FOLDING STOOL,C,Z,CZ,602.6,262,14,4.235,0,3015,19347069.96,98.21,63.823,Delist candidate — worst capital-to-value ratio
84563B,BLUE & WHITE BREAKFAST TRAY,C,Z,CZ,601.84,132,34,1.988,1,3016,19347671.8,98.213,63.844,Delist candidate — worst capital-to-value ratio
85117,NIGHTINGALE COATHOOK WHITE,C,Z,CZ,600.92,351,19,3.468,0,3017,19348272.72,98.216,63.865,Delist candidate — worst capital-to-value ratio
18094C,WHITE AND BLUE CERAMIC OIL BURNER,C,Y,CY,600.66,433,60,1.355,1,3018,19348873.38,98.219,63.887,Low priority
17109D,FLOWER FAIRY INCENSE BOUQUET,C,Z,CZ,600.0,1258,29,4.024,1,3019,19349473.38,98.222,63.908,Delist candidate — worst capital-to-value ratio
85146,JARDIN ETCHED GLASS SMALL BELL JAR,C,Z,CZ,599.38,118,19,2.959,0,3020,19350072.76,98.225,63.929,Delist candidate — worst capital-to-value ratio
82605,OLD DOC RUSSEL METAL SIGN,C,Z,CZ,599.27,270,52,1.583,1,3021,19350672.03,98.228,63.95,Delist candidate — worst capital-to-value ratio
47469,ASSORTED SHAPES PHOTO CLIP SILVER,C,Z,CZ,597.53,1225,23,4.306,0,3022,19351269.56,98.231,63.971,Delist candidate — worst capital-to-value ratio
22092,BLUE PAISLEY TISSUE BOX,C,Z,CZ,597.44,938,60,1.762,1,3023,19351867.0,98.234,63.992,Delist candidate — worst capital-to-value ratio
84682,CLASSICAL ROSE DISH,C,Z,CZ,596.94,295,32,3.322,1,3024,19352463.94,98.237,64.014,Delist candidate — worst capital-to-value ratio
82011C,BATHROOM SCALES FOOTPRINTS IN SAND,C,Z,CZ,595.18,131,43,1.878,1,3025,19353059.12,98.24,64.035,Delist candidate — worst capital-to-value ratio
20781,GOLD EAR MUFF HEADPHONES,C,Z,CZ,594.81,107,38,2.213,1,3026,19353653.93,98.243,64.056,Delist candidate — worst capital-to-value ratio
72122,COFFEE SCENT PILLAR CANDLE,C,Z,CZ,594.28,587,64,1.533,1,3027,19354248.21,98.246,64.077,Delist candidate — worst capital-to-value ratio
23377,PACK OF 12 DOLLY GIRL TISSUES,C,Z,CZ,593.62,1354,15,2.8,0,3028,19354841.83,98.249,64.098,Delist candidate — worst capital-to-value ratio
16236,KITTY PENCIL ERASERS,C,Y,CY,593.29,2652,90,1.138,1,3029,19355435.12,98.252,64.119,Low priority
21553,CERAMIC BIRDHOUSE FINCH BLUE  LARGE,C,Z,CZ,593.17,92,10,4.074,0,3030,19356028.29,98.255,64.141,Delist candidate — worst capital-to-value ratio
20849,ZINC HEART LATTICE DOUBLE PLANTER,C,Z,CZ,593.03,674,19,8.706,0,3031,19356621.32,98.258,64.162,Delist candidate — worst capital-to-value ratio
62096A,PINK/YELLOW FLOWERS HANDBAG,C,Z,CZ,592.79,383,38,2.162,1,3032,19357214.11,98.261,64.183,Delist candidate — worst capital-to-value ratio
20804,GLASS CHICKEN BUTTER DISH,C,Z,CZ,592.51,333,16,4.743,0,3033,19357806.62,98.264,64.204,Delist candidate — worst capital-to-value ratio
21223,SET/4 BADGES WOODLAND ANIMAL,C,Z,CZ,592.08,496,18,4.616,0,3034,19358398.7,98.267,64.225,Delist candidate — worst capital-to-value ratio
85113,POLKA DOT PISTACHIO PAIL,C,Z,CZ,591.66,285,17,3.84,0,3035,19358990.36,98.27,64.246,Delist candidate — worst capital-to-value ratio
90199C,5 STRAND GLASS NECKLACE CRYSTAL,C,Z,CZ,591.64,100,24,5.256,0,3036,19359582.0,98.273,64.268,Delist candidate — worst capital-to-value ratio
21304,ARCHED GREY MIRROR,C,Z,CZ,591.58,86,10,5.515,0,3037,19360173.58,98.276,64.289,Delist candidate — worst capital-to-value ratio
84963B,BLUE PAINTED KASHMIRI CHAIR,C,Z,CZ,591.5,18,5,5.577,0,3038,19360765.08,98.279,64.31,Delist candidate — worst capital-to-value ratio
20794,BLUE  TILE HOOK,C,Z,CZ,591.02,212,41,1.773,1,3039,19361356.1,98.282,64.331,Delist candidate — worst capital-to-value ratio
21322,GLASS SPHERE CANDLE STAND LARGE,C,Z,CZ,590.45,301,4,7.755,0,3040,19361946.55,98.285,64.352,Delist candidate — worst capital-to-value ratio
21256,"FRENCH BOTTLE, BRASSERIE DES ARTIST",C,Z,CZ,588.64,326,11,3.671,0,3041,19362535.19,98.288,64.373,Delist candidate — worst capital-to-value ratio
21893,POTTING SHED SEED TIN,C,Z,CZ,587.8,172,9,7.264,0,3042,19363122.99,98.291,64.395,Delist candidate — worst capital-to-value ratio
21167,WHITE SAGE INCENSE,C,Z,CZ,587.52,2440,67,1.55,1,3043,19363710.51,98.294,64.416,Delist candidate — worst capital-to-value ratio
23499,SET 12 VINTAGE DOILY CHALK,C,Z,CZ,587.49,1315,8,3.988,0,3044,19364298.0,98.297,64.437,Delist candidate — worst capital-to-value ratio
84934,ASSTD DESIGN POP ART SLIM PEN,C,Z,CZ,586.5,687,10,4.621,0,3045,19364884.5,98.3,64.458,Delist candidate — worst capital-to-value ratio
23565,EGG CUP MILKMAID HELGA,C,Z,CZ,586.31,410,9,3.776,0,3046,19365470.81,98.303,64.479,Delist candidate — worst capital-to-value ratio
90195A,PURPLE GEMSTONE BRACELET,C,Z,CZ,585.2,70,25,2.362,0,3047,19366056.01,98.306,64.5,Delist candidate — worst capital-to-value ratio
84569C,PACK 4 FLOWER/BUTTERFLY PATCHES,C,Z,CZ,584.93,415,40,2.015,1,3048,19366640.94,98.309,64.522,Delist candidate — worst capital-to-value ratio
21016,LIGHT BIRD HOUSE TREE DECORATION,C,Z,CZ,584.55,836,21,3.207,0,3049,19367225.49,98.312,64.543,Delist candidate — worst capital-to-value ratio
23537,WALL ART I LOVE LONDON,C,Z,CZ,581.13,111,10,4.46,0,3050,19367806.62,98.315,64.564,Delist candidate — worst capital-to-value ratio
20935,ROUND CACTUS CANDLE,C,Z,CZ,580.38,302,25,3.637,0,3051,19368387.0,98.318,64.585,Delist candidate — worst capital-to-value ratio
90010B,BLACK/WHITE GLASS/SILVER BRACELET,C,Z,CZ,578.02,63,23,2.644,0,3052,19368965.02,98.321,64.606,Delist candidate — worst capital-to-value ratio
21419,CONCH SHELL,C,Z,CZ,577.69,1259,14,9.671,0,3053,19369542.71,98.324,64.627,Delist candidate — worst capital-to-value ratio
47421,ASSORTED COLOUR LIZARD SUCTION HOOK,C,Z,CZ,576.9,1473,52,1.943,1,3054,19370119.61,98.327,64.649,Delist candidate — worst capital-to-value ratio
35922,EASTER BUNNY WREATH,C,Z,CZ,575.99,97,23,2.853,0,3055,19370695.6,98.33,64.67,Delist candidate — worst capital-to-value ratio
23016,GLASS TWIST BON BON JAR,C,Z,CZ,575.25,74,15,3.055,0,3056,19371270.85,98.333,64.691,Delist candidate — worst capital-to-value ratio
23125,6PC WOOD PLATE SET DISPOSABLE,C,Z,CZ,574.88,459,17,6.97,0,3057,19371845.73,98.336,64.712,Delist candidate — worst capital-to-value ratio
84932D,SMALL ORIENTAL RED FOLDING STOOL,C,Z,CZ,574.71,239,11,4.485,0,3058,19372420.44,98.338,64.733,Delist candidate — worst capital-to-value ratio
85202,HANGING WOOD AND FELT HEART,C,Z,CZ,573.45,1216,73,1.894,1,3059,19372993.89,98.341,64.754,Delist candidate — worst capital-to-value ratio
17013D,ORIGAMI ROSE INCENSE IN TUBE,C,Z,CZ,572.4,1068,27,3.281,1,3060,19373566.29,98.344,64.776,Delist candidate — worst capital-to-value ratio
84846A,SCENTED CANDLE IN DIGITALIS TIN,C,Z,CZ,571.75,253,37,2.211,1,3061,19374138.04,98.347,64.797,Delist candidate — worst capital-to-value ratio
84675,FROG KING WATERING CAN,C,Z,CZ,571.71,206,30,3.271,1,3062,19374709.75,98.35,64.818,Delist candidate — worst capital-to-value ratio
84924A,WAKE UP COCKEREL CALENDAR SIGN,C,Z,CZ,571.0,133,39,1.914,1,3063,19375280.75,98.353,64.839,Delist candidate — worst capital-to-value ratio
16162L,THE KING GIFT BAG,C,Z,CZ,570.43,8101,25,6.604,0,3064,19375851.18,98.356,64.86,Delist candidate — worst capital-to-value ratio
85129A,"WHITE PEARL BEADED HEART, SMALL",C,Z,CZ,570.41,445,34,2.328,1,3065,19376421.59,98.359,64.881,Delist candidate — worst capital-to-value ratio
23455,SMALL PARLOUR PICTURE FRAME,C,Z,CZ,569.43,207,9,4.893,0,3066,19376991.02,98.362,64.903,Delist candidate — worst capital-to-value ratio
85086A,CANDY SPOT HEART DECORATION,C,Y,CY,568.73,587,56,1.409,1,3067,19377559.75,98.365,64.924,Low priority
23069,EDWARDIAN PHOTO FRAME,C,Z,CZ,568.71,90,21,2.334,0,3068,19378128.46,98.367,64.945,Delist candidate — worst capital-to-value ratio
23219,LAUREL STAR ANTIQUE SILVER,C,Z,CZ,568.6,430,17,2.834,0,3069,19378697.06,98.37,64.966,Delist candidate — worst capital-to-value ratio
84806B,WHITE CANDYSTUFT ARTIFICIAL FLOWER,C,Z,CZ,568.02,450,28,2.394,1,3070,19379265.08,98.373,64.987,Delist candidate — worst capital-to-value ratio
85230B,CINNAMON SCENTED VOTIVE CANDLE,C,Z,CZ,568.0,2144,46,1.574,1,3071,19379833.08,98.376,65.008,Delist candidate — worst capital-to-value ratio
23381,PACK OF 12 VINTAGE LEAF TISSUES,C,Z,CZ,567.95,1509,14,4.399,0,3072,19380401.03,98.379,65.03,Delist candidate — worst capital-to-value ratio
85119,WATERING CAN SINGLE HOOK PISTACHIO,C,Z,CZ,567.48,413,26,5.565,1,3073,19380968.51,98.382,65.051,Delist candidate — worst capital-to-value ratio
16169C,WRAP BLUE REINDEER,C,Z,CZ,567.0,1350,12,3.482,0,3074,19381535.51,98.385,65.072,Delist candidate — worst capital-to-value ratio
85169C,EAU DE NIL LOVE BIRD CANDLE,C,Z,CZ,566.82,505,46,3.392,1,3075,19382102.33,98.388,65.093,Delist candidate — worst capital-to-value ratio
20838,FRENCH LATTICE CUSHION COVER,C,Z,CZ,565.8,446,34,2.226,1,3076,19382668.13,98.391,65.114,Delist candidate — worst capital-to-value ratio
37444A,YELLOW BREAKFAST CUP AND SAUCER,C,Z,CZ,564.21,2711,35,6.887,1,3077,19383232.34,98.393,65.135,Delist candidate — worst capital-to-value ratio
23272,TREE T-LIGHT HOLDER WILLIE WINKIE,C,Z,CZ,562.22,364,18,3.009,0,3078,19383794.56,98.396,65.157,Delist candidate — worst capital-to-value ratio
37345,ASSTD HEARTS DESIGN MUGS,C,Z,CZ,561.05,321,5,8.872,0,3079,19384355.61,98.399,65.178,Delist candidate — worst capital-to-value ratio
84569B,PACK 3 FIRE ENGINE/CAR PATCHES,C,Z,CZ,560.93,436,41,2.132,1,3080,19384916.54,98.402,65.199,Delist candidate — worst capital-to-value ratio
84773,RED ROSE AND LACE C/COVER,C,Z,CZ,560.5,190,29,2.408,1,3081,19385477.04,98.405,65.22,Delist candidate — worst capital-to-value ratio
16049,TEATIME GEL PENS ASST,C,Z,CZ,560.48,3169,20,3.334,0,3082,19386037.52,98.408,65.241,Delist candidate — worst capital-to-value ratio
16238,PARTY TIME PENCIL ERASERS,C,Y,CY,559.96,2449,86,1.121,1,3083,19386597.48,98.41,65.262,Low priority
85090,CANDY SPOT APRON,C,Z,CZ,559.28,106,28,2.534,1,3084,19387156.76,98.413,65.284,Delist candidate — worst capital-to-value ratio
21160,KEEP OUT GIRLS DOOR HANGER,C,Z,CZ,558.94,795,28,6.155,1,3085,19387715.7,98.416,65.305,Delist candidate — worst capital-to-value ratio
23451,SQUARE MINI PORTRAIT FRAME,C,Z,CZ,558.12,278,9,3.693,0,3086,19388273.82,98.419,65.326,Delist candidate — worst capital-to-value ratio
84306,S/3 PINK SQUARE PLANTERS ROSES,C,Z,CZ,557.48,48,19,2.652,0,3087,19388831.3,98.422,65.347,Delist candidate — worst capital-to-value ratio
21371,MIRRORED WALL ART POPPIES,C,Z,CZ,556.01,404,44,2.393,1,3088,19389387.31,98.425,65.368,Delist candidate — worst capital-to-value ratio
23074,EMBOSSED HEART TRINKET BOX,C,Z,CZ,555.59,250,14,3.191,0,3089,19389942.9,98.427,65.39,Delist candidate — worst capital-to-value ratio
20823,GOLD WINE GOBLET,C,Z,CZ,555.47,261,13,4.689,0,3090,19390498.37,98.43,65.411,Delist candidate — worst capital-to-value ratio
21881,CUTE CATS TAPE,C,Z,CZ,554.95,1332,59,2.939,1,3091,19391053.32,98.433,65.432,Delist candidate — worst capital-to-value ratio
23457,LARGE PARLOUR PICTURE FRAME,C,Z,CZ,554.83,113,9,4.096,0,3092,19391608.15,98.436,65.453,Delist candidate — worst capital-to-value ratio
90120D,WHITE MURANO TWIST BRACELET,C,Z,CZ,554.13,134,28,2.814,1,3093,19392162.28,98.439,65.474,Delist candidate — worst capital-to-value ratio
23473,WOODLAND SMALL RED FELT HEART,C,Z,CZ,552.85,679,8,4.108,0,3094,19392715.13,98.442,65.495,Delist candidate — worst capital-to-value ratio
84859C,PINK DISCO HANDBAG,C,Z,CZ,552.72,304,26,3.975,1,3095,19393267.85,98.444,65.517,Delist candidate — worst capital-to-value ratio
84805B,BLUE CLIMBING HYDRANGA ART FLOWER,C,Z,CZ,551.4,340,8,5.017,0,3096,19393819.25,98.447,65.538,Delist candidate — worst capital-to-value ratio
22044,CHRISTMAS CARD STACK OF PRESENTS,C,Z,CZ,550.28,1940,27,2.518,1,3097,19394369.53,98.45,65.559,Delist candidate — worst capital-to-value ratio
22394,PAPERWEIGHT KINGS CHOICE,C,Z,CZ,549.39,348,38,2.763,1,3098,19394918.92,98.453,65.58,Delist candidate — worst capital-to-value ratio
90203,SILVER CHARM NECKLACE 70CM,C,Z,CZ,549.27,73,22,2.575,0,3099,19395468.19,98.455,65.601,Delist candidate — worst capital-to-value ratio
21373,MIRRORED WALL ART SNOWFLAKES,C,Z,CZ,548.89,636,31,2.238,1,3100,19396017.08,98.458,65.622,Delist candidate — worst capital-to-value ratio
85071D,CHARLIE+LOLA MY ROOM DOOR SIGN,C,Z,CZ,548.86,884,51,3.624,1,3101,19396565.94,98.461,65.644,Delist candidate — worst capital-to-value ratio
85091,CANDY SPOT BREAD BASKETS,C,Z,CZ,548.81,343,13,8.561,0,3102,19397114.75,98.464,65.665,Delist candidate — worst capital-to-value ratio
23549,WRAP BIRD GARDEN,C,Z,CZ,548.1,1305,19,2.614,0,3103,19397662.85,98.467,65.686,Delist candidate — worst capital-to-value ratio
20888,SET 3 JARDIN DE FEMME SCENT CANDLES,C,Z,CZ,547.74,367,11,7.396,0,3104,19398210.59,98.469,65.707,Delist candidate — worst capital-to-value ratio
85030,FRENCH CHATEAU OVAL PLATTER,C,Z,CZ,547.35,213,17,5.118,0,3105,19398757.94,98.472,65.728,Delist candidate — worst capital-to-value ratio
23484,HEART TRELLIS TRIPLE T-LIGHT HOLDER,C,Z,CZ,547.35,185,11,3.786,0,3106,19399305.29,98.475,65.749,Delist candidate — worst capital-to-value ratio
90058B,CRYSTAL STUD EARRINGS ASSORTED COL,C,Z,CZ,547.24,1118,22,2.451,0,3107,19399852.53,98.478,65.771,Delist candidate — worst capital-to-value ratio
21311,SET/4 BIRD MIRROR MAGNETS,C,Z,CZ,547.21,727,52,2.756,1,3108,19400399.74,98.481,65.792,Delist candidate — worst capital-to-value ratio
72267,PREMIUM CHURCH CANDLE,C,Z,CZ,546.96,273,9,5.143,0,3109,19400946.7,98.483,65.813,Delist candidate — worst capital-to-value ratio
35969,FOLKART CROWN TABLE DECORATIONS,C,Z,CZ,545.77,525,32,2.78,1,3110,19401492.47,98.486,65.834,Delist candidate — worst capital-to-value ratio
21339,MARAKESH LANTERN LARGE,C,Z,CZ,544.5,30,10,4.501,0,3111,19402036.97,98.489,65.855,Delist candidate — worst capital-to-value ratio
20943,SET/6 GINGERBREAD STAR T-LIGHTS,C,Z,CZ,543.96,384,21,2.72,0,3112,19402580.93,98.492,65.876,Delist candidate — worst capital-to-value ratio
23043,PAPER LANTERN 9 POINT HOLLY STAR L,C,Z,CZ,543.51,81,13,3.273,0,3113,19403124.44,98.494,65.898,Delist candidate — worst capital-to-value ratio
84596K,JELLY BABIES YELLOW SMALL BOWL,C,Z,CZ,543.41,428,36,2.893,1,3114,19403667.85,98.497,65.919,Delist candidate — worst capital-to-value ratio
84510C,SET OF 4 POLKADOT COASTERS,C,Y,CY,542.95,332,73,1.365,1,3115,19404210.8,98.5,65.94,Low priority
84592,CROCHET ROSE PURSE WITH SUEDE BACK,C,Z,CZ,542.3,175,38,1.76,1,3116,19404753.1,98.503,65.961,Delist candidate — worst capital-to-value ratio
47021G,SET/6 BEAD COASTERS GAUZE BAG GOLD,C,Z,CZ,541.96,713,42,4.467,1,3117,19405295.06,98.505,65.982,Delist candidate — worst capital-to-value ratio
84984B,RED PEONY CUSHION COVER,C,Z,CZ,541.3,322,13,6.462,0,3118,19405836.36,98.508,66.003,Delist candidate — worst capital-to-value ratio
23398,HANGING HEART BONHEUR,C,Z,CZ,538.75,610,15,2.852,0,3119,19406375.11,98.511,66.025,Delist candidate — worst capital-to-value ratio
20659,ECONOMY LUGGAGE TAG,C,Y,CY,538.51,373,68,1.26,1,3120,19406913.62,98.514,66.046,Low priority
85027L,FRENCH CHATEAU LARGE PLATTER,C,Z,CZ,538.5,190,25,3.157,0,3121,19407452.12,98.516,66.067,Delist candidate — worst capital-to-value ratio
21017,RED BIRD HOUSE TREE DECORATION,C,Z,CZ,538.44,662,24,3.795,0,3122,19407990.56,98.519,66.088,Delist candidate — worst capital-to-value ratio
84804B,BLUE DELPHINIUM ARTIFICIAL FLOWER,C,Z,CZ,537.37,367,14,4.168,0,3123,19408527.93,98.522,66.109,Delist candidate — worst capital-to-value ratio
16048,TEATIME ROUND PENCIL SHARPENER,C,Z,CZ,537.18,3462,58,2.883,1,3124,19409065.11,98.525,66.13,Delist candidate — worst capital-to-value ratio
21418,STARFISH SOAP DISH,C,Z,CZ,536.39,195,50,2.005,1,3125,19409601.5,98.527,66.152,Delist candidate — worst capital-to-value ratio
84414B,FUSCHIA/GREEN STRIPE WOOLLY BLANKET,C,Z,CZ,536.24,78,6,6.796,0,3126,19410137.74,98.53,66.173,Delist candidate — worst capital-to-value ratio
84661B,BLACK SQUARE TABLE CLOCK,C,Z,CZ,535.18,244,37,2.721,1,3127,19410672.92,98.533,66.194,Delist candidate — worst capital-to-value ratio
23660,HENRIETTA HEN MUG,C,Z,CZ,534.66,306,7,4.174,0,3128,19411207.58,98.535,66.215,Delist candidate — worst capital-to-value ratio
85142,JARDIN ETCHED GLASS GINGER JAR,C,Z,CZ,534.38,61,23,2.498,0,3129,19411741.96,98.538,66.236,Delist candidate — worst capital-to-value ratio
16169P,WRAP GREEN RUSSIAN FOLKART,C,Z,CZ,533.75,1750,31,3.535,1,3130,19412275.71,98.541,66.257,Delist candidate — worst capital-to-value ratio
85020,ROUND PINK HEART MIRROR,C,Z,CZ,533.48,240,42,2.419,1,3131,19412809.19,98.544,66.279,Delist candidate — worst capital-to-value ratio
21734,SMALL MARAKESH LANTERN ON STICK,C,Z,CZ,533.24,98,12,3.64,0,3132,19413342.43,98.546,66.3,Delist candidate — worst capital-to-value ratio
90195B,BLACK GEMSTONE BRACELET,C,Z,CZ,532.29,60,18,3.555,0,3133,19413874.72,98.549,66.321,Delist candidate — worst capital-to-value ratio
23139,SINGLE WIRE HOOK PINK HEART,C,Z,CZ,530.15,415,22,6.178,0,3134,19414404.87,98.552,66.342,Delist candidate — worst capital-to-value ratio
84799,SPRIG LAVENDER ARTIFICIAL FLOWER,C,Z,CZ,530.03,679,25,2.473,0,3135,19414934.9,98.554,66.363,Delist candidate — worst capital-to-value ratio
90160D,PINK BOUDICCA LARGE BRACELET,C,Z,CZ,529.22,76,23,2.583,0,3136,19415464.12,98.557,66.384,Delist candidate — worst capital-to-value ratio
21943,CAKES AND RABBITS DESIGN FLANNEL,C,Z,CZ,529.16,591,66,1.831,1,3137,19415993.28,98.56,66.406,Delist candidate — worst capital-to-value ratio
71270,PHOTO CLIP LINE,C,Z,CZ,529.15,373,57,1.881,1,3138,19416522.43,98.562,66.427,Delist candidate — worst capital-to-value ratio
20653,CHERRY BLOSSOM LUGGAGE TAG,C,Z,CZ,528.77,2004,46,9.108,1,3139,19417051.2,98.565,66.448,Delist candidate — worst capital-to-value ratio
16202B,PASTEL BLUE PHOTO ALBUM,C,Z,CZ,528.56,1039,20,6.111,0,3140,19417579.76,98.568,66.469,Delist candidate — worst capital-to-value ratio
23060,HEART BEADED TRELLIS DECORATION,C,Z,CZ,528.17,249,22,2.583,0,3141,19418107.93,98.57,66.49,Delist candidate — worst capital-to-value ratio
90175D,TIGRIS EYE CHUNKY CHARM BRACELET,C,Z,CZ,527.82,58,34,1.874,1,3142,19418635.75,98.573,66.511,Delist candidate — worst capital-to-value ratio
21336,GOLD WASHBAG,C,Z,CZ,527.56,1823,28,6.775,1,3143,19419163.31,98.576,66.533,Delist candidate — worst capital-to-value ratio
85179A,GREEN BITTY LIGHT CHAIN,C,Z,CZ,527.5,220,27,3.177,1,3144,19419690.81,98.578,66.554,Delist candidate — worst capital-to-value ratio
84931A,PINK SCOTTIE DOG W FLOWER PATTERN,C,Z,CZ,526.44,209,51,1.713,1,3145,19420217.25,98.581,66.575,Delist candidate — worst capital-to-value ratio
84989B,75 BLACK FAIRY CAKE CASES,C,Z,CZ,523.5,1020,28,2.944,1,3146,19420740.75,98.584,66.596,Delist candidate — worst capital-to-value ratio
84657,GREEN ROSE CUSHION COVER,C,Z,CZ,523.43,247,8,5.914,0,3147,19421264.18,98.586,66.617,Delist candidate — worst capital-to-value ratio
85226C,BLUE PULL BACK RACING CAR,C,Z,CZ,523.41,991,35,5.074,1,3148,19421787.59,98.589,66.638,Delist candidate — worst capital-to-value ratio
72728,ROSE SCENT CANDLES IN GLASS,C,Z,CZ,523.15,643,23,3.327,0,3149,19422310.74,98.592,66.66,Delist candidate — worst capital-to-value ratio
21403,BLUE EGG  SPOON,C,Z,CZ,523.07,2319,76,1.609,1,3150,19422833.81,98.594,66.681,Delist candidate — worst capital-to-value ratio
22861,EASTER TIN CHICKS IN GARDEN,C,Z,CZ,522.93,305,15,3.084,0,3151,19423356.74,98.597,66.702,Delist candidate — worst capital-to-value ratio
22407,MONEY BOX FIRST ADE DESIGN,C,Z,CZ,522.37,439,48,2.363,1,3152,19423879.11,98.6,66.723,Delist candidate — worst capital-to-value ratio
23336,EGG FRYING PAN PINK,C,Z,CZ,521.33,226,25,2.628,0,3153,19424400.44,98.602,66.744,Delist candidate — worst capital-to-value ratio
21459,YELLOW EASTER EGG HUNT START POST,C,Z,CZ,520.55,263,24,3.376,0,3154,19424920.99,98.605,66.765,Delist candidate — worst capital-to-value ratio
84683,CLASSICAL ROSE CANDLESTAND,C,Z,CZ,519.35,539,33,2.828,1,3155,19425440.34,98.608,66.787,Delist candidate — worst capital-to-value ratio
20793,BLUE TILED TRAY,C,Z,CZ,518.5,281,20,8.663,0,3156,19425958.84,98.61,66.808,Delist candidate — worst capital-to-value ratio
35004S,SET OF 3 SILVER FLYING DUCKS,C,Z,CZ,518.4,146,4,6.606,0,3157,19426477.24,98.613,66.829,Delist candidate — worst capital-to-value ratio
20868,SILVER FABRIC MIRROR,C,Z,CZ,518.07,882,42,3.549,1,3158,19426995.31,98.616,66.85,Delist candidate — worst capital-to-value ratio
85039C,S/4 BLACK MINI ROSE CANDLE IN BOWL,C,Z,CZ,517.96,537,62,2.716,1,3159,19427513.27,98.618,66.871,Delist candidate — worst capital-to-value ratio
35810B,ENAMEL BLUE RIM COFFEE CONTAINER,C,Z,CZ,517.71,325,39,1.995,1,3160,19428030.98,98.621,66.892,Delist candidate — worst capital-to-value ratio
84762A,WHITE PICNIC BARBECUE BUCKET,C,Z,CZ,517.43,59,15,3.871,0,3161,19428548.41,98.623,66.914,Delist candidate — worst capital-to-value ratio
71143,SILVER BOOK MARK WITH BEADS,C,Z,CZ,514.45,349,43,2.289,1,3162,19429062.86,98.626,66.935,Delist candidate — worst capital-to-value ratio
90114,SUMMER DAISIES BAG CHARM,C,Z,CZ,514.18,205,51,2.425,1,3163,19429577.04,98.629,66.956,Delist candidate — worst capital-to-value ratio
85129C,BEADED CRYSTAL HEART BLUE SMALL,C,Z,CZ,513.98,393,43,2.066,1,3164,19430091.02,98.631,66.977,Delist candidate — worst capital-to-value ratio
46118,FUNKY MONKEY CUSHION COVER,C,Z,CZ,513.58,373,43,2.017,1,3165,19430604.6,98.634,66.998,Delist candidate — worst capital-to-value ratio
16168M,FUNKY MONKEY GIFT BAG MEDIUM,C,Z,CZ,512.38,1686,64,3.701,1,3166,19431116.98,98.636,67.019,Delist candidate — worst capital-to-value ratio
23136,IVORY WIRE SWEETHEART LETTER TRAY,C,Z,CZ,511.89,135,22,2.512,0,3167,19431628.87,98.639,67.041,Delist candidate — worst capital-to-value ratio
84875B,GREEN SQUARE COMPACT MIRROR,C,Z,CZ,511.01,373,20,5.491,0,3168,19432139.88,98.642,67.062,Delist candidate — worst capital-to-value ratio
84782C,GREEN 3 TIER GLASS PLATE STAND,C,Z,CZ,509.9,74,15,3.696,0,3169,19432649.78,98.644,67.083,Delist candidate — worst capital-to-value ratio
21117,BLOND DOLL DOORSTOP,C,Z,CZ,509.58,334,24,3.238,0,3170,19433159.36,98.647,67.104,Delist candidate — worst capital-to-value ratio
20753,RETRO PINK SPOT WASHING UP GLOVES,C,Z,CZ,509.0,218,7,6.015,0,3171,19433668.36,98.649,67.125,Delist candidate — worst capital-to-value ratio
84247L,FAWN AND MUSHROOM GREETING CARD,C,Z,CZ,508.29,1161,41,1.679,1,3172,19434176.65,98.652,67.146,Delist candidate — worst capital-to-value ratio
20654,FIRST CLASS LUGGAGE TAG,C,Y,CY,507.91,400,65,1.483,1,3173,19434684.56,98.655,67.168,Low priority
84218,BOX/12 CHICK & EGG IN BASKET,C,Z,CZ,507.41,263,21,3.353,0,3174,19435191.97,98.657,67.189,Delist candidate — worst capital-to-value ratio
85169B,BLACK LOVE BIRD CANDLE,C,Z,CZ,505.41,430,50,2.387,1,3175,19435697.38,98.66,67.21,Delist candidate — worst capital-to-value ratio
23021,GLASS BONNE JAM JAR,C,Z,CZ,504.97,121,16,3.169,0,3176,19436202.35,98.662,67.231,Delist candidate — worst capital-to-value ratio
37352,BIRD IN TREE MUG,C,Z,CZ,504.55,4643,7,10.072,0,3177,19436706.9,98.665,67.252,Delist candidate — worst capital-to-value ratio
84877B,GREEN ROUND COMPACT MIRROR,C,Z,CZ,504.43,291,31,2.587,1,3178,19437211.33,98.667,67.273,Delist candidate — worst capital-to-value ratio
22541,MINI JIGSAW LEAP FROG,C,Z,CZ,504.34,1246,46,3.039,1,3179,19437715.67,98.67,67.295,Delist candidate — worst capital-to-value ratio
20845,ZINC HEART LATTICE 2 WALL PLANTER,C,Z,CZ,502.27,76,18,3.541,0,3180,19438217.94,98.672,67.316,Delist candidate — worst capital-to-value ratio
23560,SET OF 6 RIBBONS COUNTRY STYLE,C,Z,CZ,502.07,173,3,7.005,0,3181,19438720.01,98.675,67.337,Delist candidate — worst capital-to-value ratio
79337,BLUE FLOCK GLASS CANDLEHOLDER,C,Z,CZ,502.03,1194,19,3.922,0,3182,19439222.04,98.678,67.358,Delist candidate — worst capital-to-value ratio
90014A,SILVER/MOP ORBIT NECKLACE,C,Z,CZ,502.01,55,34,2.013,1,3183,19439724.05,98.68,67.379,Delist candidate — worst capital-to-value ratio
90010E,AMBER GLASS/SILVER BRACELET,C,Z,CZ,501.65,56,29,2.123,1,3184,19440225.7,98.683,67.401,Delist candidate — worst capital-to-value ratio
23117,POPPY FIELDS CHOPPING BOARD,C,Z,CZ,501.23,93,11,3.38,0,3185,19440726.93,98.685,67.422,Delist candidate — worst capital-to-value ratio
20865,PATCHWORK PENCIL CASE BUTTERFLY,C,Z,CZ,500.49,251,18,4.566,0,3186,19441227.42,98.688,67.443,Delist candidate — worst capital-to-value ratio
84706D,CHERRY BLOSSOM TABLE CLOCK,C,Z,CZ,500.19,219,14,3.462,0,3187,19441727.61,98.69,67.464,Delist candidate — worst capital-to-value ratio
16219,HOUSE SHAPE PENCIL SHARPENER,C,Z,CZ,499.55,3357,61,2.617,1,3188,19442227.16,98.693,67.485,Delist candidate — worst capital-to-value ratio
21882,SKULLS TAPE,C,Z,CZ,499.44,1052,63,2.899,1,3189,19442726.6,98.695,67.506,Delist candidate — worst capital-to-value ratio
35471A,SET OF 3 BIRD L.BLUE FEATHER,C,Z,CZ,499.31,421,32,3.5,1,3190,19443225.91,98.698,67.528,Delist candidate — worst capital-to-value ratio
20864,DENIM PATCH PENCIL CASE BUTTERFLY,C,Z,CZ,498.14,252,18,4.466,0,3191,19443724.05,98.7,67.549,Delist candidate — worst capital-to-value ratio
23466,TUSCAN VILLA DOVECOTE BIRD FEEDER,C,Z,CZ,498.03,55,9,3.853,0,3192,19444222.08,98.703,67.57,Delist candidate — worst capital-to-value ratio
23045,PAPER LANTERN 5 POINT STAR MOON,C,Z,CZ,497.98,118,16,3.713,0,3193,19444720.06,98.706,67.591,Delist candidate — worst capital-to-value ratio
35600D,PINK AND WHITE CHRISTMAS TREE 180CM,C,Z,CZ,497.7,141,9,4.418,0,3194,19445217.76,98.708,67.612,Delist candidate — worst capital-to-value ratio
85230A,OPIUM SCENTED VOTIVE CANDLE,C,Z,CZ,497.04,1992,37,2.131,1,3195,19445714.8,98.711,67.633,Delist candidate — worst capital-to-value ratio
22031,BOTANICAL LAVENDER BIRTHDAY CARD,C,Y,CY,493.99,1125,67,1.168,1,3196,19446208.79,98.713,67.655,Low priority
84798B,PURPLE FOXGLOVE ARTIIFCIAL FLOWER,C,Z,CZ,492.9,326,9,6.313,0,3197,19446701.69,98.716,67.676,Delist candidate — worst capital-to-value ratio
16239,BALLERINA HEART DECORATION.,C,Z,CZ,492.17,347,9,8.621,0,3198,19447193.86,98.718,67.697,Delist candidate — worst capital-to-value ratio
90160B,RED BOUDICCA LARGE BRACELET,C,Z,CZ,490.92,71,25,2.666,0,3199,19447684.78,98.721,67.718,Delist candidate — worst capital-to-value ratio
84876B,GREEN HEART COMPACT MIRROR,C,Z,CZ,490.81,346,27,2.717,1,3200,19448175.59,98.723,67.739,Delist candidate — worst capital-to-value ratio
84827,ASS DES PHONE SPONGE CRAFT STICKER,C,Z,CZ,489.79,1027,23,2.783,0,3201,19448665.38,98.726,67.76,Delist candidate — worst capital-to-value ratio
35967,FOLK ART METAL STAR T-LIGHT HOLDER,C,Z,CZ,488.51,936,50,1.538,1,3202,19449153.89,98.728,67.782,Delist candidate — worst capital-to-value ratio
21663,VINTAGE GLASS SUGAR CADDY,C,Z,CZ,488.16,76,15,3.359,0,3203,19449642.05,98.73,67.803,Delist candidate — worst capital-to-value ratio
51020B,STRIPY DESIGN SHOWER CAP,C,Z,CZ,488.12,1084,41,3.106,1,3204,19450130.17,98.733,67.824,Delist candidate — worst capital-to-value ratio
22259,FELT FARM ANIMAL HEN,C,Z,CZ,485.45,592,26,4.044,1,3205,19450615.62,98.735,67.845,Delist candidate — worst capital-to-value ratio
84875D,BLUE SQUARE COMPACT MIRROR,C,Z,CZ,483.75,371,16,5.514,0,3206,19451099.37,98.738,67.866,Delist candidate — worst capital-to-value ratio
23218,LAUREL STAR ANTIQUE GOLD,C,Z,CZ,483.03,379,14,3.746,0,3207,19451582.4,98.74,67.887,Delist candidate — worst capital-to-value ratio
84901,BLACK FACE LAMB WITH PANTS,C,Z,CZ,482.38,126,35,2.034,1,3208,19452064.78,98.743,67.909,Delist candidate — worst capital-to-value ratio
84926E,FLOWERS TILE COASTER,C,Z,CZ,482.28,1108,34,2.722,1,3209,19452547.06,98.745,67.93,Delist candidate — worst capital-to-value ratio
23691,WRAP KEEP CALM BIRTHDAY,C,Z,CZ,481.5,1175,6,4.56,0,3210,19453028.56,98.748,67.951,Delist candidate — worst capital-to-value ratio
22038,BOTANICAL LAVENDER GIFT WRAP,C,Z,CZ,481.0,1150,38,1.53,1,3211,19453509.56,98.75,67.972,Delist candidate — worst capital-to-value ratio
21132,SILVER STANDING GNOME,C,Z,CZ,480.86,94,35,2.084,1,3212,19453990.42,98.753,67.993,Delist candidate — worst capital-to-value ratio
16244A,MAXWELL 2 TONE PINK 60 PAGE PHOTO A,C,Z,CZ,479.41,186,12,5.538,0,3213,19454469.83,98.755,68.014,Delist candidate — worst capital-to-value ratio
21536,DAIRY MAID  SMALL  MILK JUG,C,Z,CZ,478.94,223,14,3.873,0,3214,19454948.77,98.757,68.036,Delist candidate — worst capital-to-value ratio
23422,PANTRY HOOK BALLOON WHISK,C,Z,CZ,477.89,213,13,3.524,0,3215,19455426.66,98.76,68.057,Delist candidate — worst capital-to-value ratio
37492C,GREEN BLUE FLOWER PIGGY BANK,C,Z,CZ,477.3,242,15,5.145,0,3216,19455903.96,98.762,68.078,Delist candidate — worst capital-to-value ratio
72750C,"F.FAIRY S/3 CANDLE/GLASS, ROSE",C,Z,CZ,476.4,232,10,4.601,0,3217,19456380.36,98.765,68.099,Delist candidate — worst capital-to-value ratio
23561,SET OF 6 RIBBONS PARTY,C,Z,CZ,476.0,170,3,7.472,0,3218,19456856.36,98.767,68.12,Delist candidate — worst capital-to-value ratio
85170B,SET/6 BLACK BIRD T-LIGHT CANDLES,C,Z,CZ,475.91,283,41,3.345,1,3219,19457332.27,98.77,68.141,Delist candidate — worst capital-to-value ratio
85109,PINK BOUDOIR T-LIGHT HOLDER,C,Z,CZ,475.43,4211,16,6.355,0,3220,19457807.7,98.772,68.163,Delist candidate — worst capital-to-value ratio
47422,ASSORTED MONKEY SUCTION CUP HOOK,C,Z,CZ,475.14,1217,49,2.174,1,3221,19458282.84,98.774,68.184,Delist candidate — worst capital-to-value ratio
84809A,WHITE CHRYSANTHEMUMS ART FLOWER,C,Z,CZ,474.84,276,19,3.338,0,3222,19458757.68,98.777,68.205,Delist candidate — worst capital-to-value ratio
21518,BANK ACCOUNT  GREETING  CARD,C,Y,CY,474.32,1119,56,1.46,1,3223,19459232.0,98.779,68.226,Low priority
85136B,BLUE SHARK HELICOPTER,C,Z,CZ,473.77,59,28,2.454,1,3224,19459705.77,98.782,68.247,Delist candidate — worst capital-to-value ratio
40046A,RED DAISY PAPER LAMPSHADE,C,Z,CZ,472.07,355,38,2.249,1,3225,19460177.84,98.784,68.268,Delist candidate — worst capital-to-value ratio
20662,FIRST CLASS HOLIDAY PURSE,C,Z,CZ,471.33,728,33,5.91,1,3226,19460649.17,98.786,68.29,Delist candidate — worst capital-to-value ratio
90192,JADE DROP EARRINGS W FILIGREE,C,Z,CZ,469.18,94,36,1.895,1,3227,19461118.35,98.789,68.311,Delist candidate — worst capital-to-value ratio
84948,SILVER HANGING T-LIGHT HOLDER DOME,C,Z,CZ,469.11,279,13,3.856,0,3228,19461587.46,98.791,68.332,Delist candidate — worst capital-to-value ratio
79071B,ENGLISH ROSE METAL WASTE BIN,C,Z,CZ,469.1,154,38,2.332,1,3229,19462056.56,98.794,68.353,Delist candidate — worst capital-to-value ratio
85211,S/4 GROOVY CAT MAGNETS,C,Z,CZ,469.05,307,47,2.628,1,3230,19462525.61,98.796,68.374,Delist candidate — worst capital-to-value ratio
35911A,MULTICOLOUR RABBIT EGG WARMER,C,Z,CZ,468.79,389,44,2.319,1,3231,19462994.4,98.798,68.395,Delist candidate — worst capital-to-value ratio
72799B,PURPLE PILLAR CANDLE BLACK FLOCK,C,Z,CZ,467.71,322,4,8.581,0,3232,19463462.11,98.801,68.417,Delist candidate — worst capital-to-value ratio
72225C,LAVENDER SCENT CAKE CANDLE,C,Z,CZ,466.38,1926,33,3.683,1,3233,19463928.49,98.803,68.438,Delist candidate — worst capital-to-value ratio
23379,PACK OF 12 RED APPLE TISSUES,C,Z,CZ,465.36,1220,14,4.8,0,3234,19464393.85,98.805,68.459,Delist candidate — worst capital-to-value ratio
51020A,SUMMER FUN DESIGN SHOWER CAP,C,Z,CZ,464.56,1304,38,3.301,1,3235,19464858.41,98.808,68.48,Delist candidate — worst capital-to-value ratio
72132,COLUMBIAN CUBE CANDLE,C,Z,CZ,464.1,550,20,4.528,0,3236,19465322.51,98.81,68.501,Delist candidate — worst capital-to-value ratio
90120C,GREEN MURANO TWIST BRACELET,C,Z,CZ,462.32,109,40,1.797,1,3237,19465784.83,98.812,68.522,Delist candidate — worst capital-to-value ratio
84972L,GIANT PINK HEART MEMO HOLDER,C,Z,CZ,462.15,117,11,3.242,0,3238,19466246.98,98.815,68.544,Delist candidate — worst capital-to-value ratio
84984A,GREEN PEONY CUSHION COVER,C,Z,CZ,462.12,266,14,5.935,0,3239,19466709.1,98.817,68.565,Delist candidate — worst capital-to-value ratio
85204,HANGING WOOD AND FELT FLOWER,C,Z,CZ,461.92,2359,77,3.095,1,3240,19467171.02,98.819,68.586,Delist candidate — worst capital-to-value ratio
72789,BASKET/8 SCENTED LOVE TOKEN CANDLES,C,Z,CZ,461.53,122,22,3.01,0,3241,19467632.55,98.822,68.607,Delist candidate — worst capital-to-value ratio
84915,HAND TOWEL PINK FLOWER AND DAISY,C,Z,CZ,459.56,234,28,4.953,1,3242,19468092.11,98.824,68.628,Delist candidate — worst capital-to-value ratio
16207B,PINK HEART RED HANDBAG,C,Z,CZ,457.65,265,20,5.214,0,3243,19468549.76,98.826,68.649,Delist candidate — worst capital-to-value ratio
23023,RIDGED BONNE JAM JAR T-LIGHT HOLDER,C,Z,CZ,457.62,286,15,3.078,0,3244,19469007.38,98.829,68.671,Delist candidate — worst capital-to-value ratio
90145,SILVER HOOP EARRINGS WITH FLOWER,C,Z,CZ,455.86,75,38,1.746,1,3245,19469463.24,98.831,68.692,Delist candidate — worst capital-to-value ratio
90201B,BLACK ENAMEL FLOWER RING,C,Z,CZ,454.31,154,46,1.944,1,3246,19469917.55,98.833,68.713,Delist candidate — worst capital-to-value ratio
21757,LIGHTHOUSE PRINTED METAL SIGN,C,Z,CZ,454.3,80,20,2.545,0,3247,19470371.85,98.836,68.734,Delist candidate — worst capital-to-value ratio
20621,ECONOMY PASSPORT COVER,C,Z,CZ,453.77,208,20,5.217,0,3248,19470825.62,98.838,68.755,Delist candidate — worst capital-to-value ratio
84508B,STRIPES DESIGN TEDDY,C,Z,CZ,453.76,169,56,1.505,1,3249,19471279.38,98.84,68.776,Delist candidate — worst capital-to-value ratio
23509,MINI PLAYING CARDS FUN FAIR,C,Z,CZ,452.72,1065,12,5.873,0,3250,19471732.1,98.843,68.798,Delist candidate — worst capital-to-value ratio
23548,WRAP MAGIC FOREST,C,Z,CZ,451.5,1075,18,2.611,0,3251,19472183.6,98.845,68.819,Delist candidate — worst capital-to-value ratio
90120B,BLUE MURANO TWIST BRACELET,C,Z,CZ,451.44,107,32,2.305,1,3252,19472635.04,98.847,68.84,Delist candidate — worst capital-to-value ratio
82081,PINK HEARTS PHOTO ALBUM,C,Z,CZ,451.35,174,10,3.736,0,3253,19473086.39,98.849,68.861,Delist candidate — worst capital-to-value ratio
84597C,RETRO PINK BALL ASHTRAY,C,Z,CZ,450.98,364,30,2.497,1,3254,19473537.37,98.852,68.882,Delist candidate — worst capital-to-value ratio
17164D,ASS COL SMALL SAND FROG P'WEIGHT,C,Z,CZ,450.78,1159,11,4.268,0,3255,19473988.15,98.854,68.903,Delist candidate — worst capital-to-value ratio
72127,COLUMBIAN CANDLE ROUND,C,Z,CZ,449.69,369,44,2.326,1,3256,19474437.84,98.856,68.925,Delist candidate — worst capital-to-value ratio
20616,CHERRY BLOSSOM PASSPORT COVER,C,Z,CZ,449.26,283,63,2.113,1,3257,19474887.1,98.859,68.946,Delist candidate — worst capital-to-value ratio
16218,CARTOON  PENCIL SHARPENERS,C,Z,CZ,448.13,4629,52,2.016,1,3258,19475335.23,98.861,68.967,Delist candidate — worst capital-to-value ratio
72128,COLUMBIAN CANDLE ROUND,C,Z,CZ,447.34,720,57,2.955,1,3259,19475782.57,98.863,68.988,Delist candidate — worst capital-to-value ratio
90198B,VINTAGE ROSE BEAD BRACELET BLACK,C,Z,CZ,446.15,105,36,1.959,1,3260,19476228.72,98.865,69.009,Delist candidate — worst capital-to-value ratio
84857C,PINK MONTE CARLO HANDBAG,C,Z,CZ,445.03,197,13,4.396,0,3261,19476673.75,98.868,69.03,Delist candidate — worst capital-to-value ratio
90010A,MIDNIGHT BLUE GLASS/SILVER BRACELET,C,Z,CZ,443.85,49,25,2.928,0,3262,19477117.6,98.87,69.052,Delist candidate — worst capital-to-value ratio
62096B,PURPLE/TURQ FLOWERS HANDBAG,C,Z,CZ,441.99,257,33,2.376,1,3263,19477559.59,98.872,69.073,Delist candidate — worst capital-to-value ratio
16243B,BROWN COZY SQUARE PHOTO ALBUM,C,Z,CZ,441.77,212,5,9.812,0,3264,19478001.36,98.874,69.094,Delist candidate — worst capital-to-value ratio
21027,NINJA RABBIT PINK,C,Z,CZ,441.11,361,41,1.71,1,3265,19478442.47,98.877,69.115,Delist candidate — worst capital-to-value ratio
90154,LAZER CUT NECKLACE W PASTEL BEADS,C,Z,CZ,439.65,59,7,8.947,0,3266,19478882.12,98.879,69.136,Delist candidate — worst capital-to-value ratio
16161M,WRAP  PINK FLOCK,C,Z,CZ,439.0,1050,30,1.768,1,3267,19479321.12,98.881,69.157,Delist candidate — worst capital-to-value ratio
79030A,"TUMBLER, ENGLISH ROSE",C,Z,CZ,438.25,171,12,3.339,0,3268,19479759.37,98.883,69.179,Delist candidate — worst capital-to-value ratio
23044,PAPER LANTERN 9 POINT HOLLY STAR S,C,Z,CZ,435.74,104,17,3.085,0,3269,19480195.11,98.886,69.2,Delist candidate — worst capital-to-value ratio
84859B,BLUE DISCO HANDBAG,C,Z,CZ,435.41,283,15,7.239,0,3270,19480630.52,98.888,69.221,Delist candidate — worst capital-to-value ratio
84510F,SET OF 4 NEW ENGLAND COASTERS,C,Z,CZ,435.25,1101,25,9.212,0,3271,19481065.77,98.89,69.242,Delist candidate — worst capital-to-value ratio
90013A,MIDNIGHT BLUE VINTAGE EARRINGS,C,Y,CY,434.27,115,53,1.44,1,3272,19481500.04,98.892,69.263,Low priority
84798A,PINK FOXGLOVE ARTIIFCIAL FLOWER,C,Z,CZ,432.45,195,9,7.841,0,3273,19481932.49,98.894,69.285,Delist candidate — worst capital-to-value ratio
37464,ROBOT MUG IN DISPLAY BOX,C,Z,CZ,431.18,316,34,2.676,1,3274,19482363.67,98.897,69.306,Delist candidate — worst capital-to-value ratio
84858B,BLUE RIVIERA HANDBAG,C,Z,CZ,431.0,326,5,5.868,0,3275,19482794.67,98.899,69.327,Delist candidate — worst capital-to-value ratio
23058,CHRISTMAS HANGING SNOWFLAKE,C,Z,CZ,430.86,490,13,3.538,0,3276,19483225.53,98.901,69.348,Delist candidate — worst capital-to-value ratio
84802B,PURPLE ANEMONE ARTIFICIAL FLOWER,C,Z,CZ,430.35,435,14,5.82,0,3277,19483655.88,98.903,69.369,Delist candidate — worst capital-to-value ratio
20851,ZINC HEART LATTICE TRAY OVAL,C,Z,CZ,429.57,335,23,8.778,0,3278,19484085.45,98.905,69.39,Delist candidate — worst capital-to-value ratio
16045,POPART WOODEN PENCILS ASST,C,Z,CZ,429.44,9312,36,2.059,1,3279,19484514.89,98.908,69.412,Delist candidate — worst capital-to-value ratio
90013B,BLACK VINTAGE EARRINGS,C,Y,CY,428.92,104,53,1.454,1,3280,19484943.81,98.91,69.433,Low priority
84966B,BLUE KASHMIRI BOXED MIRROR,C,Z,CZ,428.0,33,4,6.427,0,3281,19485371.81,98.912,69.454,Delist candidate — worst capital-to-value ratio
84422,PINK/BLUE DISC/MIRROR STRING,C,Z,CZ,427.95,782,33,6.657,1,3282,19485799.76,98.914,69.475,Delist candidate — worst capital-to-value ratio
84801A,PINK HYDRANGEA ART FLOWER,C,Z,CZ,427.44,272,14,6.332,0,3283,19486227.2,98.916,69.496,Delist candidate — worst capital-to-value ratio
85230G,ORANGE VOTIVE CANDLE,C,Z,CZ,425.76,1680,38,1.836,1,3284,19486652.96,98.918,69.517,Delist candidate — worst capital-to-value ratio
72803B,OCEAN SCENT CANDLE JEWELLED DRAWER,C,Z,CZ,424.85,95,25,3.033,0,3285,19487077.81,98.921,69.539,Delist candidate — worst capital-to-value ratio
21678,PAISLEY PATTERN  STICKERS,C,Z,CZ,424.7,574,54,2.394,1,3286,19487502.51,98.923,69.56,Delist candidate — worst capital-to-value ratio
20715,LITTLE FLOWER SHOPPER BAG,C,Z,CZ,424.0,400,1,10.149,0,3287,19487926.51,98.925,69.581,Delist candidate — worst capital-to-value ratio
21028,NINJA RABBIT BLACK,C,Z,CZ,423.9,323,53,1.789,1,3288,19488350.41,98.927,69.602,Delist candidate — worst capital-to-value ratio
45016,DECORATIVE NET CANOPY LEOPARD,C,Z,CZ,423.73,101,18,4.194,0,3289,19488774.14,98.929,69.623,Delist candidate — worst capital-to-value ratio
16207A,PINK STRAWBERRY HANDBAG,C,Z,CZ,423.53,143,39,1.658,1,3290,19489197.67,98.931,69.644,Delist candidate — worst capital-to-value ratio
16008,SMALL FOLDING SCISSOR(POINTED EDGE),C,Z,CZ,422.96,3141,43,2.369,1,3291,19489620.63,98.933,69.666,Delist candidate — worst capital-to-value ratio
21729,SMALL MARAKESH METAL  LANTERN,C,Z,CZ,422.9,124,7,5.587,0,3292,19490043.53,98.936,69.687,Delist candidate — worst capital-to-value ratio
72801E,S/4 FESTIVE GREEN DINNER CANDLES,C,Z,CZ,422.32,776,18,7.582,0,3293,19490465.85,98.938,69.708,Delist candidate — worst capital-to-value ratio
85097B,BLUE ROCKING SINGING CANARY,C,Z,CZ,420.92,107,19,2.967,0,3294,19490886.77,98.94,69.729,Delist candidate — worst capital-to-value ratio
47579,TEA TIME BREAKFAST BASKET,C,Z,CZ,420.87,185,33,2.261,1,3295,19491307.64,98.942,69.75,Delist candidate — worst capital-to-value ratio
46126A,ELVIS WALLHANGING / CURTAIN,C,Z,CZ,419.99,317,30,3.239,1,3296,19491727.63,98.944,69.771,Delist candidate — worst capital-to-value ratio
84967C,GREEN KASHMIRI OCCASIONAL TABLE,C,Z,CZ,419.85,9,4,7.005,0,3297,19492147.48,98.946,69.793,Delist candidate — worst capital-to-value ratio
84770,ROUND GEORGIAN SILVER MIRROR,C,Z,CZ,419.25,135,6,5.897,0,3298,19492566.73,98.948,69.814,Delist candidate — worst capital-to-value ratio
21736,GOLD SCROLL GLASS T-LIGHT HOLDER,C,Z,CZ,418.89,205,24,2.575,0,3299,19492985.62,98.951,69.835,Delist candidate — worst capital-to-value ratio
84007,MAGIC GARDEN MOUNT FUJI,C,Z,CZ,418.22,159,23,3.317,0,3300,19493403.84,98.953,69.856,Delist candidate — worst capital-to-value ratio
72780,BLACK SILOUETTE CANDLE PLATE,C,Z,CZ,418.18,514,37,2.295,1,3301,19493822.02,98.955,69.877,Delist candidate — worst capital-to-value ratio
22032,BOTANICAL LILY GREETING CARD,C,Y,CY,418.12,980,57,1.352,1,3302,19494240.14,98.957,69.898,Low priority
84532B,FAIRY CAKES RECTANGLUAR BOXES,C,Z,CZ,417.58,54,14,2.95,0,3303,19494657.72,98.959,69.92,Delist candidate — worst capital-to-value ratio
35240,ENAMEL BLUE RIM OVAL TRAY SET/2,C,Z,CZ,416.01,49,20,2.599,0,3304,19495073.73,98.961,69.941,Delist candidate — worst capital-to-value ratio
20857,BLUE ROSE PATCH PURSE PINK BUTTERFL,C,Z,CZ,415.8,252,42,1.79,1,3305,19495489.53,98.963,69.962,Delist candidate — worst capital-to-value ratio
84529C,YELLOW KNITTED KIDS RUCKSACK,C,Z,CZ,414.74,78,13,3.042,0,3306,19495904.27,98.965,69.983,Delist candidate — worst capital-to-value ratio
84804A,CREAM DELPHINIUM ARTIFICIAL FLOWER,C,Z,CZ,414.08,224,15,4.717,0,3307,19496318.35,98.967,70.004,Delist candidate — worst capital-to-value ratio
85112,S/3 TEAR DROP CUT GLASS DECORATION,C,Z,CZ,414.02,466,6,8.665,0,3308,19496732.37,98.97,70.025,Delist candidate — worst capital-to-value ratio
22395,PAPERWEIGHT VINTAGE PAISLEY,C,Z,CZ,413.76,234,33,3.654,1,3309,19497146.13,98.972,70.047,Delist candidate — worst capital-to-value ratio
23459,DOLLY CABINET 2 DRAWERS,C,Z,CZ,412.5,33,9,3.611,0,3310,19497558.63,98.974,70.068,Delist candidate — worst capital-to-value ratio
20666,ECONOMY HOLIDAY PURSE,C,Z,CZ,412.45,911,28,6.269,1,3311,19497971.08,98.976,70.089,Delist candidate — worst capital-to-value ratio
23415,HOME SWEET HOME HOOK,C,Z,CZ,412.18,328,13,3.865,0,3312,19498383.26,98.978,70.11,Delist candidate — worst capital-to-value ratio
21520,BOOZE & WOMEN GREETING CARD,C,Y,CY,411.63,957,59,1.404,1,3313,19498794.89,98.98,70.131,Low priority
21341,KASBAH LANTERN WITH GLASS,C,Z,CZ,410.64,72,11,4.939,0,3314,19499205.53,98.982,70.152,Delist candidate — worst capital-to-value ratio
90149,SILVER FLOWR PINK SHELL NECKLACE,C,Z,CZ,410.26,62,8,8.363,0,3315,19499615.79,98.984,70.174,Delist candidate — worst capital-to-value ratio
37444B,BLUE BREAKFAST CUP AND SAUCER,C,Z,CZ,409.6,2010,21,6.989,0,3316,19500025.39,98.986,70.195,Delist candidate — worst capital-to-value ratio
16169F,WRAP BLIZZARD,C,Z,CZ,409.5,975,11,3.969,0,3317,19500434.89,98.988,70.216,Delist candidate — worst capital-to-value ratio
84595B,LARGE TRIFLE DESIGN L BLUE BOWL,C,Z,CZ,408.9,230,14,5.01,0,3318,19500843.79,98.99,70.237,Delist candidate — worst capital-to-value ratio
21252,SET OF MEADOW  FLOWER STICKERS,C,Z,CZ,408.66,168,8,4.637,0,3319,19501252.45,98.992,70.258,Delist candidate — worst capital-to-value ratio
90206C,CRYSTAL DIAMANTE STAR BROOCH,C,Z,CZ,407.56,81,39,1.679,1,3320,19501660.01,98.995,70.279,Delist candidate — worst capital-to-value ratio
23339,EGG FRYING PAN BLUE,C,Z,CZ,405.0,175,22,2.574,0,3321,19502065.01,98.997,70.301,Delist candidate — worst capital-to-value ratio
84984D,ORIENTAL RED C/COVER,C,Z,CZ,404.91,159,17,7.06,0,3322,19502469.92,98.999,70.322,Delist candidate — worst capital-to-value ratio
82076,BEECH WOOD PHOTO FRAME,C,Z,CZ,403.64,290,6,4.619,0,3323,19502873.56,99.001,70.343,Delist candidate — worst capital-to-value ratio
21698,MOCK LOBSTER FRIDGE MAGNET,C,Z,CZ,401.56,533,63,1.727,1,3324,19503275.12,99.003,70.364,Delist candidate — worst capital-to-value ratio
84932B,SMALL PINK PEONY FOLDING STOOL,C,Z,CZ,401.3,189,11,4.69,0,3325,19503676.42,99.005,70.385,Delist candidate — worst capital-to-value ratio
84984C,ORIENTAL BLUE C/COVER,C,Z,CZ,401.16,232,13,6.465,0,3326,19504077.58,99.007,70.406,Delist candidate — worst capital-to-value ratio
23576,SNACK TRAY RED VINTAGE DOILY,C,Z,CZ,400.04,198,3,7.545,0,3327,19504477.62,99.009,70.428,Delist candidate — worst capital-to-value ratio
23429,RED RETRO KITCHEN WALL CLOCK,C,Z,CZ,400.01,47,3,6.722,0,3328,19504877.63,99.011,70.449,Delist candidate — worst capital-to-value ratio
23039,T-LIGHT HOLDER SILVER HEART HANDLE,C,Z,CZ,399.71,199,14,3.367,0,3329,19505277.34,99.013,70.47,Delist candidate — worst capital-to-value ratio
85007,SET OF 3 VINTAGE TEA TIME BOXES,C,Z,CZ,399.62,143,8,4.346,0,3330,19505676.96,99.015,70.491,Delist candidate — worst capital-to-value ratio
16156L,"WRAP, CAROUSEL",C,Z,CZ,399.0,950,33,1.613,1,3331,19506075.96,99.017,70.512,Delist candidate — worst capital-to-value ratio
20889,JARDIN DE FEMME SCENTED CANDLE,C,Z,CZ,398.04,657,9,6.652,0,3332,19506474.0,99.019,70.533,Delist candidate — worst capital-to-value ratio
21025,SPACE FROG,C,Z,CZ,397.37,301,36,1.966,1,3333,19506871.37,99.021,70.555,Delist candidate — worst capital-to-value ratio
79191B,RETRO PLASTIC POLKA TRAY,C,Z,CZ,397.37,479,45,3.459,1,3334,19507268.74,99.023,70.576,Delist candidate — worst capital-to-value ratio
85167A,WHITE GRAND BAROQUE PHOTO FRAME,C,Z,CZ,396.8,176,7,6.074,0,3335,19507665.54,99.025,70.597,Delist candidate — worst capital-to-value ratio
90180A,BLACK+WHITE NECKLACE W TASSEL,C,Z,CZ,396.64,44,21,2.795,0,3336,19508062.18,99.027,70.618,Delist candidate — worst capital-to-value ratio
90120A,PINK MURANO TWIST BRACELET,C,Z,CZ,395.68,93,27,2.417,1,3337,19508457.86,99.029,70.639,Delist candidate — worst capital-to-value ratio
84726,LILLIES CANVAS PICTURE,C,Z,CZ,394.85,233,4,6.211,0,3338,19508852.71,99.031,70.66,Delist candidate — worst capital-to-value ratio
22869,NUMBER TILE COTTAGE GARDEN 1,C,Z,CZ,393.63,167,38,3.294,1,3339,19509246.34,99.033,70.682,Delist candidate — worst capital-to-value ratio
23661,MILK MAIDS MUG,C,Z,CZ,393.59,219,9,4.428,0,3340,19509639.93,99.035,70.703,Delist candidate — worst capital-to-value ratio
84673B,BLUE FLY SWAT,C,Z,CZ,393.26,506,68,2.197,1,3341,19510033.19,99.037,70.724,Delist candidate — worst capital-to-value ratio
84952A,CLEAR LOVE BIRD T-LIGHT HOLDER,C,Z,CZ,392.53,148,22,2.805,0,3342,19510425.72,99.039,70.745,Delist candidate — worst capital-to-value ratio
23116,VEGETABLE GARDEN CHOPPING BOARD,C,Z,CZ,392.34,78,11,5.418,0,3343,19510818.06,99.041,70.766,Delist candidate — worst capital-to-value ratio
90201D,GREEN ENAMEL FLOWER RING,C,Z,CZ,391.37,133,43,2.024,1,3344,19511209.43,99.043,70.787,Delist candidate — worst capital-to-value ratio
90124B,BLUE MURANO TWIST NECKLACE,C,Z,CZ,391.18,39,23,2.255,0,3345,19511600.61,99.045,70.809,Delist candidate — worst capital-to-value ratio
84711A,SILVER OVAL SHAPE TRINKET BOX,C,Z,CZ,390.95,42,19,2.416,0,3346,19511991.56,99.047,70.83,Delist candidate — worst capital-to-value ratio
23150,IVORY SWEETHEART SOAP DISH,C,Z,CZ,390.75,148,25,2.26,0,3347,19512382.31,99.049,70.851,Delist candidate — worst capital-to-value ratio
47562,ENGLISH ROSE IRONING BOARD COVER,C,Z,CZ,390.0,104,16,2.557,0,3348,19512772.31,99.051,70.872,Delist candidate — worst capital-to-value ratio
84081,WHITE CERAMIC PARTY SET (5PCS),C,Z,CZ,389.3,100,12,4.761,0,3349,19513161.61,99.053,70.893,Delist candidate — worst capital-to-value ratio
16044,POP-ART FLUORESCENT PENS,C,Z,CZ,389.22,6193,3,10.068,0,3350,19513550.83,99.055,70.914,Delist candidate — worst capital-to-value ratio
23337,EGG FRYING PAN MINT,C,Z,CZ,388.75,180,24,2.52,0,3351,19513939.58,99.057,70.936,Delist candidate — worst capital-to-value ratio
79051A,SMOKEY GREY COLOUR D.O.F. GLASS,C,Z,CZ,387.54,943,39,2.201,1,3352,19514327.12,99.059,70.957,Delist candidate — worst capital-to-value ratio
84497,BUTTONS AND STRIPES NOTEBOOK,C,Z,CZ,387.13,97,27,2.166,1,3353,19514714.25,99.061,70.978,Delist candidate — worst capital-to-value ratio
90208,PAIR OF PINK FLOWER CLUSTER SLIDE,C,Z,CZ,386.83,159,44,2.697,1,3354,19515101.08,99.063,70.999,Delist candidate — worst capital-to-value ratio
90158,ST TROPEZ NECKLACE,C,Z,CZ,386.32,77,46,1.533,1,3355,19515487.4,99.065,71.02,Delist candidate — worst capital-to-value ratio
84292,ROSE PINK METAL FOLDING CHAIR,C,Z,CZ,385.98,44,12,3.556,0,3356,19515873.38,99.067,71.041,Delist candidate — worst capital-to-value ratio
90070,RUBY GLASS CLUSTER BRACELET,C,Z,CZ,385.15,63,31,2.47,1,3357,19516258.53,99.069,71.063,Delist candidate — worst capital-to-value ratio
90201A,PURPLE ENAMEL FLOWER RING,C,Z,CZ,382.84,130,43,2.024,1,3358,19516641.37,99.071,71.084,Delist candidate — worst capital-to-value ratio
16258A,SWIRLY CIRCULAR RUBBERS IN BAG,C,Z,CZ,380.97,1075,52,2.711,1,3359,19517022.34,99.073,71.105,Delist candidate — worst capital-to-value ratio
90035B,"PEARL & SHELL 42""NECKL. PINK",C,Z,CZ,380.89,43,3,9.678,0,3360,19517403.23,99.074,71.126,Delist candidate — worst capital-to-value ratio
90184A,AMBER CHUNKY BEAD BRACELET W STRAP,C,Z,CZ,380.82,42,22,2.512,0,3361,19517784.05,99.076,71.147,Delist candidate — worst capital-to-value ratio
20670,VIP HOLIDAY PURSE,C,Z,CZ,378.85,694,32,6.207,1,3362,19518162.9,99.078,71.169,Delist candidate — worst capital-to-value ratio
84533B,FAIRY CAKES ROUND NESTING BOXES,C,Z,CZ,377.93,59,13,3.403,0,3363,19518540.83,99.08,71.19,Delist candidate — worst capital-to-value ratio
20976,12 PENCILS SMALL TUBE POSY,C,Z,CZ,376.99,550,34,2.411,1,3364,19518917.82,99.082,71.211,Delist candidate — worst capital-to-value ratio
85033G,SET/6 GOLD REINDEER T-LIGHT CANDLES,C,Z,CZ,376.05,236,6,4.53,0,3365,19519293.87,99.084,71.232,Delist candidate — worst capital-to-value ratio
84429A,MEDIUM PINK BUDDHA HEAD,C,Z,CZ,374.73,110,31,2.715,1,3366,19519668.6,99.086,71.253,Delist candidate — worst capital-to-value ratio
84741C,CITRUS GARLAND FELT FLOWERS,C,Z,CZ,374.09,186,30,2.16,1,3367,19520042.69,99.088,71.274,Delist candidate — worst capital-to-value ratio
84877D,BLUE ROUND COMPACT MIRROR,C,Z,CZ,373.1,161,34,3.112,1,3368,19520415.79,99.09,71.296,Delist candidate — worst capital-to-value ratio
84680,CLASSICAL ROSE URN,C,Z,CZ,372.3,94,12,5.552,0,3369,19520788.09,99.092,71.317,Delist candidate — worst capital-to-value ratio
16216,LETTER SHAPE PENCIL SHARPENER,C,Z,CZ,371.64,4158,53,4.098,1,3370,19521159.73,99.094,71.338,Delist candidate — worst capital-to-value ratio
20906,VINTAGE NOTEBOOK BEAUTY GIRL,C,Z,CZ,371.19,102,26,2.615,1,3371,19521530.92,99.095,71.359,Delist candidate — worst capital-to-value ratio
90134,OLD ROSE COMBO BEAD NECKLACE,C,Y,CY,370.92,126,60,1.451,1,3372,19521901.84,99.097,71.38,Low priority
78033,FLAG OF ST GEORGE CHAIR,C,Z,CZ,370.6,76,14,3.464,0,3373,19522272.44,99.099,71.401,Delist candidate — worst capital-to-value ratio
85026B,EAU DE NILE JEWELLED T-LIGHT HOLDER,C,Z,CZ,370.1,303,27,4.434,1,3374,19522642.54,99.101,71.423,Delist candidate — worst capital-to-value ratio
22870,NUMBER TILE COTTAGE GARDEN 2,C,Z,CZ,369.92,156,33,3.449,1,3375,19523012.46,99.103,71.444,Delist candidate — worst capital-to-value ratio
79336,LIGHT PINK FLOCK GLASS CANDLEHOLDER,C,Z,CZ,369.78,840,19,4.358,0,3376,19523382.24,99.105,71.465,Delist candidate — worst capital-to-value ratio
20663,QUEEN OF THE SKIES HOLIDAY PURSE,C,Z,CZ,369.41,1074,30,6.642,1,3377,19523751.65,99.107,71.486,Delist candidate — worst capital-to-value ratio
84760S,SMALL HANGING GLASS+ZINC LANTERN,C,Z,CZ,368.91,228,32,2.054,1,3378,19524120.56,99.109,71.507,Delist candidate — worst capital-to-value ratio
90082B,DIAMANTE BOW BROOCH RED COLOUR,C,Z,CZ,368.3,58,22,2.521,0,3379,19524488.86,99.11,71.528,Delist candidate — worst capital-to-value ratio
47504G,ENGLISH ROSE TAPE MEASURE,C,Z,CZ,368.06,267,21,3.065,0,3380,19524856.92,99.112,71.55,Delist candidate — worst capital-to-value ratio
47503G,ASS FLORAL PRINT TAPE MEASURE,C,Z,CZ,367.36,284,14,3.816,0,3381,19525224.28,99.114,71.571,Delist candidate — worst capital-to-value ratio
23575,SNACK TRAY PAISLEY PARK,C,Z,CZ,367.35,179,3,7.316,0,3382,19525591.63,99.116,71.592,Delist candidate — worst capital-to-value ratio
35915A,CREAM KNITTED HEN,C,Z,CZ,365.76,288,1,10.149,0,3383,19525957.39,99.118,71.613,Delist candidate — worst capital-to-value ratio
90002D,FLOWER BURST SILVER RING CRYSTAL,C,Z,CZ,365.74,104,26,5.054,1,3384,19526323.13,99.12,71.634,Delist candidate — worst capital-to-value ratio
84926D,LA PALMIERA TILE COASTER,C,Z,CZ,365.35,773,34,2.621,1,3385,19526688.48,99.122,71.655,Delist candidate — worst capital-to-value ratio
79190A,RETRO PLASTIC 70'S TRAY,C,Y,CY,364.25,790,75,1.392,1,3386,19527052.73,99.123,71.677,Low priority
35968,FOLK ART METAL HEART T-LIGHT HOLDER,C,Z,CZ,363.34,761,46,2.246,1,3387,19527416.07,99.125,71.698,Delist candidate — worst capital-to-value ratio
90164B,WHITE  ROSEBUD PEARL BRACELET,C,Z,CZ,362.94,67,32,2.406,1,3388,19527779.01,99.127,71.719,Delist candidate — worst capital-to-value ratio
23579,SNACK TRAY I LOVE LONDON,C,Z,CZ,362.65,171,5,7.033,0,3389,19528141.66,99.129,71.74,Delist candidate — worst capital-to-value ratio
90160A,PURPLE BOUDICCA LARGE BRACELET,C,Z,CZ,362.51,52,22,2.66,0,3390,19528504.17,99.131,71.761,Delist candidate — worst capital-to-value ratio
85094,CANDY SPOT EGG WARMER RABBIT,C,Z,CZ,362.43,762,44,2.306,1,3391,19528866.6,99.133,71.782,Delist candidate — worst capital-to-value ratio
21946,PARTY TIME DESIGN FLANNEL,C,Z,CZ,358.97,625,41,5.534,1,3392,19529225.57,99.134,71.804,Delist candidate — worst capital-to-value ratio
84402D,PINK DRESS JEWELLERY STAND,C,Z,CZ,358.93,373,9,4.052,0,3393,19529584.5,99.136,71.825,Delist candidate — worst capital-to-value ratio
90036E,"FLOWER GLASS GARLD NECKL36""AMETHYST",C,Z,CZ,358.87,45,23,2.771,0,3394,19529943.37,99.138,71.846,Delist candidate — worst capital-to-value ratio
35912B,WHITE/PINK CHICK DECORATION,C,Z,CZ,358.08,290,25,3.783,0,3395,19530301.45,99.14,71.867,Delist candidate — worst capital-to-value ratio
84711B,PINK OVAL SHAPE TRINKET BOX,C,Z,CZ,357.71,39,25,2.255,0,3396,19530659.16,99.142,71.888,Delist candidate — worst capital-to-value ratio
84800M,MEDIUM WHITE/PINK ROSE ART FLOWER,C,Z,CZ,357.22,250,21,2.802,0,3397,19531016.38,99.144,71.909,Delist candidate — worst capital-to-value ratio
90148,LONG SILVER NECKLACE PASTEL FLOWER,C,Z,CZ,356.73,28,17,2.429,0,3398,19531373.11,99.145,71.931,Delist candidate — worst capital-to-value ratio
21038,SET/4 MODERN VINTAGE COTTON NAPKINS,C,Z,CZ,355.48,166,33,2.27,1,3399,19531728.59,99.147,71.952,Delist candidate — worst capital-to-value ratio
20799,PINK MILKSHAKE GLASS,C,Z,CZ,355.33,200,15,5.568,0,3400,19532083.92,99.149,71.973,Delist candidate — worst capital-to-value ratio
18096C,WHITE ROUND PORCELAIN TLIGHT HOLDER,C,Z,CZ,355.14,131,9,5.424,0,3401,19532439.06,99.151,71.994,Delist candidate — worst capital-to-value ratio
72487,ROSES WHITE ROUND CANDLE,C,Z,CZ,355.05,827,3,6.497,0,3402,19532794.11,99.153,72.015,Delist candidate — worst capital-to-value ratio
90019A,SILVER M.O.P ORBIT BRACELET,C,Y,CY,354.59,68,42,1.419,1,3403,19533148.7,99.154,72.036,Low priority
90082A,DIAMANTE BOW BROOCH GREEN COLOUR,C,Z,CZ,353.71,55,27,2.285,1,3404,19533502.41,99.156,72.058,Delist candidate — worst capital-to-value ratio
90013C,GREEN VINTAGE EARRINGS,C,Z,CZ,353.55,88,42,1.621,1,3405,19533855.96,99.158,72.079,Delist candidate — worst capital-to-value ratio
23420,PANTRY HOOK TEA STRAINER,C,Z,CZ,353.45,165,11,3.814,0,3406,19534209.41,99.16,72.1,Delist candidate — worst capital-to-value ratio
20950,SET/6  ANGEL T-LIGHTS WHITE/GOLD,C,Z,CZ,353.39,687,24,2.584,0,3407,19534562.8,99.162,72.121,Delist candidate — worst capital-to-value ratio
23421,PANTRY HOOK SPATULA,C,Z,CZ,353.36,162,13,3.308,0,3408,19534916.16,99.163,72.142,Delist candidate — worst capital-to-value ratio
84802A,WHITE ANEMONE ARTIFICIAL FLOWER,C,Z,CZ,353.21,209,20,3.442,0,3409,19535269.37,99.165,72.163,Delist candidate — worst capital-to-value ratio
22039,BOTANICAL LILY GIFT WRAP,C,Z,CZ,353.0,850,23,2.34,0,3410,19535622.37,99.167,72.185,Delist candidate — worst capital-to-value ratio
84898F,YELLOW FLOWERS FELT HANDBAG KIT,C,Z,CZ,352.75,165,31,2.106,1,3411,19535975.12,99.169,72.206,Delist candidate — worst capital-to-value ratio
46000R,POLYESTER FILLER PAD 45x30cm,C,Z,CZ,352.35,243,43,2.05,1,3412,19536327.47,99.171,72.227,Delist candidate — worst capital-to-value ratio
84249D,FAIRY CAKE GREETINGS CARD,C,Z,CZ,352.34,835,26,2.114,1,3413,19536679.81,99.172,72.248,Delist candidate — worst capital-to-value ratio
84809B,PINK CHRYSANTHEMUMS ART FLOWER,C,Z,CZ,351.6,296,7,7.481,0,3414,19537031.41,99.174,72.269,Delist candidate — worst capital-to-value ratio
90201C,RED ENAMEL FLOWER RING,C,Z,CZ,350.94,119,36,2.048,1,3415,19537382.35,99.176,72.29,Delist candidate — worst capital-to-value ratio
90161A,ANT COPPER RED BOUDICCA BRACELET,C,Z,CZ,349.96,70,35,2.175,1,3416,19537732.31,99.178,72.312,Delist candidate — worst capital-to-value ratio
82011B,BATHROOM SCALES RUBBER DUCKS,C,Z,CZ,348.8,93,38,2.074,1,3417,19538081.11,99.179,72.333,Delist candidate — worst capital-to-value ratio
84535A,ENGLISH ROSE NOTEBOOK A6 SIZE,C,Z,CZ,346.93,607,19,5.718,0,3418,19538428.04,99.181,72.354,Delist candidate — worst capital-to-value ratio
22257,FELT FARM ANIMAL SHEEP,C,Z,CZ,346.73,420,26,4.048,1,3419,19538774.77,99.183,72.375,Delist candidate — worst capital-to-value ratio
23015,CORDIAL GLASS JUG,C,Z,CZ,346.63,41,14,3.27,0,3420,19539121.4,99.185,72.396,Delist candidate — worst capital-to-value ratio
84801B,WHITE HYDRANGEA ART FLOWER,C,Z,CZ,345.0,214,15,4.373,0,3421,19539466.4,99.186,72.417,Delist candidate — worst capital-to-value ratio
90014B,GOLD M PEARL  ORBIT NECKLACE,C,Z,CZ,343.66,35,26,1.916,1,3422,19539810.06,99.188,72.439,Delist candidate — worst capital-to-value ratio
21306,SET/4 DAISY MIRROR MAGNETS,C,Z,CZ,343.09,682,45,2.474,1,3423,19540153.15,99.19,72.46,Delist candidate — worst capital-to-value ratio
84881,BLUE WIRE SPIRAL CANDLE HOLDER,C,Z,CZ,342.94,52,21,2.27,0,3424,19540496.09,99.192,72.481,Delist candidate — worst capital-to-value ratio
20940,SET/6 GARDEN GNOME T-LIGHT CANDLES,C,Z,CZ,342.75,118,2,7.192,0,3425,19540838.84,99.193,72.502,Delist candidate — worst capital-to-value ratio
90191,SILVER LARIAT 40CM,C,Z,CZ,342.6,40,19,3.445,0,3426,19541181.44,99.195,72.523,Delist candidate — worst capital-to-value ratio
35833P,4 PINK FLOCK CHRISTMAS BALLS,C,Z,CZ,342.17,185,29,2.414,1,3427,19541523.61,99.197,72.544,Delist candidate — worst capital-to-value ratio
72811,SMALL ZINC/GLASS CANDLEHOLDER,C,Z,CZ,340.45,445,20,4.08,0,3428,19541864.06,99.199,72.566,Delist candidate — worst capital-to-value ratio
75149N,STRING CRYSTALS NATURAL,C,Z,CZ,340.0,272,14,3.117,0,3429,19542204.06,99.2,72.587,Delist candidate — worst capital-to-value ratio
79303B,BLUE STAR BLOCK TABLE LAMP,C,Z,CZ,339.57,109,9,8.421,0,3430,19542543.63,99.202,72.608,Delist candidate — worst capital-to-value ratio
84925A,WAKE UP COCKEREL WALL THERMOMETER,C,Z,CZ,339.29,179,14,8.191,0,3431,19542882.92,99.204,72.629,Delist candidate — worst capital-to-value ratio
21420,OYSTER TRINKET BOX,C,Z,CZ,338.66,122,28,3.494,1,3432,19543221.58,99.206,72.65,Delist candidate — worst capital-to-value ratio
84509E,SET OF 4 CAROUSEL PLACEMATS,C,Z,CZ,338.6,163,26,4.324,1,3433,19543560.18,99.207,72.671,Delist candidate — worst capital-to-value ratio
35914,PINK CHICK EGG WARMER + EGG CUP,C,Z,CZ,337.43,244,26,3.572,1,3434,19543897.61,99.209,72.693,Delist candidate — worst capital-to-value ratio
84576,BLUE CAT BISCUIT BARREL PINK HEART,C,Z,CZ,337.04,96,22,3.673,0,3435,19544234.65,99.211,72.714,Delist candidate — worst capital-to-value ratio
17011F,ORIGAMI SANDLEWOOD INCENSE+FLOWER,C,Z,CZ,336.2,385,19,5.322,0,3436,19544570.85,99.212,72.735,Delist candidate — worst capital-to-value ratio
22889,NUMBER TILE VINTAGE FONT No,C,Z,CZ,335.52,200,26,5.354,1,3437,19544906.37,99.214,72.756,Delist candidate — worst capital-to-value ratio
90178A,AMBER CHUNKY GLASS+BEAD NECKLACE,C,Z,CZ,334.36,28,16,2.638,0,3438,19545240.73,99.216,72.777,Delist candidate — worst capital-to-value ratio
20847,ZINC HEART LATTICE CHARGER LARGE,C,Z,CZ,334.35,80,25,2.583,0,3439,19545575.08,99.217,72.798,Delist candidate — worst capital-to-value ratio
17109A,FLOWER FAIRY INCENSE LILY,C,Z,CZ,333.61,709,9,5.279,0,3440,19545908.69,99.219,72.82,Delist candidate — worst capital-to-value ratio
23047,PAPER LANTERN 5 POINT SEQUIN STAR,C,Z,CZ,333.5,58,19,2.582,0,3441,19546242.19,99.221,72.841,Delist candidate — worst capital-to-value ratio
21402,RED  EGG  SPOON,C,Z,CZ,333.42,1698,68,1.584,1,3442,19546575.61,99.223,72.862,Delist candidate — worst capital-to-value ratio
90175C,BLUE GLASS CHUNKY CHARM BRACELET,C,Z,CZ,332.95,37,17,2.992,0,3443,19546908.56,99.224,72.883,Delist candidate — worst capital-to-value ratio
20688,BEAUTY SPEED EXPRESSO CUPS,C,Z,CZ,332.9,464,6,9.199,0,3444,19547241.46,99.226,72.904,Delist candidate — worst capital-to-value ratio
47583B,SET OF 3 WICKER BASKET TEA AND CAKE,C,Z,CZ,332.6,27,4,7.343,0,3445,19547574.06,99.228,72.925,Delist candidate — worst capital-to-value ratio
85089,CANDY SPOT BUNNY,C,Z,CZ,332.29,104,19,2.822,0,3446,19547906.35,99.229,72.947,Delist candidate — worst capital-to-value ratio
35637C,PINK STRING CURTAIN WITH POLE,C,Z,CZ,331.14,100,18,5.091,0,3447,19548237.49,99.231,72.968,Delist candidate — worst capital-to-value ratio
85024B,EAU DE NILE JEWELLED PHOTOFRAME,C,Z,CZ,330.9,218,19,6.755,0,3448,19548568.39,99.233,72.989,Delist candidate — worst capital-to-value ratio
84030C,KNITTED RAINBOW HOT WATER BOTTLE,C,Z,CZ,330.78,53,5,5.63,0,3449,19548899.17,99.234,73.01,Delist candidate — worst capital-to-value ratio
84870C,GREEN GEISHA GIRL,C,Z,CZ,330.36,93,23,2.456,0,3450,19549229.53,99.236,73.031,Delist candidate — worst capital-to-value ratio
35921,EASTER BUNNY HANGING GARLAND,C,Z,CZ,330.32,183,24,2.726,0,3451,19549559.85,99.238,73.052,Delist candidate — worst capital-to-value ratio
22878,NUMBER TILE COTTAGE GARDEN No,C,Z,CZ,330.26,128,31,3.289,1,3452,19549890.11,99.239,73.074,Delist candidate — worst capital-to-value ratio
90129B,TURQUOISE GLASS TASSLE BAG CHARM,C,Z,CZ,329.95,146,42,2.265,1,3453,19550220.06,99.241,73.095,Delist candidate — worst capital-to-value ratio
37467,PIG MUG IN TWO COLOUR DESIGNS,C,Z,CZ,328.51,273,41,2.145,1,3454,19550548.57,99.243,73.116,Delist candidate — worst capital-to-value ratio
72739B,WHITE CHOCOLATE SCENT CANDLE,C,Z,CZ,328.39,394,8,5.141,0,3455,19550876.96,99.244,73.137,Delist candidate — worst capital-to-value ratio
21722,SWEET PUDDING STICKER SHEET,C,Z,CZ,327.75,347,51,2.699,1,3456,19551204.71,99.246,73.158,Delist candidate — worst capital-to-value ratio
84902,PINK KNITTED COW STUFFED TOY,C,Z,CZ,326.33,84,23,2.599,0,3457,19551531.04,99.248,73.18,Delist candidate — worst capital-to-value ratio
84706A,ENGLISH ROSE TABLE CLOCK,C,Z,CZ,325.88,137,5,6.666,0,3458,19551856.92,99.249,73.201,Delist candidate — worst capital-to-value ratio
21309,LOUVRE CHALKBOARD,C,Z,CZ,325.6,49,4,8.551,0,3459,19552182.52,99.251,73.222,Delist candidate — worst capital-to-value ratio
90209A,PURPLE ENAMEL+GLASS HAIR COMB,C,Z,CZ,325.5,173,10,4.302,0,3460,19552508.02,99.253,73.243,Delist candidate — worst capital-to-value ratio
90018A,SILVER M.O.P ORBIT DROP EARRINGS,C,Z,CZ,325.49,77,39,1.578,1,3461,19552833.51,99.254,73.264,Delist candidate — worst capital-to-value ratio
23037,CANDLE HOLDER SILVER MADELINE,C,Z,CZ,325.16,196,12,3.306,0,3462,19553158.67,99.256,73.285,Delist candidate — worst capital-to-value ratio
17091B,JASMINE TEA INCENSE IN TIN,C,Z,CZ,324.48,282,30,2.841,1,3463,19553483.15,99.258,73.307,Delist candidate — worst capital-to-value ratio
23478,WOODLAND LARGE PINK FELT HEART,C,Z,CZ,324.4,285,5,7.402,0,3464,19553807.55,99.259,73.328,Delist candidate — worst capital-to-value ratio
23695,DOILY THANK YOU CARD,C,Z,CZ,323.32,765,5,5.008,0,3465,19554130.87,99.261,73.349,Delist candidate — worst capital-to-value ratio
90175B,PINK GLASS CHUNKY CHARM BRACELET,C,Z,CZ,322.85,36,24,2.462,0,3466,19554453.72,99.263,73.37,Delist candidate — worst capital-to-value ratio
84870B,BLUE GEISHA GIRL,C,Z,CZ,322.61,90,27,2.283,1,3467,19554776.33,99.264,73.391,Delist candidate — worst capital-to-value ratio
90197B,BLACK GLASS BRACELET W HEART CHARMS,C,Z,CZ,322.52,64,34,1.779,1,3468,19555098.85,99.266,73.412,Delist candidate — worst capital-to-value ratio
85131C,BEADED CRYSTAL HEART BLUE ON STICK,C,Z,CZ,321.4,440,49,2.751,1,3469,19555420.25,99.267,73.434,Delist candidate — worst capital-to-value ratio
85070,ANT WHITE SWEETHEART TABLE W 3 DRAW,C,Z,CZ,320.0,3,3,5.802,0,3470,19555740.25,99.269,73.455,Delist candidate — worst capital-to-value ratio
85033S,SET/6 SILVER REINDEER T-LIGHTS,C,Z,CZ,319.95,260,11,4.5,0,3471,19556060.2,99.271,73.476,Delist candidate — worst capital-to-value ratio
84661A,WHITE SQUARE TABLE CLOCK,C,Z,CZ,319.01,224,31,3.665,1,3472,19556379.21,99.272,73.497,Delist candidate — worst capital-to-value ratio
84933C,LARGE BLUE ORIENTAL FOLDING STOOL,C,Z,CZ,317.0,136,5,7.104,0,3473,19556696.21,99.274,73.518,Delist candidate — worst capital-to-value ratio
84673A,PINK FLY SWAT,C,Z,CZ,316.14,502,47,3.351,1,3474,19557012.35,99.276,73.539,Delist candidate — worst capital-to-value ratio
21401,BLUE PUDDING SPOON,C,Z,CZ,315.7,1437,65,1.641,1,3475,19557328.05,99.277,73.561,Delist candidate — worst capital-to-value ratio
85129B,BEADED CRYSTAL HEART GREEN SMALL,C,Z,CZ,315.11,233,42,2.344,1,3476,19557643.16,99.279,73.582,Delist candidate — worst capital-to-value ratio
84933A,LARGE GREEN PEONY FOLDING STOOL,C,Z,CZ,314.35,131,4,7.672,0,3477,19557957.51,99.28,73.603,Delist candidate — worst capital-to-value ratio
90000D,COPPER/OLIVE GREEN FLOWER NECKLACE,C,Z,CZ,313.75,51,27,2.497,1,3478,19558271.26,99.282,73.624,Delist candidate — worst capital-to-value ratio
46000U,POLYESTER FILLER PAD 30CMx30CM,C,Z,CZ,313.75,251,42,1.943,1,3479,19558585.01,99.284,73.645,Delist candidate — worst capital-to-value ratio
35638B,PINK/BLUE STRING CURTAIN,C,Z,CZ,313.29,118,11,5.841,0,3480,19558898.3,99.285,73.666,Delist candidate — worst capital-to-value ratio
84838,ANT WHITE HIGH RISE BIRD BOX,C,Z,CZ,312.5,50,3,9.153,0,3481,19559210.8,99.287,73.688,Delist candidate — worst capital-to-value ratio
90016B,GOLD/M.O.P PENDANT ORBIT NECKLACE,C,Z,CZ,312.14,37,24,2.202,0,3482,19559522.94,99.288,73.709,Delist candidate — worst capital-to-value ratio
84671B,CROCHET BEAR WITH BLUE STRIPES,C,Z,CZ,311.87,111,5,5.468,0,3483,19559834.81,99.29,73.73,Delist candidate — worst capital-to-value ratio
84522,PINK PARTY SUNGLASSES,C,Z,CZ,311.86,186,22,5.66,0,3484,19560146.67,99.291,73.751,Delist candidate — worst capital-to-value ratio
84219,BOX/12 MOTHER & CHICK IN BASKET/BOW,C,Z,CZ,311.51,140,9,5.739,0,3485,19560458.18,99.293,73.772,Delist candidate — worst capital-to-value ratio
90098,NECKLACE+BRACELET PINK BUTTERFLY,C,Z,CZ,311.48,141,29,3.305,1,3486,19560769.66,99.295,73.793,Delist candidate — worst capital-to-value ratio
22872,NUMBER TILE COTTAGE GARDEN 4,C,Z,CZ,311.3,136,28,3.876,1,3487,19561080.96,99.296,73.815,Delist candidate — worst capital-to-value ratio
35979,SIX STRING SCANDINAVIAN HEART DECS,C,Z,CZ,311.03,94,6,6.812,0,3488,19561391.99,99.298,73.836,Delist candidate — worst capital-to-value ratio
62095B,TURQOISE ICE CREAM SUNHAT,C,Z,CZ,310.83,292,12,5.827,0,3489,19561702.82,99.299,73.857,Delist candidate — worst capital-to-value ratio
84623,PINK GINGHAM ROSE FLOOR CUSHION,C,Z,CZ,310.44,56,7,6.061,0,3490,19562013.26,99.301,73.878,Delist candidate — worst capital-to-value ratio
47593A,CAROUSEL DESIGN BABY BIB,C,Z,CZ,309.18,304,44,2.385,1,3491,19562322.44,99.302,73.899,Delist candidate — worst capital-to-value ratio
84933B,LARGE PINK PEONY FOLDING STOOL,C,Z,CZ,309.15,136,4,7.506,0,3492,19562631.59,99.304,73.92,Delist candidate — worst capital-to-value ratio
17012E,ORIGAMI OPIUM INCENSE/CANDLE SET,C,Z,CZ,308.79,287,17,7.035,0,3493,19562940.38,99.306,73.942,Delist candidate — worst capital-to-value ratio
20795,LARGE BLUE PROVENCAL CERAMIC BALL,C,Z,CZ,308.7,135,25,3.125,0,3494,19563249.08,99.307,73.963,Delist candidate — worst capital-to-value ratio
21196,ROUND WHITE CONFETTI IN TUBE,C,Z,CZ,308.54,179,21,2.583,0,3495,19563557.62,99.309,73.984,Delist candidate — worst capital-to-value ratio
77081,FLOWER WINDMILL,C,Z,CZ,308.38,242,20,4.124,0,3496,19563866.0,99.31,74.005,Delist candidate — worst capital-to-value ratio
84906,PINK B'FLY C/COVER W BOBBLES,C,Z,CZ,307.47,66,19,2.641,0,3497,19564173.47,99.312,74.026,Delist candidate — worst capital-to-value ratio
23495,SET OF 3 PANTRY WOODEN SPOONS,C,Z,CZ,306.66,225,7,4.311,0,3498,19564480.13,99.313,74.047,Delist candidate — worst capital-to-value ratio
90173,PAIR BUTTERFLY HAIR CLIPS,C,Z,CZ,306.64,81,35,1.974,1,3499,19564786.77,99.315,74.069,Delist candidate — worst capital-to-value ratio
72130,COLUMBIAN CANDLE ROUND,C,Z,CZ,306.35,753,42,2.782,1,3500,19565093.12,99.317,74.09,Delist candidate — worst capital-to-value ratio
16254,TRANSPARENT ACRYLIC TAPE DISPENSER,C,Z,CZ,305.66,941,24,9.39,0,3501,19565398.78,99.318,74.111,Delist candidate — worst capital-to-value ratio
44235,ASS COL CIRCLE MOBILE,C,Z,CZ,305.1,819,19,5.983,0,3502,19565703.88,99.32,74.132,Delist candidate — worst capital-to-value ratio
20800,LARGE GLASS SUNDAE DISH CLEAR,C,Z,CZ,303.96,1005,5,10.017,0,3503,19566007.84,99.321,74.153,Delist candidate — worst capital-to-value ratio
84627,CANDY STRIPE ROSE C/COVER,C,Z,CZ,303.45,51,15,3.908,0,3504,19566311.29,99.323,74.174,Delist candidate — worst capital-to-value ratio
21030,SPACE CADET RED,C,Z,CZ,303.4,249,31,2.122,1,3505,19566614.69,99.324,74.196,Delist candidate — worst capital-to-value ratio
72753D,S/3 FLWR FAIRY SUMMER CANDLES,C,Z,CZ,302.4,144,5,6.531,0,3506,19566917.09,99.326,74.217,Delist candidate — worst capital-to-value ratio
90036D,"FLOWER GLASS GARLAND NECKL.36""BLACK",C,Z,CZ,302.29,38,15,2.917,0,3507,19567219.38,99.327,74.238,Delist candidate — worst capital-to-value ratio
85147,JARDIN ETCHED GLASS CANDLEHLDR LONG,C,Z,CZ,301.95,61,6,5.058,0,3508,19567521.33,99.329,74.259,Delist candidate — worst capital-to-value ratio
23430,BLUE RETRO KITCHEN WALL CLOCK,C,Z,CZ,301.88,36,4,6.216,0,3509,19567823.21,99.33,74.28,Delist candidate — worst capital-to-value ratio
35645,VINTAGE BEAD PINK JEWEL BOX,C,Z,CZ,301.81,61,24,2.238,0,3510,19568125.02,99.332,74.301,Delist candidate — worst capital-to-value ratio
21321,GLASS CHALICE BLUE  LARGE,C,Z,CZ,301.8,122,13,4.567,0,3511,19568426.82,99.333,74.323,Delist candidate — worst capital-to-value ratio
90035C,"PEARL & SHELL 42""NECKL. IVORY",C,Z,CZ,301.0,28,4,8.729,0,3512,19568727.82,99.335,74.344,Delist candidate — worst capital-to-value ratio
22954,HEN PARTY CORDON BARRIER TAPE,C,Z,CZ,300.14,243,35,2.267,1,3513,19569027.96,99.337,74.365,Delist candidate — worst capital-to-value ratio
84800S,SMALL WHITE/PINK ROSE ART FLOWER,C,Z,CZ,299.54,394,17,5.761,0,3514,19569327.5,99.338,74.386,Delist candidate — worst capital-to-value ratio
23440,PAINT YOUR OWN EGGS IN CRATE,C,Z,CZ,299.36,164,3,9.002,0,3515,19569626.86,99.34,74.407,Delist candidate — worst capital-to-value ratio
17001,HEAVENS SCENT FRAGRANCE OILS ASSTD,C,Z,CZ,299.35,1211,16,4.059,0,3516,19569926.21,99.341,74.428,Delist candidate — worst capital-to-value ratio
90124A,PINK MURANO TWIST NECKLACE,C,Z,CZ,299.28,30,18,2.706,0,3517,19570225.49,99.343,74.45,Delist candidate — worst capital-to-value ratio
35981C,WHITE SNOW SCANDINAVIAN STOCKING,C,Z,CZ,298.0,590,21,3.267,0,3518,19570523.49,99.344,74.471,Delist candidate — worst capital-to-value ratio
84247N,PACK/12 BLUE FOLKART CARDS,C,Z,CZ,297.48,113,38,2.77,1,3519,19570820.97,99.346,74.492,Delist candidate — worst capital-to-value ratio
47471,RAINBOW PEGS PHOTO CLIP STRING,C,Z,CZ,297.02,430,49,3.409,1,3520,19571117.99,99.347,74.513,Delist candidate — worst capital-to-value ratio
84882,GREEN WIRE STANDING CANDLE HOLDER,C,Z,CZ,296.93,68,32,1.987,1,3521,19571414.92,99.349,74.534,Delist candidate — worst capital-to-value ratio
84482,BUTTONS DESIGN JEWELLERY BOX,C,Z,CZ,296.77,76,21,2.947,0,3522,19571711.69,99.35,74.555,Delist candidate — worst capital-to-value ratio
79190D,RETRO PLASTIC DAISY TRAY,C,Y,CY,296.58,641,70,1.202,1,3523,19572008.27,99.352,74.577,Low priority
20869,GOLD FABRIC MIRROR,C,Z,CZ,296.37,530,38,4.776,1,3524,19572304.64,99.353,74.598,Delist candidate — worst capital-to-value ratio
35920,FOUR RABBIT EASTER DECORATIONS,C,Z,CZ,296.34,1070,15,9.129,0,3525,19572600.98,99.355,74.619,Delist candidate — worst capital-to-value ratio
16202A,PASTEL PINK PHOTO ALBUM,C,Z,CZ,296.0,663,18,6.48,0,3526,19572896.98,99.356,74.64,Delist candidate — worst capital-to-value ratio
DCGSSGIRL,GIRLS PARTY BAG,C,Z,CZ,295.63,92,16,3.175,0,3527,19573192.61,99.358,74.661,Delist candidate — worst capital-to-value ratio
90129A,PINK GLASS TASSLE BAG CHARM,C,Z,CZ,295.38,151,43,1.98,1,3528,19573487.99,99.359,74.682,Delist candidate — worst capital-to-value ratio
21697,SET 5 MINI DOUGHNUT FRIDGE MAGNET,C,Z,CZ,295.08,372,6,6.756,0,3529,19573783.07,99.361,74.704,Delist candidate — worst capital-to-value ratio
21388,IVORY HANGING DECORATION  CHICKEN,C,Z,CZ,293.57,315,13,3.392,0,3530,19574076.64,99.362,74.725,Delist candidate — worst capital-to-value ratio
90185D,CRYSTAL DIAMANTE EXPANDABLE RING,C,Z,CZ,293.33,69,23,2.398,0,3531,19574369.97,99.364,74.746,Delist candidate — worst capital-to-value ratio
84926A,WAKE UP COCKEREL TILE COASTER,C,Z,CZ,293.08,664,35,2.597,1,3532,19574663.05,99.365,74.767,Delist candidate — worst capital-to-value ratio
16212,FUNKY GIRLZ ASST MAGNETIC MEMO PAD,C,Z,CZ,292.86,375,27,2.519,1,3533,19574955.91,99.367,74.788,Delist candidate — worst capital-to-value ratio
72801F,S/4 FESTIVE RED DINNER CANDLES,C,Z,CZ,292.5,234,6,5.125,0,3534,19575248.41,99.368,74.809,Delist candidate — worst capital-to-value ratio
90030B,RED KUKUI COCONUT SEED NECKLACE,C,Z,CZ,292.08,139,29,2.76,1,3535,19575540.49,99.37,74.831,Delist candidate — worst capital-to-value ratio
37422,WHITE WITH BLACK CATS BOWL,C,Z,CZ,292.08,434,23,5.561,0,3536,19575832.57,99.371,74.852,Delist candidate — worst capital-to-value ratio
23567,EGG CUP HENRIETTA HEN PINK,C,Z,CZ,291.58,211,9,4.05,0,3537,19576124.15,99.373,74.873,Delist candidate — worst capital-to-value ratio
84529A,PINK KNITTED KIDS RUCKSACK,C,Z,CZ,290.78,50,11,5.373,0,3538,19576414.93,99.374,74.894,Delist candidate — worst capital-to-value ratio
20826,SILVER APERITIF GLASS,C,Z,CZ,290.72,355,11,4.885,0,3539,19576705.65,99.375,74.915,Delist candidate — worst capital-to-value ratio
23410,CURIO CABINET LINEN AND LACE,C,Z,CZ,290.1,36,9,4.081,0,3540,19576995.75,99.377,74.936,Delist candidate — worst capital-to-value ratio
22871,NUMBER TILE COTTAGE GARDEN 3,C,Z,CZ,289.39,127,26,4.115,1,3541,19577285.14,99.378,74.958,Delist candidate — worst capital-to-value ratio
72812,LARGE ZINC GLASS CANDLEHOLDER,C,Z,CZ,288.46,105,26,2.508,1,3542,19577573.6,99.38,74.979,Delist candidate — worst capital-to-value ratio
20987,GEISHA GIRL CHOPSTICKS SET/5,C,Z,CZ,288.35,131,4,7.019,0,3543,19577861.95,99.381,75.0,Delist candidate — worst capital-to-value ratio
47578A,ENGLISH ROSE SMALL SCENTED FLOWER,C,Z,CZ,287.53,316,49,1.777,1,3544,19578149.48,99.383,75.021,Delist candidate — worst capital-to-value ratio
21144,PINK POODLE HANGING DECORATION,C,Z,CZ,287.47,543,24,2.903,0,3545,19578436.95,99.384,75.042,Delist candidate — worst capital-to-value ratio
20821,GOLDIE LOOKING MIRROR,C,Z,CZ,286.42,42,23,2.693,0,3546,19578723.37,99.386,75.064,Delist candidate — worst capital-to-value ratio
90014C,SILVER/BLACK ORBIT NECKLACE,C,Z,CZ,284.68,29,17,2.961,0,3547,19579008.05,99.387,75.085,Delist candidate — worst capital-to-value ratio
37413,ICON MUG REVOLUTIONARY,C,Z,CZ,284.49,703,35,2.925,1,3548,19579292.54,99.389,75.106,Delist candidate — worst capital-to-value ratio
90185B,AMETHYST DIAMANTE EXPANDABLE RING,C,Z,CZ,284.43,67,24,2.696,0,3549,19579576.97,99.39,75.127,Delist candidate — worst capital-to-value ratio
82093,HEART SHAPE BUTTON FRAME,C,Z,CZ,283.49,139,6,5.037,0,3550,19579860.46,99.392,75.148,Delist candidate — worst capital-to-value ratio
84977,WIRE FLOWER T-LIGHT HOLDER,C,Z,CZ,282.58,224,32,2.072,1,3551,19580143.04,99.393,75.169,Delist candidate — worst capital-to-value ratio
84508C,BLUE CIRCLES DESIGN TEDDY,C,Z,CZ,282.37,104,38,1.927,1,3552,19580425.41,99.394,75.191,Delist candidate — worst capital-to-value ratio
20980,36 PENCILS TUBE POSY,C,Z,CZ,282.31,233,33,2.377,1,3553,19580707.72,99.396,75.212,Delist candidate — worst capital-to-value ratio
16052,TEATIME PUSH DOWN RUBBER,C,Z,CZ,281.32,848,27,4.588,1,3554,19580989.04,99.397,75.233,Delist candidate — worst capital-to-value ratio
23481,PEARLISED IVORY HEART SMALL,C,Z,CZ,281.17,228,8,4.111,0,3555,19581270.21,99.399,75.254,Delist candidate — worst capital-to-value ratio
90163A,PINK ROSEBUD & PEARL NECKLACE,C,Z,CZ,280.71,37,22,2.612,0,3556,19581550.92,99.4,75.275,Delist candidate — worst capital-to-value ratio
84457,SET/3 RABBITS FLOWER SKIPPPING ROPE,C,Z,CZ,280.43,293,28,2.631,1,3557,19581831.35,99.402,75.296,Delist candidate — worst capital-to-value ratio
84192,ASSORTED COLOUR METAL CAT,C,Z,CZ,279.85,233,28,2.702,1,3558,19582111.2,99.403,75.318,Delist candidate — worst capital-to-value ratio
21412,VINTAGE GOLD TINSEL REEL,C,Z,CZ,279.84,277,20,2.757,0,3559,19582391.04,99.404,75.339,Delist candidate — worst capital-to-value ratio
84926F,PSYCHEDELIC TILE COASTER,C,Z,CZ,279.15,485,33,2.954,1,3560,19582670.19,99.406,75.36,Delist candidate — worst capital-to-value ratio
72739C,DARK CHOCOLATE SCENTCANDLE,C,Z,CZ,279.08,326,8,5.3,0,3561,19582949.27,99.407,75.381,Delist candidate — worst capital-to-value ratio
84625B,BLCK NEW BAROQUE CANDLESTICK CANDLE,C,Z,CZ,279.0,180,11,3.456,0,3562,19583228.27,99.409,75.402,Delist candidate — worst capital-to-value ratio
90115,SUMMER BUTTERFLIES BAG CHARM,C,Z,CZ,278.96,108,28,2.107,1,3563,19583507.23,99.41,75.423,Delist candidate — worst capital-to-value ratio
90122A,PINK CRYSTAL+GLASS BRACELET,C,Z,CZ,278.84,56,26,2.244,1,3564,19583786.07,99.411,75.445,Delist candidate — worst capital-to-value ratio
21367,MIRRORED WALL ART GENTS,C,Z,CZ,278.48,211,36,3.055,1,3565,19584064.55,99.413,75.466,Delist candidate — worst capital-to-value ratio
35096A,BLUE VICTORIAN FABRIC HEART BOX,C,Z,CZ,277.49,777,13,7.204,0,3566,19584342.04,99.414,75.487,Delist candidate — worst capital-to-value ratio
90146,FINE SILVER NECKLACE W PASTEL FLOWE,C,Z,CZ,276.49,41,17,3.115,0,3567,19584618.53,99.416,75.508,Delist candidate — worst capital-to-value ratio
75178,ASSTD COL BUTTERFLY/CRYSTAL W/CHIME,C,Z,CZ,276.43,499,20,5.069,0,3568,19584894.96,99.417,75.529,Delist candidate — worst capital-to-value ratio
84966C,GREEN KASHMIRI BOXED MIRROR,C,Z,CZ,276.0,23,2,8.551,0,3569,19585170.96,99.418,75.55,Delist candidate — worst capital-to-value ratio
DCGS0076,SUNJAR LED NIGHT NIGHT LIGHT,C,Z,CZ,275.96,17,12,3.072,0,3570,19585446.92,99.42,75.572,Delist candidate — worst capital-to-value ratio
23137,ZINC WIRE SWEETHEART LETTER TRAY,C,Z,CZ,275.62,83,14,4.124,0,3571,19585722.54,99.421,75.593,Delist candidate — worst capital-to-value ratio
47586A,PINK FAIRY CAKE CUSHION COVER,C,Z,CZ,275.53,202,23,5.344,0,3572,19585998.07,99.423,75.614,Delist candidate — worst capital-to-value ratio
90085,CRYSTAL STILETTO PHONE CHARM,C,Z,CZ,275.53,311,20,5.557,0,3573,19586273.6,99.424,75.635,Delist candidate — worst capital-to-value ratio
21095,SET/6 POSIES PAPER PLATES,C,Z,CZ,274.57,295,31,2.222,1,3574,19586548.17,99.425,75.656,Delist candidate — worst capital-to-value ratio
84924F,PSYCHEDELIC METAL SIGN CALENDAR,C,Z,CZ,274.55,975,8,7.03,0,3575,19586822.72,99.427,75.677,Delist candidate — worst capital-to-value ratio
21193,WHITE HONEYCOMB PAPER FAN,C,Z,CZ,274.37,111,13,4.594,0,3576,19587097.09,99.428,75.699,Delist candidate — worst capital-to-value ratio
84927F,PSYCHEDELIC TILE HOOK,C,Z,CZ,273.32,335,42,2.583,1,3577,19587370.41,99.43,75.72,Delist candidate — worst capital-to-value ratio
23141,TRIPLE WIRE HOOK PINK HEART,C,Z,CZ,272.91,79,16,3.504,0,3578,19587643.32,99.431,75.741,Delist candidate — worst capital-to-value ratio
84924D,LA PALMIERA METAL SIGN CALENDAR,C,Z,CZ,272.61,764,14,6.951,0,3579,19587915.93,99.432,75.762,Delist candidate — worst capital-to-value ratio
79303D,LILAC FLOWER BLOCK TABLE LAMP,C,Z,CZ,272.45,78,11,5.617,0,3580,19588188.38,99.434,75.783,Delist candidate — worst capital-to-value ratio
22868,NUMBER TILE COTTAGE GARDEN 0,C,Z,CZ,272.33,125,22,4.204,0,3581,19588460.71,99.435,75.804,Delist candidate — worst capital-to-value ratio
84499,BLACK FLOWER CANDLE PLATE,C,Z,CZ,272.17,326,25,3.702,0,3582,19588732.88,99.437,75.826,Delist candidate — worst capital-to-value ratio
22874,NUMBER TILE COTTAGE GARDEN 6,C,Z,CZ,272.02,126,17,4.267,0,3583,19589004.9,99.438,75.847,Delist candidate — worst capital-to-value ratio
90185C,BLACK DIAMANTE EXPANDABLE RING,C,Z,CZ,271.96,64,23,2.472,0,3584,19589276.86,99.439,75.868,Delist candidate — worst capital-to-value ratio
90032,IVORY SHELL HEART NECKLACE,C,Z,CZ,271.88,48,18,2.801,0,3585,19589548.74,99.441,75.889,Delist candidate — worst capital-to-value ratio
22877,NUMBER TILE COTTAGE GARDEN 9,C,Z,CZ,271.64,128,19,4.236,0,3586,19589820.38,99.442,75.91,Delist candidate — worst capital-to-value ratio
23474,WOODLAND SMALL BLUE FELT HEART,C,Z,CZ,270.96,312,7,3.882,0,3587,19590091.34,99.443,75.931,Delist candidate — worst capital-to-value ratio
47351B,BLUE  VOILE LAMPSHADE,C,Z,CZ,269.9,98,13,5.543,0,3588,19590361.24,99.445,75.953,Delist candidate — worst capital-to-value ratio
47591A,CAROUSEL DES CHILD'S APRON,C,Z,CZ,269.54,163,33,2.515,1,3589,19590630.78,99.446,75.974,Delist candidate — worst capital-to-value ratio
85195,HANGING HEART BASKET,C,Z,CZ,269.44,146,15,6.72,0,3590,19590900.22,99.448,75.995,Delist candidate — worst capital-to-value ratio
90122C,TURQUOISE CRYSTAL+GLASS BRACELET,C,Z,CZ,269.1,54,24,2.418,0,3591,19591169.32,99.449,76.016,Delist candidate — worst capital-to-value ratio
72793,BLACK BOX MIRROR LANTERN,C,Z,CZ,268.75,55,9,5.125,0,3592,19591438.07,99.45,76.037,Delist candidate — worst capital-to-value ratio
20818,GOLD TEDDY BEAR,C,Z,CZ,268.5,87,20,3.594,0,3593,19591706.57,99.452,76.058,Delist candidate — worst capital-to-value ratio
22875,NUMBER TILE COTTAGE GARDEN 7,C,Z,CZ,268.35,123,23,4.25,0,3594,19591974.92,99.453,76.08,Delist candidate — worst capital-to-value ratio
90157,RIVIERA NECKLACE,C,Z,CZ,268.23,54,20,2.547,0,3595,19592243.15,99.454,76.101,Delist candidate — worst capital-to-value ratio
21372,MIRRORED WALL ART TABLE LAMP,C,Z,CZ,267.01,156,35,2.605,1,3596,19592510.16,99.456,76.122,Delist candidate — worst capital-to-value ratio
47481,50CM METAL STRING WITH  7 CLIPS,C,Z,CZ,266.25,327,36,4.621,1,3597,19592776.41,99.457,76.143,Delist candidate — worst capital-to-value ratio
21032,SPACE CADET WHITE,C,Z,CZ,265.91,214,33,2.414,1,3598,19593042.32,99.458,76.164,Delist candidate — worst capital-to-value ratio
44234,ASSORTED CIRCULAR MOBILE,C,Z,CZ,265.85,1239,42,4.008,1,3599,19593308.17,99.46,76.185,Delist candidate — worst capital-to-value ratio
23476,WOODLAND LARGE RED FELT HEART,C,Z,CZ,264.72,205,7,4.142,0,3600,19593572.89,99.461,76.207,Delist candidate — worst capital-to-value ratio
21950,SET OF 6 DOTS CHOPSTICKS,C,Z,CZ,263.63,211,9,8.667,0,3601,19593836.52,99.462,76.228,Delist candidate — worst capital-to-value ratio
90129E,PURPLE GLASS TASSLE BAG CHARM,C,Z,CZ,263.14,129,43,2.117,1,3602,19594099.66,99.464,76.249,Delist candidate — worst capital-to-value ratio
22873,NUMBER TILE COTTAGE GARDEN 5,C,Z,CZ,262.5,120,27,4.379,1,3603,19594362.16,99.465,76.27,Delist candidate — worst capital-to-value ratio
84806A,PINK CANDYSTUFT ARTIFICIAL FLOWER,C,Z,CZ,261.91,319,16,4.478,0,3604,19594624.07,99.466,76.291,Delist candidate — worst capital-to-value ratio
21268,VINTAGE BLUE TINSEL REEL,C,Z,CZ,261.66,397,25,3.248,0,3605,19594885.73,99.468,76.312,Delist candidate — worst capital-to-value ratio
84993B,75 BLACK PETIT FOUR CASES,C,Z,CZ,261.07,572,47,2.135,1,3606,19595146.8,99.469,76.334,Delist candidate — worst capital-to-value ratio
79328,BLUE FLOCK GLASS CANDLEHOLDER,C,Z,CZ,260.76,594,13,3.582,0,3607,19595407.56,99.47,76.355,Delist candidate — worst capital-to-value ratio
72799D,BLUE PILLAR CANDLE SILVER FLOCK,C,Z,CZ,260.67,78,13,4.327,0,3608,19595668.23,99.472,76.376,Delist candidate — worst capital-to-value ratio
84597B,RETRO BROWN BALL ASHTRAY,C,Z,CZ,259.37,205,21,2.782,0,3609,19595927.6,99.473,76.397,Delist candidate — worst capital-to-value ratio
85095,THREE CANVAS LUGGAGE TAGS,C,Z,CZ,259.09,174,22,2.793,0,3610,19596186.69,99.474,76.418,Delist candidate — worst capital-to-value ratio
84613C,BLUE NEW BAROQUE FLOCK CANDLESTICK,C,Z,CZ,258.06,62,11,6.041,0,3611,19596444.75,99.476,76.439,Delist candidate — worst capital-to-value ratio
90035A,"PEARL & SHELL 42""NECKL. GREEN",C,Z,CZ,257.55,24,13,3.193,0,3612,19596702.3,99.477,76.461,Delist candidate — worst capital-to-value ratio
85179C,PINK BITTY LIGHT CHAIN,C,Z,CZ,257.15,116,16,3.737,0,3613,19596959.45,99.478,76.482,Delist candidate — worst capital-to-value ratio
84371,BIG PINK POODLE,C,Z,CZ,257.1,30,5,7.581,0,3614,19597216.55,99.48,76.503,Delist candidate — worst capital-to-value ratio
10123C,HEARTS WRAPPING TAPE,C,Z,CZ,256.36,653,35,3.757,1,3615,19597472.91,99.481,76.524,Delist candidate — worst capital-to-value ratio
90040B,MURANO STYLE GLASS BRACELET BLACK,C,Z,CZ,255.97,71,31,1.951,1,3616,19597728.88,99.482,76.545,Delist candidate — worst capital-to-value ratio
22882,NUMBER TILE VINTAGE FONT 3,C,Z,CZ,255.08,126,34,3.245,1,3617,19597983.96,99.484,76.566,Delist candidate — worst capital-to-value ratio
17038,PORCELAIN BUDAH INCENSE HOLDER,C,Z,CZ,254.51,2559,45,1.972,1,3618,19598238.47,99.485,76.588,Delist candidate — worst capital-to-value ratio
84461,12 PINK HEN+CHICKS IN BASKET,C,Z,CZ,253.79,99,18,3.033,0,3619,19598492.26,99.486,76.609,Delist candidate — worst capital-to-value ratio
90028,NEW BAROQUE LARGE NECKLACE BLK/WHIT,C,Z,CZ,253.29,30,20,2.483,0,3620,19598745.55,99.487,76.63,Delist candidate — worst capital-to-value ratio
21493,VINTAGE DESIGN GIFT TAGS,C,Z,CZ,252.45,272,4,9.776,0,3621,19598998.0,99.489,76.651,Delist candidate — worst capital-to-value ratio
79338,DARK PINK FLOCK GLASS CANDLEHOLDER,C,Z,CZ,252.29,553,8,5.197,0,3622,19599250.29,99.49,76.672,Delist candidate — worst capital-to-value ratio
22876,NUMBER TILE COTTAGE GARDEN 8,C,Z,CZ,252.22,118,19,4.446,0,3623,19599502.51,99.491,76.693,Delist candidate — worst capital-to-value ratio
21370,MIRRORED WALL ART FOXY,C,Z,CZ,251.97,54,18,4.763,0,3624,19599754.48,99.492,76.715,Delist candidate — worst capital-to-value ratio
23149,ANTIQUE IVORY WIRE BOWL SMALL,C,Z,CZ,251.45,99,14,3.729,0,3625,19600005.93,99.494,76.736,Delist candidate — worst capital-to-value ratio
DCGSSBOY,BOYS PARTY BAG,C,Z,CZ,251.35,77,17,3.637,0,3626,19600257.28,99.495,76.757,Delist candidate — worst capital-to-value ratio
90081C,LILY BROOCH OLIVE COLOUR,C,Z,CZ,250.47,50,29,2.1,1,3627,19600507.75,99.496,76.778,Delist candidate — worst capital-to-value ratio
90073,VINTAGE ENAMEL & CRYSTAL EARRINGS,C,Z,CZ,250.34,50,29,2.158,1,3628,19600758.09,99.498,76.799,Delist candidate — worst capital-to-value ratio
47503H,ASS FLORAL PRINT SPIRIT LEVEL,C,Z,CZ,250.02,162,39,2.505,1,3629,19601008.11,99.499,76.82,Delist candidate — worst capital-to-value ratio
20836,FRENCH PAISLEY CUSHION COVER,C,Z,CZ,250.0,224,19,2.377,0,3630,19601258.11,99.5,76.842,Delist candidate — worst capital-to-value ratio
21460,GREEN EASTER EGG HUNT START POST,C,Z,CZ,249.65,113,18,3.456,0,3631,19601507.76,99.501,76.863,Delist candidate — worst capital-to-value ratio
90170,DAISY HAIR BAND,C,Z,CZ,249.58,150,44,1.849,1,3632,19601757.34,99.503,76.884,Delist candidate — worst capital-to-value ratio
90087,CRYSTAL SEA HORSE PHONE CHARM,C,Z,CZ,249.56,311,38,3.994,1,3633,19602006.9,99.504,76.905,Delist candidate — worst capital-to-value ratio
46307,ROSES BLUE BASE CUSHION COVER,C,Z,CZ,249.33,53,17,3.067,0,3634,19602256.23,99.505,76.926,Delist candidate — worst capital-to-value ratio
90081A,LILY BROOCH AMETHYST COLOUR,C,Z,CZ,247.75,50,22,2.289,0,3635,19602503.98,99.506,76.948,Delist candidate — worst capital-to-value ratio
23465,TUSCAN VILLA BIRD FEEDER,C,Z,CZ,247.63,29,8,4.085,0,3636,19602751.61,99.508,76.969,Delist candidate — worst capital-to-value ratio
84621,BLUE GINGHAM ROSE FLOOR CUSHION,C,Z,CZ,247.26,29,9,4.145,0,3637,19602998.87,99.509,76.99,Delist candidate — worst capital-to-value ratio
90036C,"FLOWER GLASS GARLAND NECKL.36""BLUE",C,Z,CZ,246.83,31,13,3.319,0,3638,19603245.7,99.51,77.011,Delist candidate — worst capital-to-value ratio
82011A,"BATHROOM SCALES, TROPICAL BEACH",C,Z,CZ,246.58,59,29,3.138,1,3639,19603492.28,99.511,77.032,Delist candidate — worst capital-to-value ratio
90119,METALIC LEAVES BAG CHARMS,C,Z,CZ,245.62,98,34,2.25,1,3640,19603737.9,99.513,77.053,Delist candidate — worst capital-to-value ratio
90096,NECKLACE+BRACELET SET BLUE BLOSSOM,C,Z,CZ,243.61,104,34,2.485,1,3641,19603981.51,99.514,77.075,Delist candidate — worst capital-to-value ratio
90129C,GREEN GLASS TASSLE BAG CHARM,C,Z,CZ,243.38,107,35,2.233,1,3642,19604224.89,99.515,77.096,Delist candidate — worst capital-to-value ratio
35818P,"ACRYLIC JEWEL ICICLE, PINK",C,Z,CZ,243.29,562,19,3.665,0,3643,19604468.18,99.516,77.117,Delist candidate — worst capital-to-value ratio
90196A,PURPLE GEMSTONE NECKLACE 45CM,C,Z,CZ,242.25,19,10,3.7,0,3644,19604710.43,99.518,77.138,Delist candidate — worst capital-to-value ratio
23475,WOODLAND SMALL PINK FELT HEART,C,Z,CZ,242.18,286,7,4.644,0,3645,19604952.61,99.519,77.159,Delist candidate — worst capital-to-value ratio
90196B,BLACK GEMSTONE NECKLACE 45CM,C,Z,CZ,241.98,19,13,3.199,0,3646,19605194.59,99.52,77.18,Delist candidate — worst capital-to-value ratio
23143,ZINC WIRE KITCHEN ORGANISER,C,Z,CZ,239.97,30,8,5.682,0,3647,19605434.56,99.521,77.202,Delist candidate — worst capital-to-value ratio
20855,PINK PATCH PURSE BLUE HEART,C,Z,CZ,239.25,145,26,2.679,1,3648,19605673.81,99.523,77.223,Delist candidate — worst capital-to-value ratio
90210D,PURPLE ACRYLIC FACETED BANGLE,C,Z,CZ,238.68,143,16,6.147,0,3649,19605912.49,99.524,77.244,Delist candidate — worst capital-to-value ratio
84629,WHITE 3 FRAME BIRDS AND TREE,C,Z,CZ,237.8,24,10,4.259,0,3650,19606150.29,99.525,77.265,Delist candidate — worst capital-to-value ratio
82553,POP'S GREASY SPOON METAL SIGN,C,Z,CZ,237.73,114,9,5.334,0,3651,19606388.02,99.526,77.286,Delist candidate — worst capital-to-value ratio
37508,NEW ENGLAND CERAMIC CAKE SERVER,C,Z,CZ,237.22,92,27,2.757,1,3652,19606625.24,99.527,77.307,Delist candidate — worst capital-to-value ratio
82585,SWEET VALENCIA CANDLE+CUP,C,Z,CZ,237.15,165,12,4.499,0,3653,19606862.39,99.529,77.329,Delist candidate — worst capital-to-value ratio
23580,SNACK TRAY HAPPY FOREST,C,Z,CZ,236.87,117,3,7.268,0,3654,19607099.26,99.53,77.35,Delist candidate — worst capital-to-value ratio
90133,TEAL/FUSCHIA COL BEAD NECKLACE,C,Z,CZ,236.46,47,22,2.355,0,3655,19607335.72,99.531,77.371,Delist candidate — worst capital-to-value ratio
84247K,"FOLK ART GREETING CARD,pack/12",C,Z,CZ,236.43,76,24,3.82,0,3656,19607572.15,99.532,77.392,Delist candidate — worst capital-to-value ratio
44217M,MULTICOLOUR FEATHERS CURTAIN,C,Z,CZ,236.4,72,1,10.149,0,3657,19607808.55,99.533,77.413,Delist candidate — worst capital-to-value ratio
20891,LARGE GLASS ROSE SCENTED CANDLE,C,Z,CZ,236.33,684,3,10.104,0,3658,19608044.88,99.535,77.434,Delist candidate — worst capital-to-value ratio
37483,ENGLISH ROSE MUG IN GIFT BOX,C,Z,CZ,235.44,144,5,8.626,0,3659,19608280.32,99.536,77.456,Delist candidate — worst capital-to-value ratio
90210B,CLEAR ACRYLIC FACETED BANGLE,C,Z,CZ,234.99,103,20,3.164,0,3660,19608515.31,99.537,77.477,Delist candidate — worst capital-to-value ratio
20736,PINK MINI TAPE MEASURE,C,Z,CZ,234.35,291,8,5.131,0,3661,19608749.66,99.538,77.498,Delist candidate — worst capital-to-value ratio
22880,NUMBER TILE VINTAGE FONT 1,C,Z,CZ,234.17,113,25,3.574,0,3662,19608983.83,99.539,77.519,Delist candidate — worst capital-to-value ratio
23036,T-LIGHT HOLDER SILVER PETIT FOUR,C,Z,CZ,233.67,185,13,3.293,0,3663,19609217.5,99.541,77.54,Delist candidate — worst capital-to-value ratio
90185A,AMBER DIAMANTE EXPANDABLE RING,C,Z,CZ,233.29,55,23,2.622,0,3664,19609450.79,99.542,77.561,Delist candidate — worst capital-to-value ratio
35991,SET/6 BLACK SNOWFLAKE T-LIGHTS,C,Z,CZ,232.5,403,22,2.756,0,3665,19609683.29,99.543,77.583,Delist candidate — worst capital-to-value ratio
16256B,FLOWER PENCIL/RUBBER+5 MINI PENCILS,C,Z,CZ,232.35,524,22,2.777,0,3666,19609915.64,99.544,77.604,Delist candidate — worst capital-to-value ratio
23447,PINK BUNNY EASTER EGG BASKET,C,Z,CZ,231.9,158,3,9.279,0,3667,19610147.54,99.545,77.625,Delist candidate — worst capital-to-value ratio
90181B,AMETHYST GLASS/SHELL/PEARL NECKLACE,C,Z,CZ,231.27,25,21,2.119,0,3668,19610378.81,99.546,77.646,Delist candidate — worst capital-to-value ratio
16202C,BEIGE PHOTO ALBUM,C,Z,CZ,230.59,97,9,4.765,0,3669,19610609.4,99.548,77.667,Delist candidate — worst capital-to-value ratio
21226,POCKET MIRROR WOODLAND,C,Z,CZ,230.55,213,23,3.002,0,3670,19610839.95,99.549,77.688,Delist candidate — worst capital-to-value ratio
90164A,PINK ROSEBUD PEARL BRACELET,C,Z,CZ,230.39,40,20,2.846,0,3671,19611070.34,99.55,77.71,Delist candidate — worst capital-to-value ratio
23446,BLUE BUNNY EASTER EGG BASKET,C,Z,CZ,230.25,157,2,9.338,0,3672,19611300.59,99.551,77.731,Delist candidate — worst capital-to-value ratio
72781,BLACK SILOUETTE CANDLE PLATE,C,Z,CZ,229.5,121,12,4.515,0,3673,19611530.09,99.552,77.752,Delist candidate — worst capital-to-value ratio
90122B,JADE CRYSTAL+GLASS BRACELET,C,Z,CZ,228.99,46,23,2.582,0,3674,19611759.08,99.553,77.773,Delist candidate — worst capital-to-value ratio
21639,ASSORTED TUTTI FRUTTI KEYRING,C,Z,CZ,228.65,259,3,7.14,0,3675,19611987.73,99.555,77.794,Delist candidate — worst capital-to-value ratio
90199B,5 STRAND GLASS NECKLACE AMETHYST,C,Z,CZ,228.61,36,22,2.222,0,3676,19612216.34,99.556,77.815,Delist candidate — worst capital-to-value ratio
17084P,DRAGONS BLOOD INCENSE,C,Z,CZ,228.0,1015,46,2.466,1,3677,19612444.34,99.557,77.837,Delist candidate — worst capital-to-value ratio
90090,PINK CRYSTAL HEART PHONE CHARM,C,Z,CZ,227.72,263,13,4.921,0,3678,19612672.06,99.558,77.858,Delist candidate — worst capital-to-value ratio
35809B,ENAMEL BLUE RIM TEA CONTAINER,C,Z,CZ,227.54,104,22,3.032,0,3679,19612899.6,99.559,77.879,Delist candidate — worst capital-to-value ratio
71028B,SILVER BLUE EGG T-LIGHT HOLDER,C,Z,CZ,227.48,494,6,4.558,0,3680,19613127.08,99.56,77.9,Delist candidate — worst capital-to-value ratio
84705C,PINK FLOCK PHOTO FRAME,C,Z,CZ,227.33,162,8,7.678,0,3681,19613354.41,99.562,77.921,Delist candidate — worst capital-to-value ratio
72750D,F.FAIRY S/3 CANDLE/GLASS,C,Z,CZ,226.5,110,7,4.481,0,3682,19613580.91,99.563,77.942,Delist candidate — worst capital-to-value ratio
23003,TRAVEL CARD WALLET VINTAGE ROSE,C,Z,CZ,226.2,542,16,4.165,0,3683,19613807.11,99.564,77.964,Delist candidate — worst capital-to-value ratio
90003D,CRYSTAL PAIR HEART HAIR SLIDES,C,Z,CZ,226.17,60,24,2.327,0,3684,19614033.28,99.565,77.985,Delist candidate — worst capital-to-value ratio
90155,RESIN NECKLACE W PASTEL BEADS,C,Z,CZ,226.16,30,18,2.748,0,3685,19614259.44,99.566,78.006,Delist candidate — worst capital-to-value ratio
84966A,PINK KASHMIRI BOXED MIRROR,C,Z,CZ,225.95,13,4,6.72,0,3686,19614485.39,99.567,78.027,Delist candidate — worst capital-to-value ratio
90116,FRUIT SALAD BAG CHARM,C,Z,CZ,225.52,106,44,1.986,1,3687,19614710.91,99.568,78.048,Delist candidate — worst capital-to-value ratio
21369,MIRRORED WALL ART SPLODGES,C,Z,CZ,225.36,133,19,3.068,0,3688,19614936.27,99.57,78.069,Delist candidate — worst capital-to-value ratio
90186A,AMETHYST HOOP EARRING FLORAL LEAF,C,Z,CZ,224.38,76,22,3.261,0,3689,19615160.65,99.571,78.091,Delist candidate — worst capital-to-value ratio
84927E,FLOWERS TILE HOOK,C,Z,CZ,224.31,494,24,5.568,0,3690,19615384.96,99.572,78.112,Delist candidate — worst capital-to-value ratio
35597B,BLACKCHRISTMAS TREE 30CM,C,Z,CZ,224.1,78,7,7.946,0,3691,19615609.06,99.573,78.133,Delist candidate — worst capital-to-value ratio
90125D,PURPLE BERTIE GLASS BEAD BAG CHARM,C,Z,CZ,223.74,136,22,4.089,0,3692,19615832.8,99.574,78.154,Delist candidate — worst capital-to-value ratio
84690,S/2 BEACH HUT STOOLS,C,Z,CZ,222.6,28,12,3.426,0,3693,19616055.4,99.575,78.175,Delist candidate — worst capital-to-value ratio
16258B,DAISY ERASERS IN BAG,C,Z,CZ,221.48,1017,4,6.231,0,3694,19616276.88,99.576,78.196,Delist candidate — worst capital-to-value ratio
17011C,ORIGAMI LAVENDER INCENSE+FLOWER,C,Z,CZ,221.4,335,1,10.149,0,3695,19616498.28,99.577,78.218,Delist candidate — worst capital-to-value ratio
21102,"CANDLE IN JAR COLLAGE , VANILLA",C,Z,CZ,221.08,82,11,4.35,0,3696,19616719.36,99.579,78.239,Delist candidate — worst capital-to-value ratio
17013B,ORIGAMI JASMINE INCENSE IN TUBE,C,Z,CZ,221.03,256,2,7.143,0,3697,19616940.39,99.58,78.26,Delist candidate — worst capital-to-value ratio
90024B,NEW BAROQUE B'FLY NECKLACE RED,C,Z,CZ,220.74,26,19,2.402,0,3698,19617161.13,99.581,78.281,Delist candidate — worst capital-to-value ratio
35833G,4 GOLD FLOCK CHRISTMAS BALLS,C,Z,CZ,220.66,134,16,3.467,0,3699,19617381.79,99.582,78.302,Delist candidate — worst capital-to-value ratio
62086A,PINK RETRO BIG FLOWER BAG,C,Z,CZ,220.35,113,19,3.267,0,3700,19617602.14,99.583,78.323,Delist candidate — worst capital-to-value ratio
90124C,GREEN MURANO TWIST NECKLACE,C,Z,CZ,220.21,22,16,2.595,0,3701,19617822.35,99.584,78.345,Delist candidate — worst capital-to-value ratio
90123A,PINK HEART OF GLASS BRACELET,C,Z,CZ,220.02,37,16,2.754,0,3702,19618042.37,99.585,78.366,Delist candidate — worst capital-to-value ratio
72225D,VANILLA SCENT CAKE CANDLE,C,Z,CZ,219.46,962,8,7.181,0,3703,19618261.83,99.586,78.387,Delist candidate — worst capital-to-value ratio
85168A,WHITE BAROQUE CARRIAGE CLOCK,C,Z,CZ,218.9,22,13,3.052,0,3704,19618480.73,99.588,78.408,Delist candidate — worst capital-to-value ratio
90058A,CRYSTAL STUD EARRINGS CLEAR DISPLAY,C,Z,CZ,218.88,576,11,3.221,0,3705,19618699.61,99.589,78.429,Delist candidate — worst capital-to-value ratio
22881,NUMBER TILE VINTAGE FONT 2,C,Z,CZ,218.82,112,30,3.481,1,3706,19618918.43,99.59,78.45,Delist candidate — worst capital-to-value ratio
22884,NUMBER TILE VINTAGE FONT 5,C,Z,CZ,217.26,110,33,3.537,1,3707,19619135.69,99.591,78.472,Delist candidate — worst capital-to-value ratio
90005A,JADE GREEN ENAMEL HAIR COMB,C,Z,CZ,216.87,106,34,2.045,1,3708,19619352.56,99.592,78.493,Delist candidate — worst capital-to-value ratio
35817P,"ACRYLIC JEWEL SNOWFLAKE,PINK",C,Z,CZ,216.7,420,10,6.075,0,3709,19619569.26,99.593,78.514,Delist candidate — worst capital-to-value ratio
84725,FREESTYLE CANVAS ART PICTURE,C,Z,CZ,216.5,134,22,4.322,0,3710,19619785.76,99.594,78.535,Delist candidate — worst capital-to-value ratio
35793,S/3 PUPPIES CHRISTMAS DECORATIONS,C,Z,CZ,216.33,108,4,7.765,0,3711,19620002.09,99.595,78.556,Delist candidate — worst capital-to-value ratio
37492A,YELLOW RED FLOWER PIGGY BANK,C,Z,CZ,216.07,108,4,6.82,0,3712,19620218.16,99.596,78.577,Delist candidate — worst capital-to-value ratio
84807,RED POPPY ARTIFICIAL FLOWER,C,Z,CZ,215.93,233,7,7.522,0,3713,19620434.09,99.597,78.599,Delist candidate — worst capital-to-value ratio
90036A,FLOWER GARLAND NECKLACE RED,C,Z,CZ,215.76,27,15,2.826,0,3714,19620649.85,99.599,78.62,Delist candidate — worst capital-to-value ratio
84247C,PACK/12 BLUE REINDEER CARD,C,Z,CZ,215.35,73,14,4.176,0,3715,19620865.2,99.6,78.641,Delist candidate — worst capital-to-value ratio
21368,MIRRORED WALL ART LADIES,C,Z,CZ,215.34,203,35,3.197,1,3716,19621080.54,99.601,78.662,Delist candidate — worst capital-to-value ratio
21543,BUTTERFLY WATER TRANSFER TATTOOS,C,Z,CZ,215.0,284,4,8.757,0,3717,19621295.54,99.602,78.683,Delist candidate — worst capital-to-value ratio
48179,DOOR MAT SWEET HOME,C,Z,CZ,214.47,34,3,7.676,0,3718,19621510.01,99.603,78.704,Delist candidate — worst capital-to-value ratio
51012C,"FEATHER DUSTER, COAL BLACK",C,Z,CZ,213.75,171,8,4.902,0,3719,19621723.76,99.604,78.726,Delist candidate — worst capital-to-value ratio
90214A,"LETTER ""A"" BLING KEY RING",C,Z,CZ,213.65,213,59,1.83,1,3720,19621937.41,99.605,78.747,Delist candidate — worst capital-to-value ratio
90019C,SILVER BLACK ORBIT BRACELET,C,Z,CZ,213.38,40,28,1.918,1,3721,19622150.79,99.606,78.768,Delist candidate — worst capital-to-value ratio
16201A,PASTEL PINK PHOTO ALBUM,C,Z,CZ,213.37,101,7,4.78,0,3722,19622364.16,99.607,78.789,Delist candidate — worst capital-to-value ratio
21400,RED PUDDING SPOON,C,Z,CZ,213.07,1078,54,1.585,1,3723,19622577.23,99.608,78.81,Delist candidate — worst capital-to-value ratio
22883,NUMBER TILE VINTAGE FONT 4,C,Z,CZ,213.05,109,27,3.634,1,3724,19622790.28,99.609,78.831,Delist candidate — worst capital-to-value ratio
84805A,CREAM CLIMBING HYDRANGA ART FLOWER,C,Z,CZ,212.85,147,8,6.768,0,3725,19623003.13,99.611,78.853,Delist candidate — worst capital-to-value ratio
47574B,ENGLISH ROSE SCENTED HANGING HEART,C,Z,CZ,212.5,50,20,2.855,0,3726,19623215.63,99.612,78.874,Delist candidate — worst capital-to-value ratio
84313A,PINK TV TRAY TABLE,C,Z,CZ,212.42,38,18,2.685,0,3727,19623428.05,99.613,78.895,Delist candidate — worst capital-to-value ratio
84927D,LA PALMIERA TILE HOOK,C,Z,CZ,211.68,954,20,6.461,0,3728,19623639.73,99.614,78.916,Delist candidate — worst capital-to-value ratio
47343A,FUSCHIA FLOWER PURSE WITH BEADS,C,Z,CZ,210.73,203,20,3.615,0,3729,19623850.46,99.615,78.937,Delist candidate — worst capital-to-value ratio
90210A,GREY ACRYLIC FACETED BANGLE,C,Z,CZ,210.29,89,16,4.19,0,3730,19624060.75,99.616,78.959,Delist candidate — worst capital-to-value ratio
22885,NUMBER TILE VINTAGE FONT 6,C,Z,CZ,210.26,112,27,3.552,1,3731,19624271.01,99.617,78.98,Delist candidate — worst capital-to-value ratio
20827,GOLD APERITIF GLASS,C,Z,CZ,209.36,173,7,5.93,0,3732,19624480.37,99.618,79.001,Delist candidate — worst capital-to-value ratio
20814,SILVER FINCH DECORATION,C,Z,CZ,208.89,189,6,5.232,0,3733,19624689.26,99.619,79.022,Delist candidate — worst capital-to-value ratio
84706F,RED PEONY TABLE CLOCK,C,Z,CZ,208.3,34,17,2.664,0,3734,19624897.56,99.62,79.043,Delist candidate — worst capital-to-value ratio
90211B,JET BLACK LAS VEGAS NECKLACE 45CM,C,Z,CZ,208.21,35,20,2.424,0,3735,19625105.77,99.621,79.064,Delist candidate — worst capital-to-value ratio
90056,CHUNKY CRACKED GLAZE NECKLACE IVORY,C,Z,CZ,207.94,19,13,3.7,0,3736,19625313.71,99.622,79.086,Delist candidate — worst capital-to-value ratio
90016A,SILVER/M.O.P PENDANT ORBIT NECKLACE,C,Z,CZ,207.86,29,16,3.636,0,3737,19625521.57,99.623,79.107,Delist candidate — worst capital-to-value ratio
37485,ENGLISH ROSE TEA SET IN GIFT BOX,C,Z,CZ,207.69,49,8,6.621,0,3738,19625729.26,99.624,79.128,Delist candidate — worst capital-to-value ratio
90040A,MURANO STYLE GLASS BRACELET RED,C,Z,CZ,207.05,53,25,2.341,0,3739,19625936.31,99.625,79.149,Delist candidate — worst capital-to-value ratio
17014D,ORIGAMI ROSE INCENSE CONES,C,Z,CZ,204.36,479,7,6.009,0,3740,19626140.67,99.626,79.17,Delist candidate — worst capital-to-value ratio
35824B,"HANGING FLOWERS+MIRROR,BLUE",C,Z,CZ,203.24,528,5,7.189,0,3741,19626343.91,99.627,79.191,Delist candidate — worst capital-to-value ratio
20890,SMALL GLASS ROSE SCENTED CANDLE,C,Z,CZ,202.62,605,4,8.927,0,3742,19626546.53,99.628,79.213,Delist candidate — worst capital-to-value ratio
37506,NEW ENGLAND MILK JUG W GIFT BOX,C,Z,CZ,202.3,34,23,2.262,0,3743,19626748.83,99.63,79.234,Delist candidate — worst capital-to-value ratio
48103,DOOR MAT KISS MY.......,C,Z,CZ,201.73,35,10,5.937,0,3744,19626950.56,99.631,79.255,Delist candidate — worst capital-to-value ratio
84723,CHERRY BLOSSOM CANVAS ART PICTURE,C,Z,CZ,201.3,54,12,4.917,0,3745,19627151.86,99.632,79.276,Delist candidate — worst capital-to-value ratio
72754A,FLOWER FAIRY POTPOURRI CUSHION LILY,C,Z,CZ,201.24,292,4,6.765,0,3746,19627353.1,99.633,79.297,Delist candidate — worst capital-to-value ratio
20672,PINK TEATIME PRINT BOWL,C,Z,CZ,201.0,138,11,3.713,0,3747,19627554.1,99.634,79.318,Delist candidate — worst capital-to-value ratio
90144,SILVER DROP EARRINGS WITH FLOWER,C,Z,CZ,199.45,53,28,2.108,1,3748,19627753.55,99.635,79.34,Delist candidate — worst capital-to-value ratio
79403,FROSTED WHITE BASE,C,Z,CZ,199.02,216,27,2.605,1,3749,19627952.57,99.636,79.361,Delist candidate — worst capital-to-value ratio
90000A,RASPBERRY ANT COPPER FLOWER NECKLAC,C,Z,CZ,198.98,33,19,2.521,0,3750,19628151.55,99.637,79.382,Delist candidate — worst capital-to-value ratio
47504F,ENGLISH ROSE TORCH,C,Z,CZ,198.11,528,4,9.276,0,3751,19628349.66,99.638,79.403,Delist candidate — worst capital-to-value ratio
84985B,SET OF 72 BLACK PAPER DOILIES,C,Z,CZ,197.94,129,12,3.823,0,3752,19628547.6,99.639,79.424,Delist candidate — worst capital-to-value ratio
22330,72 ROUND PINK DOILIES,C,Z,CZ,197.9,128,9,4.703,0,3753,19628745.5,99.64,79.445,Delist candidate — worst capital-to-value ratio
37471,MULTICOLOUR DOTS PLATE,C,Z,CZ,197.85,1405,10,6.951,0,3754,19628943.35,99.641,79.467,Delist candidate — worst capital-to-value ratio
84855,BLOKEY SILVER TOOL SET,C,Z,CZ,196.7,36,7,5.032,0,3755,19629140.05,99.642,79.488,Delist candidate — worst capital-to-value ratio
90029,NEW BAROQUE SMALL NECKLACE BLACK,C,Z,CZ,195.14,23,11,3.812,0,3756,19629335.19,99.643,79.509,Delist candidate — worst capital-to-value ratio
23697,A PRETTY THANK YOU CARD,C,Z,CZ,194.58,456,5,5.511,0,3757,19629529.77,99.644,79.53,Delist candidate — worst capital-to-value ratio
90065A,WHITE VINTAGE CRYSTAL BRACELET,C,Z,CZ,193.96,28,10,3.614,0,3758,19629723.73,99.645,79.551,Delist candidate — worst capital-to-value ratio
35819B,"ACRYLIC HANGING JEWEL,BLUE",C,Z,CZ,193.06,387,22,2.826,0,3759,19629916.79,99.646,79.572,Delist candidate — worst capital-to-value ratio
21582,KINGS CHOICE SMALL TUBE MATCHES,C,Z,CZ,193.05,117,3,9.227,0,3760,19630109.84,99.647,79.594,Delist candidate — worst capital-to-value ratio
84893,ANT WHITE IRON BASKET,C,Z,CZ,192.3,34,10,3.921,0,3761,19630302.14,99.648,79.615,Delist candidate — worst capital-to-value ratio
84255B,ORANGE COCKTAIL GLASS LAMP,C,Z,CZ,192.26,66,9,4.414,0,3762,19630494.4,99.649,79.636,Delist candidate — worst capital-to-value ratio
84899F,YELLOW PURPLE DAISY FELT PURSE KIT,C,Z,CZ,192.17,121,28,2.455,1,3763,19630686.57,99.65,79.657,Delist candidate — worst capital-to-value ratio
90036F,"FLOWER GLASS GARLD NECKL36""TURQUOIS",C,Z,CZ,192.17,24,13,3.716,0,3764,19630878.74,99.65,79.678,Delist candidate — worst capital-to-value ratio
84926C,FAIRY CAKES TILE COASTER,C,Z,CZ,192.1,140,14,3.246,0,3765,19631070.84,99.651,79.699,Delist candidate — worst capital-to-value ratio
72051S,BAG OF SILVER STONES,C,Z,CZ,191.73,302,39,2.905,1,3766,19631262.57,99.652,79.721,Delist candidate — worst capital-to-value ratio
90003C,MIDNIGHT BLUE PAIR HEART HAIR SLIDE,C,Z,CZ,191.54,51,29,2.135,1,3767,19631454.11,99.653,79.742,Delist candidate — worst capital-to-value ratio
90178B,PURPLE CHUNKY GLASS+BEAD NECKLACE,C,Z,CZ,191.41,16,11,3.221,0,3768,19631645.52,99.654,79.763,Delist candidate — worst capital-to-value ratio
47518F,ICON PLACEMAT POP ART ELVIS,C,Z,CZ,190.89,912,34,3.639,1,3769,19631836.41,99.655,79.784,Delist candidate — worst capital-to-value ratio
90094,NECKLACE+BRACELET SET FRUIT SALAD,C,Z,CZ,190.17,75,23,3.049,0,3770,19632026.58,99.656,79.805,Delist candidate — worst capital-to-value ratio
84744,S/6 SEW ON CROCHET FLOWERS,C,Z,CZ,190.02,150,25,2.776,0,3771,19632216.6,99.657,79.826,Delist candidate — worst capital-to-value ratio
84661C,PINK SQUARE TABLE CLOCK,C,Z,CZ,189.87,152,21,4.297,0,3772,19632406.47,99.658,79.848,Delist candidate — worst capital-to-value ratio
84803A,PINK ALLIUM  ARTIFICIAL FLOWER,C,Z,CZ,189.28,112,14,3.264,0,3773,19632595.75,99.659,79.869,Delist candidate — worst capital-to-value ratio
85128,PLANTPOT SINGLE HOOK PISTACHIO,C,Z,CZ,188.95,167,4,9.965,0,3774,19632784.7,99.66,79.89,Delist candidate — worst capital-to-value ratio
84706B,FAIRY CAKES TABLE CLOCK,C,Z,CZ,188.73,20,7,4.084,0,3775,19632973.43,99.661,79.911,Delist candidate — worst capital-to-value ratio
90159,COTE D'AZURE NECKLACE,C,Z,CZ,188.58,38,20,2.576,0,3776,19633162.01,99.662,79.932,Delist candidate — worst capital-to-value ratio
90130B,TURQ STONE/CRYSTAL EARRINGS,C,Z,CZ,188.09,64,36,1.849,1,3777,19633350.1,99.663,79.953,Delist candidate — worst capital-to-value ratio
20837,FRENCH FLORAL CUSHION COVER,C,Z,CZ,188.07,165,14,2.725,0,3778,19633538.17,99.664,79.975,Delist candidate — worst capital-to-value ratio
90210C,RED   ACRYLIC FACETED BANGLE,C,Z,CZ,186.56,118,10,6.515,0,3779,19633724.73,99.665,79.996,Delist candidate — worst capital-to-value ratio
84452,METAL RABBIT LADDER EASTER,C,Z,CZ,186.16,198,23,2.648,0,3780,19633910.89,99.666,80.017,Delist candidate — worst capital-to-value ratio
16053,POPART COL BALLPOINT PEN ASST,C,Z,CZ,185.73,4313,10,6.619,0,3781,19634096.62,99.667,80.038,Delist candidate — worst capital-to-value ratio
84877A,PINK ROUND COMPACT MIRROR,C,Z,CZ,185.66,74,16,4.156,0,3782,19634282.28,99.668,80.059,Delist candidate — worst capital-to-value ratio
35838A,S/6 MULTICOLOUR ORNAMENETAL CANDLE,C,Z,CZ,185.25,181,7,5.573,0,3783,19634467.53,99.669,80.08,Delist candidate — worst capital-to-value ratio
20968,GREEN FLORAL FELTCRAFT SHOULDER BAG,C,Z,CZ,185.11,43,4,5.844,0,3784,19634652.64,99.67,80.102,Delist candidate — worst capital-to-value ratio
35911B,PINK/FLOWER RABBIT EGG WARMER,C,Z,CZ,184.76,159,14,4.107,0,3785,19634837.4,99.671,80.123,Delist candidate — worst capital-to-value ratio
23416,CHAMBRE HOOK,C,Z,CZ,184.68,132,12,4.144,0,3786,19635022.08,99.672,80.144,Delist candidate — worst capital-to-value ratio
20957,PORCELAIN HANGING BELL SMALL,C,Z,CZ,184.61,126,13,3.888,0,3787,19635206.69,99.672,80.165,Delist candidate — worst capital-to-value ratio
84029D,LEOPARD PRINT HOT WATER BOTTLE,C,Z,CZ,183.98,51,7,6.005,0,3788,19635390.67,99.673,80.186,Delist candidate — worst capital-to-value ratio
90125A,PINK BERTIE GLASS BEAD BAG CHARM,C,Z,CZ,183.97,149,14,4.304,0,3789,19635574.64,99.674,80.207,Delist candidate — worst capital-to-value ratio
21018,BIRD BOX CHRISTMAS TREE DECORATION,C,Z,CZ,183.56,214,18,3.112,0,3790,19635758.2,99.675,80.229,Delist candidate — worst capital-to-value ratio
90129F,RED GLASS TASSLE BAG CHARM,C,Z,CZ,183.26,81,31,2.121,1,3791,19635941.46,99.676,80.25,Delist candidate — worst capital-to-value ratio
90086,CRYSTAL FROG PHONE CHARM,C,Z,CZ,182.79,216,34,3.254,1,3792,19636124.25,99.677,80.271,Delist candidate — worst capital-to-value ratio
17090A,LAVENDER INCENSE 40 CONES IN TIN,C,Z,CZ,182.65,173,24,3.438,0,3793,19636306.9,99.678,80.292,Delist candidate — worst capital-to-value ratio
90214S,"LETTER ""S"" BLING KEY RING",C,Z,CZ,182.59,185,49,2.086,1,3794,19636489.49,99.679,80.313,Delist candidate — worst capital-to-value ratio
20796,SMALL BLUE PROVENCAL CERAMIC BALL,C,Z,CZ,182.16,99,19,2.9,0,3795,19636671.65,99.68,80.334,Delist candidate — worst capital-to-value ratio
79144B,PAINTED LIGHTBULB STAR+ MOON,C,Z,CZ,181.87,352,56,1.777,1,3796,19636853.52,99.681,80.356,Delist candidate — worst capital-to-value ratio
84464,S/60 PINK FLUFFY CHICKS IN BOX,C,Z,CZ,181.65,83,6,6.388,0,3797,19637035.17,99.682,80.377,Delist candidate — worst capital-to-value ratio
37379B,BLUE CHERRY BLOSSOM CUP & SAUCER,C,Z,CZ,181.5,1122,3,10.04,0,3798,19637216.67,99.683,80.398,Delist candidate — worst capital-to-value ratio
79144C,PAINTED LIGHTBULB RAINBOW DESIGN,C,Z,CZ,180.98,308,60,1.69,1,3799,19637397.65,99.684,80.419,Delist candidate — worst capital-to-value ratio
16043,POP ART PUSH DOWN RUBBER,C,Z,CZ,180.3,2145,11,6.399,0,3800,19637577.95,99.684,80.44,Delist candidate — worst capital-to-value ratio
35818B,"ACRYLIC JEWEL ICICLE, BLUE",C,Z,CZ,180.05,408,10,4.708,0,3801,19637758.0,99.685,80.461,Delist candidate — worst capital-to-value ratio
90180B,PURPLE AMETHYST NECKLACE W TASSEL,C,Z,CZ,179.88,18,13,2.826,0,3802,19637937.88,99.686,80.483,Delist candidate — worst capital-to-value ratio
47347B,BLUE FLOWER T-LIGHT HOLDER,C,Z,CZ,179.88,240,8,6.753,0,3803,19638117.76,99.687,80.504,Delist candidate — worst capital-to-value ratio
84962,SET/3 COLOUR PAINTED KASHMIRI STOOL,C,Z,CZ,179.85,3,2,7.535,0,3804,19638297.61,99.688,80.525,Delist candidate — worst capital-to-value ratio
21310,CAPIZ CHANDELIER,C,Z,CZ,179.7,6,4,5.281,0,3805,19638477.31,99.689,80.546,Delist candidate — worst capital-to-value ratio
17011A,ORIGAMI VANILLA INCENSE+FLOWER,C,Z,CZ,179.56,261,10,7.752,0,3806,19638656.87,99.69,80.567,Delist candidate — worst capital-to-value ratio
90063A,WHITE VINT ART DECO CRYSTAL NECKLAC,C,Z,CZ,178.48,21,13,2.863,0,3807,19638835.35,99.691,80.588,Delist candidate — worst capital-to-value ratio
90013D,PURPLE VINTAGE EARRINGS,C,Z,CZ,178.11,46,16,3.389,0,3808,19639013.46,99.692,80.61,Delist candidate — worst capital-to-value ratio
21031,SPACE CADET BLACK,C,Z,CZ,177.95,145,30,2.493,1,3809,19639191.41,99.693,80.631,Delist candidate — worst capital-to-value ratio
90000B,MIDNIGHT BLUE COPPER FLOWER NECKLAC,C,Z,CZ,177.29,29,19,2.459,0,3810,19639368.7,99.694,80.652,Delist candidate — worst capital-to-value ratio
90072,RUBY DROP CHANDELIER EARRINGS,C,Z,CZ,176.31,44,27,2.446,1,3811,19639545.01,99.694,80.673,Delist candidate — worst capital-to-value ratio
82607C,GLASS BONBON JAR. SUPERFINES,C,Z,CZ,175.61,115,12,3.877,0,3812,19639720.62,99.695,80.694,Delist candidate — worst capital-to-value ratio
84564,6 SEGMENT COLOURED SNACK BOWL,C,Z,CZ,175.48,21,8,5.202,0,3813,19639896.1,99.696,80.715,Delist candidate — worst capital-to-value ratio
84967A,PINK KASHMIRI OCCASIONAL TABLE,C,Z,CZ,174.9,3,3,5.802,0,3814,19640071.0,99.697,80.737,Delist candidate — worst capital-to-value ratio
22886,NUMBER TILE VINTAGE FONT 7,C,Z,CZ,174.16,98,25,3.978,0,3815,19640245.16,99.698,80.758,Delist candidate — worst capital-to-value ratio
82587,TEXRIO TOMATOES CANDLE+CUP,C,Z,CZ,173.03,133,19,2.978,0,3816,19640418.19,99.699,80.779,Delist candidate — worst capital-to-value ratio
21461,BLUE EASTER EGG HUNT START POST,C,Z,CZ,172.99,83,14,3.804,0,3817,19640591.18,99.7,80.8,Delist candidate — worst capital-to-value ratio
75011,BLUE DAISY MOBILE,C,Z,CZ,172.51,181,15,4.552,0,3818,19640763.69,99.701,80.821,Delist candidate — worst capital-to-value ratio
90123D,WHITE HEART OF GLASS BRACELET,C,Z,CZ,172.39,29,14,4.543,0,3819,19640936.08,99.702,80.843,Delist candidate — worst capital-to-value ratio
90060F,FIRE POLISHED GLASS NECKL GREEN,C,Z,CZ,172.09,29,16,3.39,0,3820,19641108.17,99.702,80.864,Delist candidate — worst capital-to-value ratio
85185C,COW  SOCK PUPPET,C,Z,CZ,171.1,58,18,2.94,0,3821,19641279.27,99.703,80.885,Delist candidate — worst capital-to-value ratio
84706C,PINK FLOCK TABLE CLOCK,C,Z,CZ,170.8,84,4,5.835,0,3822,19641450.07,99.704,80.906,Delist candidate — worst capital-to-value ratio
90063B,BLACK VINT ART DEC CRYSTAL NECKLACE,C,Z,CZ,170.17,20,11,3.311,0,3823,19641620.24,99.705,80.927,Delist candidate — worst capital-to-value ratio
17014A,ORIGAMI VANILLA INCENSE CONES,C,Z,CZ,170.13,276,14,4.933,0,3824,19641790.37,99.706,80.948,Delist candidate — worst capital-to-value ratio
84531A,PINK KNITTED EGG COSY,C,Z,CZ,169.36,191,23,3.359,0,3825,19641959.73,99.707,80.97,Delist candidate — worst capital-to-value ratio
37491C,GREEN/BLUE CERAMIC CANDLE HOLDER,C,Z,CZ,169.17,59,7,7.201,0,3826,19642128.9,99.708,80.991,Delist candidate — worst capital-to-value ratio
90166,PINK & WHITE ROSEBUD RING,C,Z,CZ,168.94,40,24,2.232,0,3827,19642297.84,99.708,81.012,Delist candidate — worst capital-to-value ratio
90019B,GOLD M.O.P ORBIT BRACELET,C,Z,CZ,168.62,32,24,2.019,0,3828,19642466.46,99.709,81.033,Delist candidate — worst capital-to-value ratio
90204,PAIR OF ENAMEL BUTTERFLY HAIRCLIP,C,Z,CZ,168.46,50,26,2.289,1,3829,19642634.92,99.71,81.054,Delist candidate — worst capital-to-value ratio
90065B,BLACK VINT ART DEC CRYSTAL BRACELET,C,Z,CZ,168.37,24,12,3.516,0,3830,19642803.29,99.711,81.075,Delist candidate — worst capital-to-value ratio
85205A,IVORY FELT EASTER RABBIT GARLAND,C,Z,CZ,168.3,66,8,4.065,0,3831,19642971.59,99.712,81.097,Delist candidate — worst capital-to-value ratio
90186B,CRYSTAL HOOP EARRING FLORAL LEAF,C,Z,CZ,168.26,57,24,2.503,0,3832,19643139.85,99.713,81.118,Delist candidate — worst capital-to-value ratio
21087,SET/6 POSIES PAPER CUPS,C,Z,CZ,168.08,260,22,2.899,0,3833,19643307.93,99.714,81.139,Delist candidate — worst capital-to-value ratio
35916C,PINK FELT HANGING HEART W FLOWER,C,Z,CZ,167.55,157,30,2.744,1,3834,19643475.48,99.714,81.16,Delist candidate — worst capital-to-value ratio
90123B,TURQUOISE HEART OF GLASS BRACELET,C,Z,CZ,166.59,28,12,3.226,0,3835,19643642.07,99.715,81.181,Delist candidate — worst capital-to-value ratio
90211A,DIAMOND LAS VEGAS NECKLACE 45CM,C,Z,CZ,166.57,28,18,2.429,0,3836,19643808.64,99.716,81.202,Delist candidate — worst capital-to-value ratio
84231,EASTER BUNNY WITH BASKET ON BACK,C,Z,CZ,166.21,230,23,2.555,0,3837,19643974.85,99.717,81.224,Delist candidate — worst capital-to-value ratio
90214L,"LETTER ""L"" BLING KEY RING",C,Z,CZ,166.06,176,47,2.498,1,3838,19644140.91,99.718,81.245,Delist candidate — worst capital-to-value ratio
84531B,BLUE KNITTED EGG COSY,C,Z,CZ,165.96,195,25,3.302,0,3839,19644306.87,99.719,81.266,Delist candidate — worst capital-to-value ratio
90003B,ROSE COLOUR PAIR HEART HAIR SLIDES,C,Z,CZ,165.81,44,21,2.657,0,3840,19644472.68,99.719,81.287,Delist candidate — worst capital-to-value ratio
10123G,ARMY CAMO WRAPPING TAPE,C,Z,CZ,165.56,2251,11,7.006,0,3841,19644638.24,99.72,81.308,Delist candidate — worst capital-to-value ratio
90093,CLEAR CRYSTAL STAR PHONE CHARM,C,Z,CZ,165.34,209,20,3.777,0,3842,19644803.58,99.721,81.329,Delist candidate — worst capital-to-value ratio
23694,PAISLEY PARK CARD,C,Z,CZ,165.08,376,4,5.68,0,3843,19644968.66,99.722,81.351,Delist candidate — worst capital-to-value ratio
37479P,CUBIC MUG FLOCK PINK ON BROWN,C,Z,CZ,164.76,182,27,2.687,1,3844,19645133.42,99.723,81.372,Delist candidate — worst capital-to-value ratio
90018B,GOLD M.O.P ORBIT DROP EARRINGS,C,Z,CZ,164.62,39,29,1.742,1,3845,19645298.04,99.724,81.393,Delist candidate — worst capital-to-value ratio
90129D,AMBER GLASS TASSLE BAG CHARM,C,Z,CZ,164.52,68,25,2.672,0,3846,19645462.56,99.725,81.414,Delist candidate — worst capital-to-value ratio
85024C,PINK SMALL JEWELLED PHOTOFRAME,C,Z,CZ,163.35,99,33,2.23,1,3847,19645625.91,99.725,81.435,Delist candidate — worst capital-to-value ratio
16202E,BLACK PHOTO ALBUM,C,Z,CZ,162.73,82,11,4.142,0,3848,19645788.64,99.726,81.456,Delist candidate — worst capital-to-value ratio
90039D,FIRE POLISHED GLASS BRACELET GREEN,C,Z,CZ,162.66,43,22,3.381,0,3849,19645951.3,99.727,81.478,Delist candidate — worst capital-to-value ratio
90214C,"LETTER ""C"" BLING KEY RING",C,Z,CZ,162.53,165,43,2.322,1,3850,19646113.83,99.728,81.499,Delist candidate — worst capital-to-value ratio
90162B,ANT SILVER LIME GREEN BOUDICCA RING,C,Z,CZ,162.25,55,15,3.285,0,3851,19646276.08,99.729,81.52,Delist candidate — worst capital-to-value ratio
47369B,BLUE GREEN EMBROIDERY COSMETIC BAG,C,Z,CZ,162.03,57,18,3.44,0,3852,19646438.11,99.729,81.541,Delist candidate — worst capital-to-value ratio
20693,FLORAL DINOSAUR GREEN,C,Z,CZ,161.89,33,9,3.715,0,3853,19646600.0,99.73,81.562,Delist candidate — worst capital-to-value ratio
90190C,SILVER/AMETHYST DROP EARRINGS LEAF,C,Z,CZ,161.82,55,24,3.498,0,3854,19646761.82,99.731,81.583,Delist candidate — worst capital-to-value ratio
90214J,"LETTER ""J"" BLING KEY RING",C,Z,CZ,161.47,157,50,1.76,1,3855,19646923.29,99.732,81.605,Delist candidate — worst capital-to-value ratio
90042A,FRESHWATER PEARL BRACELET GOLD,C,Z,CZ,160.79,63,21,2.881,0,3856,19647084.08,99.733,81.626,Delist candidate — worst capital-to-value ratio
90123C,GREEN HEART OF GLASS BRACELET,C,Z,CZ,160.75,27,12,3.205,0,3857,19647244.83,99.734,81.647,Delist candidate — worst capital-to-value ratio
21353,SILVER SLEIGHBELL  WREATH,C,Z,CZ,160.45,19,3,9.101,0,3858,19647405.28,99.734,81.668,Delist candidate — worst capital-to-value ratio
22887,NUMBER TILE VINTAGE FONT 8,C,Z,CZ,160.36,92,25,4.277,0,3859,19647565.64,99.735,81.689,Delist candidate — worst capital-to-value ratio
81952V,ROUND PURPLE CLOCK WITH SUCKER,C,Z,CZ,160.25,466,32,3.304,1,3860,19647725.89,99.736,81.71,Delist candidate — worst capital-to-value ratio
84599,CANDY STRIPE ROSE FLOOR CUSHION,C,Z,CZ,160.15,15,4,5.215,0,3861,19647886.04,99.737,81.732,Delist candidate — worst capital-to-value ratio
23305,SET 4 PICNIC CUTLERY BLUEBERRY,C,Z,CZ,159.9,82,5,5.406,0,3862,19648045.94,99.738,81.753,Delist candidate — worst capital-to-value ratio
90214K,"LETTER ""K"" BLING KEY RING",C,Z,CZ,159.65,155,50,2.198,1,3863,19648205.59,99.738,81.774,Delist candidate — worst capital-to-value ratio
37379A,PINK CHERRY BLOSSOM CUP & SAUCER,C,Z,CZ,159.2,41,12,3.472,0,3864,19648364.79,99.739,81.795,Delist candidate — worst capital-to-value ratio
16054,POPART RECT PENCIL SHARPENER ASST,C,Z,CZ,159.0,1210,26,2.416,1,3865,19648523.79,99.74,81.816,Delist candidate — worst capital-to-value ratio
85166A,WHITE METAL BAROQUE PHOTO FRAME,C,Z,CZ,158.9,77,5,6.371,0,3866,19648682.69,99.741,81.837,Delist candidate — worst capital-to-value ratio
90048,GREEN WITH METAL BAG CHARM,C,Z,CZ,158.89,31,7,6.692,0,3867,19648841.58,99.742,81.859,Delist candidate — worst capital-to-value ratio
22864,MUG AND COASTER SET RED CIRCLES,C,Z,CZ,158.76,378,2,8.941,0,3868,19649000.34,99.742,81.88,Delist candidate — worst capital-to-value ratio
48175,DOOR MAT CAMOUFLAGE,C,Z,CZ,158.04,39,1,10.149,0,3869,19649158.38,99.743,81.901,Delist candidate — worst capital-to-value ratio
84927A,WAKE UP COCKEREL TILE HOOK,C,Z,CZ,157.61,226,27,4.605,1,3870,19649315.99,99.744,81.922,Delist candidate — worst capital-to-value ratio
21489,BLUE WHITE SCARF HOT WATER BOTTLE,C,Z,CZ,157.6,28,4,6.459,0,3871,19649473.59,99.745,81.943,Delist candidate — worst capital-to-value ratio
72140E,BEST DAD CANDLE LETTERS,C,Z,CZ,157.57,219,25,4.822,0,3872,19649631.16,99.746,81.964,Delist candidate — worst capital-to-value ratio
23417,BATHROOM HOOK,C,Z,CZ,157.5,146,10,5.361,0,3873,19649788.66,99.746,81.986,Delist candidate — worst capital-to-value ratio
90059A,DIAMANTE HAIR GRIP PACK/2 CRYSTAL,C,Z,CZ,156.98,94,35,1.932,1,3874,19649945.64,99.747,82.007,Delist candidate — worst capital-to-value ratio
23468,TUSCAN VILLA BIRD TABLE,C,Z,CZ,156.75,19,8,4.0,0,3875,19650102.39,99.748,82.028,Delist candidate — worst capital-to-value ratio
17178,FLAT PALM T-LIGHT HOLDER,C,Z,CZ,156.65,133,16,3.503,0,3876,19650259.04,99.749,82.049,Delist candidate — worst capital-to-value ratio
46138B,BLUE CHENILLE SHAGGY CUSHION COVER,C,Z,CZ,156.29,71,22,3.194,0,3877,19650415.33,99.75,82.07,Delist candidate — worst capital-to-value ratio
84228,HEN HOUSE W CHICK STANDING,C,Z,CZ,156.07,354,25,3.97,0,3878,19650571.4,99.75,82.091,Delist candidate — worst capital-to-value ratio
84914A,PINK ROSE PICNIC RUG,C,Z,CZ,155.7,6,5,4.702,0,3879,19650727.1,99.751,82.113,Delist candidate — worst capital-to-value ratio
90183A,AMBER DROP EARRINGS W LONG BEADS,C,Z,CZ,155.65,53,24,2.581,0,3880,19650882.75,99.752,82.134,Delist candidate — worst capital-to-value ratio
20664,TROPICAL HOLIDAY PURSE,C,Z,CZ,155.41,57,24,2.465,0,3881,19651038.16,99.753,82.155,Delist candidate — worst capital-to-value ratio
23496,PANTRY KITCHEN THERMOMETER,C,Z,CZ,154.52,112,7,4.432,0,3882,19651192.68,99.754,82.176,Delist candidate — worst capital-to-value ratio
84510E,SET OF 4 GREEN CAROUSEL COASTERS,C,Z,CZ,152.86,162,29,6.292,1,3883,19651345.54,99.754,82.197,Delist candidate — worst capital-to-value ratio
79192A,RETRO PLASTIC 70'S TRAY,C,Z,CZ,152.64,114,25,2.872,0,3884,19651498.18,99.755,82.218,Delist candidate — worst capital-to-value ratio
84622,PINK GINGHAM ROSE CUSHION COVER,C,Z,CZ,152.6,23,5,6.363,0,3885,19651650.78,99.756,82.24,Delist candidate — worst capital-to-value ratio
90030C,BROWN KUKUI COCONUT SEED NECKLACE,C,Z,CZ,151.3,87,13,4.537,0,3886,19651802.08,99.757,82.261,Delist candidate — worst capital-to-value ratio
20952,PORCELAIN CHERUB BELL SMALL,C,Z,CZ,151.14,330,17,7.643,0,3887,19651953.22,99.757,82.282,Delist candidate — worst capital-to-value ratio
79161A,ST GEORGE SET OF 10 PARTY LIGHTS,C,Z,CZ,150.45,51,14,3.773,0,3888,19652103.67,99.758,82.303,Delist candidate — worst capital-to-value ratio
35980C,REDWHITE STRIPE SCANDINAVIAN HEART,C,Z,CZ,150.3,384,18,4.705,0,3889,19652253.97,99.759,82.324,Delist candidate — worst capital-to-value ratio
90042C,FRESHWATER PEARL BRACELET IVORY,C,Z,CZ,150.21,59,19,3.041,0,3890,19652404.18,99.76,82.345,Delist candidate — worst capital-to-value ratio
84527,FLAMES SUNGLASSES PINK LENSES,C,Z,CZ,150.01,79,18,3.735,0,3891,19652554.19,99.761,82.367,Delist candidate — worst capital-to-value ratio
17108D,FLOWER FAIRY SUMMER BOUQUET SACHET,C,Z,CZ,149.1,355,12,3.188,0,3892,19652703.29,99.761,82.388,Delist candidate — worst capital-to-value ratio
90040D,MURANO STYLE GLASS BRACELET PINK,C,Z,CZ,148.87,41,17,2.757,0,3893,19652852.16,99.762,82.409,Delist candidate — worst capital-to-value ratio
84709A,SILVER OVAL JEWELLED MIRROR,C,Z,CZ,148.75,25,12,3.485,0,3894,19653000.91,99.763,82.43,Delist candidate — worst capital-to-value ratio
71496A,A4 WALL TIDY BLUE OFFICE,C,Z,CZ,148.01,244,16,4.882,0,3895,19653148.92,99.764,82.451,Delist candidate — worst capital-to-value ratio
90022,EDWARDIAN DROP EARRINGS JET BLACK,C,Z,CZ,147.17,39,23,2.402,0,3896,19653296.09,99.764,82.472,Delist candidate — worst capital-to-value ratio
84720,DOT MATRIX CANVAS ART PICTURE,C,Z,CZ,147.05,35,2,7.378,0,3897,19653443.14,99.765,82.494,Delist candidate — worst capital-to-value ratio
90040C,MURANO STYLE GLASS BRACELET GOLD,C,Z,CZ,146.75,41,18,2.689,0,3898,19653589.89,99.766,82.515,Delist candidate — worst capital-to-value ratio
90002A,FLOWER BURST SILVER RING OPAL,C,Z,CZ,146.25,39,11,3.664,0,3899,19653736.14,99.767,82.536,Delist candidate — worst capital-to-value ratio
90016C,SILVER/BLACK PENDANT ORBIT NECKLACE,C,Z,CZ,144.07,17,11,3.298,0,3900,19653880.21,99.767,82.557,Delist candidate — worst capital-to-value ratio
35610B,BLACK CHRISTMAS FLOCK DROPLET,C,Z,CZ,144.07,179,11,5.741,0,3901,19654024.28,99.768,82.578,Delist candidate — worst capital-to-value ratio
79191D,RETRO PLASTIC DAISY TRAY,C,Z,CZ,143.87,138,40,2.238,1,3902,19654168.15,99.769,82.599,Delist candidate — worst capital-to-value ratio
90036B,"FLOWER GLASS GARLAND NECKL.36""GREEN",C,Z,CZ,143.1,18,9,4.197,0,3903,19654311.25,99.769,82.621,Delist candidate — worst capital-to-value ratio
10120,DOGGY RUBBER,C,Z,CZ,142.95,665,42,2.277,1,3904,19654454.2,99.77,82.642,Delist candidate — worst capital-to-value ratio
84874B,BLUE TRAVEL FIRST AID KIT,C,Z,CZ,141.76,86,31,2.344,1,3905,19654595.96,99.771,82.663,Delist candidate — worst capital-to-value ratio
90202D,PINK ENAMEL FLOWER HAIR TIE,C,Z,CZ,141.49,48,22,3.221,0,3906,19654737.45,99.772,82.684,Delist candidate — worst capital-to-value ratio
72740A,LARGE STRAWBERRY CHOCOLATE CANDLE,C,Z,CZ,141.23,65,4,6.947,0,3907,19654878.68,99.772,82.705,Delist candidate — worst capital-to-value ratio
90214M,"LETTER ""M"" BLING KEY RING",C,Z,CZ,141.07,139,42,1.978,1,3908,19655019.75,99.773,82.727,Delist candidate — worst capital-to-value ratio
47369A,PINK GREEN EMBROIDERY COSMETIC BAG,C,Z,CZ,140.4,48,17,2.817,0,3909,19655160.15,99.774,82.748,Delist candidate — worst capital-to-value ratio
84617,NEW BAROQUE BLACK BOXES,C,Z,CZ,140.25,11,6,4.526,0,3910,19655300.4,99.774,82.769,Delist candidate — worst capital-to-value ratio
84765,SILVER ROCOCO CANDELABRA,C,Z,CZ,140.23,9,5,4.837,0,3911,19655440.63,99.775,82.79,Delist candidate — worst capital-to-value ratio
90212B,JET BLACK LAS VEGAS BRACELET ROUND,C,Z,CZ,140.07,37,22,2.368,0,3912,19655580.7,99.776,82.811,Delist candidate — worst capital-to-value ratio
78026,SEAGRASS S/3 SQU LAUNDRY BOX,C,Z,CZ,139.95,12,2,9.333,0,3913,19655720.65,99.777,82.832,Delist candidate — worst capital-to-value ratio
90199A,5 STRAND GLASS NECKLACE BLACK,C,Z,CZ,139.5,22,14,2.981,0,3914,19655860.15,99.777,82.854,Delist candidate — worst capital-to-value ratio
23463,VINTAGE ZINC WATERING CAN,C,Z,CZ,139.4,13,6,4.532,0,3915,19655999.55,99.778,82.875,Delist candidate — worst capital-to-value ratio
90214E,"LETTER ""E"" BLING KEY RING",C,Z,CZ,139.28,142,42,2.318,1,3916,19656138.83,99.779,82.896,Delist candidate — worst capital-to-value ratio
90199D,5 STRAND GLASS NECKLACE AMBER,C,Z,CZ,139.28,22,15,3.322,0,3917,19656278.11,99.779,82.917,Delist candidate — worst capital-to-value ratio
23304,SET 4 PICNIC CUTLERY CHERRY,C,Z,CZ,138.45,71,4,6.047,0,3918,19656416.56,99.78,82.938,Delist candidate — worst capital-to-value ratio
72754B,F FAIRY POTPOURRI CUSHIONS LAVENDER,C,Z,CZ,137.54,170,4,5.502,0,3919,19656554.1,99.781,82.959,Delist candidate — worst capital-to-value ratio
35816P,"ACRYLIC JEWEL ANGEL,PINK",C,Z,CZ,137.43,297,8,5.684,0,3920,19656691.53,99.782,82.981,Delist candidate — worst capital-to-value ratio
90156,RESIN BRACELET W PASTEL BEADS,C,Z,CZ,137.37,25,12,3.934,0,3921,19656828.9,99.782,83.002,Delist candidate — worst capital-to-value ratio
84549,CROCHET WHITE RABBIT KEYRING,C,Z,CZ,137.27,75,15,3.971,0,3922,19656966.17,99.783,83.023,Delist candidate — worst capital-to-value ratio
35824P,"HANGING FLOWERS+MIRROR,PINK",C,Z,CZ,136.44,324,3,9.049,0,3923,19657102.61,99.784,83.044,Delist candidate — worst capital-to-value ratio
90151,SILVER/NATURAL SHELL NECKLACE,C,Z,CZ,136.17,16,9,3.8,0,3924,19657238.78,99.784,83.065,Delist candidate — worst capital-to-value ratio
90024E,NEW BAROQUE B'FLY NECKLACE MONTANA,C,Z,CZ,135.98,16,10,4.301,0,3925,19657374.76,99.785,83.086,Delist candidate — worst capital-to-value ratio
90194,SILVER LARIAT BLACK STONE EARRINGS,C,Z,CZ,135.84,32,18,2.553,0,3926,19657510.6,99.786,83.108,Delist candidate — worst capital-to-value ratio
90038A,GLASS AND PAINTED BEADS BRACELET TO,C,Z,CZ,135.8,36,21,2.798,0,3927,19657646.4,99.786,83.129,Delist candidate — worst capital-to-value ratio
90177D,DROP DIAMANTE EARRINGS PURPLE,C,Z,CZ,135.76,46,19,3.179,0,3928,19657782.16,99.787,83.15,Delist candidate — worst capital-to-value ratio
17011D,ORIGAMI ROSE INCENSE+FLOWER,C,Z,CZ,135.7,209,3,9.393,0,3929,19657917.86,99.788,83.171,Delist candidate — worst capital-to-value ratio
77079,DOLPHIN WINDMILL,C,Z,CZ,135.68,64,11,3.886,0,3930,19658053.54,99.788,83.192,Delist candidate — worst capital-to-value ratio
72134,COLUMBIAN  CUBE CANDLE,C,Z,CZ,134.85,339,24,4.565,0,3931,19658188.39,99.789,83.213,Delist candidate — worst capital-to-value ratio
16020C,CLEAR STATIONERY BOX SET,C,Z,CZ,134.5,160,24,3.107,0,3932,19658322.89,99.79,83.235,Delist candidate — worst capital-to-value ratio
22879,NUMBER TILE VINTAGE FONT 0,C,Z,CZ,134.4,82,19,4.718,0,3933,19658457.29,99.79,83.256,Delist candidate — worst capital-to-value ratio
35015,JACOBS LADDER SMALL,C,Z,CZ,134.08,2072,22,2.868,0,3934,19658591.37,99.791,83.277,Delist candidate — worst capital-to-value ratio
84555A,YELLOW VW BEETLE CERAMIC MONEY BOX,C,Z,CZ,133.85,47,10,4.206,0,3935,19658725.22,99.792,83.298,Delist candidate — worst capital-to-value ratio
35609A,PINK FEATHER CHRISTMAS DECORATION,C,Z,CZ,133.23,447,15,3.848,0,3936,19658858.45,99.793,83.319,Delist candidate — worst capital-to-value ratio
46137D,GREEN CHENILLE SHAGGY RUG,C,Z,CZ,132.75,45,4,7.143,0,3937,19658991.2,99.793,83.34,Delist candidate — worst capital-to-value ratio
90190B,GOLD/AMBER DROP EARRINGS W LEAF,C,Z,CZ,132.58,45,15,3.775,0,3938,19659123.78,99.794,83.362,Delist candidate — worst capital-to-value ratio
90137,PINK COMBO MINI CRYSTALS NECKLACE,C,Z,CZ,132.52,26,11,3.669,0,3939,19659256.3,99.795,83.383,Delist candidate — worst capital-to-value ratio
45013,FOLDING SHOE TIDY,C,Z,CZ,132.0,48,7,6.244,0,3940,19659388.3,99.795,83.404,Delist candidate — worst capital-to-value ratio
47592B,SCOTTIES DESIGN CHILD'S OVERALL,C,Z,CZ,131.9,67,13,3.341,0,3941,19659520.2,99.796,83.425,Delist candidate — worst capital-to-value ratio
84559D,3D SHEET OF SEA WORLD STICKERS,C,Z,CZ,131.79,151,22,2.933,0,3942,19659651.99,99.797,83.446,Delist candidate — worst capital-to-value ratio
90023,FILIGREE DIAMANTE EARRINGS,C,Z,CZ,131.74,31,19,2.367,0,3943,19659783.73,99.797,83.467,Delist candidate — worst capital-to-value ratio
90165B,WHITE ROSEBUD  PEARL EARRINGS,C,Z,CZ,131.65,52,28,2.37,1,3944,19659915.38,99.798,83.489,Delist candidate — worst capital-to-value ratio
35933,PINK STOCKING CHRISTMAS DECORATION,C,Z,CZ,131.38,319,18,3.213,0,3945,19660046.76,99.799,83.51,Delist candidate — worst capital-to-value ratio
90101,WHITE FRANGIPANI NECKLACE,C,Z,CZ,131.16,52,26,3.15,1,3946,19660177.92,99.799,83.531,Delist candidate — worst capital-to-value ratio
84656,WHITE ROSE C/COVER,C,Z,CZ,130.9,22,9,4.332,0,3947,19660308.82,99.8,83.552,Delist candidate — worst capital-to-value ratio
22888,NUMBER TILE VINTAGE FONT 9,C,Z,CZ,130.83,79,20,4.745,0,3948,19660439.65,99.801,83.573,Delist candidate — worst capital-to-value ratio
16119,FUNKY GIRL ADDRESS BOOK,C,Z,CZ,130.71,273,3,7.36,0,3949,19660570.36,99.801,83.594,Delist candidate — worst capital-to-value ratio
84925E,FLOWERS WALL THERMOMETER,C,Z,CZ,130.05,75,3,9.744,0,3950,19660700.41,99.802,83.616,Delist candidate — worst capital-to-value ratio
20899,VINTAGE NOTEBOOK RED ROSE,C,Z,CZ,129.8,44,10,4.491,0,3951,19660830.21,99.803,83.637,Delist candidate — worst capital-to-value ratio
90099,NECKLACE+BRACELET SET BLUE HIBISCUS,C,Z,CZ,129.69,42,18,2.801,0,3952,19660959.9,99.803,83.658,Delist candidate — worst capital-to-value ratio
90190A,SILVER/CRYSTAL DROP EARRINGS W LEAF,C,Z,CZ,129.59,44,20,2.554,0,3953,19661089.49,99.804,83.679,Delist candidate — worst capital-to-value ratio
84886,BLUE METAL WALL SHELF,C,Z,CZ,129.35,13,6,4.394,0,3954,19661218.84,99.804,83.7,Delist candidate — worst capital-to-value ratio
10080,GROOVY CACTUS INFLATABLE,C,Z,CZ,129.29,315,20,2.901,0,3955,19661348.13,99.805,83.721,Delist candidate — worst capital-to-value ratio
84858A,NATURAL RIVIERA HANDBAG,C,Z,CZ,128.83,53,6,7.933,0,3956,19661476.96,99.806,83.743,Delist candidate — worst capital-to-value ratio
90181A,AMBER GLASS/SHELL/PEARL NECKLACE,C,Z,CZ,128.64,14,12,2.924,0,3957,19661605.6,99.806,83.764,Delist candidate — worst capital-to-value ratio
90003E,GREEN PAIR HEART HAIR SLIDES,C,Z,CZ,127.81,34,18,2.63,0,3958,19661733.41,99.807,83.785,Delist candidate — worst capital-to-value ratio
84251G,"GREETING CARD, OVERCROWDED POOL.",C,Z,CZ,127.75,473,48,1.638,1,3959,19661861.16,99.808,83.806,Delist candidate — worst capital-to-value ratio
90024D,NEW BAROQUE B'FLY NECKLACE PINK,C,Z,CZ,127.5,15,12,2.951,0,3960,19661988.66,99.808,83.827,Delist candidate — worst capital-to-value ratio
84782B,BLACK 3 TIER GLASS PLATE STAND,C,Z,CZ,127.5,10,6,4.895,0,3961,19662116.16,99.809,83.848,Delist candidate — worst capital-to-value ratio
85018C,S/6 PAPER BOXES CURIOUS IMAGES,C,Z,CZ,127.2,36,4,8.506,0,3962,19662243.36,99.81,83.87,Delist candidate — worst capital-to-value ratio
81950B,FLOWER BLUE CLOCK W/SUCKER,C,Z,CZ,127.03,217,27,4.396,1,3963,19662370.39,99.81,83.891,Delist candidate — worst capital-to-value ratio
16168S,FUNKY MONKEY GIFT BAG SMALL,C,Z,CZ,126.83,1283,6,6.196,0,3964,19662497.22,99.811,83.912,Delist candidate — worst capital-to-value ratio
23303,SET 4 PICNIC CUTLERY FONDANT,C,Z,CZ,126.75,65,4,5.632,0,3965,19662623.97,99.812,83.933,Delist candidate — worst capital-to-value ratio
84367,LA STREGA CANVAS PICTURE,C,Z,CZ,126.3,74,8,3.93,0,3966,19662750.27,99.812,83.954,Delist candidate — worst capital-to-value ratio
82607E,GLASS BONBON JAR. D'AMANDES,C,Z,CZ,126.25,101,14,4.235,0,3967,19662876.52,99.813,83.975,Delist candidate — worst capital-to-value ratio
90174,BUTTERFLY HAIR BAND,C,Z,CZ,126.12,50,27,2.252,1,3968,19663002.64,99.814,83.997,Delist candidate — worst capital-to-value ratio
90108,BLUE BLOSSOM HAIR CLIP,C,Z,CZ,125.83,109,18,3.413,0,3969,19663128.47,99.814,84.018,Delist candidate — worst capital-to-value ratio
23578,SNACK TRAY RED GINGHAM,C,Z,CZ,125.72,60,3,6.882,0,3970,19663254.19,99.815,84.039,Delist candidate — worst capital-to-value ratio
90138,WHITE/PINK MINI CRYSTALS NECKLACE,C,Z,CZ,125.64,24,17,2.833,0,3971,19663379.83,99.815,84.06,Delist candidate — worst capital-to-value ratio
84614A,PINK BAROQUE FLOCK CANDLE HOLDER,C,Z,CZ,124.83,17,10,3.187,0,3972,19663504.66,99.816,84.081,Delist candidate — worst capital-to-value ratio
90002C,FLOWER BURST SILVER RING MIDN'T BLU,C,Z,CZ,124.38,33,13,3.16,0,3973,19663629.04,99.817,84.102,Delist candidate — worst capital-to-value ratio
85190,PINK FLOWER HANGING HEART,C,Z,CZ,124.16,140,6,5.091,0,3974,19663753.2,99.817,84.124,Delist candidate — worst capital-to-value ratio
90162C,ANT SILVER FUSCHIA BOUDICCA RING,C,Z,CZ,123.9,42,16,2.884,0,3975,19663877.1,99.818,84.145,Delist candidate — worst capital-to-value ratio
72133,COLUMBIAN CANDLE RECTANGLE,C,Z,CZ,123.88,110,25,2.908,0,3976,19664000.98,99.819,84.166,Delist candidate — worst capital-to-value ratio
90168,2 DAISIES HAIR COMB,C,Z,CZ,123.76,42,19,3.043,0,3977,19664124.74,99.819,84.187,Delist candidate — worst capital-to-value ratio
17191A,ROSE FLOWER CANDLE+INCENSE 16X16CM,C,Z,CZ,123.75,33,10,3.741,0,3978,19664248.49,99.82,84.208,Delist candidate — worst capital-to-value ratio
20816,GOLD FLOWER CUSHION COVER,C,Z,CZ,123.6,24,6,4.74,0,3979,19664372.09,99.821,84.229,Delist candidate — worst capital-to-value ratio
22850,BREAD BIN DINER STYLE BLACK,C,Z,CZ,123.6,8,1,10.149,0,3980,19664495.69,99.821,84.251,Delist candidate — worst capital-to-value ratio
23477,WOODLAND LARGE BLUE FELT HEART,C,Z,CZ,123.47,92,7,3.757,0,3981,19664619.16,99.822,84.272,Delist candidate — worst capital-to-value ratio
21228,"POCKET MIRROR ""GLAMOROUS""",C,Z,CZ,122.57,97,24,2.673,0,3982,19664741.73,99.822,84.293,Delist candidate — worst capital-to-value ratio
79308B,MOSAIC CANDLE DISH BLUE PURPLE,C,Z,CZ,122.4,144,2,7.141,0,3983,19664864.13,99.823,84.314,Delist candidate — worst capital-to-value ratio
90205C,LARGE CRYSTAL DIAMANTE HAIRSLIDE,C,Z,CZ,122.31,78,20,5.349,0,3984,19664986.44,99.824,84.335,Delist candidate — worst capital-to-value ratio
84199,GLOW IN DARK DOLPHINS,C,Z,CZ,121.92,558,39,2.089,1,3985,19665108.36,99.824,84.356,Delist candidate — worst capital-to-value ratio
44242B,PINK FEATHERS CURTAIN,C,Z,CZ,121.53,109,9,4.677,0,3986,19665229.89,99.825,84.378,Delist candidate — worst capital-to-value ratio
79532,MOSAIC GLASS BALL CANDLEHOLDER,C,Z,CZ,121.25,97,13,3.582,0,3987,19665351.14,99.825,84.399,Delist candidate — worst capital-to-value ratio
84288B,SET/2 BLUE  NOODLE BASKETS,C,Z,CZ,120.9,62,14,3.608,0,3988,19665472.04,99.826,84.42,Delist candidate — worst capital-to-value ratio
84705B,FAIRY CAKES PHOTO FRAME,C,Z,CZ,120.13,86,3,7.71,0,3989,19665592.17,99.827,84.441,Delist candidate — worst capital-to-value ratio
23467,VINTAGE ZINC PLANTER,C,Z,CZ,120.08,32,7,4.033,0,3990,19665712.25,99.827,84.462,Delist candidate — worst capital-to-value ratio
35916B,BLUE FELT HANGING HEART WITH FLOWER,C,Z,CZ,119.67,132,28,2.717,1,3991,19665831.92,99.828,84.483,Delist candidate — worst capital-to-value ratio
84867A,PINK BABY GIRLS PHOTO ALBUM,C,Z,CZ,119.39,17,4,7.401,0,3992,19665951.31,99.829,84.505,Delist candidate — worst capital-to-value ratio
35607A,PINK FLUFFY CHRISTMAS DECORATION,C,Z,CZ,118.81,556,20,3.224,0,3993,19666070.12,99.829,84.526,Delist candidate — worst capital-to-value ratio
90018C,SILVER BLACK ORBIT DROP EARRINGS,C,Z,CZ,118.51,28,18,2.535,0,3994,19666188.63,99.83,84.547,Delist candidate — worst capital-to-value ratio
20887,BOX OF 6 PEBBLE CANDLES,C,Z,CZ,118.39,18,3,6.482,0,3995,19666307.02,99.83,84.568,Delist candidate — worst capital-to-value ratio
90139,FLOWER BROOCH 4 ASSORTED COLOURS,C,Z,CZ,118.24,23,6,4.157,0,3996,19666425.26,99.831,84.589,Delist candidate — worst capital-to-value ratio
20896,VINTAGE NOTEBOOK PINK FLOWER,C,Z,CZ,118.0,40,11,3.855,0,3997,19666543.26,99.832,84.61,Delist candidate — worst capital-to-value ratio
84751B,BLACK MEDIUM GLASS CAKE STAND,C,Z,CZ,117.44,40,15,3.211,0,3998,19666660.7,99.832,84.632,Delist candidate — worst capital-to-value ratio
35824C,"HANGING FLOWERS+MIRROR,CLEAR",C,Z,CZ,117.05,235,6,5.388,0,3999,19666777.75,99.833,84.653,Delist candidate — worst capital-to-value ratio
23151,ZINC SWEETHEART SOAP DISH,C,Z,CZ,116.82,62,12,4.526,0,4000,19666894.57,99.833,84.674,Delist candidate — worst capital-to-value ratio
23185,FRENCH STYLE STORAGE JAR JAM,C,Z,CZ,116.59,323,21,2.47,0,4001,19667011.16,99.834,84.695,Delist candidate — worst capital-to-value ratio
72038P,PRICE'S CANDLE PEACH,C,Z,CZ,116.5,1050,9,3.908,0,4002,19667127.66,99.834,84.716,Delist candidate — worst capital-to-value ratio
16206B,RED PURSE WITH PINK HEART,C,Z,CZ,116.4,96,12,5.385,0,4003,19667244.06,99.835,84.738,Delist candidate — worst capital-to-value ratio
20848,ZINC HEART LATTICE CHARGER SMALL,C,Z,CZ,115.05,39,12,3.811,0,4004,19667359.11,99.836,84.759,Delist candidate — worst capital-to-value ratio
84462,3 PINK HEN+CHICKS IN BASKET,C,Z,CZ,114.86,100,11,6.257,0,4005,19667473.97,99.836,84.78,Delist candidate — worst capital-to-value ratio
20698,LITTLE PINK MONSTER SOFT TOY,C,Z,CZ,114.45,47,19,2.691,0,4006,19667588.42,99.837,84.801,Delist candidate — worst capital-to-value ratio
90049,IVORY GOLD METAL BAG CHARM,C,Z,CZ,114.24,20,5,7.286,0,4007,19667702.66,99.837,84.822,Delist candidate — worst capital-to-value ratio
90030A,SPOTTED WHITE NATURAL SEED NECKLACE,C,Z,CZ,113.76,79,8,5.084,0,4008,19667816.42,99.838,84.843,Delist candidate — worst capital-to-value ratio
84249A,"GREETING CARD,SQUARE, DOUGHNUTS",C,Z,CZ,113.22,252,26,2.755,1,4009,19667929.64,99.839,84.865,Delist candidate — worst capital-to-value ratio
90179C,BLACK FINE BEAD NECKLACE W TASSEL,C,Z,CZ,112.78,19,13,2.917,0,4010,19668042.42,99.839,84.886,Delist candidate — worst capital-to-value ratio
21089,SET/6 GREEN SPRING PAPER CUPS,C,Z,CZ,112.54,323,29,2.281,1,4011,19668154.96,99.84,84.907,Delist candidate — worst capital-to-value ratio
84921,CREAM AND PINK FLOWERS PONY,C,Z,CZ,112.5,30,14,3.066,0,4012,19668267.46,99.84,84.928,Delist candidate — worst capital-to-value ratio
44236,PINK/PURPLE CIRCLE CURTAIN,C,Z,CZ,112.32,64,10,5.214,0,4013,19668379.78,99.841,84.949,Delist candidate — worst capital-to-value ratio
71510,SQUARE METAL CANDLEHOLDER BASE,C,Z,CZ,112.05,177,15,4.706,0,4014,19668491.83,99.841,84.97,Delist candidate — worst capital-to-value ratio
35916A,YELLOW FELT HANGING HEART W FLOWER,C,Z,CZ,112.04,129,30,2.575,1,4015,19668603.87,99.842,84.992,Delist candidate — worst capital-to-value ratio
71495B,CD WALL TIDY RED FLOWERS,C,Z,CZ,111.57,294,17,4.435,0,4016,19668715.44,99.843,85.013,Delist candidate — worst capital-to-value ratio
35966,FOLKART CHRISTMAS TREE T-LIGHT HOLD,C,Z,CZ,111.34,255,18,3.228,0,4017,19668826.78,99.843,85.034,Delist candidate — worst capital-to-value ratio
10138,ASSORTED COLOUR JUMBO PEN,C,Z,CZ,111.22,261,9,6.211,0,4018,19668938.0,99.844,85.055,Delist candidate — worst capital-to-value ratio
84493,BLUE/PINK NEST STRIPE BOX,C,Z,CZ,111.12,1142,5,7.091,0,4019,19669049.12,99.844,85.076,Delist candidate — worst capital-to-value ratio
90103,PURPLE FRANGIPANI NECKLACE,C,Z,CZ,110.85,44,22,3.541,0,4020,19669159.97,99.845,85.097,Delist candidate — worst capital-to-value ratio
82069,BEECH WOOD P/FRAME,C,Z,CZ,109.85,17,10,3.509,0,4021,19669269.82,99.845,85.119,Delist candidate — worst capital-to-value ratio
85185F,LION SOCK PUPPET,C,Z,CZ,109.15,37,8,3.993,0,4022,19669378.97,99.846,85.14,Delist candidate — worst capital-to-value ratio
84247H,PACK/12 DECOUPAGE CARD,C,Z,CZ,109.13,42,15,3.691,0,4023,19669488.1,99.846,85.161,Delist candidate — worst capital-to-value ratio
90177C,DROP DIAMANTE EARRINGS CRYSTAL,C,Z,CZ,109.03,37,20,2.781,0,4024,19669597.13,99.847,85.182,Delist candidate — worst capital-to-value ratio
90071,RUBY GLASS CLUSTER EARRINGS,C,Z,CZ,108.99,87,50,1.529,1,4025,19669706.12,99.848,85.203,Delist candidate — worst capital-to-value ratio
90104,PURPLE FRANGIPANI HAIRCLIP,C,Z,CZ,108.96,130,27,2.655,1,4026,19669815.08,99.848,85.224,Delist candidate — worst capital-to-value ratio
20667,CHERRY BLOSSOM PURSE,C,Z,CZ,108.69,40,18,2.608,0,4027,19669923.77,99.849,85.246,Delist candidate — worst capital-to-value ratio
72753C,S/3 FLWR FAIRY ROSE CANDLES,C,Z,CZ,107.68,43,4,6.448,0,4028,19670031.45,99.849,85.267,Delist candidate — worst capital-to-value ratio
90118,PINK DAISY BAG CHARM,C,Z,CZ,107.39,42,22,2.342,0,4029,19670138.84,99.85,85.288,Delist candidate — worst capital-to-value ratio
35096B,RED VICTORIAN FABRIC HEART BOX,C,Z,CZ,107.33,295,10,5.936,0,4030,19670246.17,99.85,85.309,Delist candidate — worst capital-to-value ratio
35840,FLAT GLASS  BAUBLE WHITE FLOCK,C,Z,CZ,107.13,45,4,7.474,0,4031,19670353.3,99.851,85.33,Delist candidate — worst capital-to-value ratio
23626,SET 10 CARDS DINKY TREE 17076,C,Z,CZ,107.07,43,9,6.307,0,4032,19670460.37,99.851,85.351,Delist candidate — worst capital-to-value ratio
90059D,DIAMANTE HAIR GRIP PACK/2 PERIDOT,C,Z,CZ,106.74,64,32,2.153,1,4033,19670567.11,99.852,85.373,Delist candidate — worst capital-to-value ratio
84562B,BLUE/WHITE RIBBED MELAMINE JUG,C,Z,CZ,106.59,10,5,4.678,0,4034,19670673.7,99.852,85.394,Delist candidate — worst capital-to-value ratio
90165A,PINK ROSEBUD PEARL EARRINGS,C,Z,CZ,106.49,42,22,2.758,0,4035,19670780.19,99.853,85.415,Delist candidate — worst capital-to-value ratio
22987,"WRAP , SUMMER ROSE DESIGN",C,Z,CZ,105.84,252,11,3.04,0,4036,19670886.03,99.854,85.436,Delist candidate — worst capital-to-value ratio
90051,CRACKED GLAZE NECKLACE RED,C,Z,CZ,105.72,15,10,3.388,0,4037,19670991.75,99.854,85.457,Delist candidate — worst capital-to-value ratio
35594,WOODEN CHRISTMAS TREE 3 HANGING,C,Z,CZ,105.58,171,25,2.821,0,4038,19671097.33,99.855,85.478,Delist candidate — worst capital-to-value ratio
35610A,PINK CHRISTMAS FLOCK DROPLET,C,Z,CZ,105.43,143,10,7.441,0,4039,19671202.76,99.855,85.5,Delist candidate — worst capital-to-value ratio
84458,S/3 RABBIT FLOWER/EGG/CARROT ROPE,C,Z,CZ,105.4,124,7,4.813,0,4040,19671308.16,99.856,85.521,Delist candidate — worst capital-to-value ratio
17090D,VANILLA INCENSE 40 CONES IN TIN,C,Z,CZ,105.2,88,25,2.441,0,4041,19671413.36,99.856,85.542,Delist candidate — worst capital-to-value ratio
23574,PACKING CHARGE,C,Z,CZ,105.0,14,10,3.426,0,4042,19671518.36,99.857,85.563,Delist candidate — worst capital-to-value ratio
16169D,WRAP WINTER FOREST,C,Z,CZ,105.0,250,2,7.286,0,4043,19671623.36,99.857,85.584,Delist candidate — worst capital-to-value ratio
90141A,GREEN PENDANT TRIPLE SHELL NECKLACE,C,Z,CZ,104.95,20,16,2.8,0,4044,19671728.31,99.858,85.605,Delist candidate — worst capital-to-value ratio
90079,VINTAGE ENAMEL & CRYSTAL NECKLACE,C,Z,CZ,104.77,21,13,3.321,0,4045,19671833.08,99.858,85.627,Delist candidate — worst capital-to-value ratio
21118,SHOPPING BAG DOORSTOP,C,Z,CZ,104.25,69,5,5.642,0,4046,19671937.33,99.859,85.648,Delist candidate — worst capital-to-value ratio
21337,SILVER WASHBAG,C,Z,CZ,103.53,33,8,5.339,0,4047,19672040.86,99.859,85.669,Delist candidate — worst capital-to-value ratio
35910A,MULTICOLOUR EASTER RABBIT,C,Z,CZ,103.35,53,13,3.042,0,4048,19672144.21,99.86,85.69,Delist candidate — worst capital-to-value ratio
84679,CLASSICAL ROSE TABLE LAMP,C,Z,CZ,103.3,14,4,5.157,0,4049,19672247.51,99.86,85.711,Delist candidate — worst capital-to-value ratio
16248B,BLUE HOLE PUNCH,C,Z,CZ,102.5,82,9,6.203,0,4050,19672350.01,99.861,85.732,Delist candidate — worst capital-to-value ratio
84613A,PINK NEW BAROQUE FLOCK CANDLESTICK,C,Z,CZ,102.3,22,10,3.322,0,4051,19672452.31,99.862,85.754,Delist candidate — worst capital-to-value ratio
20697,LITTLE GREEN MONSTER SOFT TOY,C,Z,CZ,101.7,42,17,2.758,0,4052,19672554.01,99.862,85.775,Delist candidate — worst capital-to-value ratio
90125C,TURQUOISE BERTIE GLASS BEAD CHARM,C,Z,CZ,101.35,92,9,6.025,0,4053,19672655.36,99.863,85.796,Delist candidate — worst capital-to-value ratio
72369A,PINK CLEAR GLASS CANDLE PLATE,C,Z,CZ,101.29,67,13,3.734,0,4054,19672756.65,99.863,85.817,Delist candidate — worst capital-to-value ratio
85050,FRENCH ENAMEL SOAP DISH WITH LID,C,Z,CZ,100.8,48,1,10.149,0,4055,19672857.45,99.864,85.838,Delist candidate — worst capital-to-value ratio
72821,CUPID SCENTED CANDLE IN GLASS,C,Z,CZ,100.65,61,11,4.643,0,4056,19672958.1,99.864,85.859,Delist candidate — worst capital-to-value ratio
75172,PAINTED SEA SHELL METAL WINDCHIME,C,Z,CZ,100.31,97,10,4.828,0,4057,19673058.41,99.865,85.881,Delist candidate — worst capital-to-value ratio
78027,SEAGRASS S/2 CORNER LAUNDRY,C,Z,CZ,100.15,6,5,4.702,0,4058,19673158.56,99.865,85.902,Delist candidate — worst capital-to-value ratio
23611,SET 10 CARDS RED RIDING HOOD 17214,C,Z,CZ,99.6,40,12,3.629,0,4059,19673258.16,99.866,85.923,Delist candidate — worst capital-to-value ratio
84465,15 PINK FLUFFY CHICKS IN BOX,C,Z,CZ,99.46,33,16,3.19,0,4060,19673357.62,99.866,85.944,Delist candidate — worst capital-to-value ratio
23464,VINTAGE ZINC WATERING CAN SMALL,C,Z,CZ,99.2,18,5,4.968,0,4061,19673456.82,99.867,85.965,Delist candidate — worst capital-to-value ratio
21266,VINTAGE SILVER TINSEL REEL,C,Z,CZ,98.9,23,3,6.752,0,4062,19673555.72,99.867,85.986,Delist candidate — worst capital-to-value ratio
90169,DAISY HAIR COMB,C,Z,CZ,98.87,39,18,3.009,0,4063,19673654.59,99.868,86.008,Delist candidate — worst capital-to-value ratio
84575A,PINK DOG CANNISTER,C,Z,CZ,98.8,24,12,4.546,0,4064,19673753.39,99.868,86.029,Delist candidate — worst capital-to-value ratio
20861,GOLD COSMETIC BAG PINK STAR,C,Z,CZ,98.7,47,12,3.616,0,4065,19673852.09,99.869,86.05,Delist candidate — worst capital-to-value ratio
90163B,WHITE ROSEBUD & PEARL NECKLACE,C,Z,CZ,98.45,13,9,3.453,0,4066,19673950.54,99.869,86.071,Delist candidate — worst capital-to-value ratio
84705D,CHERRY BLOSSOM PHOTO FRAME,C,Z,CZ,97.9,22,11,3.747,0,4067,19674048.44,99.87,86.092,Delist candidate — worst capital-to-value ratio
90150,BLUE SHELL+SILVER NECKLACE,C,Z,CZ,97.5,13,7,3.952,0,4068,19674145.94,99.87,86.113,Delist candidate — worst capital-to-value ratio
16161G,WRAP BAD HAIR DAY,C,Z,CZ,97.5,975,28,1.928,1,4069,19674243.44,99.871,86.135,Delist candidate — worst capital-to-value ratio
90067A,PINK VINTAGE VICTORIAN EARRINGS,C,Z,CZ,97.24,33,14,3.421,0,4070,19674340.68,99.871,86.156,Delist candidate — worst capital-to-value ratio
35913B,WHITE/PINK CHICK EASTER DECORATION,C,Z,CZ,95.79,104,18,3.243,0,4071,19674436.47,99.872,86.177,Delist candidate — worst capital-to-value ratio
17084J,LOVE POTION MASALA INCENSE,C,Z,CZ,95.76,456,19,2.426,0,4072,19674532.23,99.872,86.198,Delist candidate — worst capital-to-value ratio
84539,KNITTED RABBIT DOLL,C,Z,CZ,95.7,58,11,4.069,0,4073,19674627.93,99.873,86.219,Delist candidate — worst capital-to-value ratio
84891B,GREEN WIRE GOBLET CANDLEHOLDER,C,Z,CZ,95.4,12,5,4.853,0,4074,19674723.33,99.873,86.24,Delist candidate — worst capital-to-value ratio
90214R,"LETTER ""R"" BLING KEY RING",C,Z,CZ,94.98,92,39,2.246,1,4075,19674818.31,99.874,86.262,Delist candidate — worst capital-to-value ratio
72606A,BROWN ANTIQUE CUBE CANDLE,C,Z,CZ,94.92,226,13,4.942,0,4076,19674913.23,99.874,86.283,Delist candidate — worst capital-to-value ratio
90089,PINK CRYSTAL SKULL PHONE CHARM,C,Z,CZ,94.18,116,23,3.297,0,4077,19675007.41,99.874,86.304,Delist candidate — worst capital-to-value ratio
90024C,NEW BAROQUE B'FLY NECKLACE GREEN,C,Z,CZ,93.48,11,10,3.19,0,4078,19675100.89,99.875,86.325,Delist candidate — worst capital-to-value ratio
90026A,GLASS BEAD HOOP NECKLACE BLACK,C,Z,CZ,93.47,11,9,3.449,0,4079,19675194.36,99.875,86.346,Delist candidate — worst capital-to-value ratio
90214G,"LETTER ""G"" BLING KEY RING",C,Z,CZ,93.18,100,34,3.028,1,4080,19675287.54,99.876,86.367,Delist candidate — worst capital-to-value ratio
17084A,TRANQUILITY MASALA INCENSE,C,Z,CZ,92.82,442,17,2.355,0,4081,19675380.36,99.876,86.389,Delist candidate — worst capital-to-value ratio
84388,WISE MAN STAR SHAPE EGG PAN,C,Z,CZ,92.34,72,11,4.287,0,4082,19675472.7,99.877,86.41,Delist candidate — worst capital-to-value ratio
90075,MONTANA DIAMOND CLUSTER NECKLACE,C,Z,CZ,92.18,10,8,3.682,0,4083,19675564.88,99.877,86.431,Delist candidate — worst capital-to-value ratio
84753A,PINK EAU DE COLOGNE BOTTLE,C,Z,CZ,92.17,97,7,4.795,0,4084,19675657.05,99.878,86.452,Delist candidate — worst capital-to-value ratio
21343,GOLD JEWELERY BOX,C,Z,CZ,92.0,20,3,7.031,0,4085,19675749.05,99.878,86.473,Delist candidate — worst capital-to-value ratio
90202C,GREEN ENAMEL FLOWER HAIR TIE,C,Z,CZ,91.46,31,22,2.543,0,4086,19675840.51,99.879,86.494,Delist candidate — worst capital-to-value ratio
90177B,DROP DIAMANTE EARRINGS BLACK DIAMON,C,Z,CZ,91.38,31,17,3.151,0,4087,19675931.89,99.879,86.516,Delist candidate — worst capital-to-value ratio
90112,PINK DOLLY HAIR CLIPS,C,Z,CZ,91.25,84,17,3.217,0,4088,19676023.14,99.88,86.537,Delist candidate — worst capital-to-value ratio
20660,VIP LUGGAGE TAG,C,Z,CZ,91.25,73,12,4.269,0,4089,19676114.39,99.88,86.558,Delist candidate — worst capital-to-value ratio
84437A,S/6 PINK EASTER DECS IN BOX,C,Z,CZ,90.95,106,9,3.474,0,4090,19676205.34,99.881,86.579,Delist candidate — worst capital-to-value ratio
90202A,PURPLE ENAMEL FLOWER HAIR TIE,C,Z,CZ,90.9,31,19,2.787,0,4091,19676296.24,99.881,86.6,Delist candidate — worst capital-to-value ratio
90214D,"LETTER ""D"" BLING KEY RING",C,Z,CZ,90.82,100,39,2.884,1,4092,19676387.06,99.881,86.622,Delist candidate — worst capital-to-value ratio
79026B,"S/4 ICON COASTER,ELVIS LIVES",C,Z,CZ,90.5,70,19,2.989,0,4093,19676477.56,99.882,86.643,Delist candidate — worst capital-to-value ratio
72783,BLACK SIL'T SQU CANDLE PLATE,C,Z,CZ,90.3,43,8,4.407,0,4094,19676567.86,99.882,86.664,Delist candidate — worst capital-to-value ratio
71406C,BLACK ORANGE SQUEEZER,C,Z,CZ,89.92,210,29,2.265,1,4095,19676657.78,99.883,86.685,Delist candidate — worst capital-to-value ratio
17013C,ORIGAMI LAVENDER INCENSE IN TUBE,C,Z,CZ,89.46,213,2,7.177,0,4096,19676747.24,99.883,86.706,Delist candidate — worst capital-to-value ratio
47598,NEW ENGLAND EGG WARMER,C,Z,CZ,89.12,138,17,2.966,0,4097,19676836.36,99.884,86.727,Delist candidate — worst capital-to-value ratio
90162A,ANT SILVER TURQUOISE BOUDICCA RING,C,Z,CZ,88.5,30,8,4.041,0,4098,19676924.86,99.884,86.749,Delist candidate — worst capital-to-value ratio
90059E,DIAMANTE HAIR GRIP PACK/2 RUBY,C,Z,CZ,88.31,53,28,2.26,1,4099,19677013.17,99.885,86.77,Delist candidate — worst capital-to-value ratio
35638A,PINK AND BLACK STRING CURTAIN,C,Z,CZ,88.05,39,6,8.603,0,4100,19677101.22,99.885,86.791,Delist candidate — worst capital-to-value ratio
71495A,CD WALL TIDY BLUE OFFICE,C,Z,CZ,87.96,225,17,5.273,0,4101,19677189.18,99.886,86.812,Delist candidate — worst capital-to-value ratio
84721,MANHATTAN CANVAS ART PICTURE,C,Z,CZ,87.8,20,1,10.149,0,4102,19677276.98,99.886,86.833,Delist candidate — worst capital-to-value ratio
90092,BLUE CRYSTAL BOOT PHONE CHARM,C,Z,CZ,87.51,102,8,5.944,0,4103,19677364.49,99.886,86.854,Delist candidate — worst capital-to-value ratio
23442,12 HANGING EGGS HAND PAINTED,C,Z,CZ,87.36,42,4,5.883,0,4104,19677451.85,99.887,86.876,Delist candidate — worst capital-to-value ratio
37462B,"PET MUG, BUDGIE",C,Z,CZ,87.28,170,21,4.009,0,4105,19677539.13,99.887,86.897,Delist candidate — worst capital-to-value ratio
35822B,"ACRYLIC BEAD CHAIN, BLUE",C,Z,CZ,87.02,229,1,10.149,0,4106,19677626.15,99.888,86.918,Delist candidate — worst capital-to-value ratio
20835,FRENCH LATTICE CUSHION COVER,C,Z,CZ,87.02,80,9,3.851,0,4107,19677713.17,99.888,86.939,Delist candidate — worst capital-to-value ratio
35265,COLOURFUL FLOWER FRUIT BOWL,C,Z,CZ,86.95,22,13,3.19,0,4108,19677800.12,99.889,86.96,Delist candidate — worst capital-to-value ratio
90088,CRYSTAL KEY+LOCK PHONE CHARM,C,Z,CZ,86.7,101,10,5.468,0,4109,19677886.82,99.889,86.981,Delist candidate — worst capital-to-value ratio
90039C,FIRE POLISHED GLASS BRACELET BLACK,C,Z,CZ,86.65,23,11,5.465,0,4110,19677973.47,99.89,87.003,Delist candidate — worst capital-to-value ratio
23614,SET 10 CARDS 12 DAYS WRAP  17058,C,Z,CZ,86.58,26,8,4.323,0,4111,19678060.05,99.89,87.024,Delist candidate — worst capital-to-value ratio
84424A,FOUR PICTURE WHITE GLASS FRAME,C,Z,CZ,86.25,23,8,4.342,0,4112,19678146.3,99.89,87.045,Delist candidate — worst capital-to-value ratio
35271S,GOLD PRINT PAPER BAG,C,Z,CZ,85.97,420,13,4.372,0,4113,19678232.27,99.891,87.066,Delist candidate — worst capital-to-value ratio
90012B,BLACK DROP CRYSTAL NECKLACE,C,Z,CZ,85.9,17,6,5.237,0,4114,19678318.17,99.891,87.087,Delist candidate — worst capital-to-value ratio
90162D,ANT SILVER PURPLE BOUDICCA RING,C,Z,CZ,85.55,29,11,3.567,0,4115,19678403.72,99.892,87.108,Delist candidate — worst capital-to-value ratio
84454,WOBBLING METAL CHICKEN EASTER,C,Z,CZ,85.53,93,9,4.749,0,4116,19678489.25,99.892,87.13,Delist candidate — worst capital-to-value ratio
90026D,GLASS BEAD HOOP NECKLACE AMETHYST,C,Z,CZ,85.0,10,8,3.682,0,4117,19678574.25,99.893,87.151,Delist candidate — worst capital-to-value ratio
35838B,S/6 SILVER ORNAMENETAL CANDLE,C,Z,CZ,85.0,100,10,4.346,0,4118,19678659.25,99.893,87.172,Delist candidate — worst capital-to-value ratio
90001D,ANTIQUE OLIVE GREEN FLOWER EARRINGS,C,Z,CZ,84.96,20,11,3.752,0,4119,19678744.21,99.893,87.193,Delist candidate — worst capital-to-value ratio
17027A,INCENSE BAZAAR CANNABIS,C,Z,CZ,84.84,228,2,7.389,0,4120,19678829.05,99.894,87.214,Delist candidate — worst capital-to-value ratio
84251B,"GREETING CARD, STICKY GORDON",C,Z,CZ,84.84,319,30,2.036,1,4121,19678913.89,99.894,87.235,Delist candidate — worst capital-to-value ratio
46775B,BERRIES CHUNKY KNITTED THROW,C,Z,CZ,84.75,5,2,7.286,0,4122,19678998.64,99.895,87.257,Delist candidate — worst capital-to-value ratio
16051,TEATIME PENCIL W STAMP ASST,C,Z,CZ,84.69,941,4,9.348,0,4123,19679083.33,99.895,87.278,Delist candidate — worst capital-to-value ratio
81952B,ROUND BLUE CLOCK W/SUCKER,C,Z,CZ,84.56,254,12,5.256,0,4124,19679167.89,99.896,87.299,Delist candidate — worst capital-to-value ratio
84450B,PINK/YELLOW RABBIT SAT EASTER,C,Z,CZ,84.55,139,12,3.562,0,4125,19679252.44,99.896,87.32,Delist candidate — worst capital-to-value ratio
84251F,"GREETING CARD, RITA",C,Z,CZ,83.97,341,28,2.257,1,4126,19679336.41,99.896,87.341,Delist candidate — worst capital-to-value ratio
90141C,TURQ PENDANT TRIPLE SHELL NECKLACE,C,Z,CZ,83.69,16,12,3.092,0,4127,19679420.1,99.897,87.362,Delist candidate — worst capital-to-value ratio
22016,Dotcomgiftshop Gift Voucher £100.00,C,Z,CZ,83.33,1,1,10.149,0,4128,19679503.43,99.897,87.384,Delist candidate — worst capital-to-value ratio
72779,SET/6 BLACK ROSE T-LIGHT CANDLES,C,Z,CZ,82.81,49,12,3.568,0,4129,19679586.24,99.898,87.405,Delist candidate — worst capital-to-value ratio
90176D,DIAMANTE NECKLACE PURPLE,C,Z,CZ,82.81,11,7,3.915,0,4130,19679669.05,99.898,87.426,Delist candidate — worst capital-to-value ratio
90002B,FLOWER BURST SILVER RING ROSE,C,Z,CZ,82.74,22,9,3.689,0,4131,19679751.79,99.899,87.447,Delist candidate — worst capital-to-value ratio
90177E,DROP DIAMANTE EARRINGS GREEN,C,Z,CZ,82.71,28,20,2.785,0,4132,19679834.5,99.899,87.468,Delist candidate — worst capital-to-value ratio
90189A,SILVER 2 STRAND NECKLACE-LEAF CHARM,C,Z,CZ,82.64,11,8,3.689,0,4133,19679917.14,99.899,87.489,Delist candidate — worst capital-to-value ratio
90130A,WHITE STONE/CRYSTAL EARRINGS,C,Z,CZ,82.51,28,14,3.502,0,4134,19679999.65,99.9,87.511,Delist candidate — worst capital-to-value ratio
90069,RUBY GLASS CLUSTER NECKLACE,C,Z,CZ,82.5,11,5,5.997,0,4135,19680082.15,99.9,87.532,Delist candidate — worst capital-to-value ratio
21699,SET 5 MINI CHOCOLATE FRIDGE MAGNETS,C,Z,CZ,82.44,108,3,7.186,0,4136,19680164.59,99.901,87.553,Delist candidate — worst capital-to-value ratio
90183B,AMETHYST DROP EARRINGS W LONG BEADS,C,Z,CZ,81.93,28,21,2.317,0,4137,19680246.52,99.901,87.574,Delist candidate — worst capital-to-value ratio
35610C,WHITE CHRISTMAS FLOCK DROPLET,C,Z,CZ,81.56,94,8,5.859,0,4138,19680328.08,99.901,87.595,Delist candidate — worst capital-to-value ratio
16201B,PASTEL BLUE PHOTO ALBUM,C,Z,CZ,81.1,34,2,8.77,0,4139,19680409.18,99.902,87.616,Delist candidate — worst capital-to-value ratio
90121B,VINTAGE ROSE BEAD BRACELET BLUE,C,Z,CZ,80.75,19,5,5.917,0,4140,19680489.93,99.902,87.638,Delist candidate — worst capital-to-value ratio
84596I,WRAP SWEETS LIGHT PINK SMALL BOWL,C,Z,CZ,80.62,72,6,9.303,0,4141,19680570.55,99.903,87.659,Delist candidate — worst capital-to-value ratio
17011E,ORIGAMI OPIUM SCENT INCENSE+FLOWER,C,Z,CZ,80.6,124,1,10.149,0,4142,19680651.15,99.903,87.68,Delist candidate — worst capital-to-value ratio
DCGS0069,OOH LA LA DOGS COLLAR,C,Z,CZ,80.31,5,5,4.45,0,4143,19680731.46,99.904,87.701,Delist candidate — worst capital-to-value ratio
84415B,BLUE FLOCK CUSHION COVER,C,Z,CZ,80.0,24,7,4.216,0,4144,19680811.46,99.904,87.722,Delist candidate — worst capital-to-value ratio
90059F,DIAMANTE HAIR GRIP PACK/2 LT ROSE,C,Z,CZ,79.87,48,25,2.512,0,4145,19680891.33,99.904,87.743,Delist candidate — worst capital-to-value ratio
90206A,GOLD DIAMANTE STAR BROOCH,C,Z,CZ,79.6,16,11,3.221,0,4146,19680970.93,99.905,87.765,Delist candidate — worst capital-to-value ratio
90125B,AQUA BERTIE GLASS BEAD BAG CHARM,C,Z,CZ,79.57,44,11,4.418,0,4147,19681050.5,99.905,87.786,Delist candidate — worst capital-to-value ratio
84795E,RIO PINK STRIPE HAMMOCK,C,Z,CZ,79.5,10,5,5.103,0,4148,19681130.0,99.906,87.807,Delist candidate — worst capital-to-value ratio
84548,CROCHET BEAR RED/BLUE  KEYRING,C,Z,CZ,79.2,48,13,3.8,0,4149,19681209.2,99.906,87.828,Delist candidate — worst capital-to-value ratio
90038B,GLASS AND PAINTED BEADS BRACELET OL,C,Z,CZ,79.19,21,10,3.908,0,4150,19681288.39,99.906,87.849,Delist candidate — worst capital-to-value ratio
90064A,WHITE VINTAGE CRYSTAL EARRINGS,C,Z,CZ,79.14,20,12,3.388,0,4151,19681367.53,99.907,87.87,Delist candidate — worst capital-to-value ratio
90039B,FIRE POLISHED GLASS BRACELET MONTAN,C,Z,CZ,78.99,21,10,4.31,0,4152,19681446.52,99.907,87.892,Delist candidate — worst capital-to-value ratio
84251C,"GREETING CARD, TWO SISTERS.",C,Z,CZ,78.96,259,24,2.654,0,4153,19681525.48,99.908,87.913,Delist candidate — worst capital-to-value ratio
84455,SET OF 3 RABBIT CARROTS EASTER,C,Z,CZ,78.81,86,12,3.63,0,4154,19681604.29,99.908,87.934,Delist candidate — worst capital-to-value ratio
90064B,BLACK VINTAGE  CRYSTAL EARRINGS,C,Z,CZ,78.75,21,12,3.321,0,4155,19681683.04,99.908,87.955,Delist candidate — worst capital-to-value ratio
35931,PINK STAR CHRISTMAS DECORATION,C,Z,CZ,78.12,156,11,5.162,0,4156,19681761.16,99.909,87.976,Delist candidate — worst capital-to-value ratio
90214H,"LETTER ""H"" BLING KEY RING",C,Z,CZ,77.71,83,36,2.194,1,4157,19681838.87,99.909,87.997,Delist candidate — worst capital-to-value ratio
90214N,"LETTER ""N"" BLING KEY RING",C,Z,CZ,77.65,79,37,2.642,1,4158,19681916.52,99.91,88.019,Delist candidate — worst capital-to-value ratio
21450,DISTRESSED CANDLE STICK WHITE,C,Z,CZ,77.35,13,2,9.393,0,4159,19681993.87,99.91,88.04,Delist candidate — worst capital-to-value ratio
90176C,DIAMANTE NECKLACE,C,Z,CZ,77.0,10,6,4.45,0,4160,19682070.87,99.91,88.061,Delist candidate — worst capital-to-value ratio
21595,Dad's Cab Electronic Meter,C,Z,CZ,76.95,9,6,4.273,0,4161,19682147.82,99.911,88.082,Delist candidate — worst capital-to-value ratio
84593,CROCHET ROSE DES CLOTHES HANGER,C,Z,CZ,76.7,26,7,4.86,0,4162,19682224.52,99.911,88.103,Delist candidate — worst capital-to-value ratio
84425A,WHITE GLASS TV TRIPLE FRAME,C,Z,CZ,76.6,18,8,3.796,0,4163,19682301.12,99.912,88.124,Delist candidate — worst capital-to-value ratio
90100,NECKLACE+BRACELET SET PINK DAISY,C,Z,CZ,76.5,30,10,4.476,0,4164,19682377.62,99.912,88.146,Delist candidate — worst capital-to-value ratio
90020,FILIGREE DIAMANTE CHAIN,C,Z,CZ,76.23,6,4,5.802,0,4165,19682453.85,99.912,88.167,Delist candidate — worst capital-to-value ratio
90176A,CLASSIC DIAMANTE NECKLACE JET,C,Z,CZ,75.88,10,7,3.955,0,4166,19682529.73,99.913,88.188,Delist candidate — worst capital-to-value ratio
35815P,"ACRYLIC JEWEL SNOWFLAKE, PINK",C,Z,CZ,75.88,168,6,6.024,0,4167,19682605.61,99.913,88.209,Delist candidate — worst capital-to-value ratio
84746,PINK EASTER HENS+FLOWER,C,Z,CZ,75.81,24,11,3.567,0,4168,19682681.42,99.913,88.23,Delist candidate — worst capital-to-value ratio
20879,TREE OF NOAH FESTIVE SCENTED CANDLE,C,Z,CZ,75.6,69,4,7.209,0,4169,19682757.02,99.914,88.251,Delist candidate — worst capital-to-value ratio
62043B,BLUE CHECK BAG W HANDLE 34X20CM,C,Z,CZ,75.16,54,8,5.672,0,4170,19682832.18,99.914,88.273,Delist candidate — worst capital-to-value ratio
16161E,WRAP BOUDOIR,C,Z,CZ,75.0,750,6,7.222,0,4171,19682907.18,99.915,88.294,Delist candidate — worst capital-to-value ratio
37399,"ASS RETROSPOOF MUGS,SPORTS",C,Z,CZ,75.0,143,3,6.687,0,4172,19682982.18,99.915,88.315,Delist candidate — worst capital-to-value ratio
84757,ENCHANTED GARDEN WROUGHT IRON TABLE,C,Z,CZ,74.75,5,3,6.037,0,4173,19683056.93,99.915,88.336,Delist candidate — worst capital-to-value ratio
21267,VINTAGE PINK TINSEL REEL,C,Z,CZ,74.6,24,3,6.194,0,4174,19683131.53,99.916,88.357,Delist candidate — worst capital-to-value ratio
90012A,MIDNIGHT BLUE DROP CRYSTAL NECKLACE,C,Z,CZ,74.38,13,7,5.166,0,4175,19683205.91,99.916,88.378,Delist candidate — worst capital-to-value ratio
37509,NEW ENGLAND MUG W GIFT BOX,C,Z,CZ,73.95,29,12,3.278,0,4176,19683279.86,99.916,88.4,Delist candidate — worst capital-to-value ratio
84899E,YELLOW + BROWN BEAR FELT PURSE KIT,C,Z,CZ,73.93,53,13,4.379,0,4177,19683353.79,99.917,88.421,Delist candidate — worst capital-to-value ratio
15030,FAN BLACK FRAME,C,Z,CZ,73.66,254,24,2.908,0,4178,19683427.45,99.917,88.442,Delist candidate — worst capital-to-value ratio
90130C,GREEN STONE/CRYSTAL EARRINGS,C,Z,CZ,73.62,25,21,2.196,0,4179,19683501.07,99.918,88.463,Delist candidate — worst capital-to-value ratio
79331,PINK FLOCK GLASS CANDLEHOLDER,C,Z,CZ,73.6,60,8,4.378,0,4180,19683574.67,99.918,88.484,Delist candidate — worst capital-to-value ratio
84447,6 RABBIT CHAIN EASTER,C,Z,CZ,73.27,70,7,4.204,0,4181,19683647.94,99.918,88.506,Delist candidate — worst capital-to-value ratio
16151A,FLOWERS HANDBAG blue and orange,C,Z,CZ,72.5,52,4,8.44,0,4182,19683720.44,99.919,88.527,Delist candidate — worst capital-to-value ratio
90214B,"LETTER ""B"" BLING KEY RING",C,Z,CZ,72.33,75,31,2.894,1,4183,19683792.77,99.919,88.548,Delist candidate — worst capital-to-value ratio
84427B,BLACK GLASS TV DOUBLE P/FRAME 15X10,C,Z,CZ,72.25,17,5,6.846,0,4184,19683865.02,99.919,88.569,Delist candidate — worst capital-to-value ratio
90027D,GLASS BEAD HOOP EARRINGS AMETHYST,C,Z,CZ,72.18,23,12,3.195,0,4185,19683937.2,99.92,88.59,Delist candidate — worst capital-to-value ratio
90031,BILI NUT AND WOOD NECKLACE,C,Z,CZ,71.9,52,9,5.181,0,4186,19684009.1,99.92,88.611,Delist candidate — worst capital-to-value ratio
90038C,GLASS AND BEADS BRACELET IVORY,C,Z,CZ,71.46,19,9,4.278,0,4187,19684080.56,99.921,88.633,Delist candidate — worst capital-to-value ratio
35937,CERISE+GOLD CHRISTMAS STOCKING DEC,C,Z,CZ,71.44,188,10,4.224,0,4188,19684152.0,99.921,88.654,Delist candidate — worst capital-to-value ratio
90060D,FIRE POLISHED GLASS NECKL BRONZE,C,Z,CZ,71.4,12,7,4.853,0,4189,19684223.4,99.921,88.675,Delist candidate — worst capital-to-value ratio
84925C,FAIRY CAKES  WALL THERMOMETER,C,Z,CZ,71.4,28,8,4.317,0,4190,19684294.8,99.922,88.696,Delist candidate — worst capital-to-value ratio
17007B,S/3 POT POURI CUSHIONS BLUE COLOURS,C,Z,CZ,71.4,34,6,5.289,0,4191,19684366.2,99.922,88.717,Delist candidate — worst capital-to-value ratio
84415A,PINK FLOCK SUEDE CUSHION COVER,C,Z,CZ,71.25,27,6,4.501,0,4192,19684437.45,99.922,88.738,Delist candidate — worst capital-to-value ratio
90037B,TINY CRYSTAL BRACELET GREEN,C,Z,CZ,71.17,28,10,4.03,0,4193,19684508.62,99.923,88.76,Delist candidate — worst capital-to-value ratio
90179A,AMBER FINE BEAD NECKLACE W TASSEL,C,Z,CZ,71.0,12,9,3.667,0,4194,19684579.62,99.923,88.781,Delist candidate — worst capital-to-value ratio
84803B,WHITE ALLIUM  ARTIFICIAL FLOWER,C,Z,CZ,70.98,42,10,4.157,0,4195,19684650.6,99.923,88.802,Delist candidate — worst capital-to-value ratio
16256C,HEARTS PENCIL/RUBBER+5 MINI PENCILS,C,Z,CZ,70.98,169,10,4.048,0,4196,19684721.58,99.924,88.823,Delist candidate — worst capital-to-value ratio
84086B,YELLOW/BLUE RETRO RADIO,C,Z,CZ,70.8,24,11,3.716,0,4197,19684792.38,99.924,88.844,Delist candidate — worst capital-to-value ratio
90187B,GREEN DROP EARRINGS W BEAD CLUSTER,C,Z,CZ,70.6,21,14,3.023,0,4198,19684862.98,99.925,88.865,Delist candidate — worst capital-to-value ratio
20958,PORCELAIN HANGING BELL LARGE,C,Z,CZ,70.5,38,10,4.244,0,4199,19684933.48,99.925,88.887,Delist candidate — worst capital-to-value ratio
90202B,WHITE ENAMEL FLOWER HAIR TIE,C,Z,CZ,70.49,24,15,3.249,0,4200,19685003.97,99.925,88.908,Delist candidate — worst capital-to-value ratio
90050,CRACKED GLAZE NECKLACE IVORY,C,Z,CZ,70.16,10,6,4.678,0,4201,19685074.13,99.926,88.929,Delist candidate — worst capital-to-value ratio
84705A,ENGLISH ROSE PHOTO FRAME,C,Z,CZ,69.75,15,6,4.237,0,4202,19685143.88,99.926,88.95,Delist candidate — worst capital-to-value ratio
47420,ASSORTED COLOUR SUCTION CUP HOOK,C,Z,CZ,69.73,367,27,2.899,1,4203,19685213.61,99.926,88.971,Delist candidate — worst capital-to-value ratio
90131,PINK/AMETHYST/GOLD NECKLACE,C,Z,CZ,69.62,10,5,5.103,0,4204,19685283.23,99.927,88.992,Delist candidate — worst capital-to-value ratio
72140F,HAPPY ANNIVERSARY CANDLE LETTERS,C,Z,CZ,69.18,175,12,4.667,0,4205,19685352.41,99.927,89.014,Delist candidate — worst capital-to-value ratio
90037C,TINY CRYSTAL BRACELET BLUE,C,Z,CZ,68.63,27,12,3.701,0,4206,19685421.04,99.927,89.035,Delist candidate — worst capital-to-value ratio
90059C,DIAMANTE HAIR GRIP PACK/2 MONTANA,C,Z,CZ,68.18,41,21,2.779,0,4207,19685489.22,99.928,89.056,Delist candidate — worst capital-to-value ratio
71215,METAL BASE FOR CANDLES,C,Z,CZ,68.1,177,11,4.184,0,4208,19685557.32,99.928,89.077,Delist candidate — worst capital-to-value ratio
84857A,SILVER MONTE CARLO HANDBAG,C,Z,CZ,68.0,8,2,8.958,0,4209,19685625.32,99.928,89.098,Delist candidate — worst capital-to-value ratio
DCGS0004,HAYNES CAMPER SHOULDER BAG,C,Z,CZ,67.94,4,4,5.0,0,4210,19685693.26,99.929,89.119,Delist candidate — worst capital-to-value ratio
90140,PINK SWEETIE NECKLACE,C,Z,CZ,67.9,9,7,3.961,0,4211,19685761.16,99.929,89.141,Delist candidate — worst capital-to-value ratio
90026C,GLASS BEAD HOOP NECKLACE GREEN,C,Z,CZ,67.82,8,6,4.301,0,4212,19685828.98,99.929,89.162,Delist candidate — worst capital-to-value ratio
90026B,GLASS BEAD HOOP NECKLACE MONTANA,C,Z,CZ,67.82,8,7,3.905,0,4213,19685896.8,99.93,89.183,Delist candidate — worst capital-to-value ratio
90002E,FLOWER BURST SILVER RING GREEN,C,Z,CZ,67.77,18,9,4.273,0,4214,19685964.57,99.93,89.204,Delist candidate — worst capital-to-value ratio
84864A,PINK PAISLEY PHOTO ALBUM,C,Z,CZ,67.71,7,4,5.553,0,4215,19686032.28,99.93,89.225,Delist candidate — worst capital-to-value ratio
90078,PINK/WHITE GLASS DEMI CHOKER,C,Z,CZ,67.64,9,5,4.837,0,4216,19686099.92,99.931,89.246,Delist candidate — worst capital-to-value ratio
90024F,NEW BAROQUE B'FLY NECKLACE CRYSTAL,C,Z,CZ,67.61,8,6,4.301,0,4217,19686167.53,99.931,89.268,Delist candidate — worst capital-to-value ratio
47341B,BLUE TABLE RUN FLOWER,C,Z,CZ,67.5,48,13,3.94,0,4218,19686235.03,99.931,89.289,Delist candidate — worst capital-to-value ratio
84926B,SCOTTS ROSES TILE COASTER,C,Z,CZ,67.5,54,7,6.114,0,4219,19686302.53,99.932,89.31,Delist candidate — worst capital-to-value ratio
47504J,ENGLISH ROSE SET/3 GARDEN TOOLS,C,Z,CZ,67.25,5,3,6.69,0,4220,19686369.78,99.932,89.331,Delist candidate — worst capital-to-value ratio
90214P,"LETTER ""P"" BLING KEY RING",C,Z,CZ,66.59,77,26,3.852,1,4221,19686436.37,99.933,89.352,Delist candidate — worst capital-to-value ratio
35819P,"ACRYLIC HANGING JEWEL,PINK",C,Z,CZ,66.55,95,6,5.056,0,4222,19686502.92,99.933,89.373,Delist candidate — worst capital-to-value ratio
90037A,TINY CRYSTAL BRACELET RED,C,Z,CZ,66.31,26,11,3.833,0,4223,19686569.23,99.933,89.395,Delist candidate — worst capital-to-value ratio
40002,WHITE BAMBOO RIBS LAMPSHADE,C,Z,CZ,66.3,78,1,10.149,0,4224,19686635.53,99.934,89.416,Delist candidate — worst capital-to-value ratio
85072,OCCASIONS GIFT CARD ASSORTMENT,C,Z,CZ,66.0,120,1,10.149,0,4225,19686701.53,99.934,89.437,Delist candidate — worst capital-to-value ratio
79329,PINK FLOCK GLASS CANDLEHOLDER,C,Z,CZ,65.94,100,7,7.376,0,4226,19686767.47,99.934,89.458,Delist candidate — worst capital-to-value ratio
17136A,BLUE STONES ON WIRE FOR CANDLE,C,Z,CZ,65.94,795,28,2.273,1,4227,19686833.41,99.935,89.479,Delist candidate — worst capital-to-value ratio
84340,LARGE FIBRE OPTIC CHRISTMAS TREE,C,Z,CZ,65.76,21,4,6.529,0,4228,19686899.17,99.935,89.5,Delist candidate — worst capital-to-value ratio
79406,FROSTED WHITE BASE,C,Z,CZ,65.62,259,20,3.49,0,4229,19686964.79,99.935,89.522,Delist candidate — worst capital-to-value ratio
90179B,PURPLE FINE BEAD NECKLACE W TASSEL,C,Z,CZ,65.31,11,8,3.689,0,4230,19687030.1,99.936,89.543,Delist candidate — worst capital-to-value ratio
47016,LIGHT DECORATION BATTERY OPERATED,C,Z,CZ,65.1,31,4,7.975,0,4231,19687095.2,99.936,89.564,Delist candidate — worst capital-to-value ratio
90141B,IVORY PENDANT TRIPLE SHELL NECKLACE,C,Z,CZ,64.94,13,9,3.793,0,4232,19687160.14,99.936,89.585,Delist candidate — worst capital-to-value ratio
90046,WHITE WITH METAL BAG CHARM,C,Z,CZ,64.35,13,6,4.532,0,4233,19687224.49,99.937,89.606,Delist candidate — worst capital-to-value ratio
84551,CROCHET DOG KEYRING,C,Z,CZ,64.35,39,8,4.68,0,4234,19687288.84,99.937,89.627,Delist candidate — worst capital-to-value ratio
90074,BLACK DIAMOND CLUSTER NECKLACE,C,Z,CZ,64.09,7,6,4.255,0,4235,19687352.93,99.937,89.649,Delist candidate — worst capital-to-value ratio
79534,MULTICOLOUR GLASS PLATE,C,Z,CZ,63.8,116,14,2.863,0,4236,19687416.73,99.937,89.67,Delist candidate — worst capital-to-value ratio
85018B,S/6 PAPER BOXES BLOSSOM IMAGES,C,Z,CZ,63.75,15,9,4.552,0,4237,19687480.48,99.938,89.691,Delist candidate — worst capital-to-value ratio
20791,BLUE TILED SET OF 3 DRAWERS,C,Z,CZ,63.75,5,1,10.149,0,4238,19687544.23,99.938,89.712,Delist candidate — worst capital-to-value ratio
85018A,S/6 PAPER BOXES ROMANTIC IMAGES,C,Z,CZ,63.75,15,10,3.775,0,4239,19687607.98,99.938,89.733,Delist candidate — worst capital-to-value ratio
35973,GERANIUM FOLKART HEART DECORATION,C,Z,CZ,63.75,51,6,5.373,0,4240,19687671.73,99.939,89.754,Delist candidate — worst capital-to-value ratio
84582,PINK CROCHET CAT WITH SCARF,C,Z,CZ,63.75,15,6,4.345,0,4241,19687735.48,99.939,89.776,Delist candidate — worst capital-to-value ratio
20905,VINTAGE KEEPSAKE BOX BEAUTY GIRL,C,Z,CZ,63.5,10,3,6.533,0,4242,19687798.98,99.939,89.797,Delist candidate — worst capital-to-value ratio
90205A,LARGE MINT DIAMANTE HAIRSLIDE,C,Z,CZ,63.46,38,22,2.341,0,4243,19687862.44,99.94,89.818,Delist candidate — worst capital-to-value ratio
37491D,PURPLE/BLUE CERAMIC CANDLE HOLDER,C,Z,CZ,63.28,26,11,3.913,0,4244,19687925.72,99.94,89.839,Delist candidate — worst capital-to-value ratio
72709,IVORY SCULPTED RND CANDLE,C,Z,CZ,62.9,74,12,3.624,0,4245,19687988.62,99.94,89.86,Delist candidate — worst capital-to-value ratio
84529B,BLUE KNITTED KID'S RUCKSACK,C,Z,CZ,62.35,13,3,7.976,0,4246,19688050.97,99.941,89.881,Delist candidate — worst capital-to-value ratio
35607B,BLACK FEATHER CHRISTMAS DECORATION,C,Z,CZ,62.3,312,15,3.968,0,4247,19688113.27,99.941,89.903,Delist candidate — worst capital-to-value ratio
47348A,FUSCHIA VOILE POINTY SHOE DEC,C,Z,CZ,62.01,103,12,5.061,0,4248,19688175.28,99.941,89.924,Delist candidate — worst capital-to-value ratio
72771B,BURG FLOCK GOLD CUP/CANDLE,C,Z,CZ,61.94,129,2,10.07,0,4249,19688237.22,99.942,89.945,Delist candidate — worst capital-to-value ratio
20620,RED SPOTTY PASSPORT COVER,C,Z,CZ,61.76,15,7,4.237,0,4250,19688298.98,99.942,89.966,Delist candidate — worst capital-to-value ratio
35817B,"ACRYLIC JEWEL SNOWFLAKE,BLUE",C,Z,CZ,61.3,143,2,10.007,0,4251,19688360.28,99.942,89.987,Delist candidate — worst capital-to-value ratio
35910B,PINK FLOWERS RABBIT EASTER,C,Z,CZ,61.07,29,7,4.262,0,4252,19688421.35,99.943,90.008,Delist candidate — worst capital-to-value ratio
90188,DROP EARRINGS W FLOWER & LEAF,C,Z,CZ,61.05,24,15,2.703,0,4253,19688482.4,99.943,90.03,Delist candidate — worst capital-to-value ratio
90214I,"LETTER ""I"" BLING KEY RING",C,Z,CZ,61.0,62,22,3.375,0,4254,19688543.4,99.943,90.051,Delist candidate — worst capital-to-value ratio
37477B,"FLOWER FAIRY MUG+COASTER,LAVENDER",C,Z,CZ,60.0,16,8,4.008,0,4255,19688603.4,99.944,90.072,Delist candidate — worst capital-to-value ratio
84875A,PINK SQUARE COMPACT MIRROR,C,Z,CZ,60.0,16,10,3.579,0,4256,19688663.4,99.944,90.093,Delist candidate — worst capital-to-value ratio
23629,SET 10 CARDS DRESSING UP 17077,C,Z,CZ,59.76,24,6,4.964,0,4257,19688723.16,99.944,90.114,Delist candidate — worst capital-to-value ratio
90021,LASER CUT MULTI STRAND NECKLACE,C,Z,CZ,59.75,5,4,5.303,0,4258,19688782.91,99.944,90.135,Delist candidate — worst capital-to-value ratio
84292B,BLUE COL METAL FOLDING CHAIR,C,Z,CZ,59.75,9,5,5.341,0,4259,19688842.66,99.945,90.157,Delist candidate — worst capital-to-value ratio
90171,DAISY RING,C,Z,CZ,59.65,47,11,3.303,0,4260,19688902.31,99.945,90.178,Delist candidate — worst capital-to-value ratio
44241C,BLUE BUTTERFLY ON SPRING,C,Z,CZ,59.5,70,7,7.088,0,4261,19688961.81,99.945,90.199,Delist candidate — worst capital-to-value ratio
35654,VINTAGE BEAD FILLED PINK CUSHION,C,Z,CZ,59.4,12,5,5.281,0,4262,19689021.21,99.946,90.22,Delist candidate — worst capital-to-value ratio
35001B,HAND OPEN SHAPE BLACK,C,Z,CZ,59.33,17,6,4.807,0,4263,19689080.54,99.946,90.241,Delist candidate — worst capital-to-value ratio
90011B,BLACK CRYSTAL DROP EARRINGS,C,Z,CZ,59.06,20,12,3.682,0,4264,19689139.6,99.946,90.262,Delist candidate — worst capital-to-value ratio
35909A,RABBIT EASTER DECORATION,C,Z,CZ,59.0,20,5,5.254,0,4265,19689198.6,99.947,90.284,Delist candidate — worst capital-to-value ratio
17129C,SKY BLUE COLOUR GLASS GEMS IN BAG,C,Z,CZ,58.83,87,10,8.402,0,4266,19689257.43,99.947,90.305,Delist candidate — worst capital-to-value ratio
85023C,PINK LARGE JEWELED PHOTOFRAME,C,Z,CZ,58.65,23,8,3.863,0,4267,19689316.08,99.947,90.326,Delist candidate — worst capital-to-value ratio
81985A,"ICON ALARM CLOCK,FUSCHIA  PIN UP",C,Z,CZ,58.65,23,7,4.476,0,4268,19689374.73,99.947,90.347,Delist candidate — worst capital-to-value ratio
84226,HEN HOUSE W FAMILY IN BARN & NEST,C,Z,CZ,58.31,77,15,4.888,0,4269,19689433.04,99.948,90.368,Delist candidate — worst capital-to-value ratio
35816B,"ACRYLIC JEWEL ANGEL,BLUE",C,Z,CZ,58.07,139,3,9.929,0,4270,19689491.11,99.948,90.39,Delist candidate — worst capital-to-value ratio
35821B,"JEWELLED DECORATION,BLUE",C,Z,CZ,57.0,150,3,6.253,0,4271,19689548.11,99.948,90.411,Delist candidate — worst capital-to-value ratio
90212C,PURPLE LAS VEGAS BRACELET ROUND,C,Z,CZ,56.25,15,7,4.013,0,4272,19689604.36,99.949,90.432,Delist candidate — worst capital-to-value ratio
85080,PADDED RED HEART DECORATION,C,Z,CZ,56.18,114,11,3.998,0,4273,19689660.54,99.949,90.453,Delist candidate — worst capital-to-value ratio
47344B,BLUE FLOWER DES PURSE,C,Z,CZ,56.16,54,9,4.372,0,4274,19689716.7,99.949,90.474,Delist candidate — worst capital-to-value ratio
85023A,CRYSTAL LARGE JEWELLED PHOTO FRAME,C,Z,CZ,56.1,22,7,5.19,0,4275,19689772.8,99.949,90.495,Delist candidate — worst capital-to-value ratio
90033,IVORY SHELL HEART EARRINGS,C,Z,CZ,55.88,22,16,2.595,0,4276,19689828.68,99.95,90.517,Delist candidate — worst capital-to-value ratio
90182C,BLACK 3 BEAD DROP EARRINGS,C,Z,CZ,55.74,19,12,3.777,0,4277,19689884.42,99.95,90.538,Delist candidate — worst capital-to-value ratio
90177A,CLASSIC DIAMANTE EARRINGS JET,C,Z,CZ,55.69,19,14,3.622,0,4278,19689940.11,99.95,90.559,Delist candidate — worst capital-to-value ratio
90214T,"LETTER ""T"" BLING KEY RING",C,Z,CZ,55.57,57,21,3.346,0,4279,19689995.68,99.951,90.58,Delist candidate — worst capital-to-value ratio
22657,HEN & 2 CHICKS IN BASKET,C,Z,CZ,55.25,65,7,4.57,0,4280,19690050.93,99.951,90.601,Delist candidate — worst capital-to-value ratio
90001B,ANTIQUE MID BLUE FLOWER EARRINGS,C,Z,CZ,55.12,13,9,3.453,0,4281,19690106.05,99.951,90.622,Delist candidate — worst capital-to-value ratio
85151,WELCOME METAL SIGN,C,Z,CZ,55.0,44,3,6.747,0,4282,19690161.05,99.951,90.644,Delist candidate — worst capital-to-value ratio
90135A,ORANGE/FUSCHIA STONES NECKLACE,C,Z,CZ,54.62,11,4,6.277,0,4283,19690215.67,99.952,90.665,Delist candidate — worst capital-to-value ratio
90142D,MOP PENDANT SHELL NECKLACE,C,Z,CZ,54.59,11,5,5.064,0,4284,19690270.26,99.952,90.686,Delist candidate — worst capital-to-value ratio
90043,COPPER AND BRASS BAG CHARM,C,Z,CZ,54.51,10,6,4.45,0,4285,19690324.77,99.952,90.707,Delist candidate — worst capital-to-value ratio
20953,PORCELAIN CHERUB BELL LARGE,C,Z,CZ,54.45,33,6,5.045,0,4286,19690379.22,99.953,90.728,Delist candidate — worst capital-to-value ratio
20820,SILVER LOOKING MIRROR,C,Z,CZ,54.45,11,8,3.915,0,4287,19690433.67,99.953,90.749,Delist candidate — worst capital-to-value ratio
90084,PINK CRYSTAL GUITAR PHONE CHARM,C,Z,CZ,54.4,64,6,6.678,0,4288,19690488.07,99.953,90.771,Delist candidate — worst capital-to-value ratio
46115B,GREEN POP ART MAO CUSHION COVER,C,Z,CZ,54.34,286,16,3.151,0,4289,19690542.41,99.953,90.792,Delist candidate — worst capital-to-value ratio
20870,OPULENT VELVET CANDLE IN BOX,C,Z,CZ,54.3,30,3,9.155,0,4290,19690596.71,99.954,90.813,Delist candidate — worst capital-to-value ratio
84402B,PURPLE DRESS JEWELLERY STAND,C,Z,CZ,54.09,63,2,9.829,0,4291,19690650.8,99.954,90.834,Delist candidate — worst capital-to-value ratio
72798C,SET/4 GARDEN ROSE DINNER CANDLE,C,Z,CZ,53.11,28,15,3.226,0,4292,19690703.91,99.954,90.855,Delist candidate — worst capital-to-value ratio
84845C,CARNATION SQUARE HANDY TIN,C,Z,CZ,52.5,42,12,3.801,0,4293,19690756.41,99.954,90.876,Delist candidate — worst capital-to-value ratio
84845D,GERANIUM SQUARE HANDY TIN,C,Z,CZ,51.25,41,8,5.397,0,4294,19690807.66,99.955,90.898,Delist candidate — worst capital-to-value ratio
35071,ASSORTED SANTA CHRISTMAS DECORATION,C,Z,CZ,51.14,50,2,9.553,0,4295,19690858.8,99.955,90.919,Delist candidate — worst capital-to-value ratio
20964,POLYESTER FILLER PAD 60x40cm,C,Z,CZ,51.0,20,5,5.052,0,4296,19690909.8,99.955,90.94,Delist candidate — worst capital-to-value ratio
84612B,SET/4 BLACK  BAROQUE FLOCK COASTER,C,Z,CZ,51.0,20,4,5.303,0,4297,19690960.8,99.955,90.961,Delist candidate — worst capital-to-value ratio
85069,CREAM SWEETHEART DOUBLE SHELF,C,Z,CZ,50.85,3,1,10.149,0,4298,19691011.65,99.956,90.982,Delist candidate — worst capital-to-value ratio
90034,WHITE SILVER NECKLACE SHELL GLASS,C,Z,CZ,50.48,5,5,4.45,0,4299,19691062.13,99.956,91.003,Delist candidate — worst capital-to-value ratio
72083A,STRAWBERY SWIRL FLARE CANDLE,C,Z,CZ,50.4,24,5,6.936,0,4300,19691112.53,99.956,91.025,Delist candidate — worst capital-to-value ratio
90141E,ORANGE PENDANT TRIPLE SHELL NECKLAC,C,Z,CZ,50.06,10,5,4.678,0,4301,19691162.59,99.956,91.046,Delist candidate — worst capital-to-value ratio
23603,SET 10 CARD KRAFT REINDEER 17084,C,Z,CZ,49.8,20,7,4.391,0,4302,19691212.39,99.957,91.067,Delist candidate — worst capital-to-value ratio
72129,COLUMBIAN CANDLE ROUND,C,Z,CZ,49.76,75,15,3.383,0,4303,19691262.15,99.957,91.088,Delist candidate — worst capital-to-value ratio
90052,CRACKED GLAZE NECKLACE BROWN,C,Z,CZ,49.58,7,5,5.157,0,4304,19691311.73,99.957,91.109,Delist candidate — worst capital-to-value ratio
84537B,FAIRY CAKES GIFT BAG,C,Z,CZ,49.14,117,10,3.938,0,4305,19691360.87,99.958,91.13,Delist candidate — worst capital-to-value ratio
35644,PAIR PINK/BLACK COATHANGERS,C,Z,CZ,48.75,25,6,6.064,0,4306,19691409.62,99.958,91.152,Delist candidate — worst capital-to-value ratio
90128A,PINK LEAVES AND BEADS PHONE CHARM,C,Z,CZ,48.71,33,8,4.988,0,4307,19691458.33,99.958,91.173,Delist candidate — worst capital-to-value ratio
37489A,YELLOW/PINK FLOWER DESIGN BIG MUG,C,Z,CZ,48.51,47,23,2.273,0,4308,19691506.84,99.958,91.194,Delist candidate — worst capital-to-value ratio
35603C,SET/16 WHITE SHINY & MATT BAUBLES,C,Z,CZ,48.3,83,16,2.904,0,4309,19691555.14,99.958,91.215,Delist candidate — worst capital-to-value ratio
37491A,YELLOW/PINK CERAMIC CANDLE HOLDER,C,Z,CZ,48.3,18,12,3.045,0,4310,19691603.44,99.959,91.236,Delist candidate — worst capital-to-value ratio
90083,CRYSTAL CZECH CROSS PHONE CHARM,C,Z,CZ,48.08,52,13,3.893,0,4311,19691651.52,99.959,91.257,Delist candidate — worst capital-to-value ratio
84608,ORNATE EDWARDIAN CANDLE HOLDER,C,Z,CZ,47.7,6,4,5.281,0,4312,19691699.22,99.959,91.279,Delist candidate — worst capital-to-value ratio
21347,GOTHIC CARRIAGE LANTERN,C,Z,CZ,47.6,8,3,7.794,0,4313,19691746.82,99.959,91.3,Delist candidate — worst capital-to-value ratio
85081,PADDED HOLLY CHRISTMAS DECORATION,C,Z,CZ,47.43,107,10,3.477,0,4314,19691794.25,99.96,91.321,Delist candidate — worst capital-to-value ratio
20895,VINTAGE NOTEBOOK FRENCH LETTER,C,Z,CZ,47.2,16,4,7.742,0,4315,19691841.45,99.96,91.342,Delist candidate — worst capital-to-value ratio
35909B,PINK FLOWERS RABBIT EASTER,C,Z,CZ,47.2,16,6,4.835,0,4316,19691888.65,99.96,91.363,Delist candidate — worst capital-to-value ratio
90067B,BROWN VINTAGE VICTORIAN EARRINGS,C,Z,CZ,47.12,16,6,5.466,0,4317,19691935.77,99.96,91.384,Delist candidate — worst capital-to-value ratio
37462E,"PET MUG, GOLDFISH",C,Z,CZ,47.12,107,23,3.6,0,4318,19691982.89,99.961,91.406,Delist candidate — worst capital-to-value ratio
84227,HEN HOUSE W CHICK IN NEST,C,Z,CZ,47.04,112,8,5.192,0,4319,19692029.93,99.961,91.427,Delist candidate — worst capital-to-value ratio
90181C,BLACK GLASS/SHELL/PEARL NECKLACE,C,Z,CZ,46.93,5,5,4.45,0,4320,19692076.86,99.961,91.448,Delist candidate — worst capital-to-value ratio
20988,TRELLIS FLOWER CHOPSTICKS SET/5,C,Z,CZ,46.8,24,7,5.072,0,4321,19692123.66,99.961,91.469,Delist candidate — worst capital-to-value ratio
84857B,BLUE MONTE CARLO HANDBAG,C,Z,CZ,46.8,24,1,10.149,0,4322,19692170.46,99.962,91.49,Delist candidate — worst capital-to-value ratio
90001C,ANTIQUE OPAL WHITE FLOWER EARRINGS,C,Z,CZ,46.7,11,10,3.19,0,4323,19692217.16,99.962,91.511,Delist candidate — worst capital-to-value ratio
90001A,ANTIQUE RASPBERRY FLOWER EARRINGS,C,Z,CZ,46.6,11,10,3.19,0,4324,19692263.76,99.962,91.533,Delist candidate — worst capital-to-value ratio
84705F,RED PEONY PHOTO FRAME,C,Z,CZ,46.5,10,5,4.45,0,4325,19692310.26,99.962,91.554,Delist candidate — worst capital-to-value ratio
16050,TEATIME PENCIL WITH RUBBER,C,Z,CZ,46.45,151,7,5.07,0,4326,19692356.71,99.963,91.575,Delist candidate — worst capital-to-value ratio
47341A,FUSCHIA TABLE RUN FLOWER,C,Z,CZ,46.25,29,6,5.57,0,4327,19692402.96,99.963,91.596,Delist candidate — worst capital-to-value ratio
72024U,LILAC VOTIVE CANDLE,C,Z,CZ,46.2,220,9,3.583,0,4328,19692449.16,99.963,91.617,Delist candidate — worst capital-to-value ratio
84626,CANDY STRIPE ROSE QUILT,C,Z,CZ,45.95,1,1,10.149,0,4329,19692495.11,99.963,91.638,Delist candidate — worst capital-to-value ratio
18097A,PINK TALL PORCELAIN T-LIGHT HOLDER,C,Z,CZ,45.9,18,10,3.533,0,4330,19692541.01,99.963,91.66,Delist candidate — worst capital-to-value ratio
35611B,BLACK ASSORTED DROPLET DECORATION,C,Z,CZ,45.76,62,2,8.523,0,4331,19692586.77,99.964,91.681,Delist candidate — worst capital-to-value ratio
16161C,WRAP SPEED DEMONS,C,Z,CZ,45.0,450,2,8.188,0,4332,19692631.77,99.964,91.702,Delist candidate — worst capital-to-value ratio
35233,PASTA ENAMEL/BRASS CONTAINER,C,Z,CZ,45.0,12,8,3.667,0,4333,19692676.77,99.964,91.723,Delist candidate — worst capital-to-value ratio
72724,SET/6 CHRISTMAS ICICLE T-LIGHTS,C,Z,CZ,45.0,36,2,7.153,0,4334,19692721.77,99.964,91.744,Delist candidate — worst capital-to-value ratio
23625,SET 6 CARDS SPARKLY REINDEER 17262,C,Z,CZ,44.91,9,4,6.229,0,4335,19692766.68,99.965,91.765,Delist candidate — worst capital-to-value ratio
90059B,DIAMANTE HAIR GRIP PACK/2 BLACK DIA,C,Z,CZ,44.87,27,15,3.462,0,4336,19692811.55,99.965,91.787,Delist candidate — worst capital-to-value ratio
21685,MEDINA STAMPED METAL TRAY,C,Z,CZ,44.85,3,1,10.149,0,4337,19692856.4,99.965,91.808,Delist candidate — worst capital-to-value ratio
90135,ORANGE/WHT/FUSCHIA STONES NECKLACE,C,Z,CZ,44.75,9,3,7.186,0,4338,19692901.15,99.965,91.829,Delist candidate — worst capital-to-value ratio
90197D,AMBER GLASS BRACELET HEART CHARMS,C,Z,CZ,44.55,9,4,5.802,0,4339,19692945.7,99.966,91.85,Delist candidate — worst capital-to-value ratio
72796B,S/3 FRENCH VANILLA SQU CANDLE,C,Z,CZ,44.55,27,9,4.103,0,4340,19692990.25,99.966,91.871,Delist candidate — worst capital-to-value ratio
90011A,MIDNIGHT BLUE CRYSTAL DROP EARRINGS,C,Z,CZ,44.28,15,15,2.436,0,4341,19693034.53,99.966,91.892,Delist candidate — worst capital-to-value ratio
84586L,"PINK ROSES/GINGHAM PATCH RABBIT 8""",C,Z,CZ,44.25,15,5,4.942,0,4342,19693078.78,99.966,91.914,Delist candidate — worst capital-to-value ratio
35085E,IVORY ROSE LAMPSHADE,C,Z,CZ,44.25,39,8,3.917,0,4343,19693123.03,99.966,91.935,Delist candidate — worst capital-to-value ratio
90125E,AMBER BERTIE GLASS BEAD BAG CHARM,C,Z,CZ,44.19,18,12,3.346,0,4344,19693167.22,99.967,91.956,Delist candidate — worst capital-to-value ratio
35815B,"ACRYLIC JEWEL SNOWFLAKE,BLUE",C,Z,CZ,43.94,95,2,7.152,0,4345,19693211.16,99.967,91.977,Delist candidate — worst capital-to-value ratio
17014C,ORIGAMI LAVENDER INCENSE CONES,C,Z,CZ,43.75,97,2,10.044,0,4346,19693254.91,99.967,91.998,Delist candidate — worst capital-to-value ratio
79063C,"RETRO PILL BOX KEY CHAIN,THE KING",C,Z,CZ,43.65,235,12,4.872,0,4347,19693298.56,99.967,92.019,Delist candidate — worst capital-to-value ratio
90042B,FRESHWATER PEARL BRACELET PINK,C,Z,CZ,43.35,17,5,4.882,0,4348,19693341.91,99.968,92.041,Delist candidate — worst capital-to-value ratio
35822P,"ACRYLIC BEAD CHAIN, PINK",C,Z,CZ,43.32,114,1,10.149,0,4349,19693385.23,99.968,92.062,Delist candidate — worst capital-to-value ratio
90054,CRACKED GLAZE EARRINGS RED,C,Z,CZ,43.02,17,14,2.698,0,4350,19693428.25,99.968,92.083,Delist candidate — worst capital-to-value ratio
23038,T-LIGHT HOLDER SILVER SAUCER,C,Z,CZ,42.92,44,7,4.825,0,4351,19693471.17,99.968,92.104,Delist candidate — worst capital-to-value ratio
21596,Hypochondriac Pill Stress Ball,C,Z,CZ,42.64,10,5,5.103,0,4352,19693513.81,99.968,92.125,Delist candidate — worst capital-to-value ratio
90024A,NEW BAROQUE B'FLY NECKLACE BLACK,C,Z,CZ,42.5,5,4,5.303,0,4353,19693556.31,99.969,92.146,Delist candidate — worst capital-to-value ratio
90126C,AMBER BERTIE MOBILE PHONE CHARM,C,Z,CZ,42.1,21,5,6.346,0,4354,19693598.41,99.969,92.168,Delist candidate — worst capital-to-value ratio
72771C,BLACK FLOCK GOLD CANDLE,C,Z,CZ,42.08,54,1,10.149,0,4355,19693640.49,99.969,92.189,Delist candidate — worst capital-to-value ratio
20860,GOLD COSMETICS BAG WITH BUTTERFLY,C,Z,CZ,42.0,20,9,3.888,0,4356,19693682.49,99.969,92.21,Delist candidate — worst capital-to-value ratio
90152C,BLUE/NAT SHELL NECKLACE W PENDANT,C,Z,CZ,41.65,7,4,5.553,0,4357,19693724.14,99.969,92.231,Delist candidate — worst capital-to-value ratio
90060C,FIRE POLISHED GLASS NECKL SILVER,C,Z,CZ,41.65,7,3,7.504,0,4358,19693765.79,99.97,92.252,Delist candidate — worst capital-to-value ratio
90060B,FIRE POLISHED GLASS NECKL GOLD,C,Z,CZ,41.65,7,4,5.157,0,4359,19693807.44,99.97,92.273,Delist candidate — worst capital-to-value ratio
84611B,BLACK NEW BAROQUE FLOCK BOX,C,Z,CZ,41.65,7,4,5.157,0,4360,19693849.09,99.97,92.295,Delist candidate — worst capital-to-value ratio
85184B,SET 4 EASTER DECOUPAGE OVAL BOXES,C,Z,CZ,41.3,14,6,6.1,0,4361,19693890.39,99.97,92.316,Delist candidate — worst capital-to-value ratio
23448,CREAM BUNNY EASTER EGG BASKET,C,Z,CZ,41.25,25,2,7.147,0,4362,19693931.64,99.971,92.337,Delist candidate — worst capital-to-value ratio
90027C,GLASS BEAD HOOP EARRINGS GREEN,C,Z,CZ,41.17,14,12,2.924,0,4363,19693972.81,99.971,92.358,Delist candidate — worst capital-to-value ratio
90183C,BLACK DROP EARRINGS W LONG BEADS,C,Z,CZ,41.02,14,12,2.924,0,4364,19694013.83,99.971,92.379,Delist candidate — worst capital-to-value ratio
21119,Glow In The Dark Shot Glasses,C,Z,CZ,41.01,3,3,5.802,0,4365,19694054.84,99.971,92.401,Delist candidate — worst capital-to-value ratio
44228,CANNABIS LEAF BEAD CURTAIN,C,Z,CZ,40.8,48,3,6.164,0,4366,19694095.64,99.971,92.422,Delist candidate — worst capital-to-value ratio
84798C,WHITE FOXGLOVE ARTIIFCIAL FLOWER,C,Z,CZ,40.8,16,3,5.895,0,4367,19694136.44,99.972,92.443,Delist candidate — worst capital-to-value ratio
47013C,WINE BOTTLE DRESSING DARK BLUE,C,Z,CZ,40.52,147,23,2.612,0,4368,19694176.96,99.972,92.464,Delist candidate — worst capital-to-value ratio
90136,PALE PINK/AMETHYST STONE NECKLACE,C,Z,CZ,40.47,4,3,6.164,0,4369,19694217.43,99.972,92.485,Delist candidate — worst capital-to-value ratio
90152A,SILVER/NAT SHELL NECKLACE W PENDANT,C,Z,CZ,40.34,7,7,3.723,0,4370,19694257.77,99.972,92.506,Delist candidate — worst capital-to-value ratio
37468,HARDMAN MUG 3 ASSORTED,C,Z,CZ,40.2,66,12,4.271,0,4371,19694297.97,99.972,92.528,Delist candidate — worst capital-to-value ratio
20994,JAZZ HEARTS SPIRAL NOTEPAD,C,Z,CZ,39.95,47,4,6.915,0,4372,19694337.92,99.973,92.549,Delist candidate — worst capital-to-value ratio
47013A,WINE BOTTLE DRESSING LT.BLUE,C,Z,CZ,39.87,141,20,3.087,0,4373,19694377.79,99.973,92.57,Delist candidate — worst capital-to-value ratio
79065A,TEATIME ROUND CAKE TINS,C,Z,CZ,39.8,4,1,10.149,0,4374,19694417.59,99.973,92.591,Delist candidate — worst capital-to-value ratio
35963,FOLKART ZINC CLIP ON ANGEL WINGS,C,Z,CZ,39.52,104,10,4.249,0,4375,19694457.11,99.973,92.612,Delist candidate — worst capital-to-value ratio
82545A,COGNAC AUX OEUFS METAL 1 HOOK,C,Z,CZ,38.75,31,9,3.805,0,4376,19694495.86,99.973,92.633,Delist candidate — worst capital-to-value ratio
90130D,RED STONE/CRYSTAL EARRINGS,C,Z,CZ,38.31,13,8,5.046,0,4377,19694534.17,99.974,92.655,Delist candidate — worst capital-to-value ratio
90027B,GLASS BEAD HOOP EARRINGS MONTANA,C,Z,CZ,38.28,13,9,3.952,0,4378,19694572.45,99.974,92.676,Delist candidate — worst capital-to-value ratio
85115B,S/4 BLACK DISCO PARTITION PANEL,C,Z,CZ,37.62,6,2,7.141,0,4379,19694610.07,99.974,92.697,Delist candidate — worst capital-to-value ratio
90176B,DIAMANTE NECKLACE BLACK,C,Z,CZ,37.62,5,4,5.303,0,4380,19694647.69,99.974,92.718,Delist candidate — worst capital-to-value ratio
90039A,FIRE POLISHED GLASS BRACELET RED,C,Z,CZ,37.61,10,5,6.372,0,4381,19694685.3,99.974,92.739,Delist candidate — worst capital-to-value ratio
90214F,"LETTER ""F"" BLING KEY RING",C,Z,CZ,37.53,45,22,3.388,0,4382,19694722.83,99.975,92.76,Delist candidate — worst capital-to-value ratio
79413,GLASS WINE GLASS DECORATIONS,C,Z,CZ,37.5,30,5,5.537,0,4383,19694760.33,99.975,92.782,Delist candidate — worst capital-to-value ratio
37112,YELLOW BIRDS FELT DES FOODCOVER,C,Z,CZ,37.5,10,4,5.495,0,4384,19694797.83,99.975,92.803,Delist candidate — worst capital-to-value ratio
90126A,PINK BERTIE MOBILE PHONE CHARM,C,Z,CZ,37.14,20,5,6.612,0,4385,19694834.97,99.975,92.824,Delist candidate — worst capital-to-value ratio
84251J,"GREETING CARD, THE BLACK CAT",C,Z,CZ,37.04,74,11,4.631,0,4386,19694872.01,99.975,92.845,Delist candidate — worst capital-to-value ratio
16162M,THE KING GIFT BAG 25x24x12cm,C,Z,CZ,36.96,88,10,3.386,0,4387,19694908.97,99.976,92.866,Delist candidate — worst capital-to-value ratio
72715,SPHERICAL IVORY CANDLE,C,Z,CZ,36.96,88,11,3.289,0,4388,19694945.93,99.976,92.887,Delist candidate — worst capital-to-value ratio
17014E,ORIGAMI OPIUM INCENSE CONES,C,Z,CZ,36.6,95,6,9.506,0,4389,19694982.53,99.976,92.909,Delist candidate — worst capital-to-value ratio
90141D,ROSE PENDANT TRIPLE SHELL NECKLACE,C,Z,CZ,36.33,7,5,5.157,0,4390,19695018.86,99.976,92.93,Delist candidate — worst capital-to-value ratio
90037D,TINY CRYSTALS BRACELET BLACK,C,Z,CZ,35.87,14,7,4.947,0,4391,19695054.73,99.976,92.951,Delist candidate — worst capital-to-value ratio
37348,SET OF 4 PASTEL STACKING MUGS,C,Z,CZ,35.7,14,6,5.359,0,4392,19695090.43,99.976,92.972,Delist candidate — worst capital-to-value ratio
84745B,BLUE HANGING GINGHAM EASTER HEN,C,Z,CZ,35.7,85,17,2.555,0,4393,19695126.13,99.977,92.993,Delist candidate — worst capital-to-value ratio
90132,LIGHT TOPAZ TEAL/AQUA COL NECKLACE,C,Z,CZ,35.63,7,7,3.723,0,4394,19695161.76,99.977,93.014,Delist candidate — worst capital-to-value ratio
79063D,"RETRO PILL BOX , REVOLUTIONARY",C,Z,CZ,35.33,190,9,5.852,0,4395,19695197.09,99.977,93.036,Delist candidate — worst capital-to-value ratio
90011C,GREEN CRYSTAL DROP EARRINGS,C,Z,CZ,35.33,12,7,5.416,0,4396,19695232.42,99.977,93.057,Delist candidate — worst capital-to-value ratio
90152B,BLUE/GREEN SHELL NECKLACE W PENDANT,C,Z,CZ,35.26,6,5,4.702,0,4397,19695267.68,99.977,93.078,Delist candidate — worst capital-to-value ratio
DCGS0058,MISO PRETTY  GUM,C,Z,CZ,34.82,42,19,3.081,0,4398,19695302.5,99.978,93.099,Delist candidate — worst capital-to-value ratio
84868B,BLUE BABY BOY'S MEMORY BOX,C,Z,CZ,34.75,5,3,6.037,0,4399,19695337.25,99.978,93.12,Delist candidate — worst capital-to-value ratio
90081B,LILY BROOCH WHITE/SILVER COLOUR,C,Z,CZ,34.65,7,3,6.271,0,4400,19695371.9,99.978,93.141,Delist candidate — worst capital-to-value ratio
84546,CROCHET POODLE KEYRING,C,Z,CZ,34.65,21,3,6.601,0,4401,19695406.55,99.978,93.163,Delist candidate — worst capital-to-value ratio
35955,SMALL FOLKART CHRISTMAS TREE DEC,C,Z,CZ,34.62,135,3,9.998,0,4402,19695441.17,99.978,93.184,Delist candidate — worst capital-to-value ratio
44265,M/COLOUR POM-POM CURTAIN,C,Z,CZ,34.0,8,4,5.315,0,4403,19695475.17,99.978,93.205,Delist candidate — worst capital-to-value ratio
90066A,PINK VINTAGE VICTORIAN CHOKER,C,Z,CZ,33.75,5,2,7.286,0,4404,19695508.92,99.979,93.226,Delist candidate — worst capital-to-value ratio
84456,SET OF 3 RABBIT EGG EASTER,C,Z,CZ,33.15,37,13,3.857,0,4405,19695542.07,99.979,93.247,Delist candidate — worst capital-to-value ratio
85079,EMBROIDERED REINDEER DECORATION,C,Z,CZ,33.1,24,4,6.076,0,4406,19695575.17,99.979,93.268,Delist candidate — worst capital-to-value ratio
90076,MONTANA DIAMOND CLUSTER EARRINGS,C,Z,CZ,33.0,12,7,5.416,0,4407,19695608.17,99.979,93.29,Delist candidate — worst capital-to-value ratio
DCGS0003,BOXED GLASS ASHTRAY,C,Z,CZ,32.59,13,13,2.646,0,4408,19695640.76,99.979,93.311,Delist candidate — worst capital-to-value ratio
90214O,"LETTER ""O"" BLING KEY RING",C,Z,CZ,31.42,36,16,4.041,0,4409,19695672.18,99.979,93.332,Delist candidate — worst capital-to-value ratio
23632,SET 10 CARDS CHEERFUL ROBIN 17065,C,Z,CZ,31.2,15,6,5.389,0,4410,19695703.38,99.98,93.353,Delist candidate — worst capital-to-value ratio
84745A,PINK HANGING GINGHAM EASTER HEN,C,Z,CZ,31.08,74,15,2.822,0,4411,19695734.46,99.98,93.374,Delist candidate — worst capital-to-value ratio
44091C,MULTICOLOUR CRUSOE CHECK LAMPSHADE,C,Z,CZ,30.66,61,14,4.433,0,4412,19695765.12,99.98,93.395,Delist candidate — worst capital-to-value ratio
21919,Electronic Talking Breath-A-Loser,C,Z,CZ,30.47,6,4,5.281,0,4413,19695795.59,99.98,93.417,Delist candidate — worst capital-to-value ratio
37489B,BLUE/YELLOW FLOWER DESIGN BIG MUG,C,Z,CZ,30.42,38,17,2.712,0,4414,19695826.01,99.98,93.438,Delist candidate — worst capital-to-value ratio
90025F,BAROQUE BUTTERFLY EARRINGS CRYSTAL,C,Z,CZ,30.23,8,8,3.464,0,4415,19695856.24,99.98,93.459,Delist candidate — worst capital-to-value ratio
90214V,"LETTER ""V"" BLING KEY RING",C,Z,CZ,30.23,39,23,3.393,0,4416,19695886.47,99.98,93.48,Delist candidate — worst capital-to-value ratio
18010,ASSORTED FRAGRANCE BATH CONFETTI,C,Z,CZ,30.16,64,5,5.145,0,4417,19695916.63,99.981,93.501,Delist candidate — worst capital-to-value ratio
37491B,BLUE/YELLOW CERAMIC CANDLE HOLDER,C,Z,CZ,30.08,14,7,4.255,0,4418,19695946.71,99.981,93.522,Delist candidate — worst capital-to-value ratio
47563B,WAVELINE SURF IRONING BOARD COVER,C,Z,CZ,30.0,8,6,4.664,0,4419,19695976.71,99.981,93.544,Delist candidate — worst capital-to-value ratio
84876C,SILVER HEART COMPACT MIRROR,C,Z,CZ,30.0,8,3,7.794,0,4420,19696006.71,99.981,93.565,Delist candidate — worst capital-to-value ratio
90176E,DIAMANTE NECKLACE GREEN,C,Z,CZ,29.98,4,3,6.164,0,4421,19696036.69,99.981,93.586,Delist candidate — worst capital-to-value ratio
21767,FRENCH STYLE WIRE DOOR CABINET,C,Z,CZ,29.95,1,1,10.149,0,4422,19696066.64,99.981,93.607,Delist candidate — worst capital-to-value ratio
78056,CAMOUFLAGE BACKPACK ON WHEELS,C,Z,CZ,29.85,3,2,7.535,0,4423,19696096.49,99.982,93.628,Delist candidate — worst capital-to-value ratio
22351,DOTCOMGIFTSHOP TEA TOWEL,C,Z,CZ,29.81,15,3,8.238,0,4424,19696126.3,99.982,93.649,Delist candidate — worst capital-to-value ratio
35598A,DUSTY PINK CHRISTMAS TREE 60CM,C,Z,CZ,29.5,10,2,9.18,0,4425,19696155.8,99.982,93.671,Delist candidate — worst capital-to-value ratio
78034B,BLUE NETTING STORAGE HANGER,C,Z,CZ,29.25,15,9,3.651,0,4426,19696185.05,99.982,93.692,Delist candidate — worst capital-to-value ratio
40005B,BLUE ORGANDY ROUND LAMPSHADE W BEA,C,Z,CZ,28.9,34,12,3.27,0,4427,19696213.95,99.982,93.713,Delist candidate — worst capital-to-value ratio
37489D,PINK/GREEN FLOWER DESIGN BIG MUG,C,Z,CZ,28.86,46,19,2.657,0,4428,19696242.81,99.982,93.734,Delist candidate — worst capital-to-value ratio
44089C,LILAC GAUZE BUTTERFLY LAMPSHADE,C,Z,CZ,28.56,68,15,2.929,0,4429,19696271.37,99.982,93.755,Delist candidate — worst capital-to-value ratio
21097,SET/6 GREEN SPRING  PAPER PLATE,C,Z,CZ,28.05,33,6,4.813,0,4430,19696299.42,99.983,93.776,Delist candidate — worst capital-to-value ratio
37489C,GREEN/BLUE FLOWER DESIGN BIG MUG,C,Z,CZ,28.01,28,11,3.387,0,4431,19696327.43,99.983,93.798,Delist candidate — worst capital-to-value ratio
17091F,SANDALWOOD INCENSE IN TIN,C,Z,CZ,27.71,19,4,5.301,0,4432,19696355.14,99.983,93.819,Delist candidate — worst capital-to-value ratio
23637,SET 10 CARDS OUT OF ORDER 17216,C,Z,CZ,27.39,11,8,3.915,0,4433,19696382.53,99.983,93.84,Delist candidate — worst capital-to-value ratio
23613,SET 10 XMAS CARDS & BADGES 17070,C,Z,CZ,27.39,11,4,5.393,0,4434,19696409.92,99.983,93.861,Delist candidate — worst capital-to-value ratio
84030B,KNITTED POM POM HOT WATER BOTTLE,C,Z,CZ,27.21,6,3,7.141,0,4435,19696437.13,99.983,93.882,Delist candidate — worst capital-to-value ratio
84867B,BLUE BABY BOY'S PHOTO ALBUM,C,Z,CZ,27.14,2,1,10.149,0,4436,19696464.27,99.983,93.903,Delist candidate — worst capital-to-value ratio
90187A,BLUE DROP EARRINGS W BEAD CLUSTER,C,Z,CZ,27.04,8,7,3.905,0,4437,19696491.31,99.984,93.925,Delist candidate — worst capital-to-value ratio
23702,High Resolution Image,C,Z,CZ,27.0,4,3,6.164,0,4438,19696518.31,99.984,93.946,Delist candidate — worst capital-to-value ratio
17013F,ORIGAMI SANDLEWOOD INCENSE IN TUBE,C,Z,CZ,26.7,62,5,9.174,0,4439,19696545.01,99.984,93.967,Delist candidate — worst capital-to-value ratio
90027A,GLASS BEAD HOOP EARRINGS BLACK,C,Z,CZ,26.52,9,6,5.095,0,4440,19696571.53,99.984,93.988,Delist candidate — worst capital-to-value ratio
90025E,BAROQUE BUTTERFLY EARRINGS MONTANA,C,Z,CZ,26.5,7,7,3.723,0,4441,19696598.03,99.984,94.009,Delist candidate — worst capital-to-value ratio
23636,SET 10 CARDS WISHING TREE 17116,C,Z,CZ,26.19,9,5,5.341,0,4442,19696624.22,99.984,94.03,Delist candidate — worst capital-to-value ratio
90182A,AMBER 3 BEAD DROP EARRINGS,C,Z,CZ,26.16,9,6,5.095,0,4443,19696650.38,99.984,94.052,Delist candidate — worst capital-to-value ratio
90041,PEARL AND CHERRY QUARTZ BRACLET,C,Z,CZ,25.67,7,6,4.255,0,4444,19696676.05,99.984,94.073,Delist candidate — worst capital-to-value ratio
20954,*USB Office Mirror Ball,C,Z,CZ,25.59,3,2,7.535,0,4445,19696701.64,99.985,94.094,Delist candidate — worst capital-to-value ratio
90142A,GREEN PENDANT SHELL NECKLACE,C,Z,CZ,25.45,5,4,5.303,0,4446,19696727.09,99.985,94.115,Delist candidate — worst capital-to-value ratio
DCGS0070,CAMOUFLAGE DOG COLLAR,C,Z,CZ,25.44,2,2,7.141,0,4447,19696752.53,99.985,94.136,Delist candidate — worst capital-to-value ratio
47552A,DOTS IRONING BOARD COVER,C,Z,CZ,25.35,13,8,5.046,0,4448,19696777.88,99.985,94.157,Delist candidate — worst capital-to-value ratio
90214Y,"LETTER ""Y"" BLING KEY RING",C,Z,CZ,25.34,68,9,8.953,0,4449,19696803.22,99.985,94.179,Delist candidate — worst capital-to-value ratio
90055,CRACKED GLAZE EARRINGS BROWN,C,Z,CZ,25.28,10,10,3.066,0,4450,19696828.5,99.985,94.2,Delist candidate — worst capital-to-value ratio
35597D,PINK/WHITE CHRISTMAS TREE 30CM,C,Z,CZ,25.28,58,5,5.91,0,4451,19696853.78,99.985,94.221,Delist candidate — worst capital-to-value ratio
90053,CRACKED GLAZE EARRINGS IVORY,C,Z,CZ,25.23,10,10,3.066,0,4452,19696879.01,99.986,94.242,Delist candidate — worst capital-to-value ratio
90128C,GREEN LEAVES AND BEADS PHONE CHARM,C,Z,CZ,25.04,17,6,7.254,0,4453,19696904.05,99.986,94.263,Delist candidate — worst capital-to-value ratio
23620,SET 10 CARDS PERFECT POST 17090,C,Z,CZ,24.9,10,6,4.45,0,4454,19696928.95,99.986,94.285,Delist candidate — worst capital-to-value ratio
84550,CROCHET LILAC/RED BEAR KEYRING,C,Z,CZ,24.75,15,5,5.474,0,4455,19696953.7,99.986,94.306,Delist candidate — worst capital-to-value ratio
35633B,BLUE TINSEL GARLAND,C,Z,CZ,24.7,130,9,4.564,0,4456,19696978.4,99.986,94.327,Delist candidate — worst capital-to-value ratio
35596,WOOD XMAS TREE 9 FIG SHELVES,C,Z,CZ,24.65,29,2,7.647,0,4457,19697003.05,99.986,94.348,Delist candidate — worst capital-to-value ratio
10124A,SPOTS ON RED BOOKCOVER TAPE,C,Z,CZ,24.36,58,16,2.855,0,4458,19697027.41,99.986,94.369,Delist candidate — worst capital-to-value ratio
84450A,PINK RABBIT SITTING EASTER,C,Z,CZ,24.18,52,4,5.484,0,4459,19697051.59,99.986,94.39,Delist candidate — worst capital-to-value ratio
84575B,BROWN DOG CANNISTER W BONE,C,Z,CZ,23.8,4,3,6.164,0,4460,19697075.39,99.987,94.412,Delist candidate — worst capital-to-value ratio
90128B,BLUE LEAVES AND BEADS PHONE CHARM,C,Z,CZ,23.76,18,6,6.913,0,4461,19697099.15,99.987,94.433,Delist candidate — worst capital-to-value ratio
17014F,ORIGAMI SANDLEWOOD INCENSE CONES,C,Z,CZ,23.7,61,4,9.486,0,4462,19697122.85,99.987,94.454,Delist candidate — worst capital-to-value ratio
90011E,AMBER CRYSTAL DROP EARRINGS,C,Z,CZ,23.61,8,8,3.464,0,4463,19697146.46,99.987,94.475,Delist candidate — worst capital-to-value ratio
23623,SET 10 CARD CHRISTMAS WELCOME 17112,C,Z,CZ,23.28,8,5,5.0,0,4464,19697169.74,99.987,94.496,Delist candidate — worst capital-to-value ratio
90095,NECKLACE+BRACELET SET PINK BLOSSOM,C,Z,CZ,22.91,8,3,7.794,0,4465,19697192.65,99.987,94.517,Delist candidate — worst capital-to-value ratio
90025C,BAROQUE BUTTERFLY EARRINGS GREEN,C,Z,CZ,22.56,6,6,4.041,0,4466,19697215.21,99.987,94.539,Delist candidate — worst capital-to-value ratio
35591T,TURQUOISE CHRISTMAS TREE,C,Z,CZ,22.5,18,7,4.273,0,4467,19697237.71,99.987,94.56,Delist candidate — worst capital-to-value ratio
37477C,"FLOWER FAIRY MUG+COASTER,ROSE",C,Z,CZ,22.5,6,1,10.149,0,4468,19697260.21,99.987,94.581,Delist candidate — worst capital-to-value ratio
85225,BLING KEY RING STAND,C,Z,CZ,22.5,19,10,4.345,0,4469,19697282.71,99.988,94.602,Delist candidate — worst capital-to-value ratio
90189B,GOLD 2 STRAND NECKLACE-LEAF CHARMS,C,Z,CZ,22.5,3,2,7.535,0,4470,19697305.21,99.988,94.623,Delist candidate — worst capital-to-value ratio
23645,SET 10 CHRISTMAS CARDS HOHOHO 16956,C,Z,CZ,22.41,9,4,5.577,0,4471,19697327.62,99.988,94.644,Delist candidate — worst capital-to-value ratio
23640,SET 10 CARDS SCOTTIE DOG 17211,C,Z,CZ,22.41,9,8,3.623,0,4472,19697350.03,99.988,94.666,Delist candidate — worst capital-to-value ratio
35652,VINTAGE BEAD CHAISE LONG JEWEL BOX,C,Z,CZ,21.5,18,2,9.081,0,4473,19697371.53,99.988,94.687,Delist candidate — worst capital-to-value ratio
90214Z,"LETTER ""Z"" BLING KEY RING",C,Z,CZ,21.49,31,16,4.184,0,4474,19697393.02,99.988,94.708,Delist candidate — worst capital-to-value ratio
84387A,BIRD ON BRANCH CANVAS SCREEN,C,Z,CZ,21.45,11,1,10.149,0,4475,19697414.47,99.988,94.729,Delist candidate — worst capital-to-value ratio
44092C,PURPLE/COPPER HANGING LAMPSHADE,C,Z,CZ,21.25,25,9,3.848,0,4476,19697435.72,99.988,94.75,Delist candidate — worst capital-to-value ratio
21387,IVORY HANGING DECORATION  RABBIT,C,Z,CZ,21.25,25,2,9.364,0,4477,19697456.97,99.988,94.771,Delist candidate — worst capital-to-value ratio
90128D,PURPLE LEAVES AND BEADS PHONE CHAR,C,Z,CZ,21.24,13,7,5.166,0,4478,19697478.21,99.989,94.793,Delist candidate — worst capital-to-value ratio
21594,Dr. Jam's Arouzer Stress Ball,C,Z,CZ,21.06,5,5,4.45,0,4479,19697499.27,99.989,94.814,Delist candidate — worst capital-to-value ratio
23692,WRAP A PRETTY THANK YOU,C,Z,CZ,21.0,50,2,7.141,0,4480,19697520.27,99.989,94.835,Delist candidate — worst capital-to-value ratio
35603B,S/16 BLACK SHINY/MAT BAUBLES,C,Z,CZ,21.0,50,1,10.149,0,4481,19697541.27,99.989,94.856,Delist candidate — worst capital-to-value ratio
DCGS0072,CAT CAMOUFLAGUE COLLAR,C,Z,CZ,20.68,4,1,10.149,0,4482,19697561.95,99.989,94.877,Delist candidate — worst capital-to-value ratio
10002R,ROBOT PENCIL SHARPNER,C,Z,CZ,20.57,4,3,6.164,0,4483,19697582.52,99.989,94.898,Delist candidate — worst capital-to-value ratio
79172D,PURPLE TINT ACRYLIC FLOWER VASE,C,Z,CZ,20.4,24,4,6.016,0,4484,19697602.92,99.989,94.92,Delist candidate — worst capital-to-value ratio
90082C,DIAMANTE BOW BROOCH WHITE COLOUR,C,Z,CZ,19.93,3,3,5.802,0,4485,19697622.85,99.989,94.941,Delist candidate — worst capital-to-value ratio
23601,SET 10 CARDS SNOWY SNOWDROPS  17100,C,Z,CZ,19.92,8,3,7.794,0,4486,19697642.77,99.989,94.962,Delist candidate — worst capital-to-value ratio
23616,SET 10 CARDS JINGLE BELLS 17217,C,Z,CZ,19.92,8,5,5.0,0,4487,19697662.69,99.989,94.983,Delist candidate — worst capital-to-value ratio
90127A,PINK BEADS+HAND PHONE CHARM,C,Z,CZ,19.92,14,2,8.805,0,4488,19697682.61,99.99,95.004,Delist candidate — worst capital-to-value ratio
23646,SET 10 CARDS JINGLE BELLS 16957,C,Z,CZ,19.92,8,4,5.612,0,4489,19697702.53,99.99,95.025,Delist candidate — worst capital-to-value ratio
84570B,WHITE SATIN DRESS JEWEL STAND,C,Z,CZ,19.8,4,2,8.0,0,4490,19697722.33,99.99,95.047,Delist candidate — worst capital-to-value ratio
37488A,YELLOW PINK FLOWER DESIGN BIG BOWL,C,Z,CZ,19.77,31,5,7.354,0,4491,19697742.1,99.99,95.068,Delist candidate — worst capital-to-value ratio
37487B,YELLOW/ORANGE FLOWER DESIGN PLATE,C,Z,CZ,19.72,68,1,10.149,0,4492,19697761.82,99.99,95.089,Delist candidate — worst capital-to-value ratio
20680,PINK FLOWERS CHILDS UMBRELLA,C,Z,CZ,19.5,6,3,7.141,0,4493,19697781.32,99.99,95.11,Delist candidate — worst capital-to-value ratio
79062D,"RETRO TIN ASHTRAY,REVOLUTIONARY",C,Z,CZ,19.4,52,4,5.731,0,4494,19697800.72,99.99,95.131,Delist candidate — worst capital-to-value ratio
81950V,FLOWER PURPLE CLOCK W/SUCKER,C,Z,CZ,19.09,33,9,4.568,0,4495,19697819.81,99.99,95.152,Delist candidate — worst capital-to-value ratio
90025D,BAROQUE BUTTERFLY EARRINGS PINK,C,Z,CZ,18.69,5,5,4.45,0,4496,19697838.5,99.99,95.174,Delist candidate — worst capital-to-value ratio
84732B,CUTE BIRD CEATURE SCREEN,C,Z,CZ,18.48,28,6,7.361,0,4497,19697856.98,99.99,95.195,Delist candidate — worst capital-to-value ratio
84311,CAMOFLAGE CUSHION COVER,C,Z,CZ,18.15,11,1,10.149,0,4498,19697875.13,99.991,95.216,Delist candidate — worst capital-to-value ratio
72796A,S/3 ENGLISH LAVENDER SQU CANDLE,C,Z,CZ,18.15,11,5,5.393,0,4499,19697893.28,99.991,95.237,Delist candidate — worst capital-to-value ratio
84614C,BLUE BAROQUE FLOCK CANDLE HOLDER,C,Z,CZ,17.85,3,1,10.149,0,4500,19697911.13,99.991,95.258,Delist candidate — worst capital-to-value ratio
18097B,BLUE TALL PORCELAIN T-LIGHT HOLDER,C,Z,CZ,17.85,7,3,6.271,0,4501,19697928.98,99.991,95.279,Delist candidate — worst capital-to-value ratio
71050,SMALL SINGLE FLAME CANDLE HOLDER,C,Z,CZ,17.85,51,7,4.146,0,4502,19697946.83,99.991,95.301,Delist candidate — worst capital-to-value ratio
90182B,AMETHYST 3 BEAD DROP EARRINGS,C,Z,CZ,17.53,6,5,4.702,0,4503,19697964.36,99.991,95.322,Delist candidate — worst capital-to-value ratio
23627,SET 10 CARDS XMAS GRAPHIC  17218,C,Z,CZ,17.43,7,2,8.805,0,4504,19697981.79,99.991,95.343,Delist candidate — worst capital-to-value ratio
DCGS0066N,NAVY CUDDLES DOG HOODIE,C,Z,CZ,17.3,2,1,10.149,0,4505,19697999.09,99.991,95.364,Delist candidate — worst capital-to-value ratio
DCGS0068,DOGS NIGHT COLLAR,C,Z,CZ,17.12,2,2,7.141,0,4506,19698016.21,99.991,95.385,Delist candidate — worst capital-to-value ratio
21120,*Boombox Ipod Classic,C,Z,CZ,16.98,1,1,10.149,0,4507,19698033.19,99.991,95.406,Delist candidate — worst capital-to-value ratio
72805,VANILLA CANDLE IN EMBOSSED ZINC POT,C,Z,CZ,16.9,10,3,6.206,0,4508,19698050.09,99.991,95.428,Delist candidate — worst capital-to-value ratio
72785A,S/4 CONTEMPORY PINK ROSEBUD CANDLES,C,Z,CZ,16.8,8,4,5.315,0,4509,19698066.89,99.992,95.449,Delist candidate — worst capital-to-value ratio
44089A,PINK GAUZE BUTTERFLY LAMPSHADE,C,Z,CZ,16.8,40,10,3.821,0,4510,19698083.69,99.992,95.47,Delist candidate — worst capital-to-value ratio
21511,VINTAGE COLLAGE  GREETING  CARD,C,Z,CZ,16.8,40,2,7.286,0,4511,19698100.49,99.992,95.491,Delist candidate — worst capital-to-value ratio
23644,SET 10 CARDS CHRISTMAS TREE 16955,C,Z,CZ,16.65,5,5,4.45,0,4512,19698117.14,99.992,95.512,Delist candidate — worst capital-to-value ratio
90102,WHITE FRANGIPANI HAIR CLIP,C,Z,CZ,16.11,19,4,6.294,0,4513,19698133.25,99.992,95.533,Delist candidate — worst capital-to-value ratio
62074B,ELEPHANT CLIP W SUCTION CUP,C,Z,CZ,15.96,38,11,3.72,0,4514,19698149.21,99.992,95.555,Delist candidate — worst capital-to-value ratio
84630,FLOWERS AND BIRDS WALL PLAQUE,C,Z,CZ,15.9,2,1,10.149,0,4515,19698165.11,99.992,95.576,Delist candidate — worst capital-to-value ratio
84250M,"GREETING CARD, BLACKPOOL ROCK",C,Z,CZ,15.9,28,11,4.699,0,4516,19698181.01,99.992,95.597,Delist candidate — worst capital-to-value ratio
35932,PINK CHRISTMAS TREE DECORATION,C,Z,CZ,15.63,37,9,4.16,0,4517,19698196.64,99.992,95.618,Delist candidate — worst capital-to-value ratio
21560,TOADSTOOL  LUNCHBOX WITH CUTLERY,C,Z,CZ,15.44,4,2,8.0,0,4518,19698212.08,99.992,95.639,Delist candidate — worst capital-to-value ratio
21853,GUMBALL CUSTOM CARS TOP TRUMPS GAME,C,Z,CZ,15.4,3,3,5.802,0,4519,19698227.48,99.992,95.66,Delist candidate — worst capital-to-value ratio
37481,CUBIC MUG TEATIME CAKES,C,Z,CZ,15.3,6,1,10.149,0,4520,19698242.78,99.992,95.682,Delist candidate — worst capital-to-value ratio
17174,ASSTD RASTA KEY-CHAINS,C,Z,CZ,15.12,36,6,6.959,0,4521,19698257.9,99.993,95.703,Delist candidate — worst capital-to-value ratio
84206A,3 BLACK CATS W HEARTS BLANK CARD,C,Z,CZ,15.01,79,7,4.653,0,4522,19698272.91,99.993,95.724,Delist candidate — worst capital-to-value ratio
23449,SET OF 6 EASTER RAINBOW CHICKS,C,Z,CZ,15.0,12,1,10.149,0,4523,19698287.91,99.993,95.745,Delist candidate — worst capital-to-value ratio
90068,"RUBY GLASS NECKLACE 42""",C,Z,CZ,15.0,2,2,7.141,0,4524,19698302.91,99.993,95.766,Delist candidate — worst capital-to-value ratio
21475,SWEETHEART CREAM STEEL FOLDIN CHAIR,C,Z,CZ,14.95,1,1,10.149,0,4525,19698317.86,99.993,95.787,Delist candidate — worst capital-to-value ratio
23621,SET 10 CARDS DAVID'S MADONNA 17074,C,Z,CZ,14.94,6,3,7.141,0,4526,19698332.8,99.993,95.809,Delist candidate — worst capital-to-value ratio
84567,FROSTED GLASS WITH SILVER SURROUND,C,Z,CZ,14.85,9,1,10.149,0,4527,19698347.65,99.993,95.83,Delist candidate — worst capital-to-value ratio
35650,VINTAGE BEAD PINK JEWEL STAND,C,Z,CZ,14.85,3,3,5.802,0,4528,19698362.5,99.993,95.851,Delist candidate — worst capital-to-value ratio
90011D,PURPLE CRYSTAL DROP EARRINGS,C,Z,CZ,14.75,5,5,4.45,0,4529,19698377.25,99.993,95.872,Delist candidate — worst capital-to-value ratio
SP1002,KID'S CHALKBOARD/EASEL,C,Z,CZ,14.75,5,1,10.149,0,4530,19698392.0,99.993,95.893,Delist candidate — worst capital-to-value ratio
23634,SET 10 CARDS XMAS CHOIR 17068,C,Z,CZ,14.55,5,5,4.45,0,4531,19698406.55,99.993,95.914,Delist candidate — worst capital-to-value ratio
90077,BLACK DIAMOND CLUSTER EARRINGS,C,Z,CZ,14.4,5,5,4.45,0,4532,19698420.95,99.993,95.936,Delist candidate — worst capital-to-value ratio
10124G,ARMY CAMO BOOKCOVER TAPE,C,Z,CZ,14.28,33,10,3.364,0,4533,19698435.23,99.993,95.957,Delist candidate — worst capital-to-value ratio
84868A,PINK BABY GIRL'S MEMORY BOX,C,Z,CZ,13.9,2,1,10.149,0,4534,19698449.13,99.993,95.978,Delist candidate — worst capital-to-value ratio
21852,EMPIRE TEDDY,C,Z,CZ,13.9,2,2,7.141,0,4535,19698463.03,99.994,95.999,Delist candidate — worst capital-to-value ratio
16245A,PINK MINI STATIONERY SET W CASE,C,Z,CZ,13.75,11,6,4.891,0,4536,19698476.78,99.994,96.02,Delist candidate — worst capital-to-value ratio
35936,CERISE+GOLD CHRISTMAS TREE DEC,C,Z,CZ,13.68,36,8,4.041,0,4537,19698490.46,99.994,96.041,Delist candidate — worst capital-to-value ratio
84814B,RHOMBUS CRYSTAL PERFUME BOTTLE,C,Z,CZ,13.65,7,1,10.149,0,4538,19698504.11,99.994,96.063,Delist candidate — worst capital-to-value ratio
35443,RASTA IN BATH W SPLIFF ASHTRAY,C,Z,CZ,13.6,16,10,3.691,0,4539,19698517.71,99.994,96.084,Delist candidate — worst capital-to-value ratio
21525,BEWARE OF THE CAT DOORMAT,C,Z,CZ,13.5,2,1,10.149,0,4540,19698531.21,99.994,96.105,Delist candidate — worst capital-to-value ratio
62097B,BLUE STRIPES SHOULDER BAG,C,Z,CZ,13.37,11,4,5.55,0,4541,19698544.58,99.994,96.126,Delist candidate — worst capital-to-value ratio
23639,SET 10 CARDS MAGICAL TREE 17086,C,Z,CZ,13.32,4,4,5.0,0,4542,19698557.9,99.994,96.147,Delist candidate — worst capital-to-value ratio
23607,SET 10 CARDS HATS & STOCKINGS 17081,C,Z,CZ,13.28,8,7,3.905,0,4543,19698571.18,99.994,96.169,Delist candidate — worst capital-to-value ratio
79149B,SILICON STAR BULB  BLUE,C,Z,CZ,13.02,31,12,4.026,0,4544,19698584.2,99.994,96.19,Delist candidate — worst capital-to-value ratio
16192,PINK BALLET OPENING CUBE BOX,C,Z,CZ,12.9,3,1,10.149,0,4545,19698597.1,99.994,96.211,Delist candidate — worst capital-to-value ratio
84247J,PACK/12 RUSSIAN DOLL CARDS,C,Z,CZ,12.78,10,3,6.206,0,4546,19698609.88,99.994,96.232,Delist candidate — worst capital-to-value ratio
84648,NEW BAROQUE WALL MIRROR,C,Z,CZ,12.75,1,1,10.149,0,4547,19698622.63,99.994,96.253,Delist candidate — worst capital-to-value ratio
21772,VINTAGE METAL CAKE STAND CREAM,C,Z,CZ,12.75,1,1,10.149,0,4548,19698635.38,99.994,96.274,Delist candidate — worst capital-to-value ratio
85083,KISS REINDEER SCANDINAVIAN STOCKING,C,Z,CZ,12.75,5,2,7.286,0,4549,19698648.13,99.994,96.296,Delist candidate — worst capital-to-value ratio
20812,EMBOSSED FLOWER TRELLIS PHOTO FRAME,C,Z,CZ,12.75,5,2,7.286,0,4550,19698660.88,99.995,96.317,Delist candidate — worst capital-to-value ratio
72752B,"F.FAIRY,CANDLE IN GLASS,LAVENDER",C,Z,CZ,12.75,3,2,7.535,0,4551,19698673.63,99.995,96.338,Delist candidate — worst capital-to-value ratio
44092B,BLUE WHITE PLASTIC RINGS LAMPSHADE,C,Z,CZ,12.75,15,6,5.035,0,4552,19698686.38,99.995,96.359,Delist candidate — worst capital-to-value ratio
85157,SET OF 2 CHESTS CHOCOLAT AU LAIT,C,Z,CZ,12.72,1,1,10.149,0,4553,19698699.1,99.995,96.38,Delist candidate — worst capital-to-value ratio
DCGS0037,KEY-RING CORKSCREW,C,Z,CZ,12.72,1,1,10.149,0,4554,19698711.82,99.995,96.401,Delist candidate — worst capital-to-value ratio
DCGS0075,CAMOUFLAGUE DOG LEAD,C,Z,CZ,12.72,1,1,10.149,0,4555,19698724.54,99.995,96.423,Delist candidate — worst capital-to-value ratio
35751C,PURPLE CURRENT CANDLE RING,C,Z,CZ,12.61,31,1,10.149,0,4556,19698737.15,99.995,96.444,Delist candidate — worst capital-to-value ratio
51012L,"FEATHER DUSTER, LIGHT PINK",C,Z,CZ,12.5,10,2,7.286,0,4557,19698749.65,99.995,96.465,Delist candidate — worst capital-to-value ratio
35597A,DUSTY PINK CHRISTMAS TREE 30CM,C,Z,CZ,12.5,10,3,7.427,0,4558,19698762.15,99.995,96.486,Delist candidate — worst capital-to-value ratio
84743C,ORANGE FELT VASE + FLOWERS,C,Z,CZ,12.5,10,5,4.678,0,4559,19698774.65,99.995,96.507,Delist candidate — worst capital-to-value ratio
35918B,BLUE FLORIBUNDA EGG WARMER,C,Z,CZ,12.5,10,4,5.862,0,4560,19698787.15,99.995,96.528,Delist candidate — worst capital-to-value ratio
23635,SET 10 CARDS CHRISTMAS HOLLY  17259,C,Z,CZ,12.48,3,3,5.802,0,4561,19698799.63,99.995,96.55,Delist candidate — worst capital-to-value ratio
23654,SET 10 CARD SNOWMAN 16965,C,Z,CZ,12.45,5,4,5.303,0,4562,19698812.08,99.995,96.571,Delist candidate — worst capital-to-value ratio
90000C,OPAL WHITE/SILVER FLOWER NECKLACE,C,Z,CZ,12.32,2,2,7.141,0,4563,19698824.4,99.995,96.592,Delist candidate — worst capital-to-value ratio
44242A,LILAC FEATHERS CURTAIN,C,Z,CZ,11.98,14,2,8.805,0,4564,19698836.38,99.995,96.613,Delist candidate — worst capital-to-value ratio
22206,"MUG , DOTCOMGIFTSHOP.COM",C,Z,CZ,11.82,14,9,3.997,0,4565,19698848.2,99.996,96.634,Delist candidate — worst capital-to-value ratio
85185E,DUCK SOCK PUPPET,C,Z,CZ,11.8,4,2,8.0,0,4566,19698860.0,99.996,96.655,Delist candidate — worst capital-to-value ratio
23608,SET 10 CARDS RUDOLPHS NOSE 17097,C,Z,CZ,11.64,4,3,6.164,0,4567,19698871.64,99.996,96.677,Delist candidate — worst capital-to-value ratio
23605,SET 10 CARDS 12 DAYS OF XMAS 17059,C,Z,CZ,11.64,4,1,10.149,0,4568,19698883.28,99.996,96.698,Delist candidate — worst capital-to-value ratio
90025B,BAROQUE BUTTERFLY EARRINGS RED,C,Z,CZ,11.29,3,3,5.802,0,4569,19698894.57,99.996,96.719,Delist candidate — worst capital-to-value ratio
79070B,ENGLISH ROSE SQUARE CAKE TINS,C,Z,CZ,11.26,1,1,10.149,0,4570,19698905.83,99.996,96.74,Delist candidate — worst capital-to-value ratio
84366,VENDETTA CANVAS PICTURE,C,Z,CZ,11.25,3,3,5.802,0,4571,19698917.08,99.996,96.761,Delist candidate — worst capital-to-value ratio
17011B,ORIGAMI JASMINE INCENSE+FLOWER,C,Z,CZ,11.1,19,2,8.68,0,4572,19698928.18,99.996,96.782,Delist candidate — worst capital-to-value ratio
72785B,S/4 CONTEMPORY RED ROSEBUD CANDLES,C,Z,CZ,10.9,9,2,7.186,0,4573,19698939.08,99.996,96.804,Delist candidate — worst capital-to-value ratio
84732D,CUTE RABBIT CEATURE SCREEN,C,Z,CZ,10.89,15,5,6.408,0,4574,19698949.97,99.996,96.825,Delist candidate — worst capital-to-value ratio
21496,WOODLAND CREATURES  WRAP,C,Z,CZ,10.5,25,1,10.149,0,4575,19698960.47,99.996,96.846,Delist candidate — worst capital-to-value ratio
16169A,WRAP CHRISTMAS DECOUPAGE,C,Z,CZ,10.5,25,1,10.149,0,4576,19698970.97,99.996,96.867,Delist candidate — worst capital-to-value ratio
16169G,WRAP ROMANTIC DECOUPAGE,C,Z,CZ,10.5,25,1,10.149,0,4577,19698981.47,99.996,96.888,Delist candidate — worst capital-to-value ratio
17084G,MOON INCENSE,C,Z,CZ,10.5,50,2,7.141,0,4578,19698991.97,99.996,96.909,Delist candidate — worst capital-to-value ratio
21858,HIGH SCHOOL MUSICAL 3 TOP TRUMPS,C,Z,CZ,10.23,2,2,7.141,0,4579,19699002.2,99.996,96.931,Delist candidate — worst capital-to-value ratio
21857,STAR WARS TOP TRUMPS GAME,C,Z,CZ,10.23,2,2,7.141,0,4580,19699012.43,99.996,96.952,Delist candidate — worst capital-to-value ratio
20939,ORANGE CANDLE,C,Z,CZ,10.2,12,1,10.149,0,4581,19699022.63,99.996,96.973,Delist candidate — worst capital-to-value ratio
90214W,"LETTER ""W"" BLING KEY RING",C,Z,CZ,10.17,19,8,6.519,0,4582,19699032.8,99.996,96.994,Delist candidate — worst capital-to-value ratio
23619,SET 10 CARDS POINSETTIA 17093,C,Z,CZ,9.96,4,2,8.0,0,4583,19699042.76,99.996,97.015,Delist candidate — worst capital-to-value ratio
23615,SET 10 CARDS PRINTED GRAPHIC 17219,C,Z,CZ,9.96,4,4,5.0,0,4584,19699052.72,99.997,97.036,Delist candidate — worst capital-to-value ratio
23624,SET 10 CARD PERFECT NATIVITY 17089,C,Z,CZ,9.96,4,3,6.164,0,4585,19699062.68,99.997,97.058,Delist candidate — worst capital-to-value ratio
23650,SET 10 CARDS FILIGREE BAUBLE 16961,C,Z,CZ,9.96,4,4,5.0,0,4586,19699072.64,99.997,97.079,Delist candidate — worst capital-to-value ratio
81953P,ROUND ARTICULATED PINK CLOCK W/SUCK,C,Z,CZ,9.57,33,5,7.522,0,4587,19699082.21,99.997,97.1,Delist candidate — worst capital-to-value ratio
20822,SILVER WINE GOBLET,C,Z,CZ,9.3,2,1,10.149,0,4588,19699091.51,99.997,97.121,Delist candidate — worst capital-to-value ratio
23441,HAND PAINTED HANGING EASTER EGG,C,Z,CZ,9.24,22,2,9.263,0,4589,19699100.75,99.997,97.142,Delist candidate — worst capital-to-value ratio
72708,SCULPTED ROUND IVORY CANDLE,C,Z,CZ,9.24,44,4,5.979,0,4590,19699109.99,99.997,97.163,Delist candidate — worst capital-to-value ratio
18098B,BLUE PORCELAIN B'FLY OIL BURNER,C,Z,CZ,8.85,3,3,5.802,0,4591,19699118.84,99.997,97.185,Delist candidate — worst capital-to-value ratio
20882,MODERN CHRISTMAS TREE CANDLE,C,Z,CZ,8.85,3,2,7.535,0,4592,19699127.69,99.997,97.206,Delist candidate — worst capital-to-value ratio
62097A,PINK STRIPES SHOULDER BAG,C,Z,CZ,8.85,3,3,5.802,0,4593,19699136.54,99.997,97.227,Delist candidate — worst capital-to-value ratio
35598C,WHITE CHRISTMAS TREE 60CM,C,Z,CZ,8.85,3,3,5.802,0,4594,19699145.39,99.997,97.248,Delist candidate — worst capital-to-value ratio
71496B,A4 WALL TIDY RED FLOWERS,C,Z,CZ,8.67,15,5,6.113,0,4595,19699154.06,99.997,97.269,Delist candidate — worst capital-to-value ratio
20739,*USB Office Glitter Lamp,C,Z,CZ,8.65,1,1,10.149,0,4596,19699162.71,99.997,97.29,Delist candidate — worst capital-to-value ratio
21406,SPOTTY CAT DOORSTOP,C,Z,CZ,8.65,1,1,10.149,0,4597,19699171.36,99.997,97.312,Delist candidate — worst capital-to-value ratio
90013E,AMBER VINTAGE EARRINGS,C,Z,CZ,8.57,2,2,7.141,0,4598,19699179.93,99.997,97.333,Delist candidate — worst capital-to-value ratio
84572,6 HOOK JEWEL STAND LILAC DRESS,C,Z,CZ,8.49,1,1,10.149,0,4599,19699188.42,99.997,97.354,Delist candidate — worst capital-to-value ratio
90126B,BLUE BERTIE MOBILE PHONE CHARM,C,Z,CZ,8.48,3,3,5.802,0,4600,19699196.9,99.997,97.375,Delist candidate — worst capital-to-value ratio
44091A,BLUE CRUSOE CHECK LAMPSHADE,C,Z,CZ,8.4,20,6,4.841,0,4601,19699205.3,99.997,97.396,Delist candidate — worst capital-to-value ratio
90111,BLUE HIBISCUS  HAIR CLIP,C,Z,CZ,8.4,8,5,4.664,0,4602,19699213.7,99.997,97.417,Delist candidate — worst capital-to-value ratio
23612,SET 10 MINICARDS CUTE SNOWMAN 17071,C,Z,CZ,8.3,5,2,8.35,0,4603,19699222.0,99.997,97.439,Delist candidate — worst capital-to-value ratio
82011E,"BATHROOM SCALES, FAG BREAK",C,Z,CZ,7.5,2,1,10.149,0,4604,19699229.5,99.997,97.46,Delist candidate — worst capital-to-value ratio
46037A,PINK CANVAS DES CUSHION COVER,C,Z,CZ,7.5,6,2,7.535,0,4605,19699237.0,99.997,97.481,Delist candidate — worst capital-to-value ratio
20942,SET/6 GINGERBREAD TREE T-LIGHTS,C,Z,CZ,7.5,6,3,7.141,0,4606,19699244.5,99.998,97.502,Delist candidate — worst capital-to-value ratio
90025A,BAROQUE BUTTERFLY EARRINGS BLACK,C,Z,CZ,7.5,2,2,7.141,0,4607,19699252.0,99.998,97.523,Delist candidate — worst capital-to-value ratio
37438,FUNKY FLOWER COFFEE POT,C,Z,CZ,7.5,2,1,10.149,0,4608,19699259.5,99.998,97.544,Delist candidate — worst capital-to-value ratio
23633,SET 10 CARDS WORLD CHILDREN 17067,C,Z,CZ,7.47,3,3,5.802,0,4609,19699266.97,99.998,97.566,Delist candidate — worst capital-to-value ratio
84201B,HAPPY BIRTHDAY CARD STRIPEY TEDDY,C,Z,CZ,7.41,39,8,4.547,0,4610,19699274.38,99.998,97.587,Delist candidate — worst capital-to-value ratio
35001P,HAND OPEN SHAPE PINK,C,Z,CZ,6.98,2,1,10.149,0,4611,19699281.36,99.998,97.608,Delist candidate — worst capital-to-value ratio
85230D,VANILLA SCENTED VOTIVE CANDLE,C,Z,CZ,6.96,24,1,10.149,0,4612,19699288.32,99.998,97.629,Delist candidate — worst capital-to-value ratio
85230C,ROSE SCENTED VOTIVE CANDLE,C,Z,CZ,6.96,24,1,10.149,0,4613,19699295.28,99.998,97.65,Delist candidate — worst capital-to-value ratio
37409,ASSORTED DESIGN FLOWER MUGS,C,Z,CZ,6.8,8,3,6.91,0,4614,19699302.08,99.998,97.671,Delist candidate — worst capital-to-value ratio
48173A,DOOR MAT BLUE FLOCK,C,Z,CZ,6.75,1,1,10.149,0,4615,19699308.83,99.998,97.693,Delist candidate — worst capital-to-value ratio
37484,ENGLISH ROSE TEA FOR ONE GIFT BOX,C,Z,CZ,6.75,1,1,10.149,0,4616,19699315.58,99.998,97.714,Delist candidate — worst capital-to-value ratio
23604,SET 10 MINI SANTA & SNOWMAN  17087,C,Z,CZ,6.64,4,2,8.0,0,4617,19699322.22,99.998,97.735,Delist candidate — worst capital-to-value ratio
20858,SILVER PURSE GOLD PINK BUTTERFLY,C,Z,CZ,6.6,4,1,10.149,0,4618,19699328.82,99.998,97.756,Delist candidate — worst capital-to-value ratio
20678,LARGE BLACK DIAMANTE HAIRSLIDE,C,Z,CZ,6.6,4,1,10.149,0,4619,19699335.42,99.998,97.777,Delist candidate — worst capital-to-value ratio
20884,MODERN CHRISTMAS TREE CANDLE,C,Z,CZ,6.3,3,2,7.535,0,4620,19699341.72,99.998,97.798,Delist candidate — worst capital-to-value ratio
79140,ASS WINDPROOF MARIJUANA LIGHTERS,C,Z,CZ,6.3,15,2,8.35,0,4621,19699348.02,99.998,97.82,Delist candidate — worst capital-to-value ratio
20673,STRAWBERRIES PRINT BOWL,C,Z,CZ,6.25,5,1,10.149,0,4622,19699354.27,99.998,97.841,Delist candidate — worst capital-to-value ratio
82072,WHITE WOOD SINGLE P/FRAME,C,Z,CZ,6.25,5,3,6.037,0,4623,19699360.52,99.998,97.862,Delist candidate — worst capital-to-value ratio
37408,ASSORTED DESIGN GEISHA GIRL MUGS,C,Z,CZ,6.25,5,1,10.149,0,4624,19699366.77,99.998,97.883,Delist candidate — worst capital-to-value ratio
23610,SET 10 CARDS CHRISTMAS ROBIN 17095,C,Z,CZ,6.24,3,3,5.802,0,4625,19699373.01,99.998,97.904,Delist candidate — worst capital-to-value ratio
85123B,ZINC HANGING HEART T-LITE HLDR,C,Z,CZ,6.04,1,1,10.149,0,4626,19699379.05,99.998,97.925,Delist candidate — worst capital-to-value ratio
85077,KISSING REINDEER TABLE RUNNER,C,Z,CZ,5.95,1,1,10.149,0,4627,19699385.0,99.998,97.947,Delist candidate — worst capital-to-value ratio
72751A,"F.FAIRY S/3 SML CANDLE,LILY/VALLEY",C,Z,CZ,5.95,1,1,10.149,0,4628,19699390.95,99.998,97.968,Delist candidate — worst capital-to-value ratio
72751B,"F.FAIRY S/3 SML CANDLE, LAVENDER",C,Z,CZ,5.95,1,1,10.149,0,4629,19699396.9,99.998,97.989,Delist candidate — worst capital-to-value ratio
72751C,"F.FAIRY S/3 SML CANDLE, ROSE",C,Z,CZ,5.95,1,1,10.149,0,4630,19699402.85,99.998,98.01,Delist candidate — worst capital-to-value ratio
18098A,PINK PORCELAIN B'FLY OIL BURNER,C,Z,CZ,5.9,2,1,10.149,0,4631,19699408.75,99.998,98.031,Delist candidate — worst capital-to-value ratio
35823P,"ACRYLIC BEAD GARLAND,PINK",C,Z,CZ,5.9,2,2,7.141,0,4632,19699414.65,99.998,98.052,Delist candidate — worst capital-to-value ratio
35821P,"JEWELLED DECORATION,PINK",C,Z,CZ,5.9,2,2,7.141,0,4633,19699420.55,99.998,98.074,Delist candidate — worst capital-to-value ratio
79303A,WHITE ROHMBIC BLOCK TABLE LAMP,C,Z,CZ,5.9,2,1,10.149,0,4634,19699426.45,99.998,98.095,Delist candidate — worst capital-to-value ratio
35051B,PINK BEADED CONE CHRISTMAS,C,Z,CZ,5.88,14,2,7.215,0,4635,19699432.33,99.998,98.116,Delist candidate — worst capital-to-value ratio
85186B,BUNNY BUNCH OF FLOWERS,C,Z,CZ,5.88,14,1,10.149,0,4636,19699438.21,99.999,98.137,Delist candidate — worst capital-to-value ratio
37326,FAIRY DESIGN MUGS,C,Z,CZ,5.86,3,2,7.535,0,4637,19699444.07,99.999,98.158,Delist candidate — worst capital-to-value ratio
23638,SET 10 CARDS ROBIN WATERPUMP  17096,C,Z,CZ,5.82,2,2,7.141,0,4638,19699449.89,99.999,98.18,Delist candidate — worst capital-to-value ratio
23617,SET 10 CARDS SWIRLY XMAS TREE 17104,C,Z,CZ,5.82,2,1,10.149,0,4639,19699455.71,99.999,98.201,Delist candidate — worst capital-to-value ratio
23652,SET 10 CARD CHRISTMAS STAMPS 16963,C,Z,CZ,5.82,2,1,10.149,0,4640,19699461.53,99.999,98.222,Delist candidate — worst capital-to-value ratio
23630,SET 10 CARDS HANGING BAUBLES 17080,C,Z,CZ,5.48,2,2,7.141,0,4641,19699467.01,99.999,98.243,Delist candidate — worst capital-to-value ratio
35537,CANDLE RING W/CLEAR BEADS,C,Z,CZ,5.46,13,3,6.245,0,4642,19699472.47,99.999,98.264,Delist candidate — worst capital-to-value ratio
21838,DADDY MOUSE RED GINGHAM BOW TIE,C,Z,CZ,5.45,1,1,10.149,0,4643,19699477.92,99.999,98.285,Delist candidate — worst capital-to-value ratio
35751D,PINK CURRENT CANDLE RING,C,Z,CZ,5.32,28,1,10.149,0,4644,19699483.24,99.999,98.307,Delist candidate — worst capital-to-value ratio
16215,FUNKY GIRLZ MAGNETIC TO DO LIST,C,Z,CZ,5.2,8,1,10.149,0,4645,19699488.44,99.999,98.328,Delist candidate — worst capital-to-value ratio
21854,EURO FOOTBALL STARS TOP TRUMPS GAME,C,Z,CZ,5.17,1,1,10.149,0,4646,19699493.61,99.999,98.349,Delist candidate — worst capital-to-value ratio
21860,DR WHO TOP TRUMPS GAME,C,Z,CZ,5.17,1,1,10.149,0,4647,19699498.78,99.999,98.37,Delist candidate — worst capital-to-value ratio
71434B,"BLACK RND BULLET""KEEP CLEAN"" BIN",C,Z,CZ,5.1,2,2,7.141,0,4648,19699503.88,99.999,98.391,Delist candidate — worst capital-to-value ratio
71101A,ANGEL ON KNEES METAL POLE 100CM H,C,Z,CZ,5.1,6,1,10.149,0,4649,19699508.98,99.999,98.412,Delist candidate — worst capital-to-value ratio
90142C,ROSE PINK PENDANT SHELL NECKLACE,C,Z,CZ,5.09,1,1,10.149,0,4650,19699514.07,99.999,98.434,Delist candidate — worst capital-to-value ratio
90142B,IVORY PENDANT SHELL NECKLACE,C,Z,CZ,5.09,1,1,10.149,0,4651,19699519.16,99.999,98.455,Delist candidate — worst capital-to-value ratio
84942,KASHMIR FOLKART HEART DISHES,C,Z,CZ,5.07,3,2,7.535,0,4652,19699524.23,99.999,98.476,Delist candidate — worst capital-to-value ratio
DCGS0041,HAYNES MINI-COOPER PLAYING CARDS,C,Z,CZ,5.06,1,1,10.149,0,4653,19699529.29,99.999,98.497,Delist candidate — worst capital-to-value ratio
72740B,LARGE WHITE CHOCOLATE CANDLE,C,Z,CZ,5.06,1,1,10.149,0,4654,19699534.35,99.999,98.518,Delist candidate — worst capital-to-value ratio
20877,MODERN CHRISTMAS BAUBLE CANDLE,C,Z,CZ,5.04,12,2,7.535,0,4655,19699539.39,99.999,98.539,Delist candidate — worst capital-to-value ratio
23649,SET 10 CARDS DECK THE HALLS 16960,C,Z,CZ,4.98,2,2,7.141,0,4656,19699544.37,99.999,98.561,Delist candidate — worst capital-to-value ratio
85043,RED HEART CANDY POP LIGHTS,C,Z,CZ,4.95,1,1,10.149,0,4657,19699549.32,99.999,98.582,Delist candidate — worst capital-to-value ratio
37451,CERAMIC CAKE TEAPOT WITH CHERRY,C,Z,CZ,4.95,1,1,10.149,0,4658,19699554.27,99.999,98.603,Delist candidate — worst capital-to-value ratio
85232C,RUSSIAN FOLKART STACKING TINS,C,Z,CZ,4.95,1,1,10.149,0,4659,19699559.22,99.999,98.624,Delist candidate — worst capital-to-value ratio
90214U,"LETTER ""U"" BLING KEY RING",C,Z,CZ,4.73,13,2,9.393,0,4660,19699563.95,99.999,98.645,Delist candidate — worst capital-to-value ratio
45014,FOLDING SHIRT TIDY,C,Z,CZ,4.65,1,1,10.149,0,4661,19699568.6,99.999,98.666,Delist candidate — worst capital-to-value ratio
81953B,ROUND BLUE CLOCK WITH SUCKER,C,Z,CZ,4.64,14,5,7.361,0,4662,19699573.24,99.999,98.688,Delist candidate — worst capital-to-value ratio
79151B,"SILICON CUBE 25W, BLUE",C,Z,CZ,4.62,11,2,9.263,0,4663,19699577.86,99.999,98.709,Delist candidate — worst capital-to-value ratio
21409,SPOTTY COCKEREL DOORSTOP,C,Z,CZ,4.25,1,1,10.149,0,4664,19699582.11,99.999,98.73,Delist candidate — worst capital-to-value ratio
79157B,UBO-LIGHT TRIOBASE BLUE,C,Z,CZ,4.25,5,3,6.69,0,4665,19699586.36,99.999,98.751,Delist candidate — worst capital-to-value ratio
72752A,"F.FAIRY,CANDLE IN GLASS,LILY/VALLEY",C,Z,CZ,4.25,1,1,10.149,0,4666,19699590.61,99.999,98.772,Delist candidate — worst capital-to-value ratio
79157V,UBO-LIGHT TRIOBASE PURPLE,C,Z,CZ,4.25,5,3,6.037,0,4667,19699594.86,99.999,98.793,Delist candidate — worst capital-to-value ratio
84255A,PINK GLASS COCKTAIL LAMP,C,Z,CZ,4.2,2,2,7.141,0,4668,19699599.06,99.999,98.815,Delist candidate — worst capital-to-value ratio
37432,MUG PINK AND PURPLE ARABIC DESIGN,C,Z,CZ,3.9,6,1,10.149,0,4669,19699602.96,99.999,98.836,Delist candidate — worst capital-to-value ratio
72084B,CHOCOLATE ICE CREAM CANDLE,C,Z,CZ,3.9,2,1,10.149,0,4670,19699606.86,99.999,98.857,Delist candidate — worst capital-to-value ratio
16010,FOLDING CAMPING SCISSOR W/KNIF & S,C,Z,CZ,3.84,32,4,5.684,0,4671,19699610.7,99.999,98.878,Delist candidate — worst capital-to-value ratio
35995,SET/6 BLACK GLITTER REINDEER CANDLE,C,Z,CZ,3.78,5,4,5.303,0,4672,19699614.48,99.999,98.899,Delist candidate — worst capital-to-value ratio
90004A,JADE GREEN PAIR ENAMEL HAIR SLIDES,C,Z,CZ,3.75,1,1,10.149,0,4673,19699618.23,99.999,98.92,Delist candidate — worst capital-to-value ratio
40046C,PINK BUTTERFLY PAPER LAMPSHADE,C,Z,CZ,3.75,3,3,5.802,0,4674,19699621.98,99.999,98.942,Delist candidate — worst capital-to-value ratio
35974,S/6 CHRISTMAS TREE PLACE SETTING,C,Z,CZ,3.75,1,1,10.149,0,4675,19699625.73,99.999,98.963,Delist candidate — worst capital-to-value ratio
84731,3 BIRDS CANVAS SCREEN,C,Z,CZ,3.69,3,3,5.802,0,4676,19699629.42,99.999,98.984,Delist candidate — worst capital-to-value ratio
35818C,"ACRYLIC JEWEL ICICLE, CLEAR",C,Z,CZ,3.43,1,1,10.149,0,4677,19699632.85,99.999,99.005,Delist candidate — worst capital-to-value ratio
21081,SET/20 POSIES PAPER NAPKINS,C,Z,CZ,3.4,4,4,5.0,0,4678,19699636.25,100.0,99.026,Delist candidate — worst capital-to-value ratio
23643,SET 10 CARDS CHRISTMAS BAUBLE 16954,C,Z,CZ,3.33,1,1,10.149,0,4679,19699639.58,100.0,99.047,Delist candidate — worst capital-to-value ratio
20683,RAIN GIRL CHILDS UMBRELLA,C,Z,CZ,3.25,1,1,10.149,0,4680,19699642.83,100.0,99.069,Delist candidate — worst capital-to-value ratio
20885,BOX OF 3 PEBBLE CANDLES,C,Z,CZ,2.95,1,1,10.149,0,4681,19699645.78,100.0,99.09,Delist candidate — worst capital-to-value ratio
79301,FEATHER HEART LIGHTS,C,Z,CZ,2.95,1,1,10.149,0,4682,19699648.73,100.0,99.111,Delist candidate — worst capital-to-value ratio
23609,SET 10 CARDS SNOWY ROBIN 17099,C,Z,CZ,2.91,1,1,10.149,0,4683,19699651.64,100.0,99.132,Delist candidate — worst capital-to-value ratio
23602,SET 10 CARDS 3 WISE MEN 17107,C,Z,CZ,2.91,1,1,10.149,0,4684,19699654.55,100.0,99.153,Delist candidate — worst capital-to-value ratio
23628,SET 10 CARDS TRIANGLE ICONS  17220,C,Z,CZ,2.91,1,1,10.149,0,4685,19699657.46,100.0,99.174,Delist candidate — worst capital-to-value ratio
DCGS0044,HANDZ-OFF CAR FRESHENER,C,Z,CZ,2.57,1,1,10.149,0,4686,19699660.03,100.0,99.196,Delist candidate — worst capital-to-value ratio
90091,CRYSTAL DRAGONFLY PHONE CHARM,C,Z,CZ,2.55,3,2,7.535,0,4687,19699662.58,100.0,99.217,Delist candidate — worst capital-to-value ratio
47554,S/3 COLOURS FLOCK TEA TOWELS,C,Z,CZ,2.55,1,1,10.149,0,4688,19699665.13,100.0,99.238,Delist candidate — worst capital-to-value ratio
20881,MODERN CHRISTMAS TREE CANDLE,C,Z,CZ,2.55,3,2,7.535,0,4689,19699667.68,100.0,99.259,Delist candidate — worst capital-to-value ratio
85171,S/2 HYACINTH BULB CANDLES,C,Z,CZ,2.55,1,1,10.149,0,4690,19699670.23,100.0,99.28,Delist candidate — worst capital-to-value ratio
47556,SET/2 SPOTTY + ROSE TEA TOWELS,C,Z,CZ,2.55,1,1,10.149,0,4691,19699672.78,100.0,99.301,Delist candidate — worst capital-to-value ratio
35999,S/6 SCANDINAVIAN HEART T-LIGHT,C,Z,CZ,2.55,1,1,10.149,0,4692,19699675.33,100.0,99.323,Delist candidate — worst capital-to-value ratio
21036,SET/2 TEA TOWELS MODERN VINTAGE,C,Z,CZ,2.55,1,1,10.149,0,4693,19699677.88,100.0,99.344,Delist candidate — worst capital-to-value ratio
47569,ENGLISH ROSE DESIGN SHOPPING BAG,C,Z,CZ,2.55,1,1,10.149,0,4694,19699680.43,100.0,99.365,Delist candidate — worst capital-to-value ratio
17028J,INCENSE BAZAAR PEACH,C,Z,CZ,2.52,6,1,10.149,0,4695,19699682.95,100.0,99.386,Delist candidate — worst capital-to-value ratio
DCGS0062,ROAD-RAGE CAR FRESHENER,C,Z,CZ,2.51,1,1,10.149,0,4696,19699685.46,100.0,99.407,Delist candidate — worst capital-to-value ratio
21008,ETCHED GLASS HEART TREE DECORATION,C,Z,CZ,2.51,1,1,10.149,0,4697,19699687.97,100.0,99.428,Delist candidate — worst capital-to-value ratio
21225,POCKET MIRROR BUTTERFLY,C,Z,CZ,2.5,2,2,7.141,0,4698,19699690.47,100.0,99.45,Delist candidate — worst capital-to-value ratio
21290,LARGE SPOTTY CHOCOLATE GIFT BAG,C,Z,CZ,2.5,2,1,10.149,0,4699,19699692.97,100.0,99.471,Delist candidate — worst capital-to-value ratio
90127B,BLUE BEADS+HAND PHONE CHARM,C,Z,CZ,2.5,2,2,7.141,0,4700,19699695.47,100.0,99.492,Delist candidate — worst capital-to-value ratio
17061,ASSORTED SHAPED STENCIL FOR HENNA,C,Z,CZ,2.08,52,1,10.149,0,4701,19699697.55,100.0,99.513,Delist candidate — worst capital-to-value ratio
46138D,GREEN CHENILLE SHAGGY C/COVER,C,Z,CZ,1.95,1,1,10.149,0,4702,19699699.5,100.0,99.534,Delist candidate — worst capital-to-value ratio
35945,GOLD CHRISTMAS STOCKING DECORATION,C,Z,CZ,1.95,1,1,10.149,0,4703,19699701.45,100.0,99.555,Delist candidate — worst capital-to-value ratio
84814A,HEXAGONAL CRYSTAL PERFUME BOTTLE,C,Z,CZ,1.95,1,1,10.149,0,4704,19699703.4,100.0,99.577,Delist candidate — worst capital-to-value ratio
85192S,HANGING SPRING FLOWER HEART SMALL,C,Z,CZ,1.95,3,2,7.535,0,4705,19699705.35,100.0,99.598,Delist candidate — worst capital-to-value ratio
84206C,CHAMPAGNE TRAY BLANK CARD,C,Z,CZ,1.9,10,4,6.037,0,4706,19699707.25,100.0,99.619,Delist candidate — worst capital-to-value ratio
84201C,HAPPY BIRTHDAY CARD TEDDY/CAKE,C,Z,CZ,1.9,10,2,7.141,0,4707,19699709.15,100.0,99.64,Delist candidate — worst capital-to-value ratio
84206B,CAT W SUNGLASSES BLANK CARD,C,Z,CZ,1.71,9,2,7.186,0,4708,19699710.86,100.0,99.661,Delist candidate — worst capital-to-value ratio
20737,RED MINI TAPE MEASURE,C,Z,CZ,1.7,1,1,10.149,0,4709,19699712.56,100.0,99.682,Delist candidate — worst capital-to-value ratio
30086C,ASSORTED FRUIT STRAWS,C,Z,CZ,1.7,1,1,10.149,0,4710,19699714.26,100.0,99.704,Delist candidate — worst capital-to-value ratio
35837,SET OF SIX SILVER+RED FLOCK BAUBLES,C,Z,CZ,1.7,2,1,10.149,0,4711,19699715.96,100.0,99.725,Delist candidate — worst capital-to-value ratio
72754D,F FAIRY POTPOURRI CUSHIONS SUMMER,C,Z,CZ,1.69,1,1,10.149,0,4712,19699717.65,100.0,99.746,Delist candidate — worst capital-to-value ratio
10109,BENDY COLOUR PENCILS,C,Z,CZ,1.68,4,1,10.149,0,4713,19699719.33,100.0,99.767,Delist candidate — worst capital-to-value ratio
85024A,CRYSTAL SMALL JEWELLED PHOTOFRAME,C,Z,CZ,1.65,1,1,10.149,0,4714,19699720.98,100.0,99.788,Delist candidate — worst capital-to-value ratio
23664,FLOWER SHOP DESIGN MUG,C,Z,CZ,1.65,1,1,10.149,0,4715,19699722.63,100.0,99.809,Delist candidate — worst capital-to-value ratio
72796C,S/3 ROSE GARDEN SCENT SQU CANDLE,C,Z,CZ,1.65,1,1,10.149,0,4716,19699724.28,100.0,99.831,Delist candidate — worst capital-to-value ratio
21585,SWALLOW SMALL TUBE MATCHES,C,Z,CZ,1.65,1,1,10.149,0,4717,19699725.93,100.0,99.852,Delist candidate — worst capital-to-value ratio
35980B,RED TOP SCANDINAVIAN HEART,C,Z,CZ,1.52,4,2,7.141,0,4718,19699727.45,100.0,99.873,Delist candidate — worst capital-to-value ratio
35950,FOLKART HEART CHRISTMAS DECORATIONS,C,Z,CZ,1.25,1,1,10.149,0,4719,19699728.7,100.0,99.894,Delist candidate — worst capital-to-value ratio
35976B,WHITE SCANDINAVIAN HEART CHRISTMAS,C,Z,CZ,1.25,1,1,10.149,0,4720,19699729.95,100.0,99.915,Delist candidate — worst capital-to-value ratio
84845A,HOLLYHOCK SQUARE HANDY TIN,C,Z,CZ,1.25,1,1,10.149,0,4721,19699731.2,100.0,99.936,Delist candidate — worst capital-to-value ratio
20721,OWLS CHARLOTTE BAG,C,Z,CZ,0.85,1,1,10.149,0,4722,19699732.05,100.0,99.958,Delist candidate — worst capital-to-value ratio
84205C,HAPPY BIRTHDAY GINGER CAT CARD,C,Z,CZ,0.38,2,1,10.149,0,4723,19699732.43,100.0,99.979,Delist candidate — worst capital-to-value ratio
35930,PINK HEART CHRISTMAS DECORATION,C,Z,CZ,0.38,1,1,10.149,0,4724,19699732.81,100.0,100.0,Delist candidate — worst capital-to-value ratio
