StockCode,Description,returned_units,returned_value,return_lines,units,class,return_rate_pct
23843,"PAPER CRAFT , LITTLE BIRDIE",80995,168469.6,1,80995.0,AZ,100.0
23166,MEDIUM CERAMIC TOP STORAGE JAR,74494,77479.64,10,78033.0,AZ,95.46
84347,ROTATING SILVER ANGELS T-LIGHT HLDR,9381,330.45000000000005,6,31430.0,AZ,29.85
21088,SET/6 FRUIT SALAD PAPER CUPS,7140,572.52,2,16615.0,BZ,42.97
21096,SET/6 FRUIT SALAD  PAPER PLATES,7008,911.04,1,15924.0,BZ,44.01
16047,POP ART PEN CASE & PENS,5184,414.72,1,10614.0,CZ,48.84
85110,BLACK SILVER FLOWER T-LIGHT HOLDER,5040,387.36,2,11520.0,CZ,43.75
37340,MULTICOLOUR SPRING FLOWER MUG,4996,501.22,4,13671.0,BZ,36.54
16046,TEATIME PEN CASE & PENS,4632,389.03999999999996,2,10060.0,BZ,46.04
85160A,WHITE BIRD GARDEN DESIGN MUG,4320,561.6,1,8824.0,BZ,48.96
85184D,S/4 BLUE ROUND DECOUPAGE BOXES,3940,1664.9199999999998,2,8313.0,AZ,47.4
20971,PINK BLUE FELT CRAFT TRINKET BOX,3867,4113.08,13,22309.0,AZ,17.33
16162L,THE KING GIFT BAG,3744,187.2,1,8101.0,CZ,46.22
21392,RED POLKADOT PUDDING BOWL,3648,474.24,1,7545.0,BZ,48.35
85123A,WHITE HANGING HEART T-LIGHT HOLDER,3637,9387.1,134,94839.0,AX,3.83
21108,FAIRY CAKE FLANNEL ASSORTED COLOUR,3159,6614.37,4,12980.0,AZ,24.34
21082,SET/20 FRUIT SALAD PAPER NAPKINS,3074,523.94,2,7187.0,BZ,42.77
85160B,BLACK BIRD GARDEN DESIGN MUG,2981,391.40999999999997,4,6156.0,CZ,48.42
37423,WHITE WITH BLACK CATS PLATE,2952,295.2,1,6168.0,CZ,47.86
71477,COLOUR GLASS. STAR T-LIGHT HOLDER,2520,6966.66,60,15097.0,AY,16.69
85220,SMALL FAIRY CAKE FRIDGE MAGNETS,2513,3645.65,2,12236.0,AZ,20.54
21393,BLUE POLKADOT PUDDING BOWL,2496,324.48,1,5244.0,CZ,47.6
18007,ESSENTIAL BALM 3.5g TIN IN ENVELOPE,2400,120.0,1,11397.0,CZ,21.06
37424,WHITE WITH BLACK CATS MUG,2112,274.56,1,5251.0,CZ,40.22
21175,GIN + TONIC DIET METAL SIGN,2035,3785.58,12,20721.0,AY,9.82
16053,POPART COL BALLPOINT PEN ASST,2000,60.0,1,4313.0,CZ,46.37
85109,PINK BOUDOIR T-LIGHT HOLDER,1872,131.04,1,4211.0,CZ,44.45
84270,ASSTD DESIGN BUBBLE GUM RING,1740,293.40000000000003,7,22996.0,AY,7.57
84077,WORLD WAR 2 GLIDERS ASSTD DESIGNS,1704,361.68,11,106379.0,AY,1.6
21279,VINTAGE KITCHEN PRINT FRUITS,1639,425.84999999999997,6,3527.0,BZ,46.47
47566B,TEA TIME PARTY BUNTING,1635,4490.5,11,6020.0,AY,27.16
21281,VINTAGE KITCHEN PRINT SEAFOOD,1536,384.0,1,3680.0,BZ,41.74
22920,HERB MARKER BASIL,1527,841.05,2,3481.0,BZ,43.87
20972,PINK CREAM FELT CRAFT TRINKET BOX,1497,1553.3899999999999,10,20553.0,AY,7.28
85006,SET 4 NURSERY DES ROUND BOXES,1480,564.4,9,3049.0,BZ,48.54
22273,FELTCRAFT DOLL MOLLY,1464,3562.8,9,7368.0,AZ,19.87
22423,REGENCY CAKESTAND 3 TIER,1452,16570.8,342,26519.0,AX,5.48
15034,PAPER POCKET TRAVELING FAN,1448,116.06,6,10237.0,BZ,14.14
37444A,YELLOW BREAKFAST CUP AND SAUCER,1309,172.98999999999998,2,2711.0,CZ,48.28
20975,12 PENCILS SMALL TUBE RED SPOTTY,1307,749.5500000000001,7,18116.0,AY,7.21
21280,VINTAGE KITCHEN PRINT VEGETABLES,1248,312.0,1,3333.0,BZ,37.44
21314,SMALL GLASS HEART TRINKET POT,1228,2296.8,68,11437.0,AY,10.74
10002,INFLATABLE POLITICAL GLOBE,1223,883.5500000000001,7,8676.0,AZ,14.1
20727,LUNCH BAG  BLACK SKULL.,1211,1778.95,45,26760.0,AY,4.53
21278,VINTAGE KITCHEN PRINT PUDDINGS,1208,320.4,3,2770.0,BZ,43.61
47587A,PINK FAIRY CAKE COASTER,1200,864.0,1,2706.0,CZ,44.35
22341,LOVE GARLAND PAINTED ZINC,1196,1858.2,9,3469.0,AZ,34.48
85099B,JUMBO BAG RED RETROSPOT,1191,2127.42,72,97350.0,AX,1.22
22670,FRENCH WC SIGN BLUE METAL,1160,1340.56,5,4434.0,AZ,26.16
20728,LUNCH BAG CARS BLUE,1140,1678.0,43,24644.0,AY,4.63
84847,FLORAL BATHROOM SET,1116,368.28,1,2332.0,CZ,47.86
10123G,ARMY CAMO WRAPPING TAPE,1104,66.24,1,2251.0,CZ,49.04
20829,GLITTER HANGING BUTTERFLY STRING,1094,1801.96,14,4828.0,AZ,22.66
79323W,WHITE CHERRY LIGHTS,1088,6421.1,126,3004.0,AZ,36.22
21877,HOME SWEET HOME MUG,1086,1176.82,23,14087.0,AY,7.71
21791,VINTAGE HEADS AND TAILS CARD GAME,1077,1156.25,10,17657.0,AY,6.1
20726,LUNCH BAG WOODLAND,1015,1497.95,38,22158.0,AY,4.58
22178,VICTORIAN GLASS HANGING T-LIGHT,1008,1262.94,43,40257.0,AY,2.5
21731,RED TOADSTOOL LED NIGHT LIGHT,990,1457.8999999999999,24,28929.0,AY,3.42
37444B,BLUE BREAKFAST CUP AND SAUCER,984,127.92,1,2010.0,CZ,48.96
16043,POP ART PUSH DOWN RUBBER,984,67.68,2,2145.0,CZ,45.87
23113,PANTRY CHOPPING BOARD,946,4803.06,6,1154.0,AZ,81.98
15036,ASSORTED COLOURS SILK FAN,929,644.03,14,44272.0,AY,2.1
22151,PLACE SETTING WHITE HEART,915,332.46000000000004,7,27710.0,AY,3.3
22147,FELTCRAFT BUTTERFLY HEARTS,904,1142.8000000000002,13,12868.0,AY,7.03
75049L,LARGE CIRCULAR MIRROR MOBILE,903,808.75,55,13992.0,AY,6.45
21679,SKULLS  STICKERS,900,652.6800000000001,5,4895.0,BZ,18.39
21915,RED  HARMONICA IN BOX,884,991.0,15,36382.0,AY,2.43
84568,GIRLS ALPHABET IRON ON PATCHES,865,181.64999999999998,4,38506.0,AZ,2.25
21336,GOLD WASHBAG,865,115.27,2,1823.0,CZ,47.45
22138,BAKING SET 9 PIECE RETROSPOT,859,4052.95,209,9383.0,AY,9.15
22333,RETROSPOT PARTY BAG + STICKER SET,851,1250.55,15,10037.0,AY,8.48
11001,ASSTD DESIGN RACING CAR PEN,811,1093.39,11,4832.0,AZ,16.78
21871,SAVE THE PLANET MUG,806,892.1899999999999,25,11536.0,AY,6.99
21481,FAWN BLUE HOT WATER BOTTLE,802,2065.9,15,8194.0,AY,9.79
21086,SET/6 RED SPOTTY PAPER CUPS,792,422.64,4,16674.0,AY,4.75
21232,STRAWBERRY CERAMIC TRINKET BOX,784,925.09,183,38077.0,AX,2.06
37444C,PINK BREAKFAST CUP AND SAUCER,768,99.84,1,1656.0,CZ,46.38
22150,3 STRIPEY MICE FELTCRAFT,764,1264.8,9,7836.0,AY,9.75
21094,SET/6 RED SPOTTY PAPER PLATES,762,495.24,5,19634.0,AY,3.88
17003,BROCADE RING PURSE,740,215.78,6,70405.0,AZ,1.05
21749,LARGE RED RETROSPOT WINDMILL,732,1356.7,7,5657.0,AZ,12.94
84755,COLOUR GLASS T-LIGHT HOLDER HANGING,729,415.35,28,40575.0,AY,1.8
21069,VINTAGE BILLBOARD TEA MUG,726,770.89,4,5108.0,AZ,14.21
23199,JUMBO BAG APPLES,723,1309.25,21,14920.0,AZ,4.85
22102,MIRROR MOSAIC T-LIGHT HOLDER,721,282.45,2,1851.0,CZ,38.95
84842,HELLO SAILOR BATHROOM SET,720,237.6,1,1506.0,CZ,47.81
23170,REGENCY TEA PLATE ROSES,718,1046.3,12,6869.0,AZ,10.45
22992,REVOLVER WOODEN RULER,716,1193.4,8,5236.0,AZ,13.67
22991,GIRAFFE WOODEN RULER,714,1185.8999999999999,6,3889.0,AZ,18.36
21704,BAG 250g SWIRLY MARBLES,702,512.07,7,17180.0,AZ,4.09
22328,ROUND SNACK BOXES SET OF 4 FRUITS,699,1812.45,24,12993.0,AY,5.38
79323P,PINK CHERRY LIGHTS,693,4021.35,86,2281.0,AZ,30.38
48185,DOORMAT FAIRY CAKE,688,4650.2,6,6829.0,AZ,10.07
37471,MULTICOLOUR POLKADOT PLATE,684,68.4,1,1405.0,CZ,48.68
22564,ALPHABET STENCIL CRAFT,679,721.07,5,4575.0,AZ,14.84
21830,ASSORTED CREEPY CRAWLIES,672,247.68,4,7706.0,BY,8.72
22149,FELTCRAFT 6 FLOWER FRIENDS,664,1244.4,22,12704.0,AY,5.23
21212,PACK OF 72 RETRO SPOT CAKE CASES,649,310.02,10,94972.0,AX,0.68
21080,SET/20 RED SPOTTY PAPER NAPKINS,631,414.96999999999997,8,31098.0,AX,2.03
85175,CACTI T-LIGHT CANDLES,629,248.82,12,15582.0,AY,4.04
21989,PACK OF 20 SKULL PAPER NAPKINS,624,409.44,3,8565.0,AZ,7.29
22950,36 DOILIES VINTAGE CHRISTMAS,612,772.2,4,8334.0,AZ,7.34
20974,12 PENCILS SMALL TUBE SKULL,612,397.79999999999995,6,13235.0,AY,4.62
21381,MINI WOODEN HAPPY BIRTHDAY GARLAND,603,949.71,6,5113.0,AZ,11.79
20725,LUNCH BAG RED RETROSPOT,596,890.4,52,40505.0,AX,1.47
23201,JUMBO BAG ALPHABET,594,1076.02,14,13379.0,AZ,4.44
22086,PAPER CHAIN KIT 50'S CHRISTMAS,590,1461.7,16,35121.0,AZ,1.68
22085,PAPER CHAIN KIT SKULLS,585,1501.75,4,2539.0,AZ,23.04
21380,WOODEN HAPPY BIRTHDAY GARLAND,582,1601.7,6,5041.0,AY,11.55
23056,FLOWERS CHANDELIER T-LIGHT HOLDER,579,1859.07,7,966.0,BZ,59.94
21988,PACK OF 6 SKULL PAPER PLATES,576,368.64,1,7830.0,AZ,7.36
84598,BOYS ALPHABET IRON ON PATCHES,576,120.96,2,20775.0,AZ,2.77
23203,JUMBO BAG VINTAGE DOILY,568,1030.6399999999999,13,20503.0,AZ,2.77
84493,BLUE/PINK NEST STRIPE BOX,567,45.36,1,1142.0,CZ,49.65
21166,COOK WITH WINE METAL SIGN,558,967.23,17,19997.0,AY,2.79
22952,60 CAKE CASES VINTAGE CHRISTMAS,552,241.2,5,33051.0,AZ,1.67
21787,RAIN PONCHO RETROSPOT,528,420.0,3,15143.0,AZ,3.49
23167,SMALL CERAMIC TOP STORAGE JAR,525,365.19,9,5847.0,AZ,8.98
84949,SILVER HANGING T-LIGHT HOLDER,512,793.8,66,11999.0,AY,4.27
82494L,WOODEN FRAME ANTIQUE WHITE,511,1325.8500000000001,38,15711.0,AX,3.25
84879,ASSORTED COLOUR BIRD ORNAMENT,511,774.07,19,80285.0,AY,0.64
72802C,VANILLA SCENT CANDLE JEWELLED BOX,506,584.06,5,2185.0,AZ,23.16
72045D,ROSES ON BLUE TEACUP CANDLE,504,851.76,1,539.0,CZ,93.51
20663,QUEEN OF THE SKIES HOLIDAY PURSE,503,93.85,2,1074.0,CZ,46.83
22335,HEART DECORATION PAINTED ZINC,495,292.95,11,8682.0,AZ,5.7
21843,RED RETROSPOT CAKE STAND,494,4273.9,107,6155.0,AY,8.03
22699,ROSES REGENCY TEACUP AND SAUCER,491,1295.25,62,13095.0,AY,3.75
21207,SKULL AND CROSSBONES  GARLAND,489,709.25,4,3602.0,AZ,13.58
22103,MIRROR MOSAIC T-LIGHT HOLDER ROUND,483,203.31,4,1764.0,BZ,27.38
16033,MINI HIGHLIGHTER PENS,480,57.6,4,15121.0,BZ,3.17
84924F,PSYCHEDELIC METAL SIGN CALENDAR,480,120.0,1,975.0,CZ,49.23
22333,RETRO SPORT PARTY BAG + STICKER SET,474,695.6999999999999,6,10037.0,AY,4.72
16202B,PASTEL BLUE PHOTO ALBUM,472,144.48000000000002,4,1039.0,CZ,45.43
22909,SET OF 20 VINTAGE CHRISTMAS NAPKINS,470,334.22,12,17166.0,AZ,2.74
22386,JUMBO BAG PINK POLKADOT,461,826.03,17,39466.0,AX,1.17
21212,PACK OF 72 RETROSPOT CAKE CASES,461,239.64,18,94972.0,AX,0.49
82482,WOODEN PICTURE FRAME WHITE FINISH,460,1068.15,30,16959.0,AX,2.71
22083,PAPER CHAIN KIT RETRO SPOT,460,1197.0,6,13763.0,AY,3.34
79323LP,LIGHT PINK CHERRY LIGHTS,458,2702.8,60,1433.0,AZ,31.96
22332,SKULLS PARTY BAG + STICKER SET,458,669.3,6,4159.0,AZ,11.01
72802B,OCEAN SCENT CANDLE IN JEWELLED BOX,458,679.24,9,1560.0,AZ,29.36
79341,WILLOW BRANCH LIGHTS.,448,2519.6000000000004,24,725.0,AZ,61.79
23207,LUNCH BAG ALPHABET DESIGN,448,659.6,13,7851.0,AZ,5.71
22910,PAPER CHAIN KIT VINTAGE CHRISTMAS,448,1185.6,17,18649.0,AZ,2.4
22411,JUMBO SHOPPER VINTAGE RED PAISLEY,441,791.52,22,27342.0,AX,1.61
84927D,LA PALMIERA TILE HOOK,435,40.86000000000001,3,954.0,CZ,45.6
23057,BEADED CHANDELIER T-LIGHT HOLDER,433,636.15,6,776.0,BZ,55.8
23055,IVORY CHANDELIER T-LIGHT HOLDER,432,690.72,5,658.0,BZ,65.65
22570,FELTCRAFT CUSHION RABBIT,431,1464.33,6,5639.0,AY,7.64
22197,POPCORN HOLDER,427,329.41,36,88537.0,AY,0.48
22385,JUMBO BAG SPACEBOY DESIGN,426,725.44,12,17064.0,AY,2.5
21733,RED HANGING HEART T-LIGHT HOLDER,424,1105.2,36,17614.0,AY,2.41
22561,WOODEN SCHOOL COLOURING SET,422,631.5,12,11647.0,AY,3.62
21878,PACK OF 6 SANDCASTLE FLAGS ASSORTED,421,304.81,3,5591.0,AZ,7.53
22090,PAPER BUNTING RETRO SPOTS,418,1073.1,3,16708.0,AY,2.5
84992,72 SWEETHEART FAIRY CAKE CASES,410,175.33,7,35126.0,AY,1.17
22139,RETRO SPOT TEA SET CERAMIC 11 PC,410,1779.6,29,10635.0,AY,3.86
22835,HOT WATER BOTTLE I AM SO POORLY,408,1744.8,11,5342.0,AZ,7.64
21439,BASKET OF TOADSTOOLS,408,432.48,1,2260.0,BZ,18.05
20666,ECONOMY HOLIDAY PURSE,400,68.0,1,911.0,CZ,43.91
20715,LITTLE FLOWER SHOPPER BAG,400,424.0,1,400.0,CZ,100.0
84466,TOP SECRET PEN SET,397,391.85,8,1259.0,BZ,31.53
22470,HEART OF WICKER LARGE,396,1028.7,22,17816.0,AY,2.22
22585,PACK OF 6 BIRDY GIFT TAGS,394,442.90999999999997,13,17584.0,AY,2.24
21931,JUMBO STORAGE BAG SUKI,390,710.63,34,29196.0,AX,1.34
84925D,LA PALMIERA WALL THERMOMETER,372,93.0,1,452.0,CZ,82.3
22197,SMALL POPCORN HOLDER,363,276.18,49,88537.0,AY,0.41
84978,HANGING HEART JAR T-LIGHT HOLDER,361,417.72,51,21773.0,AX,1.66
22568,FELTCRAFT CUSHION OWL,356,1213.3200000000002,10,5486.0,AY,6.49
84991,60 TEATIME FAIRY CAKE CASES,350,187.95,14,54205.0,AX,0.65
22959,WRAP CHRISTMAS VILLAGE,350,147.0,5,9788.0,BZ,3.58
51008,AFGHAN SLIPPER SOCK PAIR,349,1054.05,5,2604.0,AZ,13.4
22489,PACK OF 12 TRADITIONAL CRAYONS,348,128.88,8,17942.0,AY,1.94
22569,FELTCRAFT CUSHION BUTTERFLY,345,1170.63,5,5529.0,AY,6.24
22191,IVORY DINER WALL CLOCK,345,2662.2,17,1975.0,AZ,17.47
22961,JAM MAKING SET PRINTED,344,444.59999999999997,14,17267.0,AY,1.99
22804,CANDLEHOLDER PINK HANGING HEART,340,875.0,8,5277.0,AZ,6.44
22659,LUNCH BOX I LOVE LONDON,336,573.0,21,15959.0,AY,2.11
20725,LUNCH BAG RED SPOTTY,335,493.35,28,40505.0,AX,0.83
20661,BLUE POLKADOT PURSE,330,139.5,2,899.0,CZ,36.71
21135,VICTORIAN  METAL POSTCARD SPRING,328,182.8,6,6027.0,AZ,5.44
51014C,"FEATHER PEN,COAL BLACK",326,182.34,7,4293.0,BY,7.59
22101,MIRROR MOSAIC VOTIVE HOLDER,325,128.46,2,1909.0,BZ,17.02
16202A,PASTEL PINK PHOTO ALBUM,324,97.8,3,663.0,CZ,48.87
71459,HANGING JAM JAR T-LIGHT HOLDER,324,254.73000000000002,34,33109.0,AY,0.98
21231,SWEETHEART CERAMIC TRINKET BOX,323,388.93,73,19523.0,AY,1.65
22904,CALENDAR PAPER CUT DESIGN,322,885.9,3,3483.0,AZ,9.24
22903,CALENDAR FAMILY FAVOURITES,320,880.0,2,745.0,BZ,42.95
84946,ANTIQUE SILVER T-LIGHT GLASS,316,349.21,23,36841.0,AX,0.86
15056P,EDWARDIAN PARASOL PINK,313,1091.05,9,2522.0,AZ,12.41
85099C,JUMBO  BAG BAROQUE BLACK WHITE,313,570.88,26,30733.0,AX,1.02
20670,VIP HOLIDAY PURSE,312,86.4,3,694.0,CZ,44.96
22356,"CHARLOTTE BAG , PINK/WHITE SPOTS",307,221.82,4,20026.0,AX,1.53
84929,ASSTD FRUIT+FLOWERS FRIDGE MAGNETS,307,168.49,5,3120.0,CZ,9.84
22271,FELTCRAFT DOLL ROSIE,304,839.2,7,4887.0,AY,6.22
22630,DOLLY GIRL LUNCH BOX,302,531.0,20,18087.0,AY,1.67
85178,VICTORIAN SEWING KIT,301,337.85,6,5483.0,AZ,5.49
22924,FRIDGE MAGNETS LA VIE EN ROSE,301,240.25,6,1518.0,BZ,19.83
21987,PACK OF 6 SKULL PAPER CUPS,301,138.05,4,6421.0,BZ,4.69
22070,SMALL RED RETROSPOT MUG IN BOX,301,355.29,8,1840.0,AZ,16.36
22944,CHRISTMAS METAL POSTCARD WITH BELLS,301,311.21,3,4882.0,BZ,6.17
20733,GOLD MINI TAPE MEASURE,300,216.0,1,1929.0,BZ,15.55
90167,BEADED LOVE HEART JEWELLERY SET,300,217.56,2,2197.0,BZ,13.65
20662,FIRST CLASS HOLIDAY PURSE,300,51.0,1,728.0,CZ,41.21
82580,BATHROOM METAL SIGN,295,129.49,9,13273.0,AY,2.22
22467,GUMBALL COAT RACK,294,665.55,65,11954.0,AY,2.46
18097C,WHITE TALL PORCELAIN T-LIGHT HOLDER,292,571.8000000000001,2,1770.0,BZ,16.5
79191C,RETRO PLASTIC ELEPHANT TRAY,289,245.64999999999998,25,1622.0,BZ,17.82
21829,DINOSAUR KEYRINGS ASSORTED,289,60.69,5,15167.0,BY,1.91
20969,RED FLORAL FELTCRAFT SHOULDER BAG,289,980.07,3,3241.0,AZ,8.92
85017C,ENVELOPE 50 CURIOUS IMAGES,288,120.96,1,1092.0,CZ,26.37
22574,HEART WOODEN CHRISTMAS DECORATION,288,219.84,2,5078.0,AZ,5.67
22071,SMALL WHITE RETROSPOT MUG IN BOX,288,188.0,7,1536.0,AZ,18.75
22551,PLASTERS IN TIN SPACEBOY,287,435.15,18,15476.0,AY,1.85
82483,WOOD 2 DRAWER CABINET WHITE FINISH,286,1698.7,88,4909.0,AX,5.83
47566,PARTY BUNTING,285,1238.55,23,28216.0,AY,1.01
20914,SET/5 RED SPOTTY LID GLASS BOWLS,284,741.8000000000001,43,18697.0,AX,1.52
85099F,JUMBO BAG STRAWBERRY,283,512.24,26,37113.0,AX,0.76
22492,MINI PAINT SET VINTAGE,281,182.64999999999998,14,43618.0,AY,0.64
22469,HEART OF WICKER SMALL,281,424.65,19,27932.0,AY,1.01
22199,FRYING PAN RED POLKADOT,275,1032.75,5,1829.0,AZ,15.04
22297,HEART IVORY TRELLIS SMALL,275,343.75,6,13825.0,AY,1.99
22493,PAINT YOUR OWN CANVAS SET,274,398.1,5,4750.0,AZ,5.77
21929,JUMBO BAG PINK VINTAGE PAISLEY,272,483.96999999999997,21,25625.0,AY,1.06
23343,JUMBO BAG VINTAGE CHRISTMAS,271,505.68,7,6081.0,AZ,4.46
22945,CHRISTMAS METAL TAGS ASSORTED,270,210.78,7,7659.0,AZ,3.53
22356,CHARLOTTE BAG PINK POLKADOT,268,203.23,19,20026.0,AX,1.34
21642,ASSORTED TUTTI FRUTTI PEN,266,172.34,15,4418.0,BZ,6.02
21928,JUMBO BAG SCANDINAVIAN BLUE PAISLEY,265,479.58000000000004,8,24305.0,AX,1.09
85232B,SET OF 3 BABUSHKA STACKING TINS,263,1297.6499999999999,10,3090.0,AZ,8.51
23344,JUMBO BAG 50'S CHRISTMAS,262,486.96,7,10306.0,AZ,2.54
20952,PORCELAIN CHERUB BELL SMALL,260,119.16,2,330.0,CZ,78.79
21648,ASSORTED TUTTI FRUTTI SMALL PURSE,256,274.4,8,2950.0,BZ,8.68
37449,CERAMIC CAKE STAND + HANGING CAKES,255,2234.15,71,2385.0,AY,10.69
22382,LUNCH BAG SPACEBOY DESIGN,253,387.25,20,20318.0,AX,1.25
20713,JUMBO BAG OWLS,252,448.98,12,20843.0,AY,1.21
22313,OFFICE MUG WARMER PINK,252,647.4,2,986.0,BZ,25.56
20712,JUMBO BAG WOODLAND ANIMALS,251,447.61,18,17731.0,AY,1.42
22464,HANGING METAL HEART LANTERN,250,378.9,26,7937.0,AY,3.15
22047,EMPIRE GIFT WRAP,250,89.0,3,8300.0,BY,3.01
79323B,BLACK CHERRY LIGHTS,248,1557.2,51,243.0,BZ,102.06
22960,JAM MAKING SET WITH JARS,247,1012.79,87,9030.0,AY,2.74
22907,PACK OF 20 NAPKINS PANTRY DESIGN,244,167.07999999999998,7,8704.0,AY,2.8
22617,BAKING SET SPACEBOY DESIGN,243,1147.55,67,4256.0,AY,5.71
23202,JUMBO BAG VINTAGE LEAF,242,442.46000000000004,6,10962.0,AZ,2.21
22105,MIRROR MOSAIC GOBLET CANDLE HOLDER,241,232.25,2,692.0,BZ,34.83
23157,SET OF 6 NATIVITY MAGNETS,240,444.0,1,2570.0,AZ,9.34
22951,60 CAKE CASES DOLLY GIRL DESIGN,240,116.39999999999999,6,11032.0,AY,2.18
21155,RED RETROSPOT PEG BAG,239,512.7,14,6673.0,AY,3.58
79000,MOROCCAN TEA GLASS,238,171.89999999999998,14,12033.0,AY,1.98
22666,RECIPE BOX PANTRY YELLOW DESIGN,237,655.55,63,10727.0,AY,2.21
22922,FRIDGE MAGNETS US DINER ASSORTED,234,183.3,5,2073.0,BZ,11.29
22027,TEA PARTY BIRTHDAY CARD,228,87.12,7,11369.0,AX,2.01
20724,RED RETROSPOT CHARLOTTE BAG,226,172.73,19,32241.0,AX,0.7
21499,BLUE POLKADOT WRAP,225,82.5,2,15052.0,AX,1.49
21916,SET 12 RETRO WHITE CHALK STICKS,225,94.5,5,11039.0,AY,2.04
23284,DOORMAT KEEP CALM AND COME IN,225,1601.25,7,5491.0,AZ,4.1
21136,PAINTED METAL PEARS ASSORTED,225,329.36999999999995,4,10526.0,AY,2.14
21735,TWO DOOR CURIO CABINET,224,2535.6,38,853.0,AZ,26.26
22752,SET 7 BABUSHKA NESTING BOXES,224,1761.1999999999998,25,3467.0,AZ,6.46
22698,PINK REGENCY TEACUP AND SAUCER,221,607.95,48,8231.0,AY,2.68
22114,HOT WATER BOTTLE TEA AND SYMPATHY,220,795.2,13,11715.0,AY,1.88
84380,SET OF 3 BUTTERFLY COOKIE CUTTERS,219,251.39,9,10412.0,AY,2.1
21098,CHRISTMAS TOILET ROLL,219,246.39,6,8562.0,AZ,2.56
21977,PACK OF 60 PINK PAISLEY CAKE CASES,219,117.3,11,56230.0,AX,0.39
20840,FRENCH FLORAL CUSHION COVER,219,365.85,3,885.0,BZ,24.75
84406B,CREAM CUPID HEARTS COAT HANGER,218,663.1,12,7134.0,AY,3.06
22111,SCOTTIE DOG HOT WATER BOTTLE,217,936.65,15,9827.0,AY,2.21
22156,HEART DECORATION WITH PEARLS,217,183.41,27,6244.0,AY,3.48
20984,12 PENCILS TALL TUBE POSY,216,44.760000000000005,3,5899.0,BZ,3.66
22900,SET 2 TEA TOWELS I LOVE LONDON,216,552.5999999999999,11,6176.0,AZ,3.5
22834,HAND WARMER BABUSHKA DESIGN,215,331.25,8,6933.0,AZ,3.1
15056BL,EDWARDIAN PARASOL BLACK,213,1071.3500000000001,12,9666.0,AZ,2.2
21154,RED RETROSPOT OVEN GLOVE,213,228.25,5,8099.0,AY,2.63
20979,36 PENCILS TUBE RED RETROSPOT,210,262.5,20,8162.0,AY,2.57
22418,10 COLOUR SPACEBOY PEN,208,176.79999999999998,10,12316.0,AY,1.69
21868,POTTING SHED TEA MUG,207,250.39,29,9095.0,AY,2.28
84692,BOX OF 24 COCKTAIL PARASOLS,207,86.94,8,19122.0,AX,1.08
85118,HEART T-LIGHT HOLDER,207,98.67,11,2062.0,CZ,10.04
47599B,BLUE PARTY BAGS,206,343.96,4,3493.0,AY,5.9
21035,SET/2 RED RETROSPOT TEA TOWELS,205,564.75,3,6006.0,AY,3.41
35924,HANGING FAIRY CAKE DECORATION,205,347.68,11,2167.0,BZ,9.46
22154,ANGEL DECORATION 3 BUTTONS,204,85.67999999999999,14,7219.0,BZ,2.83
51014L,"FEATHER PEN,LIGHT PINK",204,167.88,4,3457.0,BY,5.9
21790,VINTAGE SNAP CARDS,203,162.67,13,27282.0,AY,0.74
23210,WHITE ROCKING HORSE HAND PAINTED,200,219.76,4,2902.0,BZ,6.89
21112,"SWISS ROLL TOWEL, PINK  SPOTS",198,507.29999999999995,3,2222.0,AZ,8.91
21479,WHITE SKULL HOT WATER BOTTLE,196,677.1800000000001,8,6234.0,AZ,3.14
51014A,"FEATHER PEN,HOT PINK",195,165.75,4,6719.0,AY,2.9
22588,CARD HOLDER GINGHAM HEART,195,411.87,3,2860.0,AZ,6.82
79323GR,GREEN CHERRY LIGHTS,194,1168.5,37,532.0,BZ,36.47
10138,ASSORTED COLOUR JUMBO PEN,194,81.9,4,261.0,CZ,74.33
84927E,FLOWERS TILE HOOK,194,19.56,2,494.0,CZ,39.27
85036C,ROSE 1 WICK MORRIS BOXED CANDLE,193,232.25,3,895.0,BZ,21.56
85014C,BLUE/BROWN DOTS RUFFLED UMBRELLA,192,576.0,1,547.0,BZ,35.1
23205,CHARLOTTE BAG VINTAGE ALPHABET,191,140.25,8,5859.0,AZ,3.26
21833,CAMOUFLAGE LED TORCH,190,297.5,10,6245.0,AY,3.04
22791,T-LIGHT GLASS FLUTED ANTIQUE,190,209.0,12,9534.0,AY,1.99
47590A,BLUE HAPPY BIRTHDAY BUNTING,188,887.8,9,4756.0,AY,3.95
20723,STRAWBERRY CHARLOTTE BAG,187,157.78,23,18340.0,AX,1.02
79323G,GOLD  CHERRY LIGHTS,187,1118.45,26,314.0,BZ,59.55
22360,GLASS JAR ENGLISH CONFECTIONERY,186,521.5,39,2514.0,AY,7.4
23204,CHARLOTTE BAG APPLES DESIGN,186,138.34,8,7976.0,AZ,2.33
22697,GREEN REGENCY TEACUP AND SAUCER,184,506.8,58,9830.0,AY,1.87
23004,TRAVEL CARD WALLET PANTRY,184,77.28,4,2011.0,CZ,9.15
22130,PARTY CONE CHRISTMAS DECORATION,183,136.70000000000002,8,9791.0,AZ,1.87
22584,PACK OF 6 PANNETONE GIFT BOXES,183,390.15,4,5236.0,AY,3.5
21950,SET OF 6 DOTS CHOPSTICKS,181,192.05,2,211.0,CZ,85.78
22983,CARD BILLBOARD FONT,181,68.76,3,6719.0,BY,2.69
22694,WICKER STAR,180,348.0,8,4912.0,AZ,3.66
22491,PACK OF 12 COLOURED PENCILS,180,134.28,3,7436.0,AY,2.42
20979,36 PENCILS TUBE RED SPOTTY,180,200.68,7,8162.0,AY,2.21
22998,TRAVEL CARD WALLET KEEP CALM,177,74.34,11,12490.0,AZ,1.42
22355,CHARLOTTE BAG SUKI DESIGN,176,135.04,26,32013.0,AX,0.55
22923,FRIDGE MAGNETS LES ENFANTS ASSORTED,176,134.0,6,1595.0,BZ,11.03
20975,12 PENCILS SMALL TUBE RED RETROSPOT,176,108.8,5,18116.0,AY,0.97
22198,LARGE POPCORN HOLDER,176,284.6,53,7345.0,AY,2.4
22560,TRADITIONAL MODELLING CLAY,175,191.2,4,14870.0,AY,1.18
84919,BLUE CUSHION COVER WITH FLOWER,172,723.4,6,291.0,BZ,59.11
21703,BAG 125g SWIRLY MARBLES,171,71.82,9,14579.0,AY,1.17
21671,RED SPOT CERAMIC DRAWER KNOB,170,237.31,20,9526.0,AY,1.78
23155,KNICKERBOCKERGLORY MAGNET ASSORTED,169,129.71,14,2233.0,BZ,7.57
21980,PACK OF 12 RED RETROSPOT TISSUES,168,48.72,5,31342.0,AZ,0.54
85042,ANTIQUE LILY FAIRY LIGHTS,168,757.4,61,2686.0,AZ,6.25
23318,BOX OF 6 MINI VINTAGE CRACKERS,168,368.71000000000004,7,3811.0,AZ,4.41
22153,ANGEL DECORATION STARS ON DRESS,166,69.72,5,5806.0,BZ,2.86
22804,PINK HANGING HEART T-LIGHT HOLDER,164,419.8,3,5277.0,AZ,3.11
79323S,SILVER CHERRY LIGHTS,161,997.05,23,334.0,BZ,48.2
47599A,PINK PARTY BAGS,160,247.35999999999999,3,5970.0,AY,2.68
22554,PLASTERS IN TIN WOODLAND ANIMALS,159,243.14999999999998,9,13616.0,AY,1.17
22087,PAPER BUNTING WHITE LACE,159,465.4,11,8494.0,AY,1.87
21313,GLASS HEART T-LIGHT HOLDER,158,110.14999999999999,15,6738.0,AY,2.34
22384,LUNCH BAG PINK POLKADOT,157,244.45,22,20830.0,AX,0.75
22720,SET OF 3 CAKE TINS PANTRY DESIGN,157,744.95,74,7493.0,AZ,2.1
22112,CHOCOLATE HOT WATER BOTTLE,156,687.48,13,11087.0,AY,1.41
47556B,TEA TIME TEA TOWELS,156,402.59999999999997,3,5206.0,AZ,3.0
84945,MULTI COLOUR SILVER T-LIGHT HOLDER,156,141.73,32,21630.0,AY,0.72
22933,BAKING MOULD EASTER EGG MILK CHOC,156,337.79999999999995,2,940.0,BZ,16.6
22171,3 HOOK PHOTO SHELF ANTIQUE WHITE,156,1229.1,33,3162.0,AZ,4.93
15056N,EDWARDIAN PARASOL NATURAL,155,840.55,21,11463.0,AY,1.35
21889,WOODEN BOX OF DOMINOES,155,193.75,13,12824.0,AY,1.21
21901,"KEY FOB , BACK DOOR",153,99.45,5,6182.0,BY,2.47
85172,HYACINTH BULB T-LIGHT CANDLES,153,64.25999999999999,6,4303.0,BZ,3.56
23300,GARDENERS KNEELING PAD CUP OF TEA,152,231.6,7,6827.0,AZ,2.23
85071A,BLUE CHARLIE+LOLA PERSONAL DOORSIGN,152,448.4,2,1908.0,BZ,7.97
22956,36 FOIL HEART CAKE CASES,152,283.2,3,2502.0,AZ,6.08
22363,GLASS JAR MARMALADE,152,400.40000000000003,13,782.0,BZ,19.44
20772,GARDEN PATH JOURNAL,151,320.25,3,971.0,BZ,15.55
84670,JAPANESE CROCHETED ANIMAL,150,63.0,3,5223.0,BZ,2.87
10123C,HEARTS WRAPPING TAPE,150,12.540000000000001,2,653.0,CZ,22.97
84601A,NEW BAROQUE IVORY CUSHION COVER,150,187.5,1,260.0,CZ,57.69
84078A,SET/4 WHITE RETRO STORAGE CUBES,147,5187.65,20,1128.0,AZ,13.03
72807C,SET/3 VANILLA SCENTED CANDLE IN BOX,146,566.38,16,2044.0,AZ,7.14
84754,S/15 SILVER GLASS BAUBLES IN BAG,146,155.14,2,2085.0,BZ,7.0
16156S,WRAP PINK FAIRY CAKES,146,61.32,3,16661.0,AY,0.88
22173,METAL 4 HOOK HANGER FRENCH CHATEAU,146,399.71999999999997,10,5031.0,AY,2.9
22465,HANGING METAL STAR LANTERN,145,217.64999999999998,17,4567.0,AY,3.17
79321,CHILLI LIGHTS,145,635.75,21,15918.0,AY,0.91
85111,SILVER GLITTER FLOWER VOTIVE HOLDER,144,41.76,1,2919.0,CZ,4.93
21984,PACK OF 12 PINK PAISLEY TISSUES,144,41.28,5,25373.0,AZ,0.57
22818,CARD CHRISTMAS VILLAGE,144,60.48,5,6326.0,BZ,2.28
22609,PENS ASSORTED SPACEBALL,144,98.64,4,7159.0,BY,2.01
22595,CHRISTMAS GINGHAM HEART,144,103.68,1,12551.0,AZ,1.15
22593,CHRISTMAS GINGHAM STAR,144,103.68,1,5475.0,AZ,2.63
22383,LUNCH BAG SUKI DESIGN,144,217.4,18,25114.0,AX,0.57
23228,FILIGREE HEART BIRD WHITE,144,149.76,1,1492.0,BZ,9.65
21210,SET OF 72 RETROSPOT PAPER  DOILIES,144,187.4,6,15124.0,AY,0.95
22691,DOORMAT WELCOME SUNRISE,143,665.35,3,760.0,AZ,18.82
22692,DOORMAT WELCOME TO OUR HOME,143,665.0500000000001,3,2137.0,AZ,6.69
37495,FAIRY CAKE BIRTHDAY CANDLE SET,142,493.2,33,1561.0,AY,9.1
85174,S/4 CACTI CANDLES,141,607.65,10,1470.0,AY,9.59
22969,HOMEMADE JAM SCENTED CANDLES,140,185.79999999999998,8,14473.0,AZ,0.97
21974,SET OF 36 PAISLEY FLOWER DOILIES,140,201.45,11,7046.0,AY,1.99
22738,RIBBON REEL SNOWY VILLAGE,140,207.0,3,4468.0,AZ,3.13
22303,COFFEE MUG APPLES DESIGN,139,336.45,27,5452.0,AY,2.55
22435,SET OF 9 HEART SHAPED BALLOONS,139,154.75,4,4942.0,AY,2.81
22534,MAGIC DRAWING SLATE SPACEBOY,139,58.38,5,12894.0,AY,1.08
22064,PINK DOUGHNUT TRINKET POT,138,222.7,40,6639.0,AY,2.08
22838,3 TIER CAKE TIN RED AND CREAM,138,1816.6999999999998,22,926.0,AZ,14.9
22866,HAND WARMER SCOTTY DOG DESIGN,135,259.5,7,12815.0,AZ,1.05
20719,WOODLAND CHARLOTTE BAG,135,106.82,17,24521.0,AX,0.55
23200,JUMBO BAG PEARS,134,243.63000000000002,6,7071.0,AZ,1.9
16259,PIECE OF CAMO STATIONERY SET,134,14.100000000000001,4,5473.0,CZ,2.45
84946,ANTIQUE SILVER TEA GLASS ETCHED,134,153.82,23,36841.0,AX,0.36
22578,WOODEN STAR CHRISTMAS SCANDINAVIAN,133,112.49,3,13319.0,AZ,1.0
22614,PACK OF 12 SPACEBOY TISSUES,133,42.27,6,5731.0,BY,2.32
16235,RECYCLED PENCIL WITH RABBIT ERASER,133,27.93,4,5864.0,BY,2.27
22501,PICNIC BASKET WICKER LARGE,131,1158.45,33,2618.0,AZ,5.0
22536,MAGIC DRAWING SLATE PURDEY,131,47.82,2,9098.0,BZ,1.44
21614,SET OF 12 ROSE BOTANICAL T-LIGHTS,131,336.05,3,1628.0,AZ,8.05
85221,ASSORTED COLOUR SILK COIN PURSE,131,155.92000000000002,4,3558.0,BZ,3.68
22339,CHRISTMAS TREE PAINTED ZINC,131,81.92999999999999,8,3522.0,BZ,3.72
21935,SUKI  SHOULDER BAG,131,196.15,4,7127.0,AY,1.84
22618,COOKING SET RETROSPOT,131,1226.07,40,720.0,AZ,18.19
22739,RIBBON REEL CHRISTMAS SOCK BAUBLE,130,190.5,2,4051.0,AZ,3.21
21936,RED RETROSPOT PICNIC BAG,129,350.45,21,7815.0,AY,1.65
22413,METAL SIGN TAKE IT OR LEAVE IT,129,340.55,6,6985.0,AZ,1.85
82582,AREA PATROLLED METAL SIGN,129,241.38,8,7496.0,AY,1.72
23002,TRAVEL CARD WALLET SKULLS,128,53.76,8,2145.0,CZ,5.97
21655,HANGING RIDGE GLASS T-LIGHT HOLDER,128,201.92000000000002,6,1402.0,BZ,9.13
21713,CITRONELLA CANDLE FLOWERPOT,128,233.0,20,2769.0,AZ,4.62
22384,LUNCH BAG PINK RETROSPOT,128,190.4,14,20830.0,AX,0.61
72351B,SET/6 PINK  BUTTERFLY T-LIGHTS,127,221.60000000000002,7,5790.0,AY,2.19
21747,SMALL SKULL WINDMILL,126,136.98000000000002,3,2050.0,BZ,6.15
22990,COTTON APRON PANTRY DESIGN,126,553.6999999999999,11,638.0,BZ,19.75
22865,HAND WARMER OWL DESIGN,126,264.34999999999997,14,14621.0,AZ,0.86
20717,STRAWBERRY SHOPPER BAG,125,137.25,5,6301.0,AY,1.98
22667,RECIPE BOX RETROSPOT,125,355.15,34,4868.0,AY,2.57
16169E,WRAP 50'S  CHRISTMAS,125,52.5,2,4563.0,BZ,2.74
84970S,HANGING HEART ZINC T-LIGHT HOLDER,125,105.19999999999999,14,26905.0,AX,0.46
22710,WRAP I LOVE LONDON,125,52.5,5,7184.0,BZ,1.74
22635,CHILDS BREAKFAST SET DOLLY GIRL,124,1113.4499999999998,26,1664.0,AY,7.45
22219,LOVEBIRD HANGING DECORATION WHITE,123,93.89,6,9799.0,AX,1.26
23581,JUMBO BAG PAISLEY PARK,122,224.76,4,5035.0,AZ,2.42
23582,VINTAGE DOILY JUMBO BAG RED,121,222.68,3,4815.0,AZ,2.51
23250,VINTAGE RED TRIM ENAMEL BOWL,121,141.8,8,1179.0,BZ,10.26
21634,ASSORTED MINI MADRAS NOTEBOOK,121,151.25,5,1771.0,BZ,6.83
21700,BIG DOUGHNUT FRIDGE MAGNETS,121,102.85,6,6384.0,AY,1.9
22106,MIRROR MOSAIC HURRICANE LAMP,121,156.75,2,509.0,BZ,23.77
21258,VICTORIAN SEWING BOX LARGE,121,1360.15,42,1510.0,AZ,8.01
20866,BLUE ROSE FABRIC MIRROR,120,127.2,1,1283.0,BZ,9.35
21914,BLUE HARMONICA IN BOX,120,150.0,5,12960.0,AY,0.93
21099,SET/6 STRAWBERRY PAPER CUPS,120,78.0,3,13388.0,BZ,0.9
21121,SET/10 RED POLKADOT PARTY CANDLES,120,150.0,5,15252.0,AY,0.79
22535,MAGIC DRAWING SLATE BUNNIES,120,50.4,3,4462.0,BY,2.69
22932,BAKING MOULD TOFFEE CUP CHOCOLATE,120,262.8,2,884.0,BZ,13.57
84826,ASSTD DESIGN 3D PAPER STICKERS,120,102.0,2,1745.0,CZ,6.88
23215,JINGLE BELL HEART ANTIQUE SILVER,120,214.8,1,3567.0,AZ,3.36
22030,SWALLOWS GREETING CARD,120,50.4,3,12927.0,AY,0.93
84012,MAGIC SHEEP WOOL GROWING FROM PAPER,120,102.0,1,1840.0,BZ,6.52
22077,6 RIBBONS RUSTIC CHARM,118,194.70000000000002,16,17281.0,AX,0.68
23243,SET OF TEA COFFEE SUGAR TINS PANTRY,117,545.55,35,4805.0,AZ,2.43
20914,SET/5 RED RETROSPOT LID GLASS BOWLS,116,327.0,41,18697.0,AX,0.62
22892,SET OF SALT AND PEPPER TOADSTOOLS,116,139.94,21,3526.0,AY,3.29
23319,BOX OF 6 MINI 50'S CRACKERS,116,244.97000000000003,6,3739.0,AZ,3.1
22963,JAM JAR WITH GREEN LID,115,90.86,12,3697.0,BZ,3.11
22061,LARGE CAKE STAND  HANGING STRAWBERY,114,1060.35,64,2175.0,AY,5.24
23301,GARDENERS KNEELING PAD KEEP CALM,114,168.89999999999998,11,8825.0,AZ,1.29
22444,GROW YOUR OWN PLANT IN A CAN,114,142.5,9,10135.0,AZ,1.12
22417,PACK OF 60 SPACEBOY CAKE CASES,114,62.699999999999996,5,21467.0,AY,0.53
21181,PLEASE ONE PERSON METAL SIGN,113,223.79999999999998,15,24819.0,AY,0.46
22988,SOLDIERS EGG CUP,112,132.78,9,9427.0,AZ,1.19
22583,PACK OF 6 HANDBAG GIFT BOXES,111,272.85,6,1889.0,AY,5.88
21399,BLUE POLKADOT COFFEE MUG,111,43.29,4,2390.0,BZ,4.64
22364,GLASS JAR DIGESTIVE BISCUITS,111,309.85,30,2060.0,AZ,5.39
20893,HANGING BAUBLE T-LIGHT HOLDER SMALL,111,234.45,4,567.0,BZ,19.58
22084,PAPER CHAIN KIT EMPIRE,111,299.45,4,8812.0,AZ,1.26
23298,SPOTTY BUNTING,110,482.81,12,8473.0,AZ,1.3
22776,SWEETHEART CAKESTAND 3 TIER,110,1010.4,40,1709.0,AY,6.44
16216,LETTER SHAPE PENCIL SHARPENER,110,17.6,3,4158.0,CZ,2.65
22571,ROCKING HORSE RED CHRISTMAS,109,80.17,3,5791.0,AZ,1.88
22457,NATURAL SLATE HEART CHALKBOARD,109,315.95,31,15457.0,AY,0.71
22673,FRENCH GARDEN SIGN BLUE METAL,109,118.01,3,1323.0,BZ,8.24
22646,CERAMIC STRAWBERRY CAKE MONEY BANK,109,155.0,33,8969.0,AY,1.22
23084,RABBIT NIGHT LIGHT,108,208.4,15,30788.0,AZ,0.35
22714,CARD BIRTHDAY COWBOY,108,41.04,4,5277.0,BY,2.05
16054,POPART RECT PENCIL SHARPENER ASST,108,12.96,1,1210.0,CZ,8.93
21985,PACK OF 12 HEARTS DESIGN TISSUES,108,31.32,3,25583.0,AZ,0.42
22294,HEART FILIGREE DOVE  SMALL,107,133.75,7,16873.0,AY,0.63
22644,CERAMIC CHERRY CAKE MONEY BANK,107,254.45,19,4892.0,AY,2.19
84818,DANISH ROSE PHOTO FRAME,107,132.05,9,1789.0,BZ,5.98
85066,CREAM SWEETHEART MINI CHEST,107,1248.15,57,3111.0,AY,3.44
82583,HOT BATHS METAL SIGN,107,204.09,15,12935.0,AY,0.83
22556,PLASTERS IN TIN CIRCUS PARADE,107,176.55,19,13611.0,AY,0.79
22095,LADS ONLY TISSUE BOX,107,119.88,7,2985.0,BZ,3.58
22231,JIGSAW TREE WITH BIRDHOUSE,107,150.15,18,2140.0,BY,5.0
21669,BLUE STRIPE CERAMIC DRAWER KNOB,106,147.32,13,10672.0,AY,0.99
22045,SPACEBOY GIFT WRAP,105,44.1,5,14567.0,AY,0.72
22456,NATURAL SLATE CHALKBOARD LARGE,104,501.5,52,4421.0,AY,2.35
21426,WOODLAND STORAGE BOX SMALL,104,161.4,10,1028.0,BZ,10.12
21673,WHITE SPOT BLUE CERAMIC DRAWER KNOB,103,143.95,8,10089.0,AY,1.02
21527,RED RETROSPOT TRADITIONAL TEAPOT,102,787.9,69,3360.0,AY,3.04
23172,REGENCY TEA PLATE PINK,102,154.29999999999998,9,3871.0,AZ,2.63
84836,ZINC METAL HEART DECORATION,102,127.5,9,20041.0,AY,0.51
23165,LARGE CERAMIC TOP STORAGE JAR,102,154.5,18,3118.0,AZ,3.27
21326,AGED GLASS SILVER T-LIGHT HOLDER,102,66.3,11,17902.0,AY,0.57
22577,WOODEN HEART CHRISTMAS SCANDINAVIAN,101,83.05,2,14028.0,AZ,0.72
85152,HAND OVER THE CHOCOLATE   SIGN,101,191.51,8,16415.0,AY,0.62
84997B,RED 3 PIECE RETROSPOT CUTLERY SET,100,349.08000000000004,3,9781.0,AY,1.02
22389,PAPERWEIGHT SAVE THE PLANET,100,210.0,1,647.0,BZ,15.46
21558,SKULL LUNCHBOX WITH CUTLERY,100,210.0,1,4224.0,AY,2.37
35957,SMALLFOLKART BAUBLE CHRISTMAS DEC,100,19.919999999999998,2,3577.0,BZ,2.8
22127,PARTY CONES CARNIVAL ASSORTED,98,122.31,5,3474.0,BZ,2.82
22158,3 HEARTS HANGING DECORATION RUSTIC,98,287.1,17,9071.0,AZ,1.08
21158,MOODY GIRL DOOR HANGER,97,38.17,3,2594.0,BZ,3.74
23171,REGENCY TEA PLATE GREEN,97,146.25,5,6247.0,AZ,1.55
21888,BINGO SET,97,363.75,10,3525.0,AY,2.75
21904,HOUSE WRECKING METAL SIGN,97,179.7,2,759.0,CZ,12.78
21870,I CAN ONLY PLEASE ONE PERSON MUG,97,121.25,18,6100.0,AY,1.59
20879,TREE OF NOAH FESTIVE SCENTED CANDLE,96,201.6,1,69.0,CZ,139.13
22398,MAGNETS PACK OF 4 SWALLOWS,96,120.0,6,4254.0,BY,2.26
22157,ANGEL DECORATION WITH LACE PADDED,96,81.6,2,1748.0,BZ,5.49
21849,SILVER DIAMANTE PEN IN GIFT BOX,96,120.0,1,635.0,BZ,15.12
84459A,PINK METAL CHICKEN HEART,96,143.04,5,1266.0,BZ,7.58
17013C,ORIGAMI LAVENDER INCENSE IN TUBE,96,40.32,1,213.0,CZ,45.07
20676,RED RETROSPOT BOWL,96,106.13,6,10529.0,AX,0.91
23109,PACK OF SIX LED TEA LIGHTS,96,239.04,1,2401.0,AZ,4.0
23351,ROLL WRAP 50'S CHRISTMAS,96,104.88,3,3539.0,AZ,2.71
23355,HOT WATER BOTTLE KEEP CALM,96,417.6,8,5841.0,AZ,1.64
22579,WOODEN TREE CHRISTMAS SCANDINAVIAN,96,81.6,1,7157.0,BZ,1.34
85217,ASSORTED ICE CREAM FRIDGE MAGNETS,96,62.4,4,2875.0,BZ,3.34
22553,PLASTERS IN TIN SKULLS,96,158.4,10,7863.0,AY,1.22
22930,BAKING MOULD HEART MILK CHOCOLATE,96,201.6,1,1109.0,BZ,8.66
22107,PIZZA PLATE IN BOX,95,330.71000000000004,12,1242.0,AY,7.65
22236,CAKE STAND 3 TIER MAGIC GARDEN,95,1121.25,47,1128.0,AY,8.42
84535B,FAIRY CAKES NOTEBOOK A6 SIZE,95,61.75,2,2687.0,BY,3.54
21975,PACK OF 60 DINOSAUR CAKE CASES,95,49.26,4,31426.0,AY,0.3
22338,STAR DECORATION PAINTED ZINC,95,60.37,5,6091.0,BZ,1.56
20724,RED SPOTTY CHARLOTTE BAG,95,80.1,17,32241.0,AX,0.29
22634,CHILDS BREAKFAST SET SPACEBOY,94,906.3,53,1697.0,AY,5.54
22575,METAL MERRY CHRISTMAS WREATH,94,160.5,7,3144.0,AZ,2.99
37446,MINI CAKE STAND WITH HANGING CAKES,94,121.69999999999999,26,3704.0,AY,2.54
84378,SET OF 3 HEART COOKIE CUTTERS,93,116.06,9,11660.0,AY,0.8
21843,RETRO SPOT CAKE STAND,93,996.35,48,6155.0,AY,1.51
23169,CLASSIC GLASS COOKIE JAR,93,379.15,34,1558.0,AZ,5.97
22169,FAMILY ALBUM WHITE PICTURE FRAME,93,741.2,35,2278.0,AY,4.08
21891,TRADITIONAL WOODEN SKIPPING ROPE,93,118.07,13,12171.0,AY,0.76
85048,15CM CHRISTMAS GLASS BALL 20 LIGHTS,93,695.35,50,2691.0,AZ,3.46
35004B,SET OF 3 BLACK FLYING DUCKS,93,364.65,25,1474.0,AY,6.31
84944,SET OF 6 KASHMIR FOLKART BAUBLES,93,244.45,5,1149.0,BZ,8.09
21789,KIDS RAIN MAC PINK,92,78.19999999999999,5,2923.0,BY,3.15
22979,PANTRY WASHING UP BRUSH,91,117.55000000000001,5,4097.0,AZ,2.22
35400,WOODEN BOX ADVENT CALENDAR,91,779.4499999999999,45,1443.0,AZ,6.31
22544,MINI JIGSAW SPACEBOY,91,38.22,2,9386.0,BY,0.97
16237,SLEEPING CAT ERASERS,91,19.11,3,10388.0,BY,0.88
22558,CLOTHES PEGS RETROSPOT PACK 24,91,130.71,15,13827.0,AY,0.66
21873,IF YOU CAN'T STAND THE HEAT MUG,91,100.07,4,2024.0,BZ,4.5
21658,GLASS  BEURRE DISH,90,351.44,53,2231.0,AY,4.03
23245,SET OF 3 REGENCY CAKE TINS,90,421.5,37,6357.0,AZ,1.42
90085,CRYSTAL STILETTO PHONE CHARM,90,76.5,2,311.0,CZ,28.94
22170,PICTURE FRAME WOOD TRIPLE PORTRAIT,90,581.9,27,2401.0,AY,3.75
22915,ASSORTED BOTTLE TOP  MAGNETS,90,37.8,4,3281.0,BZ,2.74
21068,VINTAGE BILLBOARD LOVE/HATE MUG,89,98.33,8,4068.0,BZ,2.19
21213,PACK OF 72 SKULL CAKE CASES,89,48.949999999999996,3,40433.0,AY,0.22
23256,CHILDRENS CUTLERY SPACEBOY,88,338.0,8,2115.0,AZ,4.16
23309,SET OF 60 I LOVE LONDON CAKE CASES,88,48.4,5,8332.0,AZ,1.06
35004C,SET OF 3 COLOURED  FLYING DUCKS,88,426.8,31,3066.0,AZ,2.87
22161,HEART DECORATION RUSTIC HANGING,88,28.88,2,6731.0,BY,1.31
22550,HOLIDAY FUN LUDO,88,330.0,8,2064.0,AZ,4.26
23174,REGENCY SUGAR BOWL GREEN,88,345.2,17,3057.0,AZ,2.88
23307,SET OF 60 PANTRY DESIGN CAKE CASES,88,48.4,5,12063.0,AZ,0.73
21668,RED STRIPE CERAMIC DRAWER KNOB,87,106.42,12,10426.0,AY,0.83
22645,CERAMIC HEART FAIRY CAKE MONEY BANK,87,125.94999999999999,16,5617.0,AY,1.55
22727,ALARM CLOCK BAKELIKE RED,87,326.25,35,9254.0,AZ,0.94
22502,PICNIC BASKET WICKER SMALL,86,436.42,16,3774.0,AY,2.28
22962,JAM JAR WITH PINK LID,86,72.97,22,4374.0,BZ,1.97
21161,KEEP OUT BOYS DOOR HANGER,86,47.66,3,2362.0,BZ,3.64
84029E,RED WOOLLY HOTTIE WHITE HEART.,86,327.7,11,10701.0,AZ,0.8
22207,FRYING PAN UNION FLAG,85,324.75,6,3105.0,AZ,2.74
21876,POTTERING MUG,85,112.4,16,5673.0,AZ,1.5
22621,TRADITIONAL KNITTING NANCY,85,114.05,7,8737.0,AY,0.97
21163,DO NOT TOUCH MY STUFF DOOR HANGER,85,46.01,3,2808.0,BZ,3.03
21238,RED SPOTTY CUP,84,71.39999999999999,9,9498.0,AX,0.88
21162,TOXIC AREA  DOOR HANGER,84,44.76,2,2405.0,BZ,3.49
23225,CHERUB HEART DECORATION SILVER,84,69.72,4,1356.0,CZ,6.19
22348,TEA BAG PLATE RED SPOTTY,84,71.4,3,12461.0,AY,0.67
84247E,PACK/12 XMAS FUN CARD,83,225.65,6,381.0,CZ,21.78
22057,CERAMIC PLATE STRAWBERRY DESIGN,82,122.17999999999999,11,3065.0,BZ,2.68
84691,PACK 20 DOLLY PEGS,82,56.1,3,2754.0,BZ,2.98
21056,DOCTOR'S BAG SOFT TOY,82,693.9,4,546.0,AZ,15.02
22591,CARDHOLDER GINGHAM CHRISTMAS TREE,82,214.70000000000002,13,1355.0,BZ,6.05
22867,HAND WARMER BIRD DESIGN,82,172.2,7,11893.0,AZ,0.69
20865,PATCHWORK PENCIL CASE BUTTERFLY,82,145.47,2,251.0,CZ,32.67
22980,PANTRY SCRUBBING BRUSH,81,124.04999999999998,6,2366.0,BZ,3.42
22361,GLASS JAR DAISY FRESH COTTON WOOL,81,232.85,29,1850.0,AY,4.38
23175,REGENCY MILK JUG PINK,80,225.5,11,3164.0,AZ,2.53
84997C,BLUE 3 PIECE MINI DOTS CUTLERY SET,80,274.08000000000004,7,9164.0,AY,0.87
22163,HEART STRING MEMO HOLDER HANGING,79,179.05,5,1270.0,BZ,6.22
22623,BOX OF VINTAGE JIGSAW BLOCKS,79,355.05,9,2316.0,AY,3.41
20981,12 PENCILS TALL TUBE WOODLAND,79,67.14999999999999,7,4727.0,BY,1.67
21218,RED SPOTTY BISCUIT TIN,79,277.25,27,5262.0,AY,1.5
22098,BOUDOIR SQUARE TISSUE BOX,79,35.11,7,2871.0,BZ,2.75
22090,PAPER BUNTING RETROSPOT,79,217.05,9,16708.0,AY,0.47
23006,TRAVEL CARD WALLET FLOWER MEADOW,78,32.76,5,1764.0,CZ,4.42
22997,TRAVEL CARD WALLET UNION JACK,78,32.76,8,2595.0,CY,3.01
84032B,CHARLIE + LOLA RED HOT WATER BOTTLE,78,168.89999999999998,8,3291.0,AZ,2.37
22109,FULL ENGLISH BREAKFAST PLATE,78,271.26,18,3343.0,AY,2.33
17021,NAMASTE SWAGAT INCENSE,78,23.400000000000002,3,3834.0,CZ,2.03
20685,DOORMAT RED RETROSPOT,78,542.22,8,9789.0,AY,0.8
22582,PACK OF 6 SWEETIE GIFT BOXES,78,183.6,4,2526.0,AZ,3.09
22851,SET 20 NAPKINS FAIRY CAKES DESIGN,78,66.3,4,5191.0,BZ,1.5
23275,SET OF 3 HANGING OWLS OLLIE BEAK,77,95.41,4,3749.0,AZ,2.05
22942,CHRISTMAS LIGHTS 10 SANTAS,77,612.85,13,1223.0,AZ,6.3
22319,HAIRCLIPS FORTIES FABRIC ASSORTED,77,50.05,8,3023.0,BZ,2.55
21172,PARTY METAL SIGN,77,110.85,7,7704.0,AY,1.0
21159,MOODY BOY  DOOR HANGER,77,34.61,3,2106.0,BZ,3.66
21190,PINK HEARTS PAPER GARLAND,77,111.65,2,806.0,BZ,9.55
20977,36 PENCILS TUBE WOODLAND,76,95.0,5,3801.0,AY,2.0
21912,VINTAGE SNAKES & LADDERS,76,285.0,3,3743.0,AY,2.03
21248,DOOR HANGER  MUM + DADS ROOM,76,33.160000000000004,3,1050.0,BZ,7.24
22301,COFFEE MUG CAT + BIRD DESIGN,76,192.0,26,5045.0,AY,1.51
37447,CERAMIC CAKE DESIGN SPOTTED PLATE,76,109.16,29,2895.0,AY,2.63
20798,CLEAR MILKSHAKE GLASS,76,140.25,16,555.0,BZ,13.69
23071,MARIE ANTOINETTE TRINKET BOX GOLD,76,434.0,4,319.0,BZ,23.82
16161U,WRAP SUKI AND FRIENDS,75,31.5,3,10026.0,BY,0.75
22978,PANTRY ROLLING PIN,75,272.61,12,2465.0,AZ,3.04
22439,6 ROCKET BALLOONS,75,48.75,5,3912.0,BY,1.92
21390,FILIGRIS HEART WITH BUTTERFLY,75,93.75,4,10995.0,AY,0.68
21198,WHITE HEART CONFETTI IN TUBE,75,64.71000000000001,3,1283.0,BZ,5.85
22088,PAPER BUNTING COLOURED LACE,75,198.04999999999998,5,4401.0,AY,1.7
84927A,WAKE UP COCKEREL TILE HOOK,75,10.35,4,226.0,CZ,33.19
23230,WRAP ALPHABET DESIGN,75,31.5,3,8001.0,BZ,0.94
22941,CHRISTMAS LIGHTS 10 REINDEER,74,610.3000000000001,26,2618.0,AZ,2.83
72529W,WHITE ADVENT CANDLE,74,125.06,2,465.0,CZ,15.91
22232,JIGSAW TOADSTOOLS 3 PIECE,74,71.22,8,1109.0,BY,6.67
21160,KEEP OUT GIRLS DOOR HANGER,74,30.259999999999998,3,795.0,CZ,9.31
85047,WHITE BEADED GARLAND STRING 20LIGHT,74,450.7,43,1054.0,AZ,7.02
22274,FELTCRAFT DOLL EMILY,74,199.10000000000002,8,3787.0,AY,1.95
85023B,EAU DE NILE JEWELLED PHOTOFRAME,74,156.29999999999998,3,293.0,CZ,25.26
20803,SMALL PINK GLASS SUNDAE DISH,74,38.46,3,1161.0,CZ,6.37
35970,ZINC FOLKART SLEIGH BELLS,74,122.86000000000001,7,8422.0,AZ,0.88
21121,SET/10 RED SPOTTY PARTY CANDLES,74,92.5,5,15252.0,AY,0.49
21463,MIRRORED DISCO BALL,73,397.35,26,1355.0,AY,5.39
21788,KIDS RAIN MAC BLUE,73,61.849999999999994,6,3380.0,BY,2.16
21122,SET/10 PINK POLKADOT PARTY CANDLES,73,91.25,4,12347.0,AY,0.59
23208,LUNCH BAG VINTAGE LEAF DESIGN,73,109.85,4,6342.0,AZ,1.15
22533,MAGIC DRAWING SLATE BAKE A CAKE,72,30.240000000000002,2,4529.0,BZ,1.59
21670,BLUE SPOT CERAMIC DRAWER KNOB,72,100.0,8,8912.0,AX,0.81
84212,"ASSORTED FLOWER COLOUR ""LEIS""",72,46.8,1,24800.0,AZ,0.29
22254,FELT TOADSTOOL LARGE,72,90.0,7,1399.0,BZ,5.15
23072,MARIE ANTOINETTE TRINKET BOX SILVER,72,384.0,2,334.0,BZ,21.56
22935,BAKING MOULD ROSE MILK CHOCOLATE,72,198.0,1,690.0,BZ,10.43
22616,PACK OF 12 LONDON TISSUES,72,22.08,3,39204.0,AY,0.18
22936,BAKING MOULD ROSE WHITE CHOCOLATE,72,198.0,1,279.0,CZ,25.81
22693,GROW A FLYTRAP OR SUNFLOWER IN TIN,72,90.0,2,17875.0,AZ,0.4
37450,CERAMIC CAKE BOWL + HANGING CAKES,72,193.2,27,2452.0,AY,2.94
22649,STRAWBERRY FAIRY CAKE TEAPOT,72,352.90000000000003,42,2317.0,AY,3.11
23120,PACK OF 6 SMALL FRUIT STRAWS,72,30.240000000000002,2,1716.0,CZ,4.2
44217M,MULTICOLOUR FEATHERS CURTAIN,72,236.39999999999998,2,72.0,CZ,100.0
21156,RETROSPOT CHILDRENS APRON,71,138.45,14,9145.0,AY,0.78
22487,WHITE WOOD GARDEN PLANT LADDER,71,645.55,38,1634.0,AY,4.35
82581,TOILET METAL SIGN,71,38.66,9,8443.0,AY,0.84
23064,CINDERELLA CHANDELIER,71,1514.05,10,221.0,BZ,32.13
22629,SPACEBOY LUNCH BOX,71,125.85000000000001,14,20837.0,AY,0.34
22778,GLASS CLOCHE SMALL,71,250.77,20,972.0,BZ,7.3
20961,STRAWBERRY BATH SPONGE,71,88.75,2,3542.0,AY,2.0
21875,KINGS CHOICE MUG,71,81.53,10,6824.0,AZ,1.04
21714,CITRONELLA CANDLE GARDEN POT,70,70.1,11,4321.0,AZ,1.62
22342,HOME GARLAND PAINTED ZINC,70,96.3,6,1842.0,BY,3.8
21429,RED GINGHAM ROSE JEWELLERY BOX,70,120.3,19,6384.0,AY,1.1
22775,PURPLE DRAWERKNOB ACRYLIC EDWARDIAN,70,87.5,4,3767.0,AY,1.86
84987,SET OF 36 TEATIME PAPER DOILIES,70,97.69999999999999,6,8140.0,AY,0.86
46000S,POLYESTER FILLER PAD 40x40cm,70,101.5,5,3471.0,AY,2.02
84625C,BLUE NEW BAROQUE CANDLESTICK CANDLE,70,103.6,8,770.0,CZ,9.09
21542,WOODLAND WATER TRANSFER TATTOOS,70,59.5,6,1882.0,BZ,3.72
22186,RED STAR CARD HOLDER,70,182.3,8,2005.0,AZ,3.49
21527,RETRO SPOT TRADITIONAL TEAPOT,69,545.58,45,3360.0,AY,2.05
84792,ENCHANTED BIRD COATHANGER 5 HOOK,69,270.45,8,2299.0,AY,3.0
22637,PIGGY BANK RETROSPOT,69,171.9,30,4489.0,AZ,1.54
22662,LUNCH BAG DOLLY GIRL DESIGN,68,112.2,10,9983.0,AY,0.68
22557,PLASTERS IN TIN VINTAGE PAISLEY,68,112.2,9,10391.0,AY,0.65
22083,PAPER CHAIN KIT RETROSPOT,68,200.6,7,13763.0,AY,0.49
71053,WHITE METAL LANTERN,68,248.52,19,4786.0,AY,1.42
22993,SET OF 4 PANTRY JELLY MOULDS,68,85.0,9,12672.0,AY,0.54
22379,RECYCLING BAG RETROSPOT,67,128.95000000000002,8,15785.0,AY,0.42
22668,PINK BABY BUNTING,67,177.65,6,3598.0,AY,1.86
21899,"KEY FOB , GARAGE DESIGN",67,43.55,5,6697.0,AY,1.0
37448,CERAMIC CAKE DESIGN SPOTTED MUG,66,97.86,26,4570.0,AY,1.44
84050,PINK HEART SHAPE EGG FRYING PAN,66,107.30000000000001,13,9868.0,AZ,0.67
22726,ALARM CLOCK BAKELIKE GREEN,66,247.5,26,7690.0,AY,0.86
85063,CREAM SWEETHEART MAGAZINE RACK,66,1060.7,38,310.0,AY,21.29
21238,RED RETROSPOT CUP,65,54.99,13,9498.0,AX,0.68
22094,RED RETROSPOT TISSUE BOX,65,39.97,5,3563.0,BZ,1.82
23494,VINTAGE DOILY DELUXE SEWING KIT,65,386.75,11,813.0,AZ,8.0
21927,BLUE/CREAM STRIPE CUSHION COVER,65,81.25,12,1260.0,BY,5.16
22218,CAKE STAND LACE WHITE,65,250.75,12,1235.0,AZ,5.26
22036,DINOSAUR BIRTHDAY CARD,65,27.3,2,1673.0,CZ,3.89
22728,ALARM CLOCK BAKELIKE PINK,65,243.75,19,6228.0,AZ,1.04
85040B,SET/4 BLUE FLOWER CANDLES IN BOWL,65,97.64999999999999,8,2473.0,BZ,2.63
23198,PANTRY MAGNETIC  SHOPPING LIST,64,92.8,14,3346.0,AZ,1.91
22580,ADVENT CALENDAR GINGHAM SACK,64,331.8,7,2346.0,AZ,2.73
23108,SET OF 10 LED DOLLY LIGHTS,64,317.6,18,2221.0,AZ,2.88
21621,VINTAGE UNION JACK BUNTING,64,544.0,10,6914.0,AY,0.93
82486,WOOD S/3 CABINET ANT WHITE FINISH,64,519.0,39,4774.0,AX,1.34
84988,SET OF 72 PINK HEART PAPER DOILIES,64,91.27,3,8316.0,AX,0.77
21845,DAIRY MAID STRIPE MUG,64,111.03999999999999,11,2522.0,BZ,2.54
22810,SET OF 6 T-LIGHTS SNOWMEN,64,169.60000000000002,3,2204.0,AZ,2.9
22125,UNION JACK HOT WATER BOTTLE,63,314.84999999999997,3,658.0,BZ,9.57
22300,COFFEE MUG DOG + BALL DESIGN,63,160.65,20,4154.0,AY,1.52
22766,PHOTO FRAME CORNICE,63,185.85,20,4406.0,AZ,1.43
21530,DAIRY MAID TOASTRACK,63,54.09,9,962.0,BZ,6.55
23322,LARGE WHITE HEART OF WICKER,63,169.85,10,3085.0,AZ,2.04
23083,SET 6 PAPER TABLE LANTERN STARS,63,214.17,3,1933.0,AZ,3.26
72741,GRAND CHOCOLATECANDLE,62,89.3,16,19777.0,AY,0.31
21383,PACK OF 12 STICKY BUNNIES,62,40.3,5,2215.0,BZ,2.8
21340,CLASSIC METAL BIRDCAGE PLANT HOLDER,62,670.1,14,1771.0,AY,3.5
21430,SET/3 RED GINGHAM ROSE STORAGE BOX,62,222.78,22,4631.0,AY,1.34
22233,JIGSAW RABBIT AND BIRDHOUSE,62,101.24000000000001,9,950.0,BY,6.53
22744,MAKE YOUR OWN MONSOON CARD KIT,62,163.70000000000002,4,1519.0,AZ,4.08
21672,WHITE SPOT RED CERAMIC DRAWER KNOB,62,81.3,8,11158.0,AY,0.56
22215,CAKE STAND WHITE TWO TIER LACE,62,510.0,30,1091.0,AY,5.68
22461,SAVOY ART DECO CLOCK,62,625.7,31,411.0,BZ,15.09
22089,PAPER BUNTING VINTAGE PAISLEY,61,173.89999999999998,2,3508.0,AY,1.74
21260,FIRST AID TIN,61,197.25,7,3526.0,AZ,1.73
84375,SET OF 20 KIDS COOKIE CUTTERS,61,120.89999999999999,5,7595.0,AY,0.8
22906,12 MESSAGE CARDS WITH ENVELOPES,61,88.65,2,3394.0,AZ,1.8
22079,RIBBON REEL HEARTS DESIGN,61,100.65,5,5054.0,AY,1.21
23154,SET OF 4 JAM JAR MAGNETS,61,126.88,3,2732.0,AZ,2.23
21934,SKULL SHOULDER BAG,61,100.65,2,4602.0,AY,1.33
22622,BOX OF VINTAGE ALPHABET BLOCKS,61,559.35,6,2947.0,AZ,2.07
22358,KINGS CHOICE TEA CADDY,61,170.35,13,2658.0,AY,2.29
84016,FLAG OF ST GEORGE CAR FLAG,60,50.3,5,1004.0,BZ,5.98
23158,SET OF 5 LUCKY CAT MAGNETS,60,124.8,3,2635.0,AZ,2.28
21626,VINTAGE UNION JACK PENNANT,60,117.0,12,1500.0,BY,4.0
84029G,KNITTED UNION FLAG HOT WATER BOTTLE,60,219.7,9,6866.0,AZ,0.87
22377,BOTTLE BAG RETROSPOT,60,116.8,5,3620.0,AZ,1.66
21506,"FANCY FONT BIRTHDAY CARD,",60,25.2,4,10962.0,AY,0.55
22938,CUPCAKE LACE PAPER SET 6,60,117.0,4,3687.0,AZ,1.63
23212,HEART WREATH DECORATION WITH BELL,60,75.0,3,2300.0,BZ,2.61
22029,SPACEBOY BIRTHDAY CARD,60,25.2,2,17698.0,AX,0.34
21114,LAVENDER SCENTED FABRIC HEART,60,75.0,5,5716.0,AY,1.05
22730,ALARM CLOCK BAKELIKE IVORY,60,225.0,16,3707.0,AY,1.62
23354,6 GIFT TAGS 50'S CHRISTMAS,60,49.8,3,3743.0,BZ,1.6
84799,SPRIG LAVENDER ARTIFICIAL FLOWER,60,35.16,2,679.0,CZ,8.84
23077,DOUGHNUT LIP GLOSS,60,75.0,3,10415.0,AZ,0.58
23206,LUNCH BAG APPLE DESIGN,59,97.15,13,12183.0,AZ,0.48
22725,ALARM CLOCK BAKELIKE CHOCOLATE,59,221.25,18,2529.0,AY,2.33
21810,CHRISTMAS HANGING STAR WITH BELL,59,73.75,2,7064.0,AZ,0.84
21743,STAR PORTABLE TABLE LIGHT,59,174.04999999999998,5,1292.0,BZ,4.57
22796,PHOTO FRAME 3 CLASSIC HANGING,59,563.8499999999999,25,810.0,AY,7.28
23251,VINTAGE RED ENAMEL TRIM MUG,58,72.5,5,1713.0,BZ,3.39
84950,ASSORTED COLOUR T-LIGHT HOLDER,58,44.5,10,6149.0,AZ,0.94
23221,REINDEER HEART DECORATION SILVER,58,48.14,4,1537.0,BZ,3.77
22326,ROUND SNACK BOXES SET OF4 WOODLAND,58,171.1,26,15481.0,AY,0.37
21937,STRAWBERRY   PICNIC BAG,58,169.1,14,4109.0,AY,1.41
21424,WOODLAND STORAGE BOX LARGE,58,151.9,9,955.0,BZ,6.07
22468,BABUSHKA LIGHTS STRING OF 10,58,352.3,6,1737.0,AZ,3.34
47590B,PINK HAPPY BIRTHDAY BUNTING,57,293.05,10,5761.0,AY,0.99
21902,"KEY FOB , FRONT  DOOR",57,37.05,4,5376.0,BZ,1.06
22299,PIG KEYRING WITH LIGHT & SOUND,57,71.25,5,3913.0,AZ,1.46
21826,EIGHT PIECE DINOSAUR SET,57,71.25,7,1808.0,BZ,3.15
37342,POLKADOT COFFEE CUP & SAUCER PINK,56,45.68,3,1629.0,BZ,3.44
22652,TRAVEL SEWING KIT,56,92.4,11,9927.0,AY,0.56
22128,PARTY CONES CANDY ASSORTED,56,70.0,3,3929.0,AY,1.43
21537,RED RETROSPOT PUDDING BOWL,56,213.0,8,1010.0,AY,5.54
22217,T-LIGHT HOLDER HANGING LACE,56,70.0,3,2378.0,BZ,2.35
21623,VINTAGE UNION JACK MEMOBOARD,56,499.20000000000005,13,6169.0,AZ,0.91
22258,FELT FARM ANIMAL RABBIT,55,68.75,3,1345.0,BZ,4.09
21976,PACK OF 60 MUSHROOM CAKE CASES,55,30.25,4,14643.0,AY,0.38
22091,EMPIRE TISSUE BOX,55,68.75,4,3190.0,BZ,1.72
23249,VINTAGE RED ENAMEL TRIM PLATE,55,87.71000000000001,7,854.0,BZ,6.44
22669,RED BABY BUNTING,55,142.25,2,2391.0,AY,2.3
21535,RED RETROSPOT SMALL MILK JUG,55,139.35,30,6809.0,AY,0.81
20731,POSY CANDY BAG,55,58.3,1,4142.0,BZ,1.33
23163,REGENCY SUGAR TONGS,55,114.4,2,1832.0,AZ,3.0
23168,CLASSIC CAFE SUGAR DISPENSER,54,65.61,18,3292.0,AZ,1.64
21892,TRADITIONAL WOODEN CATCH CUP GAME,54,67.5,11,7843.0,AY,0.69
84625A,PINK NEW BAROQUECANDLESTICK CANDLE,54,64.8,5,838.0,CZ,6.44
47559B,TEA TIME OVEN GLOVE,54,67.5,6,5281.0,AY,1.02
21324,HANGING MEDINA LANTERN SMALL,54,140.1,3,1022.0,BZ,5.28
21591,COSY HOUR CIGAR BOX MATCHES,54,67.5,2,4018.0,AZ,1.34
71477,COLOURED GLASS STAR T-LIGHT HOLDER,54,197.46,7,15097.0,AY,0.36
22440,BALLOON WATER BOMB PACK OF 35,54,22.68,5,8613.0,BZ,0.63
84688,BEACH HUT DESIGN BLACKBOARD,53,155.05,8,422.0,BZ,12.56
22243,"HOOK, 5 HANGER ,MAGIC TOADSTOOL RED",53,87.45,6,7685.0,AZ,0.69
22155,STAR DECORATION RUSTIC,53,22.26,3,6031.0,BZ,0.88
22148,EASTER CRAFT 4 CHICKS,52,101.39999999999999,6,3247.0,AZ,1.6
22798,ANTIQUE GLASS DRESSING TABLE POT,52,153.4,22,2372.0,AY,2.19
22806,SET OF 6 T-LIGHTS WEDDING CAKE,52,134.20000000000002,2,430.0,CZ,12.09
22229,BUNNY WOODEN PAINTED WITH FLOWER,52,44.199999999999996,7,1007.0,CZ,5.16
22784,LANTERN CREAM GAZEBO,52,249.0,30,1561.0,AY,3.33
22654,DELUXE SEWING KIT,52,306.40000000000003,25,2539.0,AY,2.05
22689,DOORMAT MERRY CHRISTMAS RED,52,354.0,2,1092.0,AZ,4.76
21718,RED METAL BEACH SPADE,52,65.0,5,4033.0,AZ,1.29
84684,BEACH HUT PHOTO FRAME,52,51.0,2,609.0,CZ,8.54
84536B,FAIRY CAKES NOTEBOOK A7 SIZE,52,21.84,3,3512.0,BY,1.48
22367,CHILDRENS APRON SPACEBOY DESIGN,52,101.39999999999999,14,8076.0,AX,0.64
22393,PAPERWEIGHT VINTAGE COLLAGE,52,111.0,3,836.0,BZ,6.22
23173,REGENCY TEAPOT ROSES,52,436.4,13,2770.0,AZ,1.88
22494,EMERGENCY FIRST AID TIN,51,63.75,13,2766.0,BY,1.84
22890,NOVELTY BISCUITS CAKE STAND 3 TIER,51,481.34999999999997,26,805.0,AZ,6.34
23287,RED VINTAGE SPOT BEAKER,51,43.349999999999994,2,1891.0,BZ,2.7
23110,PARISIENNE KEY CABINET,51,293.25,28,702.0,BZ,7.26
22220,CAKE STAND LOVEBIRD 2 TIER WHITE,51,485.7,27,746.0,AY,6.84
21484,CHICK GREY HOT WATER BOTTLE,51,157.95,4,4631.0,AZ,1.1
21491,SET OF THREE VINTAGE GIFT WRAPS,51,99.44999999999999,5,2897.0,AZ,1.76
37503,TEA TIME CAKE STAND IN GIFT BOX,51,515.45,11,2469.0,AZ,2.07
85049A,TRADITIONAL CHRISTMAS RIBBONS,51,63.75,6,6590.0,AY,0.77
22741,FUNKY DIVA PEN,51,43.349999999999994,3,10652.0,AY,0.48
22781,GUMBALL MAGAZINE RACK,51,366.75,15,868.0,AY,5.88
21202,DOLLY HONEYCOMB GARLAND,51,74.55,3,854.0,CZ,5.97
22055,MINI CAKE STAND  HANGING STRAWBERY,51,82.95,19,4945.0,AY,1.03
21165,BEWARE OF THE CAT METAL SIGN,51,82.59,6,9365.0,AY,0.54
22406,MONEY BOX KINGS CHOICE DESIGN,50,55.66,4,2503.0,BZ,2.0
21469,POLKA DOT RAFFIA FOOD COVER,50,67.5,3,1165.0,BZ,4.29
90087,CRYSTAL SEA HORSE PHONE CHARM,50,42.5,2,311.0,CZ,16.08
22704,WRAP RED APPLES,50,21.0,2,8728.0,BY,0.57
21167,WHITE SAGE INCENSE,50,10.5,1,2440.0,CZ,2.05
22139,RETROSPOT TEA SET CERAMIC 11 PC,50,234.9,22,10635.0,AY,0.47
22242,5 HOOK HANGER MAGIC TOADSTOOL,50,82.5,5,4779.0,AZ,1.05
22427,ENAMEL FLOWER JUG CREAM,50,291.5,20,3219.0,AY,1.55
22050,PINK PAISLEY ROSE GIFT WRAP,50,21.0,2,3300.0,BY,1.52
22706,WRAP COWBOYS,50,21.0,2,4222.0,BZ,1.18
22711,WRAP CIRCUS PARADE,50,21.0,2,5402.0,BY,0.93
21498,RED SPOTS  WRAP,50,21.0,1,26751.0,AX,0.19
23146,TRIPLE HOOK ANTIQUE IVORY ROSE,50,164.1,22,801.0,BZ,6.24
21498,RED RETROSPOT WRAP,50,21.0,2,26751.0,AX,0.19
22052,VINTAGE CARAVAN GIFT WRAP,50,21.0,2,3525.0,BY,1.42
72038P,PRICE'S CANDLE PEACH,50,10.5,1,1050.0,CZ,4.76
22488,NATURAL SLATE RECTANGLE CHALKBOARD,49,80.85000000000001,17,6908.0,AY,0.71
23286,BLUE VINTAGE SPOT BEAKER,49,41.65,3,5048.0,AZ,0.97
22567,20 DOLLY PEGS RETROSPOT,49,61.45,10,5587.0,AY,0.88
84676,BATH DUCK WATERING CAN,49,132.55,10,848.0,BZ,5.78
22362,GLASS JAR PEACOCK BATH SALTS,49,144.55,13,751.0,BZ,6.52
22187,GREEN CHRISTMAS TREE CARD HOLDER,49,191.45,14,2105.0,AZ,2.33
22995,TRAVEL CARD WALLET SUKI,49,20.580000000000002,3,2389.0,CZ,2.05
22263,FELT EGG COSY LADYBIRD,49,32.34,1,842.0,CZ,5.82
22211,WOOD STAMP SET FLOWERS,49,71.25,2,1532.0,BY,3.2
85216,ASSORTED CAKES FRIDGE MAGNETS,49,31.85,4,2855.0,BZ,1.72
21124,SET/10 BLUE POLKADOT PARTY CANDLES,49,61.25,3,10038.0,AY,0.49
82484,WOOD BLACK BOARD ANT WHITE FINISH,49,325.0,24,9839.0,AZ,0.5
84422,PINK/BLUE DISC/MIRROR STRING,49,19.57,2,782.0,CZ,6.27
22035,VINTAGE CARAVAN GREETING CARD,49,20.580000000000002,2,4095.0,BY,1.2
22545,MINI JIGSAW BUNNIES,49,20.580000000000002,2,3455.0,BZ,1.42
47422,ASSORTED MONKEY SUCTION CUP HOOK,49,20.580000000000002,3,1217.0,CZ,4.03
21203,BUTTERFLIES  HONEYCOMB GARLAND,49,71.25,2,1541.0,BZ,3.18
21204,DAISIES  HONEYCOMB GARLAND,49,71.25,2,1608.0,BZ,3.05
22847,BREAD BIN DINER STYLE IVORY,49,794.55,36,1157.0,AY,4.24
85098B,BLUE FLYING SINGING CANARY,49,154.15,6,366.0,BZ,13.39
21357,TOAST ITS - DINOSAUR,48,60.0,1,1395.0,BZ,3.44
23078,ICE CREAM PEN LIP GLOSS,48,60.0,2,6831.0,AZ,0.7
84596B,SMALL DOLLY MIX DESIGN ORANGE BOWL,48,46.72,3,6288.0,BY,0.76
22816,CARD MOTORBIKE SANTA,48,20.16,2,6904.0,BZ,0.7
21199,PINK  HEART CONFETTI IN TUBE,48,20.16,1,1305.0,BZ,3.68
21192,WHITE BELL HONEYCOMB PAPER,48,69.6,1,2169.0,BZ,2.21
22093,MOTORING TISSUE BOX,48,53.16,2,2355.0,BZ,2.04
22295,HEART FILIGREE DOVE LARGE,48,79.2,4,8602.0,AY,0.56
47351B,BLUE  VOILE LAMPSHADE,48,122.4,1,98.0,CZ,48.98
21983,PACK OF 12 BLUE PAISLEY TISSUES,48,13.92,2,6121.0,BY,0.78
21285,RETROSPOT CANDLE  MEDIUM,48,66.0,3,1007.0,BZ,4.77
20802,SMALL GLASS SUNDAE DISH CLEAR,48,34.92,4,1051.0,BZ,4.57
72225C,LAVENDER SCENT CAKE CANDLE,48,13.92,1,1926.0,CZ,2.49
22325,MOBILE VINTAGE HEARTS,48,237.6,16,701.0,BZ,6.85
22537,MAGIC DRAWING SLATE DINOSAUR,48,20.16,1,5866.0,BZ,0.82
21355,TOAST ITS - I LOVE YOU,48,60.0,3,3458.0,BZ,1.39
22530,MAGIC DRAWING SLATE DOLLY GIRL,48,20.16,2,10069.0,AZ,0.48
85230G,ORANGE VOTIVE CANDLE,48,13.92,1,1680.0,CZ,2.86
23267,SET OF 4 SANTA PLACE SETTINGS,48,60.0,1,1202.0,BZ,3.99
22586,FELTCRAFT HAIRBAND PINK AND BLUE,48,40.800000000000004,2,2091.0,BY,2.3
21755,LOVE BUILDING BLOCK WORD,48,285.6,14,5691.0,AX,0.84
16219,HOUSE SHAPE PENCIL SHARPENER,48,2.88,1,3357.0,CZ,1.43
23226,FILIGREE HEART DAISY WHITE,48,60.0,1,1247.0,BZ,3.85
21786,RAIN HAT WITH RED SPOTS,48,20.16,1,7485.0,BZ,0.64
22174,PHOTO CUBE,48,79.2,2,5140.0,AZ,0.93
20804,GLASS CHICKEN BUTTER DISH,48,69.6,1,333.0,CZ,14.41
22357,KINGS CHOICE BISCUIT TIN,48,198.0,18,2075.0,AZ,2.31
21811,HANGING HEART WITH BELL,48,18.72,1,6349.0,AZ,0.76
21770,OPEN CLOSED METAL SIGN,48,212.4,4,2996.0,AZ,1.6
22809,SET OF 6 T-LIGHTS SANTA,48,132.0,5,2598.0,AZ,1.85
21123,SET/10 IVORY POLKADOT PARTY CANDLES,48,60.0,2,2755.0,BY,1.74
37370,RETRO COFFEE MUGS ASSORTED,47,57.42,16,7171.0,AY,0.66
21539,RED RETROSPOT BUTTER DISH,47,223.26000000000002,33,2740.0,AY,1.72
20941,FROG CANDLE,47,41.35,5,998.0,CZ,4.71
23433,HANGING QUILTED PATCHWORK APPLES,47,39.010000000000005,3,1258.0,CZ,3.74
22424,ENAMEL BREAD BIN CREAM,47,570.45,26,1532.0,AY,3.07
22144,CHRISTMAS CRAFT LITTLE FRIENDS,47,98.7,5,5148.0,AZ,0.91
23263,SET OF 3 WOODEN HEART DECORATIONS,47,58.75,5,3893.0,AZ,1.21
23247,BISCUIT TIN 50'S CHRISTMAS,46,118.54,5,2206.0,AZ,2.09
85103,SILVER T-LIGHT SETTING,46,280.1,5,319.0,BZ,14.42
22146,EASTER CRAFT IVY WREATH WITH CHICK,46,77.7,2,1417.0,BZ,3.25
84770,ROUND GEORGIAN SILVER MIRROR,46,135.7,7,135.0,CZ,34.07
23032,DRAWER KNOB CRACKLE GLAZE IVORY,46,75.9,11,2342.0,BZ,1.96
21808,"CHRISTMAS GARLAND STARS,TREES",46,155.0,5,1003.0,BZ,4.59
22636,CHILDS BREAKFAST SET CIRCUS PARADE,45,375.7,24,1625.0,AY,2.77
23176,ABC TREASURE BOOK BOX,45,101.25,10,2167.0,AZ,2.08
22421,LIPSTICK PEN FUSCHIA,45,18.6,5,4723.0,BY,0.95
22380,TOY TIDY SPACEBOY,45,94.5,8,4975.0,AY,0.9
22230,JIGSAW TREE WITH WATERING CAN,45,38.18,8,1659.0,CZ,2.71
20718,RED RETROSPOT SHOPPER BAG,45,55.49,6,13361.0,AX,0.34
21533,RETRO SPOT LARGE MILK JUG,45,212.95,18,3379.0,AX,1.33
72802A,ROSE SCENT CANDLE IN JEWELLED BOX,45,185.09,10,926.0,BY,4.86
40001,WHITE BAMBOO RIBS LAMPSHADE,45,28.8,11,2484.0,BZ,1.81
85226A,WHITE/BLUE PULL BACK RACING CAR,45,24.75,6,1717.0,CZ,2.62
22665,RECIPE BOX BLUE SKETCHBOOK DESIGN,45,129.95,18,2958.0,AY,1.52
85049G,CHOCOLATE BOX RIBBONS,45,56.25,5,3956.0,AY,1.14
22255,FELT TOADSTOOL  SMALL,45,38.25,5,1187.0,CY,3.79
22065,CHRISTMAS PUDDING TRINKET POT,45,54.769999999999996,15,8688.0,AZ,0.52
22196,SMALL HEART MEASURING SPOONS,45,36.04,10,6607.0,AY,0.68
22528,GARDENERS KNEELING PAD,45,56.25,5,5830.0,AZ,0.77
22168,ORGANISER WOOD ANTIQUE WHITE,45,381.65,31,662.0,AZ,6.8
23144,ZINC T-LIGHT HOLDER STARS SMALL,44,36.52,3,5089.0,BZ,0.86
22653,BUTTON BOX,44,85.8,4,3033.0,AZ,1.45
20985,HEART CALCULATOR,44,54.43,6,2379.0,BZ,1.85
85186C,BUNNY EGG GARLAND,44,18.48,2,1400.0,CZ,3.14
21240,BLUE POLKADOT CUP,44,37.14,6,7590.0,AY,0.58
85040A,S/4 PINK FLOWER CANDLES IN BOWL,44,72.6,17,2139.0,BY,2.06
21452,TOADSTOOL MONEY BOX,44,127.0,20,1883.0,AY,2.34
84279P,CHERRY BLOSSOM  DECORATIVE FLASK,44,163.56,19,1149.0,AZ,3.83
21781,MA CAMPAGNE CUTLERY BOX,44,600.6,19,665.0,AY,6.62
22383,LUNCH BAG SUKI  DESIGN,44,68.4,14,25114.0,AX,0.18
35980C,REDWHITE STRIPE SCANDINAVIAN HEART,44,16.72,1,384.0,CZ,11.46
82600,NO SINGING METAL SIGN,43,83.8,7,12696.0,AY,0.34
85159A,"BLACK TEA,COFFEE,SUGAR JARS",43,101.45,8,492.0,BZ,8.74
21918,SET 12 KIDS COLOUR  CHALK STICKS,43,18.06,9,14615.0,AY,0.29
84817,DANISH ROSE DECORATIVE PLATE,43,87.84,7,1059.0,CZ,4.06
22189,CREAM HEART CARD HOLDER,43,168.73,14,16197.0,AZ,0.27
21622,VINTAGE UNION JACK CUSHION COVER,43,212.85,17,3716.0,AZ,1.16
22608,PENS ASSORTED FUNKY JEWELED,43,31.93,2,5771.0,BZ,0.75
22244,"HOOK, 3 HANGER ,MAGIC GARDEN",43,83.85,6,4776.0,AY,0.9
22041,"RECORD FRAME 7"" SINGLE SIZE",42,103.95,5,7540.0,AY,0.56
85232B,SET/3 RUSSIAN DOLL STACKING TINS,42,205.1,19,3090.0,AZ,1.36
22181,SNOWSTORM PHOTO FRAME FRIDGE MAGNET,42,35.699999999999996,4,1538.0,BZ,2.73
21208,PASTEL COLOUR HONEYCOMB FAN,42,17.64,5,1078.0,CZ,3.9
21832,CHOCOLATE CALCULATOR,42,69.3,5,3346.0,AY,1.26
21215,IVORY PAPER CUP CAKE CASES,42,17.64,1,4356.0,BZ,0.96
22897,OVEN MITT APPLES DESIGN,42,60.9,5,1958.0,BY,2.15
21428,SET3 BOOK BOX GREEN GINGHAM FLOWER,42,166.0,9,2887.0,AZ,1.45
22343,PARTY PIZZA DISH RED RETROSPOT,42,35.7,2,3300.0,BZ,1.27
22429,ENAMEL MEASURING JUG CREAM,42,178.5,21,2296.0,AY,1.83
20676,RED SPOTTY BOWL,41,50.68,7,10529.0,AX,0.39
85053,FRENCH ENAMEL CANDLEHOLDER,41,84.46000000000001,17,2041.0,AY,2.01
22081,RIBBON REEL FLORA + FAUNA,41,67.65,3,1570.0,BY,2.61
22812,PACK 3 BOXES CHRISTMAS PANNETONE,41,79.94999999999999,5,4887.0,AZ,0.84
82486,3 DRAWER ANTIQUE WHITE WOOD CABINET,41,336.15,5,4774.0,AX,0.86
22307,GOLD MUG BONE CHINA TREE OF LIFE,41,49.8,7,1205.0,BZ,3.4
22602,RETROSPOT WOODEN HEART DECORATION,40,34.0,2,6530.0,AZ,0.61
22212,FOUR HOOK  WHITE LOVEBIRDS,40,84.0,15,4038.0,AY,0.99
22555,PLASTERS IN TIN STRONGMAN,40,66.0,8,11572.0,AY,0.35
84750A,PINK SMALL GLASS CAKE STAND,40,75.3,8,544.0,CZ,7.35
22767,TRIPLE PHOTO FRAME CORNICE,40,398.0,20,1004.0,AZ,3.98
22737,RIBBON REEL CHRISTMAS PRESENT,40,66.0,2,3299.0,AZ,1.21
21319,GLASS CHALICE GREEN  SMALL,39,56.95,4,508.0,CZ,7.68
85159B,"WHITE TEA,COFFEE,SUGAR JARS",39,92.89,14,660.0,BZ,5.91
21906,PHARMACIE FIRST AID TIN,39,263.25,9,1792.0,AZ,2.18
22633,HAND WARMER UNION JACK,39,81.9,9,8579.0,AZ,0.45
21754,HOME BUILDING BLOCK WORD,39,231.65,20,7646.0,AX,0.51
22940,FELTCRAFT CHRISTMAS FAIRY,39,120.75,7,3510.0,AZ,1.11
22359,GLASS JAR KINGS CHOICE,39,115.05,14,1285.0,BZ,3.04
22943,CHRISTMAS LIGHTS 10 VINTAGE BAUBLES,39,190.25,16,2387.0,AZ,1.63
23321,SMALL WHITE HEART OF WICKER,39,64.35,4,4737.0,AZ,0.82
22193,RED DINER WALL CLOCK,39,319.59999999999997,18,1917.0,AY,2.03
23000,TRAVEL CARD WALLET TRANSPORT,39,16.38,4,3171.0,BY,1.23
22268,DECORATION SITTING BUNNY,39,7.41,1,2562.0,BZ,1.52
22965,3 TRADITIONAl BISCUIT CUTTERS  SET,38,79.8,5,1844.0,BZ,2.06
23358,HOT STUFF HOT WATER BOTTLE,38,125.94,2,595.0,BZ,6.39
22070,SMALL RETRO SPOT MUG IN BOX  RED,38,119.5,4,1840.0,AZ,2.07
22198,"POPCORN HOLDER , LARGE",38,62.7,9,7345.0,AY,0.52
85028S,FRENCH CHATEAU SMALL FRUITBOWL,38,54.9,2,430.0,CZ,8.84
84536A,ENGLISH ROSE NOTEBOOK A7 SIZE,38,15.959999999999999,2,5110.0,BX,0.74
84615,PINK ROUND BUTTERFLY MIRROR,38,241.68,1,240.0,CZ,15.83
84032A,CHARLIE+LOLA PINK HOT WATER BOTTLE,38,112.1,5,3241.0,AZ,1.17
22078,RIBBON REEL LACE DESIGN,38,79.8,3,4013.0,AY,0.95
85060,WOOD FAN WITH FLOWER DESIGN,38,47.5,4,1448.0,BZ,2.62
22426,ENAMEL WASH BOWL CREAM,38,129.7,8,1334.0,AY,2.85
20711,JUMBO BAG TOYS,38,70.31,12,12645.0,AY,0.3
22768,FAMILY PHOTO FRAME CORNICE,38,375.2,27,1160.0,AZ,3.28
22801,ANTIQUE GLASS PEDESTAL BOWL,37,138.39,21,1305.0,AY,2.84
23194,GYMKHANA TREASURE BOOK BOX,37,83.25,8,1839.0,BZ,2.01
23187,FRENCH STYLE STORAGE JAR BONBONS,37,16.49,4,2338.0,CZ,1.58
22408,MONEY BOX CONFECTIONERY DESIGN,37,39.41,2,652.0,CZ,5.67
22976,CIRCUS PARADE CHILDRENS EGG CUP,37,46.25,4,1152.0,BZ,3.21
22891,TEA FOR ONE POLKADOT,37,157.25,24,648.0,BZ,5.71
21209,MULTICOLOUR HONEYCOMB FAN,37,38.03,7,1476.0,BZ,2.51
22430,ENAMEL WATERING CAN CREAM,37,171.95000000000002,9,1401.0,AZ,2.64
21586,KINGS CHOICE GIANT TUBE MATCHES,37,94.35000000000001,4,2590.0,AZ,1.43
22837,HOT WATER BOTTLE BABUSHKA,37,157.65,2,3541.0,AZ,1.04
22712,CARD DOLLY GIRL,37,15.54,4,7367.0,BY,0.5
22650,CERAMIC PIRATE CHEST MONEY BANK,37,53.64999999999999,7,1799.0,BY,2.06
21982,PACK OF 12 SUKI TISSUES,37,10.83,2,32540.0,AZ,0.11
22302,COFFEE MUG PEARS  DESIGN,37,94.35000000000001,10,4933.0,AZ,0.75
22625,RED KITCHEN SCALES,37,299.2,21,2651.0,AY,1.4
90090,PINK CRYSTAL HEART PHONE CHARM,37,31.45,3,263.0,CZ,14.07
47502,POLKADOT CUTLERY 24 PCS IN TRAY,37,387.95,7,640.0,AZ,5.78
22279,POCKET BAG BLUE PAISLEY RED SPOT,37,46.25,2,1445.0,BZ,2.56
84947,ANTIQUE SILVER TEA GLASS ENGRAVED,37,44.54,12,15944.0,AY,0.23
90058B,CRYSTAL STUD EARRINGS ASSORTED COL,36,13.68,1,1118.0,CZ,3.22
21519,GIN & TONIC DIET GREETING CARD,36,15.120000000000001,3,7380.0,BX,0.49
90058A,CRYSTAL STUD EARRINGS CLEAR DISPLAY,36,13.68,1,576.0,CZ,6.25
72586,SET OF 6 HALLOWEEN GHOST T-LIGHTS,36,15.12,1,2305.0,CZ,1.56
22610,PENS ASSORTED FUNNY FACE,36,30.6,1,12716.0,AZ,0.28
23119,PACK OF 6 LARGE FRUIT STRAWS,36,22.32,2,2283.0,BZ,1.58
21801,CHRISTMAS TREE DECORATION WITH BELL,36,15.12,1,3434.0,BZ,1.05
22407,MONEY BOX FIRST ADE DESIGN,36,38.16,1,439.0,CZ,8.2
21067,VINTAGE RED TEATIME MUG,36,39.76,5,4771.0,BZ,0.75
17033,"BROCADE PURSE,SMALL ARCH BUTTON",36,10.44,1,3280.0,CZ,1.1
72818,CHRISTMAS DECOUPAGE CANDLE,36,25.92,1,2420.0,BZ,1.49
85189,HANGING BUTTERFLY  EGG,36,30.599999999999998,3,1180.0,CZ,3.05
21090,SET/6 COLLAGE PAPER PLATES,36,14.04,3,3113.0,BZ,1.16
21850,BLUE  DIAMANTE PEN IN GIFT BOX,36,153.0,1,448.0,CZ,8.04
23209,LUNCH BAG VINTAGE DOILY,36,59.2,7,13189.0,AZ,0.27
20940,SET/6 GARDEN GNOME T-LIGHT CANDLES,36,106.2,2,118.0,CZ,30.51
85019C,CURIOUS  IMAGES NOTEBOOK SET,36,81.0,2,423.0,CZ,8.51
21242,RED RETROSPOT PLATE,36,60.84,5,7088.0,AY,0.51
85065,CREAM SWEETHEART TRAYS,36,377.8,10,624.0,AY,5.77
21677,HEARTS  STICKERS,36,30.6,3,2125.0,BY,1.69
22718,CARD CAT AND TREE,36,15.120000000000001,3,2617.0,CY,1.38
23380,PACK OF 12 VINTAGE DOILY TISSUES,36,14.04,2,2344.0,CZ,1.54
22024,RAINY LADIES BIRTHDAY CARD,36,15.120000000000001,3,5415.0,BY,0.66
21284,RETROSPOT CANDLE  SMALL,36,30.36,2,1548.0,BZ,2.33
22722,SET OF 6 SPICE TINS PANTRY DESIGN,36,141.70000000000002,13,5984.0,AZ,0.6
84970L,SINGLE HEART ZINC T-LIGHT HOLDER,36,34.2,3,17709.0,AX,0.2
47503A,ASS FLORAL PRINT MULTI SCREWDRIVER,36,25.08,2,2878.0,BZ,1.25
23302,KNEELING MAT HOUSEWORK  DESIGN,36,54.24,5,1544.0,BZ,2.33
21188,3D HEARTS  HONEYCOMB PAPER GARLAND,35,89.65,2,912.0,BY,3.84
85183B,CHARLIE & LOLA WASTEPAPER BIN FLORA,35,131.25,3,1725.0,BZ,2.03
22059,CERAMIC STRWBERRY DESIGN MUG,35,52.15,10,4974.0,AZ,0.7
22729,ALARM CLOCK BAKELIKE ORANGE,35,130.89,19,3004.0,AZ,1.17
23324,RUSTIC STRAWBERRY JAM POT LARGE,35,67.50999999999999,2,399.0,CZ,8.77
21872,GLAMOROUS  MUG,35,41.47,5,5099.0,AZ,0.69
21533,RETROSPOT LARGE MILK JUG,35,162.05,14,3379.0,AX,1.04
22228,BUNNY WOODEN PAINTED WITH BIRD,35,29.749999999999996,7,1729.0,BY,2.02
21730,GLASS STAR FROSTED T-LIGHT HOLDER,35,172.55,21,1124.0,AZ,3.11
22632,HAND WARMER RED RETROSPOT,35,71.5,12,10310.0,AZ,0.34
22631,CIRCUS PARADE LUNCH BOX,35,68.25,7,6279.0,AY,0.56
22606,WOODEN SKITTLES GARDEN SET,34,430.7,17,1075.0,AZ,3.16
48138,DOORMAT UNION FLAG,34,244.95999999999998,10,10095.0,AY,0.34
21746,SMALL RED RETROSPOT WINDMILL,34,42.5,8,5966.0,AY,0.57
22972,CHILDREN'S SPACEBOY MUG,34,56.1,8,1891.0,BY,1.8
22352,LUNCHBOX WITH CUTLERY RETROSPOT,34,86.7,5,7109.0,AX,0.48
21932,SCANDINAVIAN PAISLEY PICNIC BAG,34,58.3,4,3876.0,AZ,0.88
23075,PARLOUR CERAMIC WALL HOOK,34,141.1,6,477.0,BZ,7.13
22663,JUMBO BAG DOLLY GIRL DESIGN,34,66.3,3,5766.0,AY,0.59
22731,3D CHRISTMAS STAMPS STICKERS,34,42.5,2,2965.0,BZ,1.15
84968A,SET OF 16 VINTAGE ROSE CUTLERY,34,390.3,4,535.0,AZ,6.36
21291,SMALL POLKADOT CHOCOLATE GIFT BAG,34,28.9,2,2439.0,BY,1.39
22046,TEA PARTY  WRAPPING PAPER,34,14.28,2,6375.0,BY,0.53
72351A,SET/6 TURQUOISE BUTTERFLY T-LIGHTS,34,67.03,5,3781.0,AZ,0.9
21844,RED RETROSPOT MUG,34,99.9,18,5387.0,AY,0.63
85027L,FRENCH CHATEAU LARGE PLATTER,34,66.3,3,190.0,CZ,17.89
85035A,GARDENIA 3 WICK MORRIS BOXED CANDLE,34,133.94,7,653.0,BZ,5.21
79190A,RETRO PLASTIC 70'S TRAY,34,14.67,3,790.0,CY,4.3
22597,MUSICAL ZINC HEART DECORATION,34,28.9,2,4617.0,BZ,0.74
23347,I LOVE LONDON BEAKER,34,42.5,3,860.0,CZ,3.95
23252,VINTAGE RED ENAMEL TRIM JUG,33,123.75,7,607.0,BZ,5.44
21169,YOU'RE CONFUSING ME METAL SIGN,33,54.57,9,8873.0,AY,0.37
21535,RETRO SPOT SMALL MILK JUG,33,83.7,18,6809.0,AY,0.48
21715,GIRLS VINTAGE TIN SEASIDE BUCKET,33,69.75,2,3553.0,AY,0.93
21291,SMALL SPOTTY CHOCOLATE GIFT BAG,33,28.049999999999997,3,2439.0,BY,1.35
22243,5 HOOK HANGER RED MAGIC TOADSTOOL,33,54.449999999999996,8,7685.0,AZ,0.43
22072,RED RETROSPOT TEA CUP AND SAUCER,33,123.75,17,2420.0,AY,1.36
21239,PINK  POLKADOT CUP,33,28.05,4,7382.0,AY,0.45
84247N,PACK/12 BLUE FOLKART CARDS,33,97.35000000000001,3,113.0,CZ,29.2
23112,PARISIENNE CURIO CABINET,33,239.85,19,547.0,AZ,6.03
85194L,HANGING SPRING FLOWER EGG LARGE,33,28.049999999999997,5,1820.0,BZ,1.81
23048,SET OF 10 LANTERNS FAIRY LIGHT STAR,33,136.95,5,581.0,BZ,5.68
23293,SET OF 12 FAIRY CAKE BAKING CASES,32,26.56,5,8486.0,AZ,0.38
21528,DAIRY MAID TRADITIONAL TEAPOT,32,213.4,23,905.0,AZ,3.54
22113,GREY HEART HOT WATER BOTTLE,32,121.8,6,5796.0,AZ,0.55
22073,RED RETROSPOT STORAGE JAR,32,119.28,18,2140.0,AY,1.5
20801,LARGE PINK GLASS SUNDAE DISH,32,24.0,2,1094.0,BZ,2.93
21908,CHOCOLATE THIS WAY METAL SIGN,32,67.2,4,9704.0,AY,0.33
21318,GLASS CHALICE BLUE SMALL,32,40.06,12,974.0,CZ,3.29
79191B,RETRO PLASTIC POLKA TRAY,32,27.199999999999996,5,479.0,CZ,6.68
22859,EASTER TIN BUNNY BOUQUET,32,52.800000000000004,6,1256.0,BZ,2.55
84596E,SMALL LICORICE DES PINK BOWL,32,40.0,2,1158.0,BZ,2.76
20682,RED SPOTTY CHILDS UMBRELLA,32,98.0,9,3076.0,AY,1.04
20754,RETRO RED SPOTTY WASHING UP GLOVES,32,64.19999999999999,5,5096.0,AY,0.63
22474,SPACEBOY TV DINNER TRAY,32,136.0,1,975.0,AZ,3.28
85170A,SET/6 IVORY BIRD T-LIGHT CANDLES,32,51.519999999999996,3,848.0,BZ,3.77
22192,BLUE DINER WALL CLOCK,31,252.45,16,1428.0,AY,2.17
20665,RED SPOTTY PURSE,31,91.45,4,1337.0,AY,2.32
22080,RIBBON REEL SPOTS DESIGN,31,51.15,2,3917.0,AY,0.79
22082,RIBBON REEL STRIPES DESIGN,31,51.15,4,7355.0,AY,0.42
22245,"HOOK, 1 HANGER ,MAGIC GARDEN",31,26.35,7,4653.0,BY,0.67
22352,LUNCH BOX WITH CUTLERY RETROSPOT,31,78.6,13,7109.0,AX,0.44
21425,SKULLS STORAGE BOX LARGE,31,91.45,8,505.0,BZ,6.14
21348,PINK SPOTS CHOCOLATE NESTING BOXES,31,54.25,5,845.0,BZ,3.67
21981,PACK OF 12 WOODLAND TISSUES,31,9.69,2,26249.0,AZ,0.12
84625D,WHITE NEWBAROQUE CANDLESTICK CANDLE,31,57.849999999999994,4,651.0,CZ,4.76
84997D,PINK 3 PIECE POLKADOT CUTLERY SET,31,116.25,3,11039.0,AY,0.28
21102,"CANDLE IN JAR COLLAGE , VANILLA",31,79.05,1,82.0,CZ,37.8
22227,"DECORATION, HANGING HEART+MIRROR",31,20.15,4,6036.0,AY,0.51
10120,DOGGY RUBBER,30,6.3,1,665.0,CZ,4.51
85227,SET OF 6 3D KIT CARDS FOR KIDS,30,25.5,3,3473.0,BY,0.86
22059,CERAMIC STRAWBERRY DESIGN MUG,30,44.7,11,4974.0,AZ,0.6
22994,TRAVEL CARD WALLET RETROSPOT,30,12.6,6,2197.0,CZ,1.37
85116,BLACK CANDELABRA T-LIGHT HOLDER,30,63.0,2,1817.0,BZ,1.65
20828,GLITTER BUTTERFLY CLIPS,30,76.5,5,4436.0,AY,0.68
23022,SMALL BONNE JAM JAR  T-LIGHT HOLDER,30,62.400000000000006,2,422.0,CZ,7.11
21070,VINTAGE BILLBOARD MUG,30,33.32,2,2047.0,BZ,1.47
21217,RED SPOTTY ROUND CAKE TINS,30,285.5,15,2913.0,AY,1.03
20956,PORCELAIN T-LIGHT HOLDERS ASSORTED,30,37.5,4,2353.0,BZ,1.27
22680,FRENCH BLUE METAL DOOR SIGN 5,30,37.5,2,1357.0,BY,2.21
21680,WOODLAND  STICKERS,30,25.5,1,2870.0,BZ,1.05
21820,GLITTER HEART GARLAND WITH BELLS,30,112.5,3,803.0,BZ,3.74
21645,ASSORTED TUTTI FRUTTI ROUND BOX,30,49.5,3,999.0,BZ,3.0
21696,SMALL SILVER TRELLIS CANDLEPOT,30,88.5,3,767.0,BY,3.91
21559,STRAWBERRY LUNCH BOX WITH CUTLERY,30,76.05,15,8255.0,AX,0.36
21389,IVORY HANGING DECORATION  BIRD,30,25.5,6,2302.0,BY,1.3
22624,IVORY KITCHEN SCALES,30,244.8,16,3178.0,AY,0.94
22758,LARGE PURPLE BABUSHKA NOTEBOOK,30,37.5,4,2452.0,BZ,1.22
22734,SET OF 6 RIBBONS VINTAGE CHRISTMAS,30,86.7,4,9780.0,AZ,0.31
21928,JUMBO BAG SCANDINAVIAN PAISLEY,30,57.0,16,24305.0,AX,0.12
22771,CLEAR DRAWER KNOB ACRYLIC EDWARDIAN,30,37.5,4,7585.0,AY,0.4
20703,BLUE PADDED SOFT MOBILE,29,123.25,15,475.0,BY,6.11
22329,ROUND CONTAINER SET OF 5 RETROSPOT,29,47.85,4,5168.0,AY,0.56
22366,DOORMAT AIRMAIL,29,209.97,4,2543.0,AZ,1.14
21874,GIN AND TONIC MUG,29,36.46,12,6342.0,AZ,0.46
23404,HOME SWEET HOME BLACKBOARD,29,143.55,14,1011.0,AZ,2.87
85194S,HANGING SPRING FLOWER EGG SMALL,29,18.39,3,1760.0,CZ,1.65
20982,12 PENCILS TALL TUBE SKULLS,29,24.65,6,4862.0,BY,0.6
22844,VINTAGE CREAM DOG FOOD CONTAINER,29,236.3,9,1230.0,AY,2.36
22840,ROUND CAKE TIN VINTAGE RED,29,229.55,21,1329.0,AZ,2.18
21706,"FOLDING UMBRELLA , RED/WHITE SPOT",29,143.55,4,1351.0,AZ,2.15
90185C,BLACK DIAMANTE EXPANDABLE RING,29,123.25,7,64.0,CZ,45.31
21534,DAIRY MAID LARGE MILK JUG,29,143.55,21,955.0,AY,3.04
22596,CHRISTMAS STAR WISH LIST CHALKBOARD,29,34.120000000000005,8,6371.0,AZ,0.46
22209,WOOD STAMP SET HAPPY BIRTHDAY,28,36.36,3,1421.0,BY,1.97
23029,DRAWER KNOB CRACKLE GLAZE GREEN,28,46.2,8,1352.0,BZ,2.07
23236,STORAGE TIN VINTAGE DOILY,28,80.92,12,2509.0,AZ,1.12
85049E,SCANDINAVIAN REDS RIBBONS,28,35.0,4,6597.0,AY,0.42
84534B,FAIRY CAKE NOTEBOOK A5 SIZE,28,23.799999999999997,3,824.0,CZ,3.4
22331,WOODLAND PARTY BAG + STICKER SET,28,46.199999999999996,7,3660.0,AY,0.77
22719,GUMBALL MONOCHROME COAT RACK,28,30.44,9,1467.0,BZ,1.91
22600,CHRISTMAS RETROSPOT STAR WOOD,28,23.799999999999997,3,4863.0,BZ,0.58
22675,FRENCH KITCHEN SIGN BLUE METAL,28,35.0,4,2230.0,BZ,1.26
21490,SET OF THREE 50'S GIFT WRAPS,28,54.599999999999994,3,639.0,BZ,4.38
72807B,SET/3 OCEAN SCENT CANDLE JEWEL BOX,28,119.0,12,1088.0,AZ,2.57
21531,RED RETROSPOT SUGAR JAM BOWL,28,69.6,18,4085.0,AY,0.69
21650,ASSORTED TUTTI FRUTTI BRACELET,28,7.16,2,3254.0,CZ,0.86
21644,ASSORTED TUTTI FRUTTI HEART BOX,28,35.0,3,1104.0,BY,2.54
22180,RETROSPOT LAMP,28,274.25,16,979.0,AY,2.86
16236,KITTY PENCIL ERASERS,28,5.88,1,2652.0,CY,1.06
22846,BREAD BIN DINER STYLE RED,28,450.59999999999997,19,826.0,AY,3.39
23082,SET 6 PAPER TABLE LANTERN HEARTS,28,103.16,6,2333.0,AZ,1.2
21034,REX CASH+CARRY JUMBO SHOPPER,28,26.599999999999998,9,4156.0,BX,0.67
22774,RED DRAWER KNOB ACRYLIC EDWARDIAN,28,34.81,4,2827.0,BZ,0.99
23239,SET OF 4 KNICK KNACK TINS POPPIES,28,115.8,9,853.0,BZ,3.28
21200,MULTICOLOUR HONEYCOMB PAPER GARLAND,28,40.6,1,1422.0,BZ,1.97
23103,JINGLE BELL HEART DECORATION,28,46.2,3,4080.0,AZ,0.69
23076,ICE CREAM SUNDAE LIP GLOSS,28,35.0,2,8100.0,AZ,0.35
90092,BLUE CRYSTAL BOOT PHONE CHARM,27,22.95,2,102.0,CZ,26.47
22436,12 COLOURED PARTY BALLOONS,27,17.55,3,4237.0,BZ,0.64
22381,TOY TIDY PINK POLKADOT,27,56.45,7,9272.0,AY,0.29
15039,SANDALWOOD FAN,27,22.95,4,5103.0,AZ,0.53
79029,GLASS HONEYPOT WASP CATCHER,27,49.349999999999994,13,2958.0,AZ,0.91
84031A,CHARLIE+LOLA RED HOT WATER BOTTLE,27,71.55,4,1101.0,AZ,2.45
21257,VICTORIAN SEWING BOX MEDIUM,27,205.3,15,1558.0,AY,1.73
21311,SET/4 BIRD MIRROR MAGNETS,27,7.83,2,727.0,CZ,3.71
21922,UNION STRIPE WITH FRINGE  HAMMOCK,27,190.64999999999998,5,1446.0,AZ,1.87
22628,PICNIC BOXES SET OF 3 RETROSPOT,27,133.65,14,1748.0,AZ,1.54
21846,PINK DIAMANTE PEN IN GIFT BOX,27,81.85,3,1625.0,BZ,1.66
22312,OFFICE MUG WARMER POLKADOT,27,81.65,3,1240.0,AZ,2.18
23296,SET OF 6 TEA TIME BAKING CASES,27,33.75,6,4981.0,AZ,0.54
21259,VICTORIAN SEWING BOX SMALL,27,155.65,17,2311.0,AY,1.17
85030,FRENCH CHATEAU OVAL PLATTER,27,70.64999999999999,3,213.0,CZ,12.68
23240,SET OF 4 KNICK KNACK TINS DOILY,27,111.65,10,4186.0,AZ,0.65
20931,BLUE POT PLANT CANDLE,27,87.55000000000001,9,673.0,BZ,4.01
90093,CLEAR CRYSTAL STAR PHONE CHARM,27,22.95,2,209.0,CZ,12.92
85188A,GREEN METAL SWINGING BUNNY,27,22.95,2,945.0,CZ,2.86
22094,RED POLKA DOT TISSUE BOX,27,33.75,3,3563.0,BZ,0.76
22202,MILK PAN PINK RETROSPOT,27,101.25,10,1078.0,AZ,2.5
85167A,WHITE GRAND BAROQUE PHOTO FRAME,27,81.0,1,176.0,CZ,15.34
85199L,LARGE HANGING IVORY & RED WOOD BIRD,27,17.55,4,3455.0,BY,0.78
20681,PINK SPOTTY CHILDS UMBRELLA,27,86.75,11,1412.0,AY,1.91
23242,TREASURE TIN BUFFALO BILL,27,56.160000000000004,3,1476.0,BZ,1.83
23297,SET 40 HEART SHAPE PETIT FOUR CASES,26,42.9,4,4303.0,AZ,0.6
22779,WOODEN OWLS LIGHT GARLAND,26,110.5,7,1739.0,AZ,1.5
22060,LARGE CAKE STAND HANGING HEARTS,26,186.7,12,735.0,AZ,3.54
84031B,CHARLIE LOLA BLUE HOT WATER BOTTLE,26,64.2,2,841.0,BZ,3.09
21812,GARLAND WITH HEARTS AND BELLS,26,128.7,4,813.0,BZ,3.2
22460,EMBOSSED GLASS TEALIGHT HOLDER,26,32.120000000000005,9,4784.0,AY,0.54
22508,DOORSTOP RETROSPOT HEART,26,97.5,8,2890.0,AZ,0.9
21705,BAG 500g SWIRLY MARBLES,26,41.5,5,2534.0,BZ,1.03
23232,WRAP VINTAGE LEAF DESIGN,26,10.92,2,8626.0,BZ,0.3
85028L,FRENCH CHATEAU LARGE FRUIT BOWL,26,45.9,2,271.0,CZ,9.59
22284,HEN HOUSE DECORATION,26,42.900000000000006,4,2495.0,BZ,1.04
22968,ROSE COTTAGE KEEPSAKE BOX,26,248.54999999999998,14,1132.0,AZ,2.3
22957,SET 3 PAPER VINTAGE CHICK PAPER EGG,26,71.9,4,1778.0,AZ,1.46
22270,HAPPY EASTER HANGING DECORATION,26,96.78,7,692.0,BZ,3.76
22996,TRAVEL CARD WALLET VINTAGE TICKET,26,10.92,4,4813.0,BZ,0.54
22946,WOODEN ADVENT CALENDAR CREAM,26,390.3,14,978.0,AZ,2.66
85150,LADIES & GENTLEMEN METAL SIGN,26,64.95,12,8368.0,AY,0.31
21926,RED/CREAM STRIPE CUSHION COVER,26,32.5,3,1011.0,BZ,2.57
22759,SET OF 3 NOTEBOOKS IN PARCEL,26,42.900000000000006,3,9396.0,AY,0.28
84665,SQUARE CHERRY BLOSSOM CABINET,26,154.70000000000002,5,226.0,BZ,11.5
21590,KINGS CHOICE CIGAR BOX MATCHES,26,32.5,2,3456.0,BZ,0.75
22308,TEA COSY BLUE STRIPE,26,66.3,2,677.0,BZ,3.84
22309,TEA COSY RED  STRIPE,26,66.3,2,1334.0,BZ,1.95
22177,5 HOOK BLACKBOARD ORGANISER,25,227.0,10,326.0,BZ,7.67
16161M,WRAP  PINK FLOCK,25,10.5,1,1050.0,CZ,2.38
35648,VINTAGE BEAD PINK PURSE,25,20.75,2,1043.0,BZ,2.4
21288,STRIPEY CHOCOLATE NESTING BOXES,25,64.15,2,985.0,BZ,2.54
22667,RECIPE BOX RETRO SPOT DESIGN,25,73.75,5,4868.0,AY,0.51
21351,CINAMMON & ORANGE WREATH,25,91.95,5,1099.0,BZ,2.27
21496,WOODLAND CREATURES  WRAP,25,10.5,1,25.0,CZ,100.0
35968,FOLK ART METAL HEART T-LIGHT HOLDER,25,9.5,4,761.0,CZ,3.29
35471A,SET OF 3 BIRD L.BLUE FEATHER,25,31.25,2,421.0,CZ,5.94
21624,VINTAGE UNION JACK DOORSTOP,25,128.75,3,1775.0,AZ,1.41
21667,GLASS CAKE COVER AND PLATE,25,393.75,12,354.0,AZ,7.06
72739C,DARK CHOCOLATE SCENTCANDLE,25,31.25,2,326.0,CZ,7.67
22797,CHEST OF DRAWERS GINGHAM HEART,25,411.75,15,242.0,BZ,10.33
22269,EGG CUP NATURAL CHICKEN,25,31.25,10,1523.0,BZ,1.64
23159,SET OF 5 PANCAKE DAY MAGNETS,25,52.0,3,2321.0,AZ,1.08
21773,DECORATIVE ROSE BATHROOM BOTTLE,25,31.25,3,1644.0,BZ,1.52
22425,ENAMEL COLANDER CREAM,25,112.55,5,855.0,AY,2.92
22400,MAGNETS PACK OF 4 HOME SWEET HOME,25,30.39,2,2461.0,BZ,1.02
21866,UNION JACK FLAG LUGGAGE TAG,25,31.25,3,2184.0,BY,1.14
21495,SKULLS AND CROSSBONES WRAP,25,10.5,1,12465.0,AX,0.2
72756,FAIRY CAKE CANDLES,25,37.25,2,4021.0,AZ,0.62
21417,COCKLE SHELL DISH,25,52.5,2,503.0,CZ,4.97
84558A,3D DOG PICTURE PLAYING CARDS,25,73.75,1,1293.0,BZ,1.93
22708,WRAP DOLLY GIRL,25,10.5,1,5325.0,BZ,0.47
22705,WRAP GREEN PEARS,25,10.5,1,3758.0,BY,0.67
22039,BOTANICAL LILY GIFT WRAP,25,10.5,1,850.0,CZ,2.94
84971L,LARGE HEART FLOWERS HOOK,25,31.25,2,590.0,CZ,4.24
22049,WRAP CHRISTMAS SCREEN PRINT,25,10.5,1,3550.0,CZ,0.7
22208,WOOD STAMP SET THANK YOU,25,31.41,3,2375.0,BY,1.05
20682,RED RETROSPOT CHILDRENS UMBRELLA,25,80.75,10,3076.0,AY,0.81
22048,BIRTHDAY BANQUET GIFT WRAP,25,10.5,1,2815.0,CY,0.89
85049F,BABY BOOM RIBBONS,25,31.25,2,2117.0,BY,1.18
23232,WRAP VINTAGE PETALS  DESIGN,25,10.5,1,8626.0,BZ,0.29
23233,WRAP POPPIES  DESIGN,25,10.5,1,5175.0,BZ,0.48
22986,WRAP GINGHAM ROSE,25,10.5,1,5795.0,BY,0.43
85061W,WHITE JEWELLED HEART DECORATION,25,21.25,4,6366.0,AY,0.39
72008,FROSTED BOX 9 WHITE T-LIGHT CANDLES,25,10.5,2,3820.0,BZ,0.65
22780,LIGHT GARLAND BUTTERFILES PINK,25,106.25,8,1625.0,AZ,1.54
85049C,ROMANTIC PINKS RIBBONS,25,31.25,3,3001.0,BY,0.83
16169P,WRAP GREEN RUSSIAN FOLKART,25,10.5,1,1750.0,CZ,1.43
23197,SKETCHBOOK MAGNETIC SHOPPING LIST,25,36.25,7,1492.0,BZ,1.68
90088,CRYSTAL KEY+LOCK PHONE CHARM,25,21.25,2,101.0,CZ,24.75
16161P,WRAP ENGLISH ROSE,25,10.5,1,13273.0,AY,0.19
85232A,SET/3 POLKA DOT STACKING TINS,25,123.75,12,378.0,BZ,6.61
22709,WRAP WEDDING DAY,25,10.5,1,2799.0,CZ,0.89
47469,ASSORTED SHAPES PHOTO CLIP SILVER,24,15.6,1,1225.0,CZ,1.96
22123,PING MICROWAVE APRON,24,142.8,2,656.0,BZ,3.66
22135,LADLE LOVE HEART PINK,24,10.08,2,1625.0,CZ,1.48
20661,BLUE SPOTTY PURSE,24,70.8,2,899.0,CZ,2.67
20658,RED SPOTTY LUGGAGE TAG,24,30.0,2,1594.0,BY,1.51
23111,PARISIENNE SEWING BOX,24,283.2,16,312.0,BZ,7.69
18098C,PORCELAIN BUTTERFLY OIL BURNER,24,70.8,1,1527.0,AY,1.57
85202,HANGING WOOD AND FELT HEART,24,10.08,1,1216.0,CZ,1.97
85199S,SMALL HANGING IVORY/RED WOOD BIRD,24,10.08,1,6035.0,BY,0.4
85188B,PINK METAL SWINGING BUNNY,24,20.4,1,749.0,CZ,3.2
23211,RED ROCKING HORSE HAND PAINTED,24,30.0,1,2331.0,BZ,1.03
23041,PAPER LANTERN 9 POINT SNOW STAR,24,99.6,1,272.0,CZ,8.82
22099,CARAVAN SQUARE TISSUE BOX,24,30.0,3,2131.0,BZ,1.13
23222,CHRISTMAS TREE HANGING GOLD,24,19.92,2,799.0,CZ,3.0
23118,PARISIENNE JEWELLERY DRAWER,24,180.0,17,813.0,AZ,2.95
22776,SWEETHEART 3 TIER CAKE STAND,24,219.95,11,1709.0,AY,1.4
85019B,BLOSSOM  IMAGES NOTEBOOK SET,24,30.0,1,718.0,CZ,3.34
85019A,ROMANTIC IMAGES NOTEBOOK SET,24,30.0,1,647.0,CZ,3.71
84990,60 GOLD AND SILVER FAIRY CAKE CASES,24,13.2,1,4276.0,BZ,0.56
21155,RED SPOTTY PEG BAG,24,49.99,11,6673.0,AY,0.36
21084,SET/6 COLLAGE PAPER CUPS,24,4.56,1,2929.0,CZ,0.82
21092,SET/6 STRAWBERRY PAPER PLATES,24,20.4,2,12846.0,BZ,0.19
22042,CHRISTMAS CARD SINGING ANGEL,24,10.08,2,1774.0,CZ,1.35
21059,PARTY INVITES DINOSAURS,24,20.4,3,1597.0,BY,1.5
22902,TOTE BAG I LOVE LONDON,24,50.4,2,1718.0,BZ,1.4
22028,PENNY FARTHING BIRTHDAY CARD,24,10.08,2,6368.0,BY,0.38
22989,SET 2 PANTRY DESIGN TEA TOWELS,24,78.0,4,2815.0,AZ,0.85
22973,CHILDREN'S CIRCUS PARADE MUG,24,39.199999999999996,6,1367.0,BZ,1.76
20836,FRENCH PAISLEY CUSHION COVER,24,45.36,2,224.0,CZ,10.71
85092,CANDY SPOT TEA COSY,24,30.0,1,391.0,CZ,6.14
22982,PANTRY PASTRY BRUSH,24,30.0,2,1155.0,BZ,2.08
21986,PACK OF 12 PINK SPOT TISSUES,24,6.96,1,13484.0,AZ,0.18
23349,ROLL WRAP VINTAGE CHRISTMAS,24,30.0,2,3231.0,AZ,0.74
22034,ROBIN CHRISTMAS CARD,24,10.08,2,1653.0,CZ,1.45
21980,PACK OF 12 RED SPOTTY TISSUES,24,6.96,1,31342.0,AZ,0.08
22292,"SPRING DEC , HANGING CHICK  YELLOW",24,34.8,1,2788.0,BZ,0.86
22291,"SPRING DEC , HANGING CHICK CREAM",24,34.8,1,3223.0,AZ,0.74
22293,"SPRING DEC , HANGING CHICK  GREEN",24,34.8,1,2064.0,BZ,1.16
22686,FRENCH BLUE METAL DOOR SIGN No,24,30.0,2,1406.0,BZ,1.71
84828,JUNGLE POPSICLES ICE LOLLY MOULDS,24,30.0,1,2508.0,BY,0.96
22349,DOG BOWL CHASING BALL DESIGN,24,90.0,6,2574.0,AZ,0.93
84951A,SET OF 4 PISTACHIO LOVEBIRD COASTER,24,18.96,1,624.0,CZ,3.85
22291,HANGING CHICK CREAM DECORATION,24,34.8,1,3223.0,AZ,0.74
84926F,PSYCHEDELIC TILE COASTER,24,6.96,1,485.0,CZ,4.95
23353,6 GIFT TAGS VINTAGE CHRISTMAS,24,19.92,2,4016.0,BZ,0.6
23350,ROLL WRAP VINTAGE SPOT,24,30.0,2,2721.0,BZ,0.88
21942,SKULLS DESIGN FLANNEL,24,20.4,2,1672.0,CZ,1.44
22599,CHRISTMAS MUSICAL ZINC STAR,24,20.4,1,3119.0,BZ,0.77
21377,SMALL CAMPHOR WOOD FIELD  MUSHROOM,24,19.2,1,518.0,CZ,4.63
84849D,HOT BATHS SOAP HOLDER,24,40.56,3,1560.0,BZ,1.54
23376,PACK OF 12 VINTAGE CHRISTMAS TISSUE,24,9.36,1,3051.0,BZ,0.79
84800L,LARGE WHITE/PINK ROSE ART FLOWER,24,40.56,1,650.0,CZ,3.69
23392,SPACEBOY ROCKET LOLLY MAKERS,24,49.92,1,667.0,BZ,3.6
22647,CERAMIC LOVE HEART MONEY BANK,24,34.8,4,1066.0,CZ,2.25
21823,PAINTED METAL HEART WITH HOLLY BELL,24,34.8,1,2473.0,BZ,0.97
21544,SKULLS  WATER TRANSFER TATTOOS,24,20.4,3,6067.0,AY,0.4
84459B,YELLOW METAL CHICKEN HEART,24,35.76,1,1475.0,BZ,1.63
22604,SET OF 4 NAPKIN CHARMS CUTLERY,24,61.2,3,2027.0,AZ,1.18
21509,COWBOYS AND INDIANS BIRTHDAY CARD,24,10.08,2,8708.0,BX,0.28
21588,RETRO SPOT GIANT  TUBE MATCHES,24,61.2,2,3357.0,AZ,0.71
84249D,FAIRY CAKE GREETINGS CARD,24,10.08,2,835.0,CZ,2.87
21593,SWALLOW CIGAR BOX MATCHES,24,30.0,1,1392.0,BZ,1.72
21592,RETRO SPOT  CIGAR BOX MATCHES,24,30.0,1,5896.0,AZ,0.41
72817,SET OF 2 CHRISTMAS DECOUPAGE CANDLE,24,30.0,1,1553.0,BZ,1.55
72816,SET/3 CHRISTMAS DECOUPAGE CANDLES,24,30.0,1,1346.0,BZ,1.78
22507,MEMO BOARD RETROSPOT  DESIGN,24,118.1,13,5455.0,AZ,0.44
21636,MADRAS NOTEBOOK MEDIUM,24,61.2,2,1032.0,CZ,2.33
21824,PAINTED METAL STAR WITH HOLLY BELLS,24,34.8,1,2785.0,BZ,0.86
22399,MAGNETS PACK OF 4 CHILDHOOD MEMORY,24,30.0,3,4044.0,AZ,0.59
35594,WOODEN CHRISTMAS TREE 3 HANGING,24,10.08,1,171.0,CZ,14.04
35603B,S/16 BLACK SHINY/MAT BAUBLES,24,50.4,1,50.0,CZ,48.0
21746,SMALL RED SPOT  WINDMILL,24,30.0,1,5966.0,AY,0.4
35965,FOLKART HEART NAPKIN RINGS,24,18.96,1,631.0,BY,3.8
35953,FOLKART STAR CHRISTMAS DECORATIONS,24,30.0,1,3879.0,BZ,0.62
79164,BLACK WINE GLASS,24,36.6,6,3665.0,BZ,0.65
23156,SET OF 5 MINI GROCERY MAGNETS,24,49.92,2,1672.0,BZ,1.44
22422,TOOTHPASTE TUBE PEN,24,15.6,1,2745.0,BZ,0.87
16011,ANIMAL STICKERS,24,5.04,1,3860.0,CY,0.62
16052,TEATIME PUSH DOWN RUBBER,24,10.08,1,848.0,CZ,2.83
84849A,HELLO SAILOR BLUE SOAP HOLDER,23,38.87,3,471.0,CZ,4.88
85034C,3 ROSE MORRIS BOXED CANDLES,23,85.75,6,1318.0,BZ,1.75
23240,SET OF 4 KNICK KNACK TINS DOILEY,23,95.05,7,4186.0,AZ,0.55
21539,RETRO SPOTS BUTTER DISH,23,111.05,16,2740.0,AY,0.84
84247E,PACK OF 12 CHRISTMAS FUN CARDS,23,67.85,2,381.0,CZ,6.04
47594A,CAROUSEL DESIGN WASHBAG,23,44.85,11,345.0,CZ,6.67
22736,RIBBON REEL MAKING SNOWMEN,23,37.95,3,2542.0,AZ,0.9
22320,BIRDS MOBILE VINTAGE DESIGN,23,136.85,10,599.0,BY,3.84
23348,CHILDRENS TOY COOKING UTENSIL SET,23,47.260000000000005,8,750.0,BZ,3.07
22795,SWEETHEART RECIPE BOOK STAND,23,118.95,6,1602.0,AY,1.44
21137,BLACK RECORD COVER FRAME,23,82.29,7,18748.0,AY,0.12
47594B,SCOTTIES DESIGN WASHBAG,23,44.85,13,410.0,CZ,5.61
22336,DOVE DECORATION PAINTED ZINC,23,14.95,1,4663.0,BZ,0.49
21432,SET OF 3 CASES WOODLAND DESIGN,23,129.35,9,943.0,AZ,2.44
48129,DOORMAT TOPIARY,23,159.15,4,3132.0,AZ,0.73
21477,STRING OF 20 ROSE LIGHTS,23,257.25,8,273.0,BZ,8.42
23483,HANGING  BUTTERFLY T-LIGHT HOLDER,22,26.240000000000002,4,1340.0,BZ,1.64
85231G,ORANGE SCENTED SET/9 T-LIGHTS,22,18.7,2,1480.0,BY,1.49
48194,DOORMAT HEARTS,22,149.70000000000002,6,7738.0,AY,0.28
21320,GLASS CHALICE GREEN  LARGE,22,52.5,8,398.0,CZ,5.53
21232,STRAWBERRY CERAMIC TRINKET POT,22,27.5,6,38077.0,AX,0.06
22466,FAIRY TALE COTTAGE NIGHTLIGHT,22,42.9,5,5315.0,AZ,0.41
21164,HOME SWEET HOME METAL SIGN,22,64.9,5,5999.0,AY,0.37
22327,ROUND SNACK BOXES SET OF 4 SKULLS,22,64.5,10,3077.0,AY,0.71
82613C,"METAL SIGN,CUPCAKE SINGLE HOOK",22,10.9,2,784.0,CZ,2.81
22503,CABIN BAG VINTAGE PAISLEY,22,546.6999999999999,6,141.0,BZ,15.6
72598,SET/12 TAPER CANDLES,22,18.7,1,1244.0,CZ,1.77
21080,SET/20 RED RETROSPOT PAPER NAPKINS,22,18.7,3,31098.0,AX,0.07
21224,SET/4 SKULL BADGES,22,27.5,3,2185.0,BY,1.01
20729,RED SPOTTY CANDY BAG,22,27.5,3,5262.0,BZ,0.42
47568,ENGLISH ROSE DESIGN PEG BAG,22,44.97,6,2389.0,AZ,0.92
22224,WHITE LOVEBIRD LANTERN,22,64.9,6,2374.0,AY,0.93
47504K,ENGLISH ROSE GARDEN SECATEURS,22,28.98,5,2656.0,BZ,0.83
22967,SET 3 SONG BIRD PAPER EGGS ASSORTED,22,64.89999999999999,4,1173.0,BZ,1.88
23203,JUMBO BAG DOILEY PATTERNS,22,45.760000000000005,4,20503.0,AZ,0.11
21485,RETROSPOT HEART HOT WATER BOTTLE,22,108.9,9,7648.0,AY,0.29
22700,BLACK AND WHITE DOG BOWL,22,31.299999999999997,4,1386.0,BZ,1.59
21394,RED POLKADOT BEAKER,22,8.58,4,4005.0,BZ,0.55
21786,POLKADOT RAIN HAT,22,9.24,1,7485.0,BZ,0.29
20675,BLUE POLKADOT BOWL,21,26.060000000000002,4,6474.0,AY,0.32
22278,OVERNIGHT BAG VINTAGE ROSE PAISLEY,21,117.32,12,1017.0,AY,2.06
21197,MULTICOLOUR  CONFETTI IN TUBE,21,34.65,1,453.0,CZ,4.64
21205,MULTICOLOUR 3D BALLS GARLAND,21,53.55,5,675.0,BY,3.11
23292,SPACEBOY CHILDRENS CUP,21,26.25,6,2182.0,BZ,0.96
22071,SMALL RETRO SPOT MUG IN BOX  WHITE,21,60.75,3,1536.0,AZ,1.37
22248,DECORATION  PINK CHICK MAGIC GARDEN,21,17.85,3,1015.0,CZ,2.07
20892,SET/3 TALL GLASS CANDLE HOLDER PINK,21,206.15,7,103.0,CZ,20.39
85018D,YULETIDE IMAGES S/6 PAPER BOXES,21,38.25,2,790.0,CZ,2.66
22893,MINI CAKE STAND T-LIGHT HOLDER,21,8.82,5,2721.0,BZ,0.77
22856,ASSORTED EASTER DECORATIONS  BELLS,21,26.25,2,883.0,CZ,2.38
79160,HEART SHAPE WIRELESS DOORBELL,21,44.1,12,951.0,BZ,2.21
46000M,POLYESTER FILLER PAD 45x45cm,21,32.55,2,2517.0,BY,0.83
21652,GLASS ETCHED T-LIGHT HOLDER MEDIUM,21,40.949999999999996,3,903.0,BZ,2.33
23393,HOME SWEET HOME CUSHION COVER,21,78.75,6,807.0,BZ,2.6
21464,DISCO BALL ROTATOR BATTERY OPERATED,21,89.25,10,540.0,BY,3.89
21332,MOROCCAN BEATEN METAL MIRROR,21,109.75,5,270.0,BZ,7.78
21907,I'M ON HOLIDAY METAL SIGN,21,44.099999999999994,4,5183.0,AX,0.41
21917,SET 12 KIDS  WHITE CHALK STICKS,21,8.82,6,8040.0,BY,0.26
21933,PINK VINTAGE PAISLEY PICNIC BAG,21,58.050000000000004,7,4128.0,AZ,0.51
35001W,HAND OPEN SHAPE DECO.WHITE,21,66.81,5,887.0,BZ,2.37
21813,GARLAND WITH STARS AND BELLS,21,103.95,4,821.0,BZ,2.56
84510A,SET OF 4 ENGLISH ROSE COASTERS,21,26.25,3,2485.0,BY,0.85
22386,JUMBO BAG PINK WITH WHITE SPOTS,21,40.95,8,39466.0,AX,0.05
47580,TEA TIME DES TEA COSY,21,53.550000000000004,4,1666.0,AZ,1.26
82613B,"METAL SIGN,CUPCAKE SINGLE HOOK",21,9.65,2,911.0,CZ,2.31
22179,SET 10 NIGHT OWL LIGHTS,21,124.95,1,2024.0,AY,1.04
22180,RETRO SPOT LAMP,21,208.95,14,979.0,AY,2.15
22974,CHILDRENS DOLLY GIRL MUG,20,33.0,7,1644.0,BZ,1.22
82613D,METAL SIGN CUPCAKE SINGLE HOOK,20,8.4,1,1188.0,BZ,1.68
22067,CHOC TRUFFLE GOLD TRINKET POT,20,32.2,12,1873.0,BY,1.07
23661,MILK MAIDS MUG,20,33.0,4,219.0,CZ,9.13
20934,SET/3 POT PLANT CANDLES,20,107.5,8,199.0,CZ,10.05
21581,SKULLS  DESIGN  COTTON TOTE BAG,20,45.0,2,1172.0,BZ,1.71
23254,CHILDRENS CUTLERY DOLLY GIRL,20,83.0,8,1710.0,AZ,1.17
22318,FIVE HEART HANGING DECORATION,20,59.0,7,1589.0,AY,1.26
22842,BISCUIT TIN VINTAGE RED,20,134.2,15,819.0,AZ,2.44
84997D,PINK 3 PIECE MINI DOTS CUTLERY SET,20,75.0,5,11039.0,AY,0.18
22713,CARD I LOVE LONDON,20,8.4,2,6168.0,BY,0.32
21329,DINOSAURS  WRITING SET,20,33.0,2,2087.0,BY,0.96
21289,LARGE STRIPES CHOCOLATE GIFT BAG,20,25.0,2,1430.0,BZ,1.4
21265,PINK GOOSE FEATHER TREE 60CM,20,55.0,3,321.0,CZ,6.23
23193,BUFFALO BILL TREASURE BOOK BOX,20,45.0,6,1930.0,BZ,1.04
22167,"WALL MIRROR , DIAMANTE OVAL SHAPE",20,199.0,12,691.0,AZ,2.89
72760B,VINTAGE CREAM 3 BASKET CAKE STAND,20,170.34,5,1724.0,AY,1.16
23445,ICE CREAM BUBBLES,20,16.6,1,2688.0,BZ,0.74
21864,UNION JACK FLAG PASSPORT COVER,20,42.0,1,1858.0,AY,1.08
23045,PAPER LANTERN 5 POINT STAR MOON,20,83.0,1,118.0,CZ,16.95
84686,BEACH HUT MIRROR,20,43.4,3,389.0,CZ,5.14
22733,3D TRADITIONAL CHRISTMAS STICKERS,20,25.0,1,3444.0,AZ,0.58
23031,DRAWER KNOB CRACKLE GLAZE PINK,20,33.0,9,1296.0,BZ,1.54
23480,MINI LIGHTS WOODLAND MUSHROOMS,20,68.1,2,1800.0,AZ,1.11
23177,TREASURE ISLAND BOOK BOX,20,45.0,5,2535.0,AZ,0.79
20967,GREY FLORAL FELTCRAFT SHOULDER BAG,20,75.0,3,1058.0,BY,1.89
21217,RED RETROSPOT ROUND CAKE TINS,20,199.0,14,2913.0,AY,0.69
10133,COLOURING PENCILS BROWN TUBE,20,12.7,2,3848.0,BZ,0.52
21584,RETRO SPOT SMALL TUBE MATCHES,20,33.0,1,3805.0,AZ,0.53
22195,LARGE HEART MEASURING SPOONS,19,28.349999999999998,5,5137.0,AY,0.37
47503J,SET/3 FLORAL GARDEN TOOLS IN BAG,19,151.05,3,345.0,BZ,5.51
22251,BIRDHOUSE DECORATION MAGIC GARDEN,19,23.75,4,1875.0,BZ,1.01
22097,SWALLOW SQUARE TISSUE BOX,19,15.15,3,2081.0,BZ,0.91
47505,MINATURE COLOURED GARDENING SET,19,87.05000000000001,6,738.0,BZ,2.57
22354,RETROSPOT PADDED SEAT CUSHION,19,70.89,4,2229.0,AY,0.85
22807,SET OF 6 T-LIGHTS TOADSTOOLS,19,51.25,3,1384.0,BZ,1.37
21363,HOME SMALL WOOD LETTERS,19,92.65,9,994.0,AY,1.91
20675,BLUE SPOTTY BOWL,19,23.75,5,6474.0,AY,0.29
21306,SET/4 DAISY MIRROR MAGNETS,19,7.32,2,682.0,CZ,2.79
22334,DINOSAUR PARTY BAG + STICKER SET,19,31.35,3,2232.0,BZ,0.85
21563,RED HEART SHAPE LOVE BUCKET,19,52.050000000000004,9,2788.0,AZ,0.68
90185B,AMETHYST DIAMANTE EXPANDABLE RING,19,80.75,5,67.0,CZ,28.36
21239,PINK  SPOTTY CUP,19,16.02,5,7382.0,AY,0.26
22509,SEWING BOX RETROSPOT DESIGN,19,288.05,5,389.0,AZ,4.88
22120,WELCOME  WOODEN BLOCK LETTERS,19,187.6,7,1022.0,AY,1.86
21745,GAOLERS KEYS DECORATIVE GARDEN,19,71.25,3,2704.0,AY,0.7
20983,12 PENCILS TALL TUBE RED RETROSPOT,19,16.15,4,6294.0,AY,0.3
21541,DINOSAURS WATER TRANSFER TATTOOS,19,16.15,3,1907.0,BZ,1.0
21143,ANTIQUE GLASS HEART DECORATION,19,37.05,5,2108.0,BZ,0.9
22505,MEMO BOARD COTTAGE DESIGN,19,94.05,12,3781.0,AY,0.5
22841,ROUND CAKE TIN VINTAGE GREEN,19,151.05,14,773.0,AZ,2.46
22184,CAKE STAND VICTORIAN FILIGREE LARGE,18,134.8,12,390.0,BZ,4.62
21637,ASSORTED SANSKRIT MINI NOTEBOOK,18,22.5,1,1358.0,BZ,1.33
22241,GARLAND WOODEN HAPPY EASTER,18,22.31,5,4377.0,AZ,0.41
20794,BLUE  TILE HOOK,18,45.9,4,212.0,CZ,8.49
82607A,GLASS BONBON JAR PARFUME AUX FLEURE,18,22.5,7,670.0,CZ,2.69
22142,CHRISTMAS CRAFT WHITE FAIRY,18,26.1,5,4313.0,AZ,0.42
22345,PARTY PIZZA DISH BLUE POLKADOT,18,15.3,1,1469.0,CZ,1.23
22434,BALLOON PUMP WITH 10 BALLOONS,18,35.1,2,2555.0,AZ,0.7
21333,CLASSIC WHITE FRAME,18,59.02,10,1059.0,BY,1.7
22116,METAL SIGN HIS DINNER IS SERVED,18,27.9,2,823.0,CZ,2.19
22129,PARTY CONES CANDY TREE DECORATION,18,15.3,1,3252.0,BZ,0.55
22431,WATERING CAN BLUE ELEPHANT,18,35.099999999999994,5,3368.0,AY,0.53
22096,PINK PAISLEY SQUARE TISSUE BOX,18,17.34,2,1676.0,CZ,1.07
22432,WATERING CAN PINK BUNNY,18,35.1,4,3536.0,AY,0.51
22762,CUPBOARD 3 DRAWER MA CAMPAGNE,18,244.9,7,204.0,BZ,8.82
40003,WHITE BAMBOO RIBS LAMPSHADE,18,17.1,7,1150.0,BZ,1.57
21925,UNION STRIPE CUSHION COVER,18,22.5,5,1205.0,BZ,1.49
84937,KASHMIR FOLKART TUMBLERS,18,37.8,2,2543.0,AZ,0.71
37492B,BLUE YELLOW FLOWER PIGGY BANK,18,47.7,6,489.0,CZ,3.68
21459,YELLOW EASTER EGG HUNT START POST,18,35.1,5,263.0,CZ,6.84
22304,COFFEE MUG BLUE PAISLEY DESIGN,18,44.55,5,2386.0,AZ,0.75
20679,EDWARDIAN PARASOL RED,18,107.1,9,6152.0,AZ,0.29
22896,PEG BAG APPLES DESIGN,18,45.900000000000006,2,2085.0,AZ,0.86
23288,GREEN VINTAGE SPOT BEAKER,18,15.17,4,4625.0,AZ,0.39
79067,CORONA MEXICAN TRAY,18,62.7,8,1616.0,AZ,1.11
23462,ROCOCO WALL MIRROR WHITE,18,350.1,12,80.0,BZ,22.5
23485,BOTANICAL GARDENS WALL CLOCK,18,407.4,13,262.0,AZ,6.87
22371,AIRLINE BAG VINTAGE TOKYO 78,18,76.88,13,1834.0,AY,0.98
20978,36 PENCILS TUBE SKULLS,18,22.5,2,4127.0,AY,0.44
22808,SET OF 6 T-LIGHTS EASTER CHICKS,18,53.1,1,420.0,BZ,4.29
72750B,FLOWER FAIRY SET 3 CANDLES LAVENDER,18,43.1,3,496.0,CZ,3.63
23325,RUSTIC STRAWBERRY JAM POT SMALL,18,29.700000000000003,3,462.0,CZ,3.9
22589,CARDHOLDER GINGHAM STAR,18,45.9,1,1321.0,BZ,1.36
21216,"SET 3 RETROSPOT TEA,COFFEE,SUGAR",18,87.7,12,3893.0,AY,0.46
22283,6 EGG HOUSE PAINTED WOOD,18,143.1,7,1040.0,AZ,1.73
22442,GROW YOUR OWN FLOWERS SET OF 3,18,141.9,13,868.0,AZ,2.07
22748,POPPY'S PLAYHOUSE KITCHEN,17,35.7,4,4158.0,AZ,0.41
84689,S/2 BEACH HUT TREASURE CHESTS,17,49.55,4,312.0,CZ,5.45
20750,RED RETROSPOT MINI CASES,17,122.35,7,3693.0,AX,0.46
22244,3 HOOK HANGER MAGIC GARDEN,17,33.15,9,4776.0,AY,0.36
72807A,SET/3 ROSE CANDLE IN JEWELLED BOX,17,72.25,10,934.0,AZ,1.82
20932,PINK POT PLANT CANDLE,17,55.75,6,334.0,CZ,5.09
48138,DOOR MAT UNION FLAG,17,114.45,3,10095.0,AY,0.17
21579,LOLITA  DESIGN  COTTON TOTE BAG,17,38.25,5,1031.0,BZ,1.65
85091,CANDY SPOT BREAD BASKETS,17,69.7,1,343.0,CZ,4.96
21869,POTTING SHED COFFEE MUG,17,21.25,4,1267.0,BZ,1.34
22483,RED GINGHAM TEDDY BEAR,17,50.15,5,1883.0,AY,0.9
21455,PAINTED YELLOW WOODEN DAISY,17,14.450000000000001,2,901.0,CZ,1.89
22306,SILVER MUG BONE CHINA TREE OF LIFE,17,28.7,4,1639.0,BZ,1.04
22276,WASH BAG VINTAGE ROSE PAISLEY,17,42.9,6,1895.0,AZ,0.9
84279B,CHERRY BLOSSOM DECORATIVE FLASK,17,63.75,9,811.0,BZ,2.1
22262,FELT EGG COSY CHICKEN,17,14.45,3,2039.0,BY,0.83
22466,FAIRY TALE COTTAGE NIGHT LIGHT,17,28.05,1,5315.0,AZ,0.32
22672,FRENCH BATHROOM SIGN BLUE METAL,17,28.05,4,2851.0,AZ,0.6
21244,BLUE POLKADOT PLATE,17,28.729999999999997,5,5047.0,AY,0.34
35971,ROSE FOLKART HEART DECORATIONS,17,21.25,2,1969.0,BZ,0.86
23382,BOX OF 6 CHRISTMAS CAKE DECORATIONS,17,63.75,3,1875.0,AZ,0.91
22769,CHALKBOARD KITCHEN ORGANISER,17,400.15,8,174.0,BZ,9.77
90200E,GREEN SWEETHEART BRACELET,16,68.0,5,210.0,CZ,7.62
22072,TEA CUP AND SAUCER RETRO SPOT,16,60.0,8,2420.0,AY,0.66
23238,SET OF 4 KNICK KNACK TINS LONDON,16,65.60000000000001,8,1862.0,AZ,0.86
23660,HENRIETTA HEN MUG,16,26.4,4,306.0,CZ,5.23
21577,SAVE THE PLANET COTTON TOTE BAG,16,36.0,5,2557.0,AZ,0.63
22063,CERAMIC BOWL WITH STRAWBERRY DESIGN,16,46.8,10,2315.0,AZ,0.69
22949,36 DOILIES DOLLY GIRL,16,23.2,2,2022.0,BZ,0.79
85119,WATERING CAN SINGLE HOOK PISTACHIO,16,27.04,2,413.0,CZ,3.87
22970,LONDON BUS COFFEE MUG,16,33.6,3,4367.0,AZ,0.37
22971,QUEENS GUARD COFFEE MUG,16,37.65,5,2431.0,AZ,0.66
20857,BLUE ROSE PATCH PURSE PINK BUTTERFL,16,26.4,2,252.0,CZ,6.35
47421,ASSORTED COLOUR LIZARD SUCTION HOOK,16,6.72,1,1473.0,CZ,1.09
23526,WALL ART DOG LICENCE,16,95.2,2,1012.0,AZ,1.58
21532,DAIRY MAID SUGAR JAM BOWL,16,33.6,8,1389.0,BZ,1.15
85099B,RED RETROSPOT JUMBO BAG,16,30.6,6,97350.0,AX,0.02
22437,SET OF 9 BLACK SKULL BALLOONS,16,13.6,2,6518.0,AZ,0.25
23086,ZINC  STAR T-LIGHT HOLDER,16,20.0,1,1228.0,BZ,1.3
79320,FLAMINGO LIGHTS,16,77.10000000000001,10,904.0,AZ,1.77
84452,METAL RABBIT LADDER EASTER,16,13.6,2,198.0,CZ,8.08
22620,4 TRADITIONAL SPINNING TOPS,16,20.4,4,8195.0,AY,0.2
72753D,S/3 FLWR FAIRY SUMMER CANDLES,16,33.6,2,144.0,CZ,11.11
22821,GIFT BAG PSYCHEDELIC APPLES,16,10.4,2,1672.0,CZ,0.96
22849,BREAD BIN DINER STYLE MINT,16,251.2,9,405.0,AZ,3.95
22281,EASTER TREE YELLOW BIRDS,16,95.2,3,514.0,BZ,3.11
23234,BISCUIT TIN VINTAGE CHRISTMAS,16,46.24,5,1725.0,AZ,0.93
22607,WOODEN ROUNDERS GARDEN SET,16,133.55,8,2545.0,AY,0.63
22843,BISCUIT TIN VINTAGE GREEN,16,107.2,14,597.0,BZ,2.68
85176,SEWING SUSAN 21 NEEDLE SET,16,13.18,4,2748.0,BZ,0.58
22131,FOOD CONTAINER SET 3 LOVE HEART,16,29.1,4,5256.0,AY,0.3
79190B,RETRO PLASTIC POLKA TRAY,16,6.72,2,1485.0,CZ,1.08
22260,FELT EGG COSY BLUE RABBIT,16,13.6,2,1562.0,BZ,1.02
21427,SKULLS STORAGE BOX SMALL,16,33.6,8,507.0,CZ,3.16
84596F,SMALL MARSHMALLOWS PINK BOWL,16,6.72,1,4756.0,BY,0.34
22627,MINT KITCHEN SCALES,16,125.71000000000001,14,1606.0,AY,1.0
21276,TWO EMBOSSED HEART MINI DRAWERS,16,76.2,3,677.0,BZ,2.36
72131,COLUMBIAN CANDLE RECTANGLE,16,31.2,1,750.0,CZ,2.13
84766,SILVER ROCOCO CANDLE STICK,16,43.199999999999996,4,201.0,CZ,7.96
21249,WOODLAND  HEIGHT CHART STICKERS,16,46.4,3,1668.0,AY,0.96
22800,ANTIQUE TALL SWIRLGLASS TRINKET POT,16,60.0,9,1132.0,AZ,1.41
23431,NATURAL HANGING QUILTED HEARTS,16,13.280000000000001,3,1454.0,CZ,1.1
23374,RED SPOT PAPER GIFT BAG,16,13.12,3,2456.0,BZ,0.65
21292,SMALL STRIPES CHOCOLATE GIFT BAG,16,13.6,1,2449.0,BZ,0.65
22661,CHARLOTTE BAG DOLLY GIRL DESIGN,16,13.34,6,8231.0,AY,0.19
22348,TEA BAG PLATE RED RETROSPOT,16,13.6,3,12461.0,AY,0.13
23372,SET 36 COLOUR PENCILS DOLLY GIRL,16,20.0,1,1391.0,BZ,1.15
23367,SET 12 COLOUR PENCILS SPACEBOY,16,10.4,1,3285.0,BZ,0.49
22701,PINK DOG BOWL,16,43.0,5,675.0,BZ,2.37
21361,LOVE LARGE WOOD LETTERS,16,202.2,13,563.0,AY,2.84
21903,MAN FLU METAL SIGN,16,33.1,4,3442.0,AZ,0.46
23126,FELTCRAFT GIRL AMELIE KIT,16,79.2,6,1114.0,AZ,1.44
22141,CHRISTMAS CRAFT TREE TOP ANGEL,16,33.6,4,3668.0,AZ,0.44
22179,SET 10 LIGHTS NIGHT OWL,15,99.65,11,2024.0,AY,0.74
85180A,RED HEARTS LIGHT CHAIN,15,69.75,3,629.0,BZ,2.38
79072,TEATIME CAKE TIN WITH HANDLE,15,149.25,8,285.0,BZ,5.26
21009,ETCHED GLASS STAR TREE DECORATION,15,18.75,3,1059.0,BZ,1.42
22926,IVORY GIANT GARDEN THERMOMETER,15,89.25,6,684.0,BZ,2.19
21321,GLASS CHALICE BLUE  LARGE,15,34.2,3,122.0,CZ,12.3
23265,SET OF 3 WOODEN TREE DECORATIONS,15,18.75,2,1784.0,BZ,0.84
22522,CHILDS GARDEN FORK BLUE,15,12.75,2,2246.0,BZ,0.67
22947,WOODEN ADVENT CALENDAR RED,15,221.26999999999998,11,1011.0,AZ,1.48
22378,WALL TIDY RETROSPOT,15,31.5,6,3756.0,AZ,0.4
21777,RECIPE BOX WITH METAL HEART,15,119.25,9,1135.0,AZ,1.32
23436,VINTAGE CHRISTMAS GIFT BAG LARGE,15,18.75,2,1979.0,BZ,0.76
23147,SINGLE ANTIQUE ROSE HOOK IVORY,15,21.75,6,1870.0,BZ,0.8
47480,HANGING PHOTO CLIP ROPE LADDER,15,24.75,2,1640.0,BZ,0.91
22210,WOOD STAMP SET BEST WISHES,15,24.75,3,1589.0,BZ,0.94
85136C,RED SHARK HELICOPTER,15,119.77,3,180.0,BZ,8.33
22203,MILK PAN RED RETROSPOT,15,56.25,11,1403.0,AZ,1.07
22525,CHILDRENS GARDEN GLOVES PINK,15,18.75,3,1949.0,BZ,0.77
20854,BLUE PATCH PURSE PINK HEART,15,24.75,2,444.0,CZ,3.38
22860,EASTER TIN CHICKS PINK DAISY,15,24.75,2,621.0,CZ,2.42
23087,ZINC  HEART T-LIGHT HOLDER,15,18.75,1,868.0,CZ,1.73
23089,GLASS BON BON JAR,15,25.65,7,2355.0,BZ,0.64
21548,CERAMIC BIRDHOUSE FINCH BLUE ROOF,15,44.25,4,691.0,BZ,2.17
22433,WATERING CAN GREEN DINOSAUR,15,29.25,4,2793.0,AY,0.54
22523,CHILDS GARDEN FORK PINK,15,12.75,3,2191.0,BZ,0.68
22428,ENAMEL FIRE BUCKET CREAM,15,104.25,7,460.0,BY,3.26
22772,PINK DRAWER KNOB ACRYLIC EDWARDIAN,15,18.75,3,4453.0,AY,0.34
37501,TEA TIME TEA SET IN GIFT BOX,15,104.25,8,484.0,BY,3.1
21125,SET 6 FOOTBALL CELEBRATION CANDLES,15,18.75,4,2131.0,BZ,0.7
22353,LUNCHBOX WITH CUTLERY FAIRY CAKES,15,38.25,4,3045.0,AY,0.49
22839,3 TIER CAKE TIN GREEN AND CREAM,15,222.04999999999998,11,580.0,AZ,2.59
23311,VINTAGE CHRISTMAS STOCKING,15,38.25,4,2390.0,AZ,0.63
79342B,BROWN FLOWER LIGHTS,15,96.05,4,120.0,CZ,12.5
23079,TOADSTOOL BEDSIDE LIGHT,14,125.3,7,253.0,BZ,5.53
22964,3 PIECE SPACEBOY COOKIE CUTTER SET,14,29.4,7,2765.0,AZ,0.51
22197,"POPCORN HOLDER , SMALL",14,10.99,5,88537.0,AY,0.02
22068,BLACK PIRATE TREASURE CHEST,14,23.1,3,1127.0,BZ,1.24
21896,POTTING SHED TWINE,14,28.65,5,2404.0,AZ,0.58
23237,SET OF 4 KNICK KNACK TINS LEAF,14,56.900000000000006,8,1054.0,AZ,1.33
48111,DOOR MAT 3 SMILEY CATS,14,86.5,2,4256.0,AZ,0.33
16256C,HEARTS PENCIL/RUBBER+5 MINI PENCILS,14,5.88,1,169.0,CZ,8.28
20677,PINK POLKADOT BOWL,14,17.310000000000002,3,7793.0,AY,0.18
22845,VINTAGE CREAM CAT FOOD CONTAINER,14,88.1,9,1001.0,AY,1.4
22584,PACK OF 6 PANETTONE GIFT BOXES,14,35.7,1,5236.0,AY,0.27
23224,CHERUB HEART DECORATION GOLD,14,11.620000000000001,2,738.0,CZ,1.9
20996,JAZZ HEARTS ADDRESS BOOK,14,5.88,1,6317.0,BZ,0.22
22674,FRENCH TOILET SIGN BLUE METAL,14,17.5,3,2382.0,BZ,0.59
21126,SET OF 6 GIRLS CELEBRATION CANDLES,14,17.5,2,2329.0,BZ,0.6
84976,RECTANGULAR SHAPED MIRROR,14,11.06,2,674.0,CZ,2.08
79403,FROSTED WHITE BASE,14,11.9,2,216.0,CZ,6.48
22409,MONEY BOX BISCUITS DESIGN,14,17.5,6,1694.0,BZ,0.83
23408,PHOTO FRAME LINEN AND LACE SMALL,14,29.12,3,310.0,CZ,4.52
22524,CHILDRENS GARDEN GLOVES BLUE,14,17.5,2,1925.0,BY,0.73
21485,RED SPOT HEART HOT WATER BOTTLE,14,69.3,3,7648.0,AY,0.18
85206B,PINK FELT EASTER EGG BASKET,14,23.1,3,1543.0,BZ,0.91
22486,PLASMATRONIC LAMP,14,178.5,7,104.0,CZ,13.46
21643,ASSORTED TUTTI FRUTTI MIRROR,14,17.5,3,1521.0,BY,0.92
22939,APRON APPLE DELIGHT,14,69.3,2,703.0,BZ,1.99
22268,EASTER DECORATION SITTING BUNNY,14,11.9,6,2562.0,BZ,0.55
85041,SET/4 PINK ORCHID CANDLES IN BOWL,14,23.1,3,1858.0,BZ,0.75
22454,MEASURING TAPE BABUSHKA RED,14,41.3,2,1430.0,BZ,0.98
23235,STORAGE TIN VINTAGE LEAF,14,40.46,7,739.0,BZ,1.89
22402,MAGNETS PACK OF 4 VINTAGE COLLAGE,14,17.5,3,3436.0,BZ,0.41
20821,GOLDIE LOOKING MIRROR,14,69.3,3,42.0,CZ,33.33
23026,DRAWER KNOB VINTAGE GLASS STAR,14,29.12,2,557.0,CZ,2.51
23182,TOILET SIGN OCCUPIED OR VACANT,14,11.62,6,3777.0,BZ,0.37
21936,RED/WHITE SPOT PICNIC BAG,14,41.3,3,7815.0,AY,0.18
84876D,BLUE HEART COMPACT MIRROR,14,47.5,2,332.0,CZ,4.22
22927,GREEN GIANT GARDEN THERMOMETER,14,83.3,7,468.0,BZ,2.99
22054,MINI CAKE STAND HANGING HEARTS,14,23.099999999999998,4,363.0,CZ,3.86
21955,DOOR MAT UNION JACK GUNS AND ROSES,14,86.38000000000001,2,3921.0,AZ,0.36
22519,CHILDS GARDEN BRUSH PINK,14,29.4,3,1427.0,BZ,0.98
21844,RETRO SPOT MUG,14,41.3,7,5387.0,AY,0.26
85131A,BEADED PEARL HEART WHITE ON STICK,14,12.52,4,2026.0,BZ,0.69
22605,WOODEN CROQUET GARDEN SET,14,170.29999999999998,13,1828.0,AZ,0.77
23184,BULL DOG BOTTLE OPENER,13,64.35,4,874.0,AZ,1.49
90201B,BLACK ENAMEL FLOWER RING,13,38.349999999999994,3,154.0,CZ,8.44
23148,MINIATURE ANTIQUE ROSE HOOK IVORY,13,10.79,7,2144.0,BZ,0.61
85232D,SET/3 DECOUPAGE STACKING TINS,13,64.35,7,716.0,BY,1.82
23127,FELTCRAFT GIRL NICOLE KIT,13,64.35,3,737.0,BZ,1.76
23188,VINTAGE  2 METER FOLDING RULER,13,21.45,2,3473.0,AZ,0.37
23196,VINTAGE LEAF MAGNETIC NOTEPAD,13,18.849999999999998,3,1876.0,BZ,0.69
22937,BAKING MOULD CHOCOLATE CUPCAKES,13,33.150000000000006,2,974.0,BZ,1.33
23294,SET OF 6 SNACK LOAF BAKING CASES,13,10.79,4,4420.0,BZ,0.29
23295,SET OF 12 MINI LOAF BAKING CASES,13,10.79,5,6140.0,AZ,0.21
84509A,SET OF 4 ENGLISH ROSE PLACEMATS,13,48.75,4,1637.0,AY,0.79
22889,"NUMBER TILE VINTAGE FONT, No",13,27.3,1,200.0,CZ,6.5
22656,VINTAGE BLUE KITCHEN CABINET,13,2368.5,12,45.0,AZ,28.89
22485,SET OF 2 WOODEN MARKET CRATES,13,165.75,8,1101.0,AY,1.18
23085,ANTIQUE SILVER BAUBLE LAMP,13,128.75,5,381.0,BZ,3.41
23486,ANTIQUE HEART SHELF UNIT,13,199.64999999999998,6,275.0,BZ,4.73
20814,SILVER FINCH DECORATION,13,16.25,2,189.0,CZ,6.88
84033,FLAG OF ST GEORGE,13,21.45,2,393.0,CZ,3.31
84030E,ENGLISH ROSE HOT WATER BOTTLE,13,55.25,4,2256.0,AZ,0.58
21827,EIGHT PIECE CREEPY CRAWLIE SET,13,16.25,1,838.0,CZ,1.55
84880,WHITE WIRE EGG HOLDER,13,78.9,5,1734.0,AZ,0.75
22684,FRENCH BLUE METAL DOOR SIGN 9,13,16.25,3,1014.0,BZ,1.28
21684,SMALL MEDINA STAMPED METAL BOWL,13,11.049999999999999,2,1708.0,BZ,0.76
84849B,FAIRY SOAP SOAP HOLDER,13,21.970000000000002,2,1936.0,BY,0.67
84910A,PINK PAISLEY CUSHION COVER,13,77.35,1,432.0,BZ,3.01
82578,KITCHEN METAL SIGN,13,7.1499999999999995,2,5605.0,BY,0.23
22322,BIRD DECORATION GREEN POLKADOT,13,11.049999999999999,2,1629.0,BY,0.8
90185A,AMBER DIAMANTE EXPANDABLE RING,13,55.25,3,55.0,CZ,23.64
20749,ASSORTED COLOUR MINI CASES,13,101.75,10,3075.0,AY,0.42
21312,LARGE CHUNKY GLASS ROMAN BOWL,13,25.35,3,300.0,CZ,4.33
35810B,ENAMEL BLUE RIM COFFEE CONTAINER,13,10.790000000000001,2,325.0,CZ,4.0
22848,BREAD BIN DINER STYLE PINK,13,208.35,10,382.0,AZ,3.4
85014B,RED/WHITE DOTS RUFFLED UMBRELLA,13,75.35,8,6200.0,AZ,0.21
21145,ANTIQUE GLASS PLACE SETTING,13,16.25,2,869.0,BZ,1.5
22252,BIRDCAGE DECORATION TEALIGHT HOLDER,13,16.25,2,969.0,CZ,1.34
22340,NOEL GARLAND PAINTED ZINC,13,19.049999999999997,2,1824.0,BZ,0.71
71038,WHITE HANGING BEADS CANDLE HOLDER,13,70.85,8,723.0,BY,1.8
22310,KNITTED MUG COSY IVORY COLOUR,13,21.25,2,1740.0,BZ,0.75
37500,TEA TIME TEAPOT IN GIFT BOX,13,119.97,9,881.0,AZ,1.48
21201,TROPICAL  HONEYCOMB PAPER GARLAND,13,33.15,2,2743.0,AZ,0.47
22745,POPPY'S PLAYHOUSE BEDROOM,13,27.299999999999997,3,3990.0,AZ,0.33
22044,CHRISTMAS CARD STACK OF PRESENTS,13,5.46,2,1940.0,CZ,0.67
47567B,TEA TIME KITCHEN APRON,13,76.05000000000001,8,2179.0,AY,0.6
23313,VINTAGE CHRISTMAS BUNTING,13,64.35,2,2997.0,AZ,0.43
23320,GIANT 50'S CHRISTMAS CRACKER,13,37.57,2,2668.0,AZ,0.49
84997A,CHILDRENS CUTLERY POLKADOT GREEN,13,49.95,3,5366.0,AY,0.24
84997A,GREEN 3 PIECE MINI DOTS CUTLERY SET,13,48.75,3,5366.0,AY,0.24
22405,MONEY BOX POCKET MONEY DESIGN,13,16.06,2,1644.0,BZ,0.79
22863,SOAP DISH BROCANTE,13,38.35,2,1112.0,BZ,1.17
21272,SALLE DE BAIN HOOK,13,16.25,5,2356.0,BY,0.55
20718,RED SPOTTY SHOPPER BAG,13,16.25,3,13361.0,AX,0.1
21255,"FRENCH BOTTLE , LAVENDER",13,21.45,2,476.0,CZ,2.73
21973,SET OF 36 MUSHROOM PAPER DOILIES,13,18.849999999999998,2,1670.0,BZ,0.78
22805,BLUE DRAWER KNOB ACRYLIC EDWARDIAN,13,16.25,2,2221.0,BY,0.59
22603,CHRISTMAS RETROSPOT TREE WOOD,13,11.049999999999999,2,4145.0,BZ,0.31
46138B,BLUE CHENILLE SHAGGY CUSHION COVER,13,11.05,2,71.0,CZ,18.31
21794,CLASSIC FRENCH STYLE BASKET NATURAL,13,79.35,5,713.0,BZ,1.82
84569C,PACK 4 FLOWER/BUTTERFLY PATCHES,13,16.25,2,415.0,CZ,3.13
21792,CLASSIC FRENCH STYLE BASKET GREEN,13,84.95,6,497.0,BZ,2.62
22626,BLACK KITCHEN SCALES,13,110.5,7,841.0,AY,1.55
47585A,PINK FAIRY CAKE CUSHION COVER,13,18.75,2,1086.0,BZ,1.2
21821,GLITTER STAR GARLAND WITH BELLS,13,48.75,2,726.0,BZ,1.79
79191D,RETRO PLASTIC DAISY TRAY,13,11.86,2,138.0,CZ,9.42
85231E,STRAWBERRY SCENTED SET/9 T-LIGHTS,12,10.2,1,837.0,CZ,1.43
21720,CAKE SHOP  STICKER SHEET,12,10.2,1,1069.0,CZ,1.12
22449,SILK PURSE BABUSHKA PINK,12,40.2,2,1326.0,AY,0.9
22162,HEART GARLAND RUSTIC PADDED,12,35.4,3,1221.0,BZ,0.98
47591D,PINK FAIRY CAKE CHILDRENS APRON,12,23.4,5,9650.0,AY,0.12
22246,MAGIC GARDEN FELT GARLAND,12,23.4,1,1082.0,BY,1.11
22073,RETRO SPOT STORAGE JAR,12,45.0,10,2140.0,AY,0.56
20689,RETRO SISTERS EXPRESSO CUPS,12,23.4,1,430.0,CZ,2.79
22143,CHRISTMAS CRAFT HEART DECORATIONS,12,25.2,2,448.0,CZ,2.68
15058A,BLUE WHITE SPOTS GARDEN PARASOL,12,83.4,2,476.0,BZ,2.52
72780,BLACK SILOUETTE CANDLE PLATE,12,10.2,1,514.0,CZ,2.33
22602,CHRISTMAS RETROSPOT HEART WOOD,12,10.2,1,6530.0,AZ,0.18
84625B,BLCK NEW BAROQUE CANDLESTICK CANDLE,12,10.2,1,180.0,CZ,6.67
21991,BOHEMIAN COLLAGE STATIONERY SET,12,15.0,1,1103.0,BZ,1.09
21990,MODERN FLORAL STATIONERY SET,12,15.0,1,2460.0,AY,0.49
22792,FLUTED ANTIQUE CANDLE HOLDER,12,10.2,1,3525.0,BZ,0.34
22773,GREEN DRAWER KNOB ACRYLIC EDWARDIAN,12,15.0,1,2404.0,BY,0.5
21179,NO JUNK MAIL METAL SIGN,12,4.68,1,4294.0,BZ,0.28
21211,SET OF 72 SKULL PAPER  DOILIES,12,17.4,1,2408.0,BZ,0.5
22396,MAGNETS PACK OF 4 RETRO PHOTO,12,15.0,2,1902.0,BZ,0.63
22410,MONEY BOX HOUSEKEEPING DESIGN,12,15.0,1,1366.0,BZ,0.88
72349B,SET/6 PURPLE BUTTERFLY T-LIGHTS,12,25.2,1,2198.0,AY,0.55
21144,PINK POODLE HANGING DECORATION,12,4.56,1,543.0,CZ,2.21
22287,DECORATION WOBBLY CHICKEN,12,4.68,1,1347.0,BZ,0.89
22285,"DECORATION HEN ON NEST, HANGING",12,19.8,1,2725.0,AZ,0.44
23335,EGG FRYING PAN IVORY,12,24.96,2,378.0,CZ,3.17
23333,IVORY WICKER HEART MEDIUM,12,15.0,1,2110.0,BZ,0.57
40018F,CHERRY DESIGN PAPERLANTERNS,12,23.4,3,1093.0,BZ,1.1
21880,RED RETROSPOT TAPE,12,7.8,1,2483.0,BZ,0.48
21880,RED AND WHITE SPOT TAPE,12,7.8,1,2483.0,BZ,0.48
21911,GARDEN METAL SIGN,12,19.8,1,2549.0,BZ,0.47
22037,ROBOT BIRTHDAY CARD,12,5.04,1,7102.0,BY,0.17
22031,BOTANICAL LAVENDER BIRTHDAY CARD,12,5.04,1,1125.0,CY,1.07
21173,LOO ROLL  METAL SIGN,12,19.8,1,342.0,CZ,3.51
23315,IVORY REFECTORY CLOCK,12,97.8,1,213.0,BZ,5.63
21993,FLORAL FOLK STATIONERY SET,12,15.0,1,2858.0,AY,0.42
22134,LADLE LOVE HEART RED,12,5.04,1,2355.0,CZ,0.51
71279,PINK GLASS CANDLEHOLDER,12,35.400000000000006,8,297.0,CZ,4.04
22043,CHRISTMAS CARD SCREEN PRINT,12,5.04,1,2209.0,CZ,0.54
85017B,ENVELOPE 50 BLOSSOM IMAGES,12,10.2,1,2231.0,BZ,0.54
22075,6 RIBBONS ELEGANT CHRISTMAS,12,19.8,1,3106.0,AZ,0.39
22074,6 RIBBONS SHIMMERING PINKS,12,19.8,1,2160.0,BZ,0.56
23220,REINDEER HEART DECORATION GOLD,12,9.96,1,994.0,CZ,1.21
23213,STAR WREATH DECORATION WITH BELL,12,15.0,1,1683.0,BZ,0.71
21286,RETRO SPOT CANDLE  LARGE,12,30.6,1,1006.0,BZ,1.19
22756,LARGE YELLOW BABUSHKA NOTEBOOK,12,15.0,1,1206.0,BZ,1.0
22755,SMALL PURPLE BABUSHKA NOTEBOOK,12,10.2,1,3784.0,BZ,0.32
22754,SMALL RED BABUSHKA NOTEBOOK,12,10.2,1,3928.0,BZ,0.31
22021,BLUE FELT EASTER EGG BASKET,12,19.8,1,1415.0,BZ,0.85
21284,RETRO SPOT CANDLE  SMALL,12,20.28,1,1548.0,BZ,0.78
21283,NATURAL BARK CANDLE SMALL,12,39.0,1,537.0,BZ,2.23
21282,NATURAL BARK CANDLE LARGE,12,51.0,1,369.0,BZ,3.25
23352,ROLL WRAP 50'S RED CHRISTMAS,12,15.0,1,1803.0,BZ,0.67
85169C,EAU DE NIL LOVE BIRD CANDLE,12,15.0,1,505.0,CZ,2.38
85169A,IVORY LOVE BIRD CANDLE,12,15.0,1,1255.0,BZ,0.96
23223,CHRISTMAS TREE HANGING SILVER,12,9.96,1,803.0,CZ,1.49
84520D,PACK OF 20 FAIRY CAKE PAPER NAPKINS,12,10.2,2,701.0,CZ,1.71
84520B,PACK 20 ENGLISH ROSE PAPER NAPKINS,12,10.2,1,7513.0,AZ,0.16
21508,VINTAGE KID DOLLY CARD,12,5.04,1,6740.0,BY,0.18
21507,"ELEPHANT, BIRTHDAY CARD,",12,5.04,1,8235.0,BX,0.15
21507,ELEPHANT BIRTHDAY CARD,12,5.04,1,8235.0,BX,0.15
21504,SKULLS GREETING CARD,12,5.04,1,4961.0,BY,0.24
22403,MAGNETS PACK OF 4 VINTAGE LABELS,12,15.0,2,1721.0,CZ,0.7
79066K,RETRO MOD TRAY,12,10.2,3,1415.0,BY,0.85
22855,FINE WICKER HEART,12,15.0,1,4808.0,AZ,0.25
22133,PINK LOVE HEART SHAPE CUP,12,10.2,1,2464.0,BY,0.49
35651,VINTAGE BEAD PINK SCARF,12,19.8,1,459.0,CZ,2.61
21400,RED PUDDING SPOON,12,5.04,1,1078.0,CZ,1.11
21397,BLUE  SPOTTY EGG CUP,12,15.0,1,2157.0,BZ,0.56
84821,DANISH ROSE DELUXE COASTER,12,10.2,1,1330.0,CZ,0.9
84798A,PINK FOXGLOVE ARTIIFCIAL FLOWER,12,30.6,1,195.0,CZ,6.15
22664,TOY TIDY DOLLY GIRL DESIGN,12,25.2,3,1430.0,BZ,0.84
22349,"DOG BOWL , CHASING BALL DESIGN",12,42.120000000000005,5,2574.0,AZ,0.47
22655,VINTAGE RED KITCHEN CABINET,12,2320.5,10,76.0,AZ,15.79
22615,PACK OF 12 CIRCUS PARADE TISSUES,12,4.68,1,3721.0,CZ,0.32
21454,PAINTED PINK RABBIT,12,10.2,1,939.0,CZ,1.28
21445,12 PINK ROSE PEG PLACE SETTINGS,12,15.0,2,1523.0,BZ,0.79
23413,VINTAGE COFFEE GRINDER BOX,12,49.8,1,177.0,CZ,6.78
70007,HI TEC ALPINE HAND WARMER,12,19.8,1,1306.0,BZ,0.92
22221,CAKE STAND LOVEBIRD 2 TIER PINK,12,119.39999999999999,9,906.0,AZ,1.32
22132,RED LOVE HEART SHAPE CUP,12,10.2,1,3349.0,BY,0.36
22026,BANQUET BIRTHDAY  CARD,12,5.04,1,4041.0,BY,0.3
22025,RING OF ROSES BIRTHDAY CARD,12,5.04,1,3994.0,BY,0.3
23289,DOLLY GIRL CHILDRENS BOWL,12,15.0,4,1622.0,BZ,0.74
21066,VINTAGE RED MUG,12,15.0,1,2291.0,BZ,0.52
21061,PARTY INVITES FOOTBALL,12,10.2,1,1397.0,CZ,0.86
21058,PARTY INVITES WOODLAND,12,10.2,1,2405.0,BY,0.5
85032D,YULETIDE IMAGES GIFT WRAP SET,12,7.8,1,1151.0,BZ,1.04
85032C,CURIOUS IMAGES GIFT WRAP SET,12,7.8,1,888.0,CZ,1.35
22918,HERB MARKER PARSLEY,12,7.8,1,1930.0,BZ,0.62
22917,HERB MARKER ROSEMARY,12,7.8,1,2002.0,BZ,0.6
22916,HERB MARKER THYME,12,7.8,1,1965.0,BZ,0.61
22911,PAPER CHAIN KIT LONDON,12,35.4,4,855.0,BZ,1.4
21749,LARGE RED SPOT WINDMILL,12,25.2,1,5657.0,AZ,0.21
21589,SWALLOW GIANT TUBE MATCHES,12,30.6,1,1119.0,BZ,1.07
84199,GLOW IN DARK DOLPHINS,12,2.52,1,558.0,CZ,2.15
21010,ETCHED GLASS BIRD TREE DECORATION,12,15.0,1,856.0,CZ,1.4
20983,12 PENCILS TALL TUBE RED SPOTTY,12,10.2,1,6294.0,AY,0.19
21042,RED SPOTTY APRON,12,71.4,5,1476.0,AY,0.81
22323,PINK POLKADOT KIDS BAG,12,23.4,4,637.0,BZ,1.88
22683,FRENCH BLUE METAL DOOR SIGN 8,12,15.0,2,1131.0,BY,1.06
22681,FRENCH BLUE METAL DOOR SIGN 6,12,14.81,3,1169.0,BY,1.03
37330,SPOTS MUG,12,23.099999999999998,3,517.0,CZ,2.32
35979,SIX STRING SCANDINAVIAN HEART DECS,12,35.4,2,94.0,CZ,12.77
35976B,WHITE SCANDINAVIAN HEART CHRISTMAS,12,15.0,1,1.0,CZ,1200.0
22753,SMALL YELLOW BABUSHKA NOTEBOOK,12,10.2,1,2349.0,BZ,0.51
22746,POPPY'S PLAYHOUSE LIVINGROOM,12,25.2,2,2919.0,AZ,0.41
21675,BUTTERFLIES STICKERS,12,10.2,1,1794.0,BY,0.67
82587,TEXRIO TOMATOES CANDLE+CUP,12,15.0,1,133.0,CZ,9.02
82585,SWEET VALENCIA CANDLE+CUP,12,15.0,1,165.0,CZ,7.27
21039,RED RETROSPOT SHOPPING BAG,12,30.6,2,1313.0,BY,0.91
85045,GREEN CHRISTMAS TREE STRING 20LIGHT,12,54.5,4,471.0,BZ,2.55
85039B,S/4 IVORY MINI ROSE CANDLE IN BOWL,12,19.8,1,1657.0,BZ,0.72
21071,VINTAGE BILLBOARD DRINK ME MUG,12,13.67,4,4294.0,AZ,0.28
47013C,WINE BOTTLE DRESSING DARK BLUE,12,1.44,1,147.0,CZ,8.16
22257,FELT FARM ANIMAL SHEEP,12,15.0,1,420.0,CZ,2.86
22256,FELT FARM ANIMAL CHICKEN,12,15.0,1,939.0,CZ,1.28
85097B,BLUE ROCKING SINGING CANARY,12,38.6,5,107.0,CZ,11.21
20897,VINTAGE NOTEBOOK PARIS DAYS,12,35.4,2,351.0,CZ,3.42
22921,HERB MARKER CHIVES,12,7.8,1,1776.0,BZ,0.68
22919,HERB MARKER MINT,12,7.8,1,1804.0,BZ,0.67
21955,DOORMAT UNION JACK GUNS AND ROSES,12,83.4,2,3921.0,AZ,0.31
22023,EMPIRE BIRTHDAY CARD,12,5.04,1,5059.0,BY,0.24
85186A,EASTER BUNNY GARLAND OF FLOWERS,12,5.04,1,1545.0,CZ,0.78
85200,BUNNY EGG BOX,12,15.0,1,1047.0,BZ,1.15
85196,EASTER BUNNIES ON A STICK,12,6.6,1,1564.0,CZ,0.77
22717,CARD DOG AND BALL,12,5.04,1,2417.0,CZ,0.5
22716,CARD CIRCUS PARADE,12,5.04,1,5230.0,BY,0.23
22330,72 ROUND PINK DOILIES,12,17.4,1,128.0,CZ,9.38
23268,SET OF 2 CERAMIC CHRISTMAS REINDEER,12,17.4,1,1448.0,BZ,0.83
23266,SET OF 3 WOODEN STOCKING DECORATION,12,15.0,1,2064.0,BZ,0.58
21540,DAIRY MAID CERAMIC BUTTER DISH,12,51.0,8,1325.0,BZ,0.91
23470,CARD HOLDER LOVE BIRD LARGE,12,70.7,8,232.0,BZ,5.17
84456,SET OF 3 RABBIT EGG EASTER,12,10.2,1,37.0,CZ,32.43
22948,METAL DECORATION NAUGHTY CHILDREN,12,10.2,2,2157.0,BY,0.56
23497,CLASSIC CHROME BICYCLE BELL,12,17.4,1,2561.0,BZ,0.47
84251B,"GREETING CARD, STICKY GORDON",12,2.28,1,319.0,CZ,3.76
84247L,FAWN AND MUSHROOM GREETING CARD,12,5.04,1,1161.0,CZ,1.03
21635,MADRAS NOTEBOOK LARGE,12,45.0,1,398.0,CZ,3.02
22504,CABIN BAG VINTAGE RETROSPOT,12,322.25,8,366.0,AZ,3.28
35241,ENAMEL BLUE RIM BISCUIT BIN,12,59.400000000000006,6,309.0,BZ,3.88
20838,FRENCH LATTICE CUSHION COVER,12,10.2,1,446.0,CZ,2.69
85132C,CHARLIE AND LOLA FIGURES TINS,12,79.4,6,2066.0,AZ,0.58
85129A,"WHITE PEARL BEADED HEART, SMALL",12,15.0,1,445.0,CZ,2.7
84839,SWEETHEART KEY CABINET,12,78.6,10,1538.0,AZ,0.78
84832,ZINC WILLIE WINKIE  CANDLE STICK,12,10.2,1,6799.0,AY,0.18
84828,JUNGLE POPSICLES ICE LOLLY HOLDERS,12,15.0,1,2508.0,BY,0.48
21373,MIRRORED WALL ART SNOWFLAKES,12,9.0,1,636.0,CZ,1.89
22526,WHEELBARROW FOR CHILDREN,12,153.0,8,545.0,AZ,2.2
72801C,S/4 ROSE PINK DINNER CANDLES,12,15.0,1,770.0,CZ,1.56
72800E,4 IVORY DINNER CANDLES SILVER FLOCK,12,9.48,1,1409.0,BZ,0.85
23186,FRENCH STYLE STORAGE JAR CAFE,12,9.24,2,1982.0,CZ,0.61
90125A,PINK BERTIE GLASS BEAD BAG CHARM,12,25.2,1,149.0,CZ,8.05
23161,REGENCY CAKE FORK,12,15.0,1,1715.0,BZ,0.7
23140,TRIPLE WIRE HOOK IVORY HEART,12,49.8,1,182.0,CZ,6.59
20658,RED RETROSPOT LUGGAGE TAG,12,15.0,1,1594.0,BY,0.75
18096C,WHITE ROUND PORCELAIN TLIGHT HOLDER,12,30.6,2,131.0,CZ,9.16
23106,ZINC HEARTS PLANT POT HOLDER,12,34.68,1,291.0,CZ,4.12
20684,STRAWBERRY DREAM CHILDS UMBRELLA,12,36.5,5,581.0,BZ,2.07
23139,SINGLE WIRE HOOK PINK HEART,12,17.4,1,415.0,CZ,2.89
23138,SINGLE WIRE HOOK IVORY HEART,12,17.4,1,884.0,BZ,1.36
90170,DAISY HAIR BAND,12,19.8,1,150.0,CZ,8.0
90174,BUTTERFLY HAIR BAND,12,30.6,2,50.0,CZ,24.0
90084,PINK CRYSTAL GUITAR PHONE CHARM,12,10.2,1,64.0,CZ,18.75
23149,ANTIQUE IVORY WIRE BOWL SMALL,11,27.39,2,99.0,CZ,11.11
47589,CONGRATULATIONS BUNTING,11,59.95,6,185.0,CZ,5.95
20830,SILVER PHOTO FRAME,11,27.32,4,413.0,CZ,2.66
23145,ZINC T-LIGHT HOLDER STAR LARGE,11,10.45,2,2084.0,BZ,0.53
22066,LOVE HEART TRINKET POT,11,10.65,4,3458.0,BY,0.32
85141,JARDIN ETCHED GLASS FRUITBOWL,11,62.05,5,191.0,BZ,5.76
20856,DENIM PATCH PURSE PINK BUTTERFLY,11,18.15,2,408.0,CY,2.7
21033,JUMBO BAG CHARLIE AND LOLA TOYS,11,31.29,2,4599.0,AZ,0.24
85067,CREAM SWEETHEART WALL CABINET,11,202.45,11,498.0,AZ,2.21
85121B,RETRO LAUNDRY TUB PINK,11,93.5,6,86.0,CZ,12.79
23229,VINTAGE DONKEY TAIL GAME,11,40.89,5,1869.0,AZ,0.59
22305,COFFEE MUG PINK PAISLEY DESIGN,11,28.05,5,2269.0,AZ,0.48
21710,FOLDING UMBRELLA  PINK/WHITE  SPOT,11,54.45,4,727.0,BZ,1.51
85034A,3 GARDENIA MORRIS BOXED CANDLES,11,37.75,5,852.0,BZ,1.29
22677,FRENCH BLUE METAL DOOR SIGN 2,11,13.75,2,1583.0,BY,0.69
22678,FRENCH BLUE METAL DOOR SIGN 3,11,13.75,2,1401.0,BY,0.79
22200,FRYING PAN PINK POLKADOT,11,44.25,6,1296.0,AY,0.85
21352,EUCALYPTUS & PINECONE  WREATH,11,74.25,4,880.0,BZ,1.25
22682,FRENCH BLUE METAL DOOR SIGN 7,11,13.75,2,1166.0,BY,0.94
20702,PINK PADDED MOBILE,11,46.75,6,790.0,BY,1.39
21262,WHITE GOOSE FEATHER CHRISTMAS TREE,11,88.45,5,609.0,BZ,1.81
20716,PARTY FOOD SHOPPER BAG,11,13.75,2,1534.0,BY,0.72
21275,ZINC TOP  2 DOOR WOODEN SHELF,11,138.45,8,250.0,BZ,4.4
21303,FILIGREE WALL MIRROR  ANTIQUE WHITE,11,76.44999999999999,4,96.0,CZ,11.46
21206,STRAWBERRY HONEYCOMB  GARLAND,11,18.15,4,2157.0,BY,0.51
82001S,VINYL RECORD FRAME SILVER,11,40.53,5,3051.0,AY,0.36
84461,12 PINK HEN+CHICKS IN BASKET,11,28.05,2,99.0,CZ,11.11
84247K,"FOLK ART GREETING CARD,pack/12",11,32.45,1,76.0,CZ,14.47
84247H,PACK/12 DECOUPAGE CARD,11,32.45,1,42.0,CZ,26.19
22152,PLACE SETTING WHITE STAR,11,4.62,4,6267.0,BZ,0.18
85231B,CINAMMON SET OF 9 T-LIGHTS,11,9.35,1,2061.0,BY,0.53
23080,RED METAL BOX TOP SECRET,11,90.75,7,1079.0,AZ,1.02
10135,COLOURING PENCILS BROWN TUBE,11,13.75,2,4228.0,AZ,0.26
35001G,HAND OPEN SHAPE GOLD,11,37.29,2,717.0,BZ,1.53
21564,PINK  HEART SHAPE LOVE BUCKET,11,31.65,7,1952.0,AZ,0.56
84762A,WHITE PICNIC BARBECUE BUCKET,11,94.45,3,59.0,CZ,18.64
72755C,FLOWER FAIRY OIL BURNER SET ROSE,11,13.75,1,592.0,CZ,1.86
22676,FRENCH BLUE METAL DOOR SIGN 1,11,13.75,2,1832.0,BY,0.6
20730,STRAWBERRY CANDY BAG,11,13.75,2,2218.0,CZ,0.5
90108,BLUE BLOSSOM HAIR CLIP,10,10.5,1,109.0,CZ,9.17
90048,GREEN WITH METAL BAG CHARM,10,49.5,1,31.0,CZ,32.26
85126,LARGE ROUND CUTGLASS CANDLESTICK,10,67.5,4,157.0,CZ,6.37
20770,ABSTRACT CIRCLE JOURNAL,10,20.1,2,1046.0,BZ,0.96
79163,BLACK CHAMPAGNE GLASS,10,5.16,3,1833.0,BZ,0.55
22858,EASTER TIN KEEPSAKE,10,16.5,3,1138.0,BZ,0.88
85026B,EAU DE NILE JEWELLED T-LIGHT HOLDER,10,8.5,1,303.0,CZ,3.3
20963,APPLE BATH SPONGE,10,12.5,1,3463.0,AY,0.29
85059,FRENCH ENAMEL WATER BASIN,10,30.0,4,701.0,BZ,1.43
23291,DOLLY GIRL CHILDRENS CUP,10,12.5,3,1635.0,BZ,0.61
23290,SPACEBOY CHILDRENS BOWL,10,12.5,2,2437.0,BZ,0.41
22080,RIBBON REEL POLKADOTS,10,16.5,1,3917.0,AY,0.26
22760,"TRAY, BREAKFAST IN BED",10,125.7,9,357.0,AZ,2.8
44230,SQUARE MIRROR CURTAIN,10,77.91,4,347.0,BZ,2.88
22311,OFFICE MUG WARMER BLACK+SILVER,10,33.5,4,2125.0,AZ,0.47
23042,PAPER LANTERN 7 POINT SNOW STAR,10,66.5,1,103.0,CZ,9.71
21924,BLUE/CREAM STRIPE FRINGE HAMMOCK,10,79.5,3,315.0,BZ,3.17
21194,PINK  HONEYCOMB PAPER FAN,10,6.5,3,581.0,CZ,1.72
21154,RED SPOTTY OVEN GLOVE,10,12.5,1,8099.0,AY,0.12
21395,BLUE POLKADOT BEAKER,10,3.9,3,2980.0,BZ,0.34
22679,FRENCH BLUE METAL DOOR SIGN 4,10,12.5,1,1270.0,BY,0.79
23092,LARGE ANTIQUE WHITE PHOTO FRAME,10,77.75,9,525.0,BZ,1.9
21395,BLUE SPOTTY BEAKER,10,19.5,1,2980.0,BZ,0.34
85206A,CREAM FELT EASTER EGG BASKET,10,16.5,4,2334.0,BZ,0.43
22750,FELTCRAFT PRINCESS LOLA DOLL,10,37.5,3,3146.0,AY,0.32
21300,ANTIQUE EDWARDIAN DRESSER,10,127.5,2,53.0,CZ,18.87
22685,FRENCH BLUE METAL DOOR SIGN 0,10,12.5,1,1082.0,BY,0.92
22441,GROW YOUR OWN BASIL IN ENAMEL MUG,10,21.0,5,2649.0,AY,0.38
21219,SET/4 BADGES BALLOON GIRL,10,12.5,1,1023.0,BY,0.98
22829,SWEETHEART WIRE WALL TIDY,10,87.9,2,243.0,BZ,4.12
21186,WHITE DOVE HONEYCOMB PAPER GARLAND,10,14.5,1,5277.0,AZ,0.19
22619,SET OF 6 SOLDIER SKITTLES,10,37.5,3,4021.0,AY,0.25
22613,PACK OF 20 SPACEBOY NAPKINS,10,8.5,1,3055.0,BZ,0.33
21450,DISTRESSED CANDLE STICK WHITE,10,59.5,1,13.0,CZ,76.92
21890,S/6 WOODEN SKITTLES IN COTTON BAG,10,30.200000000000003,6,3500.0,AZ,0.29
84482,BUTTONS DESIGN JEWELLERY BOX,10,37.5,2,76.0,CZ,13.16
10134,COLOURING PENCILS BROWN TUBE,10,12.5,1,627.0,CZ,1.59
22476,EMPIRE UNION JACK TV DINNER TRAY,10,49.5,2,1334.0,AZ,0.75
84507C,BLUE CIRCLES DESIGN MONKEY DOLL,10,20.4,3,433.0,CZ,2.31
21779,MA CAMPAGNE MINI WOODEN CHEST,10,35.05,3,301.0,CZ,3.32
22419,LIPSTICK PEN RED,10,4.14,4,6856.0,BY,0.15
23434,3 RAFFIA RIBBONS 50'S CHRISTMAS,10,7.9,1,2105.0,BZ,0.48
84678,CLASSICAL ROSE SMALL VASE,10,22.900000000000002,4,568.0,CZ,1.76
48189,DOORMAT FRIENDSHIP,10,67.5,1,1322.0,AZ,0.76
72789,BASKET/8 SCENTED LOVE TOKEN CANDLES,10,37.5,1,122.0,CZ,8.2
21578,WOODLAND DESIGN  COTTON TOTE BAG,10,22.5,3,2212.0,AY,0.45
23583,LUNCH BAG PAISLEY PARK,10,16.5,1,3395.0,AZ,0.29
21716,BOYS VINTAGE TIN SEASIDE BUCKET,10,25.5,2,3725.0,AY,0.27
35004S,SET OF 3 SILVER FLYING DUCKS,10,56.519999999999996,7,146.0,CZ,6.85
82616B,FRAPPUCINO SCARF KNITTING KIT,10,14.2,2,607.0,CZ,1.65
15060B,FAIRY CAKE DESIGN UMBRELLA,10,42.22,7,1420.0,AY,0.7
21765,HANGING METAL BIRD BATH,9,66.75,2,381.0,BZ,2.36
79301,FEATHER HEART LIGHTS,9,22.95,4,1.0,CZ,900.0
15044D,RED PAPER PARASOL,9,26.15,4,1597.0,AZ,0.56
90209A,PURPLE ENAMEL+GLASS HAIR COMB,9,18.9,2,173.0,CZ,5.2
23244,ROUND STORAGE TIN VINTAGE LEAF,9,16.95,5,936.0,BZ,0.96
22355,"CHARLOTTE BAG , SUKI DESIGN",9,7.6499999999999995,5,32013.0,AX,0.03
23035,DRAWER KNOB CERAMIC IVORY,9,13.049999999999999,2,2209.0,BZ,0.41
22165,"DIAMANTE HEART SHAPED WALL MIRROR,",9,89.25,6,976.0,AZ,0.92
48188,DOORMAT WELCOME PUPPIES,9,71.85,5,4875.0,AZ,0.18
23487,SWEET HEART CAKE CARRIER,9,89.55,6,80.0,CZ,11.25
20936,FORKED CACTUS CANDLE,9,25.75,3,335.0,CZ,2.69
21041,RED RETROSPOT OVEN GLOVE DOUBLE,9,26.55,4,2674.0,AY,0.34
21470,FLOWER VINE RAFFIA FOOD COVER,9,33.75,4,1105.0,BY,0.81
22183,CAKE STAND VICTORIAN FILIGREE MED,9,56.2,6,586.0,BY,1.54
22176,BLUE OWL SOFT TOY,9,26.55,4,1186.0,BZ,0.76
21822,GLITTER CHRISTMAS TREE WITH BELLS,9,16.39,3,1082.0,BZ,0.83
20980,36 PENCILS TUBE POSY,9,11.25,1,233.0,CZ,3.86
21576,LETS GO SHOPPING COTTON TOTE BAG,9,20.25,3,733.0,BY,1.23
21558,SKULL LUNCH BOX WITH CUTLERY,9,22.95,8,4224.0,AY,0.21
21064,BOOM BOX SPEAKER BOYS,9,53.550000000000004,3,889.0,AZ,1.01
21531,RETRO SPOT SUGAR JAM BOWL,9,22.95,3,4085.0,AY,0.22
23356,LOVE HOT WATER BOTTLE,9,53.55,2,2386.0,AZ,0.38
85183A,CHARLIE & LOLA WASTEPAPER BIN BLUE,9,18.75,4,1512.0,BZ,0.6
21717,EASTER TIN BUCKET,9,22.95,2,1561.0,BZ,0.58
23255,CHILDRENS CUTLERY CIRCUS PARADE,9,37.35,3,1015.0,BZ,0.89
84975,HEART SHAPED MIRROR,9,15.21,4,2010.0,BZ,0.45
84816,DANISH ROSE BEDSIDE CABINET,9,340.6,8,33.0,BZ,27.27
21330,WOODLAND ANIMAL  WRITING SET,9,14.85,1,1456.0,BZ,0.62
84803B,WHITE ALLIUM  ARTIFICIAL FLOWER,9,15.21,2,42.0,CZ,21.43
90070,RUBY GLASS CLUSTER BRACELET,9,53.550000000000004,2,63.0,CZ,14.29
23014,GLASS APOTHECARY BOTTLE ELIXIR,9,35.55,3,858.0,BZ,1.05
22204,MILK PAN BLUE RETROSPOT,9,33.75,3,538.0,BZ,1.67
21412,VINTAGE GOLD TINSEL REEL,9,3.7800000000000002,2,277.0,CZ,3.25
85062,PEARL CRYSTAL PUMPKIN T-LIGHT HLDR,9,14.27,5,3964.0,AY,0.23
23090,VINTAGE GLASS T-LIGHT HOLDER,9,7.47,1,2238.0,BZ,0.4
23130,MISTLETOE HEART WREATH GREEN,9,37.35,2,962.0,BZ,0.94
85054,FRENCH ENAMEL POT W LID,8,20.2,5,920.0,BY,0.87
84030C,KNITTED RAINBOW HOT WATER BOTTLE,8,30.0,2,53.0,CZ,15.09
23183,MOTHER'S KITCHEN SPOON REST,8,30.0,3,226.0,CZ,3.54
21460,GREEN EASTER EGG HUNT START POST,8,15.6,2,113.0,CZ,7.08
84627,CANDY STRIPE ROSE C/COVER,8,47.6,1,51.0,CZ,15.69
22199,FRYING PAN RED RETROSPOT,8,34.0,2,1829.0,AZ,0.44
90175A,WHITE GLASS CHUNKY CHARM BRACELET,8,71.6,2,107.0,CZ,7.48
90143,SILVER BRACELET W PASTEL FLOWER,8,60.0,3,81.0,CZ,9.88
84508A,CAMOFLAGE DESIGN TEDDY,8,16.8,1,3809.0,AZ,0.21
22450,SILK PURSE BABUSHKA BLUE,8,26.8,3,838.0,BZ,0.95
22451,SILK PURSE BABUSHKA RED,8,26.8,2,1342.0,AZ,0.6
79192A,RETRO PLASTIC 70'S TRAY,8,10.0,1,114.0,CZ,7.02
72815,3 WICK CHRISTMAS BRIAR CANDLE,8,30.0,3,282.0,CZ,2.84
21382,SET/4 SPRING FLOWER DECORATION,8,6.0,1,1244.0,BZ,0.64
23099,FRENCH CARRIAGE LANTERN,8,53.2,4,137.0,CZ,5.84
21264,WHITE GOOSE FEATHER TREE 60CM,8,15.6,2,393.0,CZ,2.04
90214L,"LETTER ""L"" BLING KEY RING",8,10.0,2,176.0,CZ,4.55
22296,HEART IVORY TRELLIS LARGE,8,13.2,3,9836.0,AY,0.08
23377,PACK OF 12 DOLLY GIRL TISSUES,8,3.12,1,1354.0,CZ,0.59
22058,CERAMIC LOVE HEARTS DESIGN MUG,8,11.92,3,528.0,CZ,1.52
85090,CANDY SPOT APRON,8,37.2,3,106.0,CZ,7.55
22121,NOEL WOODEN BLOCK LETTERS,8,47.6,3,1490.0,AZ,0.54
21349,IVY HEART WREATH,8,54.0,2,555.0,BZ,1.44
84789,ENCHANTED BIRD PLANT CAGE,8,30.0,5,447.0,BZ,1.79
37492D,PURPLE GREEN FLOWER PIGGY BANK,8,13.2,1,361.0,CZ,2.22
22324,BLUE POLKADOT KIDS BAG,8,15.6,1,664.0,BZ,1.2
90013A,MIDNIGHT BLUE VINTAGE EARRINGS,8,30.0,1,115.0,CY,6.96
22850,BREAD BIN DINER STYLE BLACK,8,123.6,2,8.0,CZ,100.0
20832,RED FLOCK LOVE HEART PHOTO FRAME,8,6.8,3,1705.0,CZ,0.47
20799,PINK MILKSHAKE GLASS,8,29.46,2,200.0,CZ,4.0
84761,IVORY HANGING BIRD PLANTER,8,20.4,1,279.0,CZ,2.87
21411,GINGHAM HEART  DOORSTOP RED,8,34.0,3,2103.0,AY,0.38
21638,ASSORTED TUTTI FRUTTI NOTEBOOK,8,16.8,1,1029.0,BZ,0.78
23299,FOOD COVER WITH BEADS SET 2,8,30.0,2,1015.0,BZ,0.79
23327,HANGING CLEAR MINI BOTTLE,8,4.720000000000001,2,1734.0,CZ,0.46
20685,RED SPOTTY COIR DOORMAT,8,54.0,1,9789.0,AY,0.08
20686,DOLLY MIXTURE CHILDREN'S UMBRELLA,8,25.0,7,593.0,BY,1.35
85170B,SET/6 BLACK BIRD T-LIGHT CANDLES,8,16.8,4,283.0,CZ,2.83
84675,FROG KING WATERING CAN,8,23.6,2,206.0,CZ,3.88
85104,SILVER GLASS T-LIGHT SET,8,23.6,2,351.0,CZ,2.28
85124A,PINK JUICY FRUIT PHOTO FRAME,8,20.4,3,387.0,CZ,2.07
22175,PINK OWL SOFT TOY,8,23.6,3,1829.0,AZ,0.44
21639,ASSORTED TUTTI FRUTTI KEYRING,8,6.8,2,259.0,CZ,3.09
21540,DAIRY MAID BUTTER DISH,8,30.5,2,1325.0,BZ,0.6
48184,DOORMAT ENGLISH ROSE,8,63.6,4,4722.0,AY,0.17
21537,RETRO SPOTS PUDDING BOWL,8,34.0,5,1010.0,AY,0.79
21243,PINK  SPOTTY PLATE,8,13.52,1,5639.0,AY,0.14
21243,PINK  POLKADOT PLATE,8,13.52,1,5639.0,AY,0.14
23328,SET 6 SCHOOL MILK BOTTLES IN CRATE,8,29.64,5,2845.0,AZ,0.28
23012,GLASS APOTHECARY BOTTLE PERFUME,8,31.6,5,1074.0,BZ,0.74
17129F,BLUE GLASS GEMS IN BAG,8,11.66,2,1580.0,BY,0.51
22925,BLUE GIANT GARDEN THERMOMETER,8,47.6,5,489.0,BZ,1.64
20674,GREEN SPOTTY BOWL,8,10.0,1,3437.0,AY,0.23
35004G,SET OF 3 GOLD FLYING DUCKS,8,22.59,5,359.0,BZ,2.23
22453,MEASURING TAPE BABUSHKA BLUE,7,20.65,2,803.0,BZ,0.87
21752,GLASS CAKE STAND MIRRORED BASE,7,104.64999999999999,6,78.0,BZ,8.97
21784,SHOE SHINE BOX,7,69.64999999999999,5,294.0,BY,2.38
22372,AIRLINE BAG VINTAGE WORLD CHAMPION,7,33.95,3,606.0,BY,1.16
48187,DOORMAT NEW ENGLAND,7,54.730000000000004,4,7344.0,AY,0.1
23008,DOLLY GIRL BABY GIFT SET,7,118.65,4,435.0,AZ,1.61
22908,PACK OF 20 NAPKINS RED APPLES,7,5.949999999999999,4,5616.0,AZ,0.12
22452,MEASURING TAPE BABUSHKA PINK,7,20.65,2,1295.0,BY,0.54
84507B,STRIPES DESIGN MONKEY DOLL,7,11.049999999999999,4,1349.0,BZ,0.52
23028,DRAWER KNOB CRACKLE GLAZE BLUE,7,11.55,3,1375.0,BZ,0.51
90160A,PURPLE BOUDICCA LARGE BRACELET,7,48.65,1,52.0,CZ,13.46
20782,CAMOUFLAGE EAR MUFF HEADPHONES,7,38.43,2,157.0,CZ,4.46
22825,DECORATIVE PLANT POT WITH FRIEZE,7,53.25,4,100.0,CZ,7.0
22788,BROCANTE COAT RACK,7,66.75,5,476.0,BZ,1.47
90003D,CRYSTAL PAIR HEART HAIR SLIDES,7,26.25,2,60.0,CZ,11.67
22899,CHILDREN'S APRON DOLLY GIRL,7,14.45,5,2774.0,AY,0.25
21210,SET OF 72 RETRO SPOT PAPER  DOILIES,7,10.15,4,15124.0,AY,0.05
22499,WOODEN UNION JACK BUNTING,7,41.650000000000006,3,3586.0,AY,0.2
21185,HOME SWEET HOME  BLACKBOARD,7,44.45,3,132.0,CZ,5.3
85016,SET OF 6 VINTAGE NOTELETS KIT,7,17.85,2,1679.0,BZ,0.42
85170D,SET/6 PINK BIRD T-LIGHT CANDLES,7,12.2,4,723.0,BZ,0.97
21686,MEDINA STAMPED METAL STOOL,7,249.64999999999998,2,65.0,BZ,10.77
90003B,ROSE COLOUR PAIR HEART HAIR SLIDES,7,26.25,2,44.0,CZ,15.91
90003C,MIDNIGHT BLUE PAIR HEART HAIR SLIDE,7,26.25,2,51.0,CZ,13.73
23283,DOORMAT VINTAGE LEAF,7,57.45,2,994.0,AZ,0.7
21536,DAIRY MAID  SMALL  MILK JUG,7,14.700000000000001,7,223.0,CZ,3.14
23015,CORDIAL GLASS JUG,7,57.75,3,41.0,CZ,17.07
23241,TREASURE TIN GYMKHANA DESIGN,7,14.56,5,2184.0,AZ,0.32
22356,CHARLOTTE BAG PINK WITH WHITE SPOTS,7,5.6899999999999995,4,20026.0,AX,0.03
20707,CRAZY DAISY HEART DECORATION,7,8.75,3,1614.0,BZ,0.43
20674,GREEN POLKADOT BOWL,7,8.56,2,3437.0,AY,0.2
90049,IVORY GOLD METAL BAG CHARM,7,34.65,1,20.0,CZ,35.0
85232A,SET/3 POLKADOT STACKING TINS,7,34.65,3,378.0,BZ,1.85
21549,CERAMIC BIRDHOUSE RED ROOF SMALL,7,20.650000000000002,3,547.0,BZ,1.28
22119,PEACE WOODEN BLOCK LETTERS,7,48.650000000000006,5,910.0,AZ,0.77
84352,SILVER CHRISTMAS TREE BAUBLE STAND,7,118.65,6,206.0,BZ,3.4
21111,"SWISS ROLL TOWEL, CHOCOLATE  SPOTS",7,20.65,2,1380.0,BZ,0.51
22832,BROCANTE SHELF WITH HOOKS,7,75.25,5,185.0,BZ,3.78
23345,DOLLY GIRL BEAKER,7,8.75,2,2455.0,BZ,0.29
22770,MIRROR CORNICE,7,104.64999999999999,6,112.0,BZ,6.25
22763,KEY CABINET MA CAMPAGNE,7,69.64999999999999,4,666.0,AZ,1.05
23306,SET OF 36 DOILIES PANTRY DESIGN,7,10.149999999999999,2,2808.0,BZ,0.25
23527,WALL ART ANIMALS AND NATURE,7,26.25,2,421.0,BZ,1.66
84687,BEACH HUT SHELF W 3 DRAWERS,7,37.65,5,315.0,BZ,2.22
20767,BLUE PAISLEY JOURNAL,7,17.85,2,817.0,BZ,0.86
21055,TOOL BOX SOFT TOY,7,62.650000000000006,2,389.0,BY,1.8
82552,WASHROOM METAL SIGN,7,8.75,3,6965.0,AY,0.1
21663,VINTAGE GLASS SUGAR CADDY,7,41.65,7,76.0,CZ,9.21
21664,RIDGED GLASS STORAGE JAR CREAM LID,7,26.25,3,259.0,CZ,2.7
22266,EASTER DECORATION HANGING BUNNY,7,4.55,2,2546.0,CZ,0.27
21065,BOOM BOX SPEAKER GIRLS,7,39.910000000000004,2,611.0,BZ,1.15
23395,BELLE JARDINIERE CUSHION COVER,7,26.25,5,761.0,BZ,0.92
23534,WALL ART STOP FOR TEA,7,41.650000000000006,2,1388.0,AZ,0.5
47591A,CAROUSEL DES CHILD'S APRON,7,11.55,1,163.0,CZ,4.29
23409,PHOTO FRAME LINEN AND LACE LARGE,7,26.25,2,215.0,CZ,3.26
21524,DOORMAT SPOTTY HOME SWEET HOME,7,56.39,4,5268.0,AY,0.13
20795,LARGE BLUE PROVENCAL CERAMIC BALL,7,14.7,3,135.0,CZ,5.19
21474,SWEETHEART CREAM STEEL FOLDIN BENCH,7,139.64999999999998,5,210.0,BZ,3.33
23425,STORAGE TIN HOME SWEET HOME,7,17.43,3,275.0,CZ,2.55
20973,12 PENCIL SMALL TUBE WOODLAND,7,4.55,4,9882.0,AY,0.07
21584,RETROSPOT SMALL TUBE MATCHES,7,11.55,2,3805.0,AZ,0.18
22062,CERAMIC BOWL WITH LOVE HEART DESIGN,7,7.930000000000001,2,769.0,BZ,0.91
23152,IVORY SWEETHEART WIRE LETTER RACK,7,26.25,3,558.0,BZ,1.25
23091,ZINC HERB GARDEN CONTAINER,7,43.75,4,591.0,BZ,1.18
21653,GLASS ETCHED T-LIGHT HOLDER LARGE,7,14.7,2,1251.0,BZ,0.56
90214G,"LETTER ""G"" BLING KEY RING",7,8.75,2,100.0,CZ,7.0
84674,FLYING PIG WATERING CAN,7,20.650000000000002,3,461.0,CZ,1.52
23128,FELTCRAFT BOY JEAN-PAUL KIT,7,34.65,2,453.0,BZ,1.55
22242,"HOOK, 5 HANGER , MAGIC TOADSTOOL",7,11.55,4,4779.0,AZ,0.15
90202A,PURPLE ENAMEL FLOWER HAIR TIE,6,17.7,1,31.0,CZ,19.35
90202B,WHITE ENAMEL FLOWER HAIR TIE,6,17.7,1,24.0,CZ,25.0
90214I,"LETTER ""I"" BLING KEY RING",6,7.5,1,62.0,CZ,9.68
90214C,"LETTER ""C"" BLING KEY RING",6,7.5,1,165.0,CZ,3.64
90214A,"LETTER ""A"" BLING KEY RING",6,7.5,1,213.0,CZ,2.82
90209C,PINK ENAMEL+GLASS HAIR COMB,6,12.6,2,399.0,CZ,1.5
90202C,GREEN ENAMEL FLOWER HAIR TIE,6,17.7,1,31.0,CZ,19.35
84663A,GRASS HOPPER WOODEN WALL CLOCK,6,15.06,4,375.0,CZ,1.6
84596J,MIXED NUTS LIGHT GREEN BOWL,6,7.5,1,813.0,CZ,0.74
84682,CLASSICAL ROSE DISH,6,17.7,3,295.0,CZ,2.03
23131,MISTLETOE HEART WREATH CREAM,6,24.9,2,943.0,BZ,0.64
23160,REGENCY TEA SPOON,6,7.5,2,1462.0,BZ,0.41
90214E,"LETTER ""E"" BLING KEY RING",6,7.5,1,142.0,CZ,4.23
23081,GREEN METAL BOX ARMY SUPPLIES,6,49.5,3,484.0,BZ,1.24
23123,COCKTAIL SWORDS 50 PIECES,6,4.98,2,936.0,CZ,0.64
90101,WHITE FRANGIPANI NECKLACE,6,15.3,1,52.0,CZ,11.54
21744,SNOWFLAKE PORTABLE TABLE LIGHT,6,17.7,1,906.0,BZ,0.66
21756,BATH BUILDING BLOCK WORD,6,35.7,3,1628.0,AY,0.37
90201C,RED ENAMEL FLOWER RING,6,17.7,1,119.0,CZ,5.04
85099B,JUMBO BAG RED WHITE SPOTTY,6,10.799999999999999,6,97350.0,AX,0.01
20894,HANGING BAUBLE T-LIGHT HOLDER LARGE,6,16.9,3,278.0,CZ,2.16
20886,BOX OF 9 PEBBLE CANDLES,6,11.7,1,1783.0,BY,0.34
21627,ELEPHANT CARNIVAL POUFFE,6,78.7,2,196.0,BZ,3.06
21661,VINTAGE GLASS TEA CADDY,6,35.2,4,240.0,BZ,2.5
21992,VINTAGE PAISLEY STATIONERY SET,6,17.7,1,3332.0,AY,0.18
20935,ROUND CACTUS CANDLE,6,17.7,1,302.0,CZ,1.99
20898,VINTAGE NOTEBOOK TRAVELOGUE,6,17.7,1,327.0,CZ,1.83
85083,KISS REINDEER SCANDINAVIAN STOCKING,6,15.3,1,5.0,CZ,120.0
22598,CHRISTMAS MUSICAL ZINC TREE,6,5.1,1,1794.0,CZ,0.33
23426,METAL SIGN DROP YOUR PANTS,6,17.34,1,1277.0,BZ,0.47
85069,CREAM SWEETHEART DOUBLE SHELF,6,101.7,2,3.0,CZ,200.0
22576,SWALLOW WOODEN CHRISTMAS DECORATION,6,5.1,1,3136.0,BZ,0.19
21042,RED RETROSPOT APRON,6,34.4,5,1476.0,AY,0.41
21620,SET OF 4 ROSE BOTANICAL CANDLES,6,22.5,1,1104.0,BZ,0.54
21612,SET 12 WILDFLOWER BOTANICAL T-LIGHT,6,17.7,1,698.0,BZ,0.86
21611,SET OF 12 LILY BOTANICAL T-LIGHTS,6,17.7,2,754.0,BZ,0.8
21587,COSY HOUR GIANT TUBE MATCHES,6,15.3,1,2081.0,AZ,0.29
21462,"NURSERY A,B,C PAINTED LETTERS",6,40.5,6,418.0,BZ,1.44
21482,MUSHROOM BLUE HOT WATER BOTTLE,6,17.7,1,744.0,BZ,0.81
21480,PINK STRIPE HOT WATER BOTTLE,6,17.7,1,286.0,CZ,2.1
22194,BLACK DINER WALL CLOCK,6,51.0,5,373.0,BZ,1.61
22639,SET OF 4 NAPKIN CHARMS HEARTS,6,15.3,1,1657.0,BY,0.36
23407,SET OF 2 TRAYS HOME SWEET HOME,6,59.699999999999996,4,267.0,BZ,2.25
85124C,GREEN JUICY FRUIT PHOTO FRAME,6,15.3,2,429.0,CZ,1.4
85124B,BLUE JUICY FRUIT PHOTO FRAME,6,15.3,1,355.0,CZ,1.69
21949,SET OF 6 STRAWBERRY CHOPSTICKS,6,7.5,1,2598.0,BZ,0.23
84723,CHERRY BLOSSOM CANVAS ART PICTURE,6,47.7,2,54.0,CZ,11.11
45016,DECORATIVE NET CANOPY LEOPARD,6,22.5,1,101.0,CZ,5.94
40002,WHITE BAMBOO RIBS LAMPSHADE,6,5.1,1,78.0,CZ,7.69
21443,OLIVE CHALET BIRDFEEDER,6,22.5,1,258.0,CZ,2.33
23525,WALL ART BUFFALO BILL,6,22.5,1,583.0,BZ,1.03
20781,GOLD EAR MUFF HEADPHONES,6,32.94,3,107.0,CZ,5.61
20771,CHRYSANTHEMUM  JOURNAL,6,15.3,1,626.0,BZ,0.96
21865,PINK UNION JACK  PASSPORT COVER,6,12.6,1,902.0,BY,0.67
72781,BLACK SILOUETTE CANDLE PLATE,6,12.6,1,121.0,CZ,4.96
23397,FOOT STOOL HOME SWEET HOME,6,59.699999999999996,5,489.0,AZ,1.23
22660,DOORMAT I LOVE LONDON,6,47.7,1,884.0,AZ,0.68
23368,SET 12 COLOUR PENCILS DOLLY GIRL,6,3.9,2,2382.0,BZ,0.25
22690,DOORMAT HOME SWEET HOME BLUE,6,48.3,4,2533.0,AZ,0.24
20831,GOLD PHOTO FRAME,6,12.6,1,480.0,CZ,1.25
23524,WALL ART HORSE & PONY,6,22.5,1,481.0,BZ,1.25
23523,WALL ART TREASURE AHOY,6,22.5,1,360.0,CZ,1.67
23518,EMBROIDERED RIBBON REEL RACHEL,6,17.34,1,362.0,CZ,1.66
23514,EMBROIDERED RIBBON REEL SALLY,6,12.48,1,478.0,CZ,1.26
23513,EMBROIDERED RIBBON REEL SUSIE,6,12.48,1,566.0,CZ,1.06
23493,VINTAGE DOILY TRAVEL SEWING KIT,6,11.399999999999999,3,3970.0,AZ,0.15
21580,RABBIT  DESIGN  COTTON TOTE BAG,6,13.5,1,543.0,BZ,1.1
21051,RIBBONS PURSE,6,12.6,1,756.0,BZ,0.79
21930,JUMBO STORAGE BAG SKULLS,6,11.49,6,13407.0,AX,0.04
72799E,IVORY PILLAR CANDLE SILVER FLOCK,6,17.7,1,1237.0,BZ,0.49
20825,GOLD WINE GLASS,6,22.5,1,361.0,BZ,1.66
22751,FELTCRAFT PRINCESS OLIVIA DOLL,6,22.5,2,2271.0,AZ,0.26
22747,POPPY'S PLAYHOUSE BATHROOM,6,12.6,1,2040.0,AZ,0.29
22743,MAKE YOUR OWN FLOWERPOWER CARD KIT,6,17.7,1,1508.0,AZ,0.4
23346,SPACEBOY BEAKER,6,7.5,1,2632.0,BZ,0.23
85190,PINK FLOWER HANGING HEART,6,5.1,1,140.0,CZ,4.29
22812,PACK 3 BOXES CHRISTMAS PANETTONE,6,11.7,1,4887.0,AZ,0.12
22777,GLASS CLOCHE LARGE,6,50.15,5,457.0,BZ,1.31
23338,EGG FRYING PAN RED,6,12.48,1,431.0,CZ,1.39
23330,DECORATIVE WICKER HEART MEDIUM,6,7.5,1,1804.0,BZ,0.33
23597,PAPER BUNTING PAISLEY PARK,6,17.7,1,251.0,CZ,2.39
21110,LARGE CAKE TOWEL PINK SPOTS,6,38.9,3,1641.0,AZ,0.37
85014A,BLACK/BLUE POLKADOT UMBRELLA,6,35.7,1,4661.0,AZ,0.13
84997C,CHILDRENS CUTLERY POLKADOT BLUE,6,22.9,2,9164.0,AY,0.07
85036B,CHOCOLATE 1 WICK MORRIS BOX CANDLE,6,25.5,1,608.0,BZ,0.99
23542,WALL ART 70'S ALPHABET,6,48.7,3,506.0,BZ,1.19
22475,SKULL DESIGN TV DINNER TRAY,6,29.7,1,772.0,BZ,0.78
22496,SET OF 2 ROUND TINS DUTCH CHEESE,6,17.700000000000003,3,735.0,BZ,0.82
21246,RED SPOTTY BIG BOWL,6,29.700000000000003,2,749.0,BY,0.8
22854,CREAM SWEETHEART EGG HOLDER,6,29.700000000000003,6,1160.0,AZ,0.52
22853,CAT BOWL VINTAGE CREAM,6,19.5,1,645.0,BY,0.93
22895,SET OF 2 TEA TOWELS APPLE AND PEARS,6,17.7,1,2857.0,AZ,0.21
90010A,MIDNIGHT BLUE GLASS/SILVER BRACELET,6,53.7,1,49.0,CZ,12.24
82551,LAUNDRY 15C METAL SIGN,6,7.7,4,5642.0,AY,0.11
21688,SILVER PLATE CANDLE BOWL SMALL,6,17.7,1,924.0,BY,0.65
79337,BLUE FLOCK GLASS CANDLEHOLDER,6,2.28,1,1194.0,CZ,0.5
84356,POMPOM CURTAIN,6,41.7,2,750.0,BZ,0.8
21244,BLUE  SPOTTY PLATE,6,10.14,3,5047.0,AY,0.12
21242,RED SPOTTY PLATE,6,10.14,1,7088.0,AY,0.08
35599D,PINK AND WHITE CHRISTMAS TREE 120CM,6,17.7,1,406.0,BZ,1.48
22495,SET OF 2 ROUND TINS CAMEMBERT,6,17.7,1,942.0,BZ,0.64
84997C,BLUE 3 PIECE POLKADOT CUTLERY SET,6,22.5,1,9164.0,AY,0.07
22928,YELLOW GIANT GARDEN THERMOMETER,6,35.7,4,296.0,BZ,2.03
23270,SET OF 2 CERAMIC PAINTED HEARTS,6,8.7,1,1183.0,BZ,0.51
90059E,DIAMANTE HAIR GRIP PACK/2 RUBY,6,9.9,1,53.0,CZ,11.32
17165D,ASS COL LARGE SAND FROG P'WEIGHT,6,6.3,3,723.0,CZ,0.83
90059D,DIAMANTE HAIR GRIP PACK/2 PERIDOT,6,9.9,1,64.0,CZ,9.38
90059C,DIAMANTE HAIR GRIP PACK/2 MONTANA,6,9.9,1,41.0,CZ,14.63
90059B,DIAMANTE HAIR GRIP PACK/2 BLACK DIA,6,9.9,1,27.0,CZ,22.22
90059A,DIAMANTE HAIR GRIP PACK/2 CRYSTAL,6,9.9,1,94.0,CZ,6.38
22981,PANTRY APPLE CORER,6,8.7,2,472.0,CZ,1.27
84997B,CHILDRENS CUTLERY RETROSPOT RED,6,22.5,1,9781.0,AY,0.06
21157,RED SPOTTY WASHBAG,6,12.6,1,690.0,BZ,0.87
84820,DANISH ROSE TRINKET TRAYS,6,35.7,2,325.0,CZ,1.85
37462E,"PET MUG, GOLDFISH",6,2.52,1,107.0,CZ,5.61
84791,GINGHAM HEART DECORATION,6,17.7,1,337.0,CZ,1.78
84782C,GREEN 3 TIER GLASS PLATE STAND,6,50.1,4,74.0,CZ,8.11
84782A,PINK 3 TIER GLASS PLATE STAND,6,76.5,6,119.0,CZ,5.04
21421,PORCELAIN ROSE LARGE,6,7.5,1,1792.0,BZ,0.33
23025,DRAWER KNOB VINTAGE GLASS BALL,6,12.48,1,350.0,CZ,1.71
23020,GLASS  SONGBIRD STORAGE JAR,6,73.65,6,180.0,BZ,3.33
90022,EDWARDIAN DROP EARRINGS JET BLACK,6,22.5,3,39.0,CZ,15.38
17001,HEAVENS SCENT FRAGRANCE OILS ASSTD,6,1.74,2,1211.0,CZ,0.5
90098,NECKLACE+BRACELET PINK BUTTERFLY,6,15.3,1,141.0,CZ,4.26
23013,GLASS APOTHECARY BOTTLE TONIC,6,23.7,3,925.0,BZ,0.65
22912,YELLOW COAT RACK PARIS FASHION,6,29.700000000000003,2,313.0,BZ,1.92
22448,PIN CUSHION BABUSHKA RED,6,20.1,1,753.0,BZ,0.8
22447,PIN CUSHION BABUSHKA BLUE,6,20.1,1,248.0,CZ,2.42
22446,PIN CUSHION BABUSHKA PINK,6,20.1,1,619.0,BZ,0.97
84508B,STRIPES DESIGN TEDDY,6,15.3,1,169.0,CZ,3.55
22145,CHRISTMAS CRAFT HEART STOCKING,6,12.600000000000001,2,1310.0,BZ,0.46
37410,BLACK AND WHITE PAISLEY FLOWER MUG,6,7.5,1,25707.0,BZ,0.02
23007,SPACEBOY BABY GIFT SET,6,101.7,3,499.0,AZ,1.2
23227,FILIGREE HEART BUTTERFLY WHITE,6,7.5,2,1642.0,BZ,0.37
23039,T-LIGHT HOLDER SILVER HEART HANDLE,6,11.7,1,199.0,CZ,3.02
23034,DRAWER KNOB CERAMIC BLACK,6,8.7,1,991.0,BZ,0.61
90059F,DIAMANTE HAIR GRIP PACK/2 LT ROSE,6,9.9,1,48.0,CZ,12.5
90169,DAISY HAIR COMB,6,15.3,1,39.0,CZ,15.38
90168,2 DAISIES HAIR COMB,6,17.7,1,42.0,CZ,14.29
90118,PINK DAISY BAG CHARM,6,15.3,1,42.0,CZ,14.29
23074,EMBOSSED HEART TRINKET BOX,6,12.48,1,250.0,CZ,2.4
22394,PAPERWEIGHT KINGS CHOICE,6,15.3,1,348.0,CZ,1.72
21385,IVORY HANGING DECORATION  HEART,6,5.1,3,10912.0,AY,0.05
21298,EDWARDIAN 2 DRAWER WALL CABINET,6,99.7,5,52.0,CZ,11.54
84927F,PSYCHEDELIC TILE HOOK,6,4.05,2,335.0,CZ,1.79
84926C,FAIRY CAKES TILE COASTER,6,7.5,1,140.0,CZ,4.29
22416,SET OF 36 SPACEBOY PAPER DOILIES,6,8.7,1,1971.0,BZ,0.3
22452,MEASURING TAPE RUSSIAN DOLL PINK,6,17.7,1,1295.0,BY,0.46
90214J,"LETTER ""J"" BLING KEY RING",6,7.5,1,157.0,CZ,3.82
90182C,BLACK 3 BEAD DROP EARRINGS,6,17.7,1,19.0,CZ,31.58
90177E,DROP DIAMANTE EARRINGS GREEN,6,17.7,1,28.0,CZ,21.43
90177D,DROP DIAMANTE EARRINGS PURPLE,6,17.7,1,46.0,CZ,13.04
90177C,DROP DIAMANTE EARRINGS CRYSTAL,6,17.7,1,37.0,CZ,16.22
90177A,CLASSIC DIAMANTE EARRINGS JET,6,17.7,1,19.0,CZ,31.58
90183A,AMBER DROP EARRINGS W LONG BEADS,6,17.7,1,53.0,CZ,11.32
90214P,"LETTER ""P"" BLING KEY RING",6,7.5,1,77.0,CZ,7.79
21734,SMALL MARAKESH LANTERN ON STICK,6,22.5,3,98.0,CZ,6.12
90214S,"LETTER ""S"" BLING KEY RING",6,7.5,1,185.0,CZ,3.24
90208,PAIR OF PINK FLOWER CLUSTER SLIDE,6,15.3,1,159.0,CZ,3.77
90202D,PINK ENAMEL FLOWER HAIR TIE,6,17.7,1,48.0,CZ,12.5
79190D,RETRO PLASTIC DAISY TRAY,5,2.1,1,641.0,CY,0.78
21738,COSY SLIPPER SHOES SMALL  RED,5,14.75,1,429.0,BZ,1.17
23178,JAM CLOCK MAGNET,5,14.45,3,330.0,CZ,1.52
90195A,PURPLE GEMSTONE BRACELET,5,44.75,2,70.0,CZ,7.14
21396,RED SPOTTY EGG CUP,5,6.25,1,948.0,CZ,0.53
22374,AIRLINE BAG VINTAGE JET SET RED,5,23.35,4,1027.0,AY,0.49
22353,LUNCH BOX WITH CUTLERY FAIRY CAKES,5,12.75,2,3045.0,AY,0.16
22166,"WALL MIRROR , RECT DIAMANTE, PINK/",5,39.75,4,441.0,BZ,1.13
22167,OVAL WALL MIRROR DIAMANTE,5,49.75,4,691.0,AZ,0.72
22443,GROW YOUR OWN HERBS SET OF 3,5,39.75,4,690.0,AZ,0.72
21344,MOROCCAN BEATEN METAL DISH,5,37.75,2,166.0,CZ,3.01
37494A,FAIRY CAKE CERAMIC BUTTER DISH,5,14.75,3,242.0,CZ,2.07
22472,TV DINNER TRAY DOLLY GIRL,5,24.75,3,1101.0,AZ,0.45
84985A,SET OF 72 GREEN PAPER DOILIES,5,7.25,1,655.0,CZ,0.76
48173C,DOORMAT BLACK FLOCK,5,40.95,3,4152.0,AZ,0.12
21529,RETRO SPOT CERAMIC TOASTRACK,5,17.25,3,513.0,BZ,0.97
22497,SET OF 2 TINS VINTAGE BATHROOM,5,21.25,2,930.0,BY,0.54
21216,"SET 3 RED SPOT TIN TEA,COFFEE,SUGAR",5,24.05,5,3893.0,AY,0.13
85044,RED REINDEER STRING OF 20 LIGHTS,5,23.35,5,150.0,CZ,3.33
85014B,RED RETROSPOT UMBRELLA,5,29.75,4,6200.0,AZ,0.08
23565,EGG CUP MILKMAID HELGA,5,6.25,2,410.0,CZ,1.22
21012,ANTIQUE ALL GLASS CANDLESTICK,5,10.5,2,2300.0,AZ,0.22
23511,EMBROIDERED RIBBON REEL EMILY,5,10.4,1,573.0,BZ,0.87
21437,24 HANGING EASTER EGGS FLORAL TUB,5,18.75,2,678.0,BZ,0.74
22315,200 RED + WHITE BENDY STRAWS,5,6.25,2,2144.0,BY,0.23
22275,WEEKEND BAG VINTAGE ROSE PAISLEY,5,42.5,4,950.0,AZ,0.53
84750B,BLACK SMALL GLASS CAKE STAND,5,8.19,4,609.0,CZ,0.82
21408,SPOTTY PINK DUCK DOORSTOP,5,21.25,3,707.0,BZ,0.71
21523,DOORMAT FANCY FONT HOME SWEET HOME,5,40.05,3,6920.0,AY,0.07
21630,FLOOR CUSHION ELEPHANT CARNIVAL,5,44.75,5,162.0,BZ,3.09
23458,DOLLY CABINET 3 DRAWERS,5,74.75,4,51.0,CZ,9.8
23460,SWEETHEART WALL TIDY,5,49.75,4,108.0,CZ,4.63
85132A,CHARLIE + LOLA BISCUITS TINS,5,33.75,5,1364.0,AZ,0.37
23423,PANTRY 3 HOOK ROLLING PIN HANGER,5,18.75,3,219.0,CZ,2.28
21657,MILK BOTTLE WITH GLASS STOPPER,5,34.75,3,259.0,BY,1.93
23415,HOME SWEET HOME HOOK,5,8.25,1,328.0,CZ,1.52
85127,SMALL SQUARE CUT GLASS CANDLESTICK,5,24.75,1,279.0,BZ,1.79
22188,BLACK HEART CARD HOLDER,5,19.75,3,10354.0,AZ,0.05
22191,EAU DE NIL DINER WALL CLOCK,5,41.65,5,1975.0,AZ,0.25
21461,BLUE EASTER EGG HUNT START POST,5,9.75,3,83.0,CZ,6.02
21467,CHERRY CROCHET FOOD COVER,5,18.75,5,1027.0,BZ,0.49
20791,BLUE TILED SET OF 3 DRAWERS,5,63.75,1,5.0,CZ,100.0
20793,BLUE TILED TRAY,5,33.75,1,281.0,CZ,1.78
21897,POTTING SHED CANDLE CITRONELLA,5,14.75,2,872.0,BZ,0.57
21900,"KEY FOB , SHED",5,3.25,2,8337.0,AY,0.06
84006,MAGIC TREE -PAPER FLOWERS,5,4.25,2,1858.0,BZ,0.27
20816,GOLD FLOWER CUSHION COVER,5,33.75,1,24.0,CZ,20.83
22794,SWEETHEART WIRE MAGAZINE RACK,5,39.75,4,389.0,BY,1.29
85173,SET/6 FROG PRINCE T-LIGHT CANDLES,5,12.75,1,1018.0,BZ,0.49
20765,CHRYSANTHEMUM SKETCHBOOK,5,18.75,2,446.0,BZ,1.12
23314,VINTAGE CHRISTMAS TABLECLOTH,5,62.5,2,409.0,AZ,1.22
85211,S/4 GROOVY CAT MAGNETS,5,6.529999999999999,3,307.0,CZ,1.63
22914,BLUE COAT RACK PARIS FASHION,5,24.75,4,570.0,BZ,0.88
22852,DOG BOWL VINTAGE CREAM,5,21.25,2,565.0,BZ,0.88
20685,DOOR MAT RED SPOT,5,36.31,3,9789.0,AY,0.05
22966,GINGERBREAD MAN COOKIE CUTTER,5,6.25,2,8239.0,AY,0.06
23236,DOILEY STORAGE TIN,5,14.450000000000001,5,2509.0,AZ,0.2
90062,CARNIVAL BRACELET,5,63.75,4,205.0,BZ,2.44
22222,CAKE PLATE LOVEBIRD WHITE,5,24.75,3,1490.0,AZ,0.34
22204,MILK PAN BLUE POLKADOT,5,18.75,2,538.0,BZ,0.93
84664,CHERRY BLOSSOM BATHROOM CABINET,5,24.75,2,193.0,CZ,2.59
15058A,BLUE POLKADOT GARDEN PARASOL,5,37.35,4,476.0,BZ,1.05
15058B,PINK POLKADOT GARDEN PARASOL,5,37.35,2,438.0,BZ,1.14
15044C,PURPLE PAPER PARASOL,5,13.95,4,970.0,BZ,0.52
15058C,ICE CREAM DESIGN GARDEN PARASOL,4,23.8,2,470.0,BZ,0.85
15058B,PINK WHITE SPOTS GARDEN PARASOL,4,31.8,3,438.0,BZ,0.91
23132,SMALL IVORY HEART WALL ORGANISER,4,23.0,3,1034.0,AZ,0.39
90200C,BLUE SWEETHEART BRACELET,4,17.0,2,206.0,CZ,1.94
90200B,BLACK SWEETHEART BRACELET,4,17.0,2,184.0,CZ,2.17
90200A,PURPLE SWEETHEART BRACELET,4,17.0,2,180.0,CZ,2.22
90195B,BLACK GEMSTONE BRACELET,4,35.8,1,60.0,CZ,6.67
23153,ZINC SWEETHEART WIRE LETTER RACK,4,15.0,1,263.0,CZ,1.52
23181,BULL DOG BOTTLE TOP WALL CLOCK,4,33.0,4,201.0,BZ,1.99
22202,MILK PAN PINK POLKADOT,4,15.0,2,1078.0,AZ,0.37
47563A,RETRO LONGBOARD IRONING BOARD COVER,4,5.0,1,344.0,CZ,1.16
47562,ENGLISH ROSE IRONING BOARD COVER,4,14.2,2,104.0,CZ,3.85
47504J,ENGLISH ROSE SET/3 GARDEN TOOLS,4,31.8,2,5.0,CZ,80.0
47504H,ENGLISH ROSE SPIRIT LEVEL,4,5.0,1,1028.0,CZ,0.39
84616,SILVER ROCCOCO CHANDELIER,4,119.8,3,72.0,BZ,5.56
84597C,RETRO PINK BALL ASHTRAY,4,5.0,1,364.0,CZ,1.1
21494,ROTATING LEAVES T-LIGHT HOLDER,4,5.0,2,3839.0,AZ,0.1
22250,DECORATION  BUTTERFLY  MAGIC GARDEN,4,3.4,1,1526.0,BY,0.26
22249,DECORATION WHITE CHICK MAGIC GARDEN,4,3.4,1,1654.0,BZ,0.24
46775D,SUNSET COLOUR CHUNKY KNITTED THROW,4,59.3,4,153.0,BZ,2.61
22261,FELT EGG COSY WHITE RABBIT,4,3.4,1,2112.0,BZ,0.19
21473,SWEETHEART CREAM STEEL TABLE RECT,4,79.8,3,157.0,BZ,2.55
21471,STRAWBERRY RAFFIA FOOD COVER,4,15.0,3,1411.0,AY,0.28
84580,MOUSE TOY WITH PINK T-SHIRT,4,15.0,1,1061.0,BY,0.38
84559B,3D SHEET OF CAT STICKERS,4,3.4,1,1231.0,CY,0.32
22185,SLATE TILE NATURAL HANGING,4,6.6,4,3942.0,AY,0.1
22182,CAKE STAND VICTORIAN FILIGREE SMALL,4,19.8,3,563.0,BZ,0.71
84707B,PINK JEWELLED MIRROR TRINKET TRAY,4,39.8,1,79.0,CZ,5.06
21438,TUB 24 HANGING EASTER EGGS SPOTTY,4,15.0,1,378.0,BZ,1.06
84819,DANISH ROSE ROUND SEWING BOX,4,17.0,2,909.0,BZ,0.44
22314,OFFICE MUG WARMER CHOC+BLUE,4,15.8,2,1111.0,BZ,0.36
84798B,PURPLE FOXGLOVE ARTIIFCIAL FLOWER,4,10.2,1,326.0,CZ,1.23
21422,PORCELAIN ROSE SMALL,4,3.4,2,3160.0,BZ,0.13
21335,LIBRARY LAMP,4,84.8,4,42.0,CZ,9.52
84907,PINK YELLOW PATCH CUSHION COVER,4,30.6,3,391.0,CZ,1.02
21359,RELAX LARGE WOOD LETTERS,4,39.8,4,210.0,BZ,1.9
21299,EDWARDIAN TOILET ROLL UNIT,4,33.4,3,166.0,CZ,2.41
37327,ASSTD MULTICOLOUR CIRCLES MUG,4,1.56,1,1740.0,CZ,0.23
84509B,SET OF 4 FAIRY CAKE PLACEMATS,4,15.0,1,654.0,BY,0.61
22172,METAL SHELF WITH RAIL,4,34.0,4,378.0,BZ,1.06
48185,DOOR MAT FAIRY CAKE,4,28.48,2,6829.0,AZ,0.06
21245,GREEN POLKADOT PLATE,4,6.76,1,2579.0,AY,0.16
35923,CANDY HEART HANGING DECORATION,4,4.14,3,1546.0,CZ,0.26
35922,EASTER BUNNY WREATH,4,19.8,1,97.0,CZ,4.12
84968E,S/16 VINTAGE BLACK CUTLERY,4,51.0,1,403.0,AZ,0.99
84968C,SET OF 16 VINTAGE PISTACHIO CUTLERY,4,51.0,2,637.0,AZ,0.63
84948,SILVER HANGING T-LIGHT HOLDER DOME,4,6.6,2,279.0,CZ,1.43
21277,FRENCH STYLE EMBOSSED HEART CABINET,4,87.8,4,57.0,BZ,7.02
84989A,75 GREEN FAIRY CAKE CASES,4,2.07,2,2197.0,BZ,0.18
21174,POTTERING IN THE SHED METAL SIGN,4,7.8,3,9709.0,AY,0.04
22515,CHILDS GARDEN SPADE PINK,4,8.4,3,1047.0,BZ,0.38
22500,SET OF 2 TINS JARDIN DE PROVENCE,4,19.8,1,585.0,BZ,0.68
84450A,PINK RABBIT SITTING EASTER,4,1.68,1,52.0,CZ,7.69
22110,BIRD HOUSE HOT WATER BOTTLE,4,10.2,2,2631.0,AZ,0.15
22108,PING! MICROWAVE PLATE,4,15.0,1,313.0,CZ,1.28
48195,DOOR MAT GREEN PAISLEY,4,27.0,2,271.0,BZ,1.48
84327A,PINK JUMPER LARRY THE LAMB,4,6.76,1,961.0,BZ,0.42
21559,STRAWBERRY LUNCHBOX WITH CUTLERY,4,10.2,4,8255.0,AX,0.05
21063,PARTY INVITES JAZZ HEARTS,4,3.4,1,1456.0,BY,0.27
85025B,EAU DE NILE HEART SHAPE PHOTO FRAME,4,6.6,3,574.0,CZ,0.7
21100,CHARLIE AND LOLA CHARLOTTE BAG,4,6.6,4,2547.0,BZ,0.16
22559,SEASIDE FLYING DISC,4,5.0,1,1583.0,BZ,0.25
23566,EGG CUP MILKMAID HEIDI,4,5.0,1,883.0,CZ,0.45
84997D,CHILDRENS CUTLERY POLKADOT PINK,4,15.0,1,11039.0,AY,0.04
21015,DARK BIRD HOUSE TREE DECORATION,4,1.16,1,1702.0,CZ,0.24
23536,WALL ART VILLAGE SHOW,4,23.8,1,626.0,BZ,0.64
23469,CARD HOLDER LOVE BIRD SMALL,4,16.6,2,332.0,BZ,1.2
23461,SWEETHEART BIRD HOUSE,4,16.6,1,857.0,BZ,0.47
21041,RED SPOTTY OVEN GLOVE DOUBLE,4,11.8,2,2674.0,AY,0.15
21039,RED SPOTTY SHOPPING BAG,4,10.2,2,1313.0,BY,0.3
21016,LIGHT BIRD HOUSE TREE DECORATION,4,1.68,1,836.0,CZ,0.48
21556,CERAMIC STRAWBERRY MONEY BOX,4,10.2,4,1609.0,BZ,0.25
21628,TRIANGULAR POUFFE VINTAGE,4,59.8,3,165.0,BZ,2.42
85088,CANDY SPOT HAND BAG,4,8.4,2,347.0,CZ,1.15
22611,VINTAGE UNION JACK SHOPPING BAG,4,19.8,2,908.0,AZ,0.44
22601,CHRISTMAS RETROSPOT ANGEL WOOD,4,3.4,3,5253.0,AZ,0.08
85068,CREAM SWEETHEART SHELF + HOOKS,4,29.8,4,961.0,AZ,0.42
85064,CREAM SWEETHEART LETTER RACK,4,20.200000000000003,3,1599.0,AZ,0.25
22612,TEA COSY VINTAGE UNION JACK,4,15.0,1,1001.0,BZ,0.4
23414,ZINC BOX SIGN HOME,4,39.8,1,141.0,BZ,2.84
85125,SMALL ROUND CUT GLASS CANDLESTICK,4,19.8,1,313.0,BZ,1.28
21659,GLASS CAKE STAND,4,59.8,4,121.0,BZ,3.31
21649,ASSORTED TUTTI FRUTTI PHOTO FRAME,4,11.8,2,421.0,CZ,0.95
21647,ASSORTED TUTTI FRUTTI LARGE PURSE,4,8.4,3,876.0,BZ,0.46
82615,PINK MARSHMALLOW SCARF KNITTING KIT,4,11.0,2,583.0,BZ,0.69
82599,FANNY'S REST STOPMETAL SIGN,4,6.76,3,2519.0,AY,0.16
21836,GINGHAM OVEN GLOVE RED HEART,4,15.0,1,250.0,CZ,1.6
21895,POTTING SHED SOW 'N' GROW SET,4,17.0,1,555.0,BZ,0.72
23396,LE JARDIN BOTANIQUE CUSHION COVER,4,15.0,1,662.0,BZ,0.6
22671,FRENCH LAUNDRY SIGN BLUE METAL,4,6.3999999999999995,3,1692.0,BZ,0.24
85135A,YELLOW DRAGONFLY HELICOPTER,4,31.8,4,96.0,CZ,4.17
20823,GOLD WINE GOBLET,4,18.6,1,261.0,CZ,1.53
22827,RUSTIC  SEVENTEEN DRAWER SIDEBOARD,4,580.0,4,46.0,AZ,8.7
22826,LOVE SEAT ANTIQUE WHITE METAL,4,517.5,4,58.0,AZ,6.9
22764,"RUSTIC WOODEN CABINET, GLASS DOORS",4,93.8,3,183.0,BZ,2.19
85162A,SILVER RETRODISC LAMPSHADE,4,30.31,4,607.0,BZ,0.66
20766,GARDEN PATH SKETCHBOOK,4,15.0,1,520.0,BZ,0.77
20764,ABSTRACT CIRCLES SKETCHBOOK,4,15.0,1,687.0,BZ,0.58
20763,DAISY SKETCHBOOK,4,15.0,1,267.0,CZ,1.5
21913,VINTAGE SEASIDE JIGSAW PUZZLES,4,15.0,3,1131.0,AZ,0.35
72803A,ROSE SCENT CANDLE JEWELLED DRAWER,4,17.0,4,728.0,BZ,0.55
21662,VINTAGE GLASS COFFEE CADDY,4,23.8,4,270.0,BZ,1.48
21692,SILVER LATTICE VANILLA CANDLE POT,4,15.0,1,511.0,BZ,0.78
21682,LARGE MEDINA STAMPED METAL BOWL,4,19.8,2,559.0,BZ,0.72
20762,GREEN FERN SKETCHBOOK,4,15.0,1,458.0,BZ,0.87
20761,BLUE PAISLEY SKETCHBOOK,4,15.0,1,462.0,BZ,0.87
22862,LOVE HEART NAPKIN BOX,4,17.0,2,759.0,BZ,0.53
20747,PICCADILLY TEA SET,4,55.4,3,684.0,AZ,0.58
20783,HEART EAR MUFF HEADPHONES,4,21.12,4,166.0,CZ,2.41
20681,PINK POLKADOT CHILDRENS UMBRELLA,4,13.0,4,1412.0,AY,0.28
20704,MR ROBOT SOFT TOY,4,27.8,1,361.0,BZ,1.11
20695,FLORAL BLUE MONSTER,4,17.0,2,142.0,CZ,2.82
20694,FLORAL PINK MONSTER,4,15.0,1,167.0,CZ,2.4
90010E,AMBER GLASS/SILVER BRACELET,4,35.8,1,56.0,CZ,7.14
90003E,GREEN PAIR HEART HAIR SLIDES,4,15.0,1,34.0,CZ,11.76
22913,RED COAT RACK PARIS FASHION,4,19.8,2,450.0,BZ,0.89
23273,HEART T-LIGHT HOLDER WILLIE WINKIE,4,6.6,4,969.0,BZ,0.41
90147,CHUNKY SILVER NECKLACE PASTEL FLOWE,4,39.8,2,95.0,CZ,4.21
23209,LUNCH BAG DOILEY PATTERN,4,6.6,4,13189.0,AZ,0.03
17165B,ASS COL LARGE SAND GECKO P'WEIGHT,4,4.2,2,813.0,CZ,0.49
79328,BLUE FLOCK GLASS CANDLEHOLDER,4,1.52,1,594.0,CZ,0.67
21775,DECORATIVE FLORE BATHROOM BOTTLE,4,5.0,2,875.0,BZ,0.46
21769,VINTAGE POST OFFICE CABINET,4,319.8,4,123.0,AZ,3.25
90201A,PURPLE ENAMEL FLOWER RING,4,11.8,1,130.0,CZ,3.08
90204,PAIR OF ENAMEL BUTTERFLY HAIRCLIP,4,13.4,1,50.0,CZ,8.0
15044A,PINK PAPER PARASOL,3,8.05,2,4970.0,AZ,0.06
90121B,VINTAGE ROSE BEAD BRACELET BLUE,3,12.75,1,19.0,CZ,15.79
23061,VINTAGE EMBOSSED HEART,3,3.75,1,1033.0,BZ,0.29
78033,FLAG OF ST GEORGE CHAIR,3,17.85,2,76.0,CZ,3.95
72821,CUPID SCENTED CANDLE IN GLASS,3,4.95,1,61.0,CZ,4.92
21736,GOLD SCROLL GLASS T-LIGHT HOLDER,3,1.17,1,205.0,CZ,1.46
21732,RED HANGING METAL STAR TLIGHT HLDR,3,10.530000000000001,2,933.0,BZ,0.32
23093,SMALL PARISIENNE HEART PHOTO FRAME,3,7.470000000000001,2,941.0,BZ,0.32
23122,PARTY CHARMS 50 PIECES,3,2.4899999999999998,2,2253.0,BZ,0.13
23010,CIRCUS PARADE BABY GIFT SET,3,50.849999999999994,2,316.0,AZ,0.95
23049,RECYCLED ACAPULCO MAT RED,3,24.75,2,456.0,BZ,0.66
20668,DISCO BALL CHRISTMAS DECORATION,3,0.36,2,21119.0,BZ,0.01
90040C,MURANO STYLE GLASS BRACELET GOLD,3,10.5,1,41.0,CZ,7.32
90040A,MURANO STYLE GLASS BRACELET RED,3,10.5,1,53.0,CZ,5.66
22999,TRAVEL CARD WALLET VINTAGE LEAF,3,1.26,2,2960.0,BZ,0.1
23237,SET OF 4 KNICK KNACK TINS LEAVES,3,12.450000000000001,2,1054.0,AZ,0.28
23016,GLASS TWIST BON BON JAR,3,19.95,1,74.0,CZ,4.05
90002E,FLOWER BURST SILVER RING GREEN,3,11.25,2,18.0,CZ,16.67
22934,BAKING MOULD EASTER EGG WHITE CHOC,3,8.85,1,589.0,BZ,0.51
22929,SCHOOL DESK AND CHAIR,3,195.0,2,23.0,BZ,13.04
21722,SWEET PUDDING STICKER SHEET,3,2.55,2,347.0,CZ,0.86
21708,FOLDING UMBRELLA  CREAM/MULTI  SPOT,3,14.85,1,611.0,BZ,0.49
85218,S/5 MINI ICE CREAM FRIDGE MAGNETS,3,4.35,1,1992.0,CZ,0.15
23274,STAR T-LIGHT HOLDER WILLIE WINKIE,3,4.949999999999999,3,1183.0,BZ,0.25
20751,FUNKY WASHING UP GLOVES ASSORTED,3,6.300000000000001,3,2901.0,AY,0.1
20750,RED/WHITE DOT MINI CASES,3,22.25,2,3693.0,AX,0.08
85179A,GREEN BITTY LIGHT CHAIN,3,13.95,1,220.0,CZ,1.36
20778,GARDEN PATH NOTEBOOK,3,4.949999999999999,2,3612.0,CZ,0.08
20777,CHRYSANTHEMUM NOTEBOOK,3,4.949999999999999,2,3660.0,BZ,0.08
23329,DECORATIVE WICKER HEART LARGE,3,4.95,1,1778.0,BZ,0.17
23323,WHITE WICKER STAR,3,6.300000000000001,3,1473.0,BZ,0.2
22761,CHEST 7 DRAWER MA CAMPAGNE,3,68.85,2,48.0,CZ,6.25
85145,JARDIN ETCHED GLASS LARGE BELL JAR,3,38.25,1,92.0,CZ,3.26
23406,HOME SWEET HOME KEY HOLDER,3,18.75,2,457.0,BZ,0.66
23403,LETTER HOLDER HOME SWEET HOME,3,11.25,3,626.0,BZ,0.48
23401,RUSTIC MIRROR WITH LACE HEART,3,18.75,3,459.0,BZ,0.65
21841,BABY MOUSE RED GINGHAM DRESS,3,12.75,1,441.0,BZ,0.68
21681,GIANT MEDINA STAMPED METAL BOWL,3,29.849999999999998,2,235.0,BZ,1.28
21666,RIDGED GLASS T-LIGHT HOLDER,3,1.9500000000000002,2,1766.0,CZ,0.17
85093,CANDY SPOT EGG WARMER HARE,3,3.75,1,1362.0,CZ,0.22
20970,PINK FLORAL FELTCRAFT SHOULDER BAG,3,11.25,2,2494.0,AY,0.12
21011,GLITTER SNOW PEAR TREE DECORATION,3,4.35,1,1851.0,BZ,0.16
22572,ROCKING HORSE GREEN CHRISTMAS,3,2.55,1,3457.0,BZ,0.09
22563,HAPPY STENCIL CRAFT,3,3.75,2,5967.0,AZ,0.05
23490,T-LIGHT HOLDER HANGING LOVE BIRD,3,11.25,1,548.0,BZ,0.55
23459,DOLLY CABINET 2 DRAWERS,3,37.5,2,33.0,CZ,9.09
21043,APRON MODERN VINTAGE COTTON,3,17.85,1,679.0,BZ,0.44
21032,SPACE CADET WHITE,3,3.75,1,214.0,CZ,1.4
85043,RED HEART CANDY POP LIGHTS,3,14.850000000000001,3,1.0,CZ,300.0
85039A,SET/4 RED MINI ROSE CANDLE IN BOWL,3,4.949999999999999,2,1514.0,BZ,0.2
71101E,STANDING FAIRY POLE SUPPORT,3,2.55,1,779.0,CZ,0.39
82616C,MIDNIGHT GLAMOUR SCARF KNITTING KIT,3,3.75,1,634.0,CZ,0.47
82597,BOMBS AWAY METAL SIGN,3,5.890000000000001,2,1236.0,BY,0.24
21825,PAINTED METAL TREE WITH HOLLY BELLS,3,4.35,1,737.0,CZ,0.41
85035C,ROSE 3 WICK MORRIS BOX CANDLE,3,12.75,1,1373.0,BZ,0.22
85033G,SET/6 GOLD REINDEER T-LIGHT CANDLES,3,1.9500000000000002,2,236.0,CZ,1.27
22540,MINI JIGSAW CIRCUS PARADE,3,1.26,2,6162.0,BZ,0.05
85007,SET OF 3 VINTAGE TEA TIME BOXES,3,13.95,1,143.0,CZ,2.1
21129,SILVER FISHING GNOME,3,20.85,2,127.0,CZ,2.36
84997B,RED 3 PIECE MINI DOTS CUTLERY SET,3,11.25,3,9781.0,AY,0.03
22516,CHILDS GARDEN RAKE BLUE,3,6.3,1,851.0,BZ,0.35
22471,TV DINNER TRAY AIR HOSTESS,3,11.85,2,628.0,BZ,0.48
35832,WOOLLY HAT SOCK GLOVE ADVENT STRING,3,13.55,3,1739.0,AZ,0.17
84969,ASSORTED COLOUR SET 6 TEASPOONS,3,12.75,3,971.0,AY,0.31
84967B,BLUE KASHMIRI OCCASIONAL TABLE,3,139.95,2,24.0,BZ,12.5
84952B,BLACK LOVE BIRD T-LIGHT HOLDER,3,11.25,1,364.0,CZ,0.82
71459,HANGING JAM JAR T-LIGHT HOLDERS,3,2.55,1,33109.0,AY,0.01
84931B,BLUE SCOTTIE DOG W FLOWER PATTERN,3,7.65,1,279.0,CZ,1.08
21323,HANGING MEDINA LANTERN LARGE,3,12.75,1,744.0,BZ,0.4
21317,GLASS SPHERE CANDLE STAND MEDIUM,3,15.850000000000001,3,359.0,BZ,0.84
22450,SILK PURSE RUSSIAN DOLL BLUE,3,10.05,1,838.0,BZ,0.36
21331,MOROCCAN BEATEN METAL DISH LARGE,3,38.25,2,110.0,CZ,2.73
22381,TOY TIDY PINK RETROSPOT,3,6.300000000000001,3,9272.0,AY,0.03
84845C,CARNATION SQUARE HANDY TIN,3,3.75,1,42.0,CZ,7.14
84840,SWEETHEART CARRY-ALL BASKET,3,25.5,2,284.0,BZ,1.06
84830,LARGE ENGLISH ARBORETUM,3,50.85,1,113.0,CZ,2.65
21393,BLUE  SPOTTY PUDDING BOWL,3,6.3,1,5244.0,CZ,0.06
21391,FRENCH LAVENDER SCENT HEART,3,6.3,1,1436.0,BZ,0.21
84803A,PINK ALLIUM  ARTIFICIAL FLOWER,3,5.07,1,112.0,CZ,2.68
84800M,MEDIUM WHITE/PINK ROSE ART FLOWER,3,5.07,1,250.0,CZ,1.2
21418,STARFISH SOAP DISH,3,7.65,1,195.0,CZ,1.54
84751B,BLACK MEDIUM GLASS CAKE STAND,3,8.29,2,40.0,CZ,7.5
51012C,"FEATHER DUSTER, COAL BLACK",3,3.75,2,171.0,CZ,1.75
48194,DOOR MAT HEARTS,3,22.47,1,7738.0,AY,0.04
22137,BATHROOM SET LOVE HEART DESIGN,3,8.850000000000001,2,606.0,BZ,0.5
22136,LOVE HEART SOCK HANGER,3,4.55,3,1994.0,BZ,0.15
21561,DINOSAUR LUNCH BOX WITH CUTLERY,3,7.6499999999999995,3,2980.0,AY,0.1
46000P,POLYESTER FILLER PAD 65CMx65CM,3,12.75,1,213.0,CZ,1.41
84685,BEACH HUT KEY CABINET,3,8.75,3,436.0,BZ,0.69
47503K,ASSORTED FLORAL SECATEURS,3,4.75,3,3179.0,BZ,0.09
22267,EASTER DECORATION EGG BUNNY,3,3.75,1,1473.0,BZ,0.2
22259,FELT FARM ANIMAL HEN,3,3.75,1,592.0,CZ,0.51
22216,T-LIGHT HOLDER WHITE LACE,3,2.55,1,1396.0,BZ,0.21
84659A,WHITE TRAVEL ALARM CLOCK,3,7.6499999999999995,3,590.0,BY,0.51
84631,FRUIT TREE AND BIRDS WALL PLAQUE,3,23.85,2,289.0,CZ,1.04
84611B,BLACK NEW BAROQUE FLOCK BOX,3,17.85,2,7.0,CZ,42.86
84600,NEW BAROQUE JEWELLERY BOX,3,22.85,3,108.0,CZ,2.78
84597B,RETRO BROWN BALL ASHTRAY,3,3.75,1,205.0,CZ,1.46
48116,DOORMAT MULTICOLOUR STRIPE,3,24.15,2,3454.0,AZ,0.09
48187,DOOR MAT NEW ENGLAND,3,21.73,2,7344.0,AY,0.04
48184,DOOR MAT ENGLISH ROSE,3,22.47,1,4722.0,AY,0.06
21529,RED RETROSPOT TOASTRACK,3,10.350000000000001,2,513.0,BZ,0.58
21554,CERAMIC BIRDHOUSE RED ROOF LARGE,3,17.85,2,168.0,CZ,1.79
21552,CERAMIC BIRDHOUSE BLACK ROSE  LARGE,3,17.85,2,166.0,CZ,1.81
84472,PINK AND LILAC QUILTED THROW,3,125.9,3,87.0,BZ,3.45
22166,WALL MIRROR RECTANGLE DIAMANTE PINK,3,23.85,2,441.0,BZ,0.68
23114,VINTAGE LEAF CHOPPING BOARD,3,14.850000000000001,2,149.0,CZ,2.01
23192,BUNDLE OF 3 ALPHABET EXERCISE BOOKS,3,4.949999999999999,2,3533.0,AZ,0.08
23191,BUNDLE OF 3 RETRO NOTE BOOKS,3,4.949999999999999,2,2218.0,BZ,0.14
21763,VINTAGE WOODEN BAR STOOL,3,81.85,2,43.0,CZ,6.98
90200D,PINK SWEETHEART BRACELET,3,12.75,1,330.0,BY,0.91
90185D,CRYSTAL DIAMANTE EXPANDABLE RING,3,12.75,2,69.0,CZ,4.35
90184B,AMETHYST CHUNKY BEAD BRACELET W STR,3,26.849999999999998,2,69.0,CZ,4.35
23142,IVORY WIRE KITCHEN ORGANISER,2,19.55,2,121.0,BZ,1.65
23190,BUNDLE OF 3 SCHOOL EXERCISE BOOKS,2,3.3,2,1702.0,BZ,0.12
79303D,LILAC FLOWER BLOCK TABLE LAMP,2,5.9,2,78.0,CZ,2.56
21768,WALL MOUNTED VINTAGE ORGANISER,2,27.7,2,510.0,AZ,0.39
90199C,5 STRAND GLASS NECKLACE CRYSTAL,2,12.7,2,100.0,CZ,2.0
90192,JADE DROP EARRINGS W FILIGREE,2,9.9,1,94.0,CZ,2.13
84510F,SET OF 4 NEW ENGLAND COASTERS,2,2.5,1,1101.0,CZ,0.18
84510B,SET OF 4 FAIRY CAKES COASTERS,2,2.5,1,1188.0,BZ,0.17
84508A,CAMOUFLAGE DESIGN TEDDY,2,5.1,2,3809.0,AZ,0.05
84467,ENGLISH ROSE DESIGN QUILTED THROW,2,79.9,1,816.0,AZ,0.25
90176C,DIAMANTE NECKLACE,2,15.0,2,10.0,CZ,20.0
90175B,PINK GLASS CHUNKY CHARM BRACELET,2,17.9,1,36.0,CZ,5.56
17107D,"FLOWER FAIRY,5 SUMMER B'DRAW LINERS",2,5.1,1,321.0,CY,0.62
90082D,DIAMANTE BOW BROOCH BLACK COLOUR,2,12.7,1,104.0,CZ,1.92
23051,RECYCLED ACAPULCO MAT BLUE,2,16.5,2,365.0,BZ,0.55
90050,CRACKED GLAZE NECKLACE IVORY,2,13.9,1,10.0,CZ,20.0
90046,WHITE WITH METAL BAG CHARM,2,9.9,1,13.0,CZ,15.38
48173C,DOOR MAT BLACK FLOCK,2,14.98,1,4152.0,AZ,0.05
84388,WISE MAN STAR SHAPE EGG PAN,2,3.3,2,72.0,CZ,2.78
22118,JOY WOODEN BLOCK LETTERS,2,9.9,2,806.0,BZ,0.25
48111,DOORMAT 3 SMILEY CATS,2,15.9,1,4256.0,AZ,0.05
47583A,SET OF 3 WICKER BASKET ROSE,2,49.9,2,71.0,CZ,2.82
21520,BOOZE & WOMEN GREETING CARD,2,0.84,1,957.0,CY,0.21
23024,LARGE BONNE JAM JAR  T-LIGHT HOLDER,2,4.98,1,255.0,CZ,0.78
23023,RIDGED BONNE JAM JAR T-LIGHT HOLDER,2,3.3,1,286.0,CZ,0.7
90024B,NEW BAROQUE B'FLY NECKLACE RED,2,17.0,1,26.0,CZ,7.69
90002D,FLOWER BURST SILVER RING CRYSTAL,2,7.5,1,104.0,CZ,1.92
21728,METAL MEDINA LANTERN,2,25.5,2,300.0,BZ,0.67
21726,MULTI HEARTS  STICKERS,2,1.7,1,1086.0,CZ,0.18
21725,SWEETIES  STICKERS,2,1.7,1,1137.0,CY,0.18
21724,PANDA AND BUNNIES STICKER SHEET,2,1.7,1,996.0,CY,0.2
21721,CANDY SHOP  STICKER SHEET,2,1.7,1,1091.0,CY,0.18
23253,16 PIECE CUTLERY SET PANTRY DESIGN,2,31.9,2,258.0,BZ,0.78
22949,SET OF 36 DOLLY GIRL PAPER DOILIES,2,2.9,1,2022.0,BZ,0.1
90002C,FLOWER BURST SILVER RING MIDN'T BLU,2,7.5,1,33.0,CZ,6.06
84614A,PINK BAROQUE FLOCK CANDLE HOLDER,2,11.9,1,17.0,CZ,11.76
84609,TALL ROCOCO CANDLE HOLDER,2,17.0,1,143.0,BZ,1.4
84608,ORNATE EDWARDIAN CANDLE HOLDER,2,15.9,1,6.0,CZ,33.33
21525,BEWARE OF THE CAT DOORMAT,2,13.5,1,2.0,CZ,100.0
48188,DOOR MAT WELCOME PUPPIES,2,13.5,1,4875.0,AZ,0.04
85222,ASSORTED COLOUR SILK COSMETIC PURSE,2,2.75,2,1407.0,BZ,0.14
20700,GREEN CAT FLORAL CUSHION COVER,2,7.5,2,420.0,CZ,0.48
22894,TABLECLOTH RED APPLES DESIGN,2,17.0,1,562.0,AZ,0.36
23285,PINK VINTAGE SPOT BEAKER,2,1.7,1,4807.0,AZ,0.04
23280,FOLDING BUTTERFLY MIRROR HOT PINK,2,1.66,1,2024.0,BZ,0.1
20692,FLORAL ELEPHANT SOFT TOY,2,8.5,2,912.0,BZ,0.22
20753,RETRO PINK SPOT WASHING UP GLOVES,2,4.2,1,218.0,CZ,0.92
20752,BLUE POLKADOT WASHING UP GLOVES,2,4.2,2,1508.0,BZ,0.13
22822,CREAM WALL PLANTER HEART SHAPED,2,11.9,2,583.0,BZ,0.34
22820,GIFT BAG BIRTHDAY,2,1.3,1,1353.0,CZ,0.15
21476,STEEL SWEETHEART ROUND TABLE CREAM,2,29.9,2,144.0,BZ,1.39
21468,BUTTERFLY CROCHET FOOD COVER,2,7.5,2,670.0,BZ,0.3
21465,PINK FLOWER CROCHET FOOD COVER,2,7.5,1,794.0,BZ,0.25
22201,FRYING PAN BLUE POLKADOT,2,8.5,2,510.0,BZ,0.39
47574A,ENGLISH ROSE SCENTED HANGING FLOWER,2,1.5,1,575.0,CZ,0.35
47570B,TEA TIME TABLE CLOTH,2,21.3,1,983.0,AZ,0.2
47552A,DOTS IRONING BOARD COVER,2,3.3,1,13.0,CZ,15.38
22227,HANGING HEART MIRROR DECORATION,2,1.3,2,6036.0,AY,0.03
84660A,WHITE STITCHED WALL CLOCK,2,4.54,2,867.0,CZ,0.23
85185E,DUCK SOCK PUPPET,2,5.1,1,4.0,CZ,50.0
23332,IVORY WICKER HEART LARGE,2,3.3,1,2076.0,BZ,0.1
22828,REGENCY MIRROR WITH SHUTTERS,2,290.0,1,17.0,BZ,11.76
22742,MAKE YOUR OWN PLAYTIME CARD KIT,2,5.9,1,1006.0,BZ,0.2
85161,ACRYLIC GEOMETRIC LAMP,2,37.9,2,51.0,CZ,3.92
20786,BLACK RETRO BAR STOOL,2,79.9,2,99.0,BZ,2.02
85147,JARDIN ETCHED GLASS CANDLEHLDR LONG,2,9.9,1,61.0,CZ,3.28
85144,JARDIN ETCHED GLASS BUTTER DISH,2,14.5,2,290.0,CZ,0.69
21440,12 MINI TOADSTOOL PEGS,2,2.5,1,481.0,CZ,0.42
21431,GREEN GINGHAM FLOWER JEWELLERY BOX,2,3.3,2,1488.0,BZ,0.13
84680,CLASSICAL ROSE URN,2,15.9,1,94.0,CZ,2.13
22282,12 EGG HOUSE PAINTED WOOD,2,25.5,2,561.0,AZ,0.36
23389,SPACEBOY MINI BACKPACK,2,8.3,1,1122.0,AZ,0.18
22702,BLACK AND WHITE CAT BOWL,2,3.95,2,1591.0,BZ,0.13
22723,SET OF 6 HERB TINS SKETCHBOOK,2,7.9,2,1169.0,AZ,0.17
85135C,RED DRAGONFLY HELICOPTER,2,15.9,2,162.0,BZ,1.23
85135B,BLUE DRAGONFLY HELICOPTER,2,15.9,2,151.0,BZ,1.32
20851,ZINC HEART LATTICE TRAY OVAL,2,11.9,1,335.0,CZ,0.6
20822,SILVER WINE GOBLET,2,9.3,1,2.0,CZ,100.0
85132B,CHARLIE AND LOLA TABLE TINS,2,19.9,1,929.0,BZ,0.22
23412,HEART MIRROR ANTIQUE WHITE,2,15.0,1,358.0,BZ,0.56
23400,SHELF WITH 4 HOOKS HOME SWEET HOME,2,12.5,1,461.0,BZ,0.43
85121C,RETRO LAUNDRY TUB PISTACHIO,2,17.0,1,98.0,CZ,2.04
85114B,IVORY ENCHANTED FOREST PLACEMAT,2,3.3,1,2081.0,BZ,0.1
20871,OPULENT VELVET SET/3 CANDLES,2,4.2,2,1276.0,BZ,0.16
21955,UNION JACK GUNS & ROSES  DOORMAT,2,13.5,1,3921.0,AZ,0.05
51020B,STRIPY DESIGN SHOWER CAP,2,0.58,2,1084.0,CZ,0.18
51020A,SUMMER FUN DESIGN SHOWER CAP,2,0.58,1,1304.0,CZ,0.15
21547,CERAMIC BIRDHOUSE CRESTED TIT SMALL,2,5.9,1,719.0,BZ,0.28
21545,CERAMIC BIRDHOUSE BUTTERFLY SMALL,2,5.9,2,698.0,BZ,0.29
21538,DAIRY MAID  PUDDING BOWL,2,7.5,2,1309.0,BZ,0.15
84288B,SET/2 BLUE  NOODLE BASKETS,2,3.9,1,62.0,CZ,3.23
44234,ASSORTED CIRCULAR MOBILE,2,0.42,1,1239.0,CZ,0.16
22322,BIRD DECORATION GREEN  SPOT,2,1.7,1,1629.0,BY,0.12
21815,STAR  T-LIGHT HOLDER,2,2.9,2,693.0,CZ,0.29
21807,WHITE CHRISTMAS STAR DECORATION,2,0.84,2,3263.0,BZ,0.06
21804,WHITE CHRISTMAS GARLAND STARS TREES,2,7.5,1,605.0,BZ,0.33
72814,SET/3 CHRISTMAS BRIAR CANDLES,2,7.5,1,269.0,CZ,0.74
72803B,OCEAN SCENT CANDLE JEWELLED DRAWER,2,8.5,2,95.0,CZ,2.11
72800D,S/4 BLUE DINNER CANDLE SILVER FLOCK,2,5.1,2,639.0,CZ,0.31
72800B,S/4 PURPLE DINNER CANDLE BLK FLOCK,2,5.1,1,988.0,BZ,0.2
21839,MUMMY MOUSE RED GINGHAM RIBBON,2,10.9,1,204.0,CZ,0.98
84773,RED ROSE AND LACE C/COVER,2,5.9,2,190.0,CZ,1.05
84765,SILVER ROCOCO CANDELABRA,2,25.5,1,9.0,CZ,22.22
84706B,FAIRY CAKES TABLE CLOCK,2,17.9,2,20.0,CZ,10.0
84690,S/2 BEACH HUT STOOLS,2,15.9,1,28.0,CZ,7.14
22277,COSMETIC BAG VINTAGE ROSE PAISLEY,2,4.2,2,1402.0,BZ,0.14
70006,LOVE HEART POCKET WARMER,2,2.44,2,4442.0,BZ,0.05
20901,VINTAGE KEEPSAKE BOX PINK FLOWER,2,12.7,1,92.0,CZ,2.17
85087,CANDY SPOT CUSHION COVER,2,5.9,2,420.0,BZ,0.48
85071B,RED CHARLIE+LOLA PERSONAL DOORSIGN,2,5.9,1,2352.0,BZ,0.09
22592,CARDHOLDER HOLLY WREATH METAL,2,7.5,2,1982.0,AZ,0.1
22581,WOOD STOCKING CHRISTMAS SCANDISPOT,2,1.7,1,3576.0,BZ,0.06
23437,50'S CHRISTMAS GIFT BAG LARGE,2,2.5,1,1939.0,BZ,0.1
23428,IVORY RETRO KITCHEN WALL CLOCK,2,16.3,1,77.0,CZ,2.6
23427,STOOL HOME SWEET HOME,2,22.9,2,238.0,BZ,0.84
84809A,WHITE CHRYSANTHEMUMS ART FLOWER,2,4.2,1,276.0,CZ,0.72
37451,CERAMIC CAKE TEAPOT WITH CHERRY,2,8.5,2,1.0,CZ,200.0
84800S,SMALL WHITE/PINK ROSE ART FLOWER,2,2.5,1,394.0,CZ,0.51
84797B,BLUE SAVANNAH PICNIC HAMPER FOR 4,2,33.9,1,344.0,BZ,0.58
20989,URBAN CHIC CHOPSTICKS SET/5,2,3.9,1,407.0,CZ,0.49
23456,MEDIUM PARLOUR PICTURE FRAME,2,8.3,1,158.0,CZ,1.27
23454,THREE MINI HANGING FRAMES,2,8.3,1,179.0,CZ,1.12
21038,SET/4 MODERN VINTAGE COTTON NAPKINS,2,5.9,1,166.0,CZ,1.2
21035,SET/2 RED SPOTTY TEA TOWELS,2,5.9,2,6006.0,AY,0.03
85039C,S/4 BLACK MINI ROSE CANDLE IN BOWL,2,3.3,2,537.0,CZ,0.37
22053,EMPIRE DESIGN ROSETTE,2,2.5,2,4553.0,BZ,0.04
21656,RIDGED GLASS POSY VASE,2,2.9,1,991.0,BZ,0.2
82613A,"METAL SIGN,CUPCAKE SINGLE HOOK",2,2.5,2,536.0,CZ,0.37
21837,CROSS STITCH ALPHABET CUSHION COVER,2,11.9,1,245.0,BZ,0.82
72750A,FLOWER FAIRY SET OF 3 LILY CANDLES,2,3.9,1,383.0,CZ,0.52
21923,RED/CREAM STRIPE FRINGE HAMMOCK,2,15.9,2,339.0,BZ,0.59
21905,MORE BUTTER METAL SIGN,2,4.2,2,1616.0,BZ,0.12
21972,SET OF 36 DINOSAUR PAPER DOILIES,2,2.9,2,1056.0,BY,0.19
23541,WALL ART CLASSIC PUDDINGS,2,16.5,1,872.0,AZ,0.23
23508,MINI PLAYING CARDS DOLLY GIRL,2,0.84,1,2631.0,CZ,0.08
23503,PLAYING CARDS KEEP CALM & CARRY ON,2,2.5,2,3646.0,AZ,0.05
84868B,BLUE BABY BOY'S MEMORY BOX,2,13.9,1,5.0,CZ,40.0
84857B,BLUE MONTE CARLO HANDBAG,2,3.9,1,24.0,CZ,8.33
84843,WHITE SOAP RACK WITH 2 BOTTLES,2,11.9,2,281.0,BZ,0.71
21364,PEACE SMALL WOOD LETTERS,2,13.5,2,471.0,BZ,0.42
21360,JOY LARGE WOOD LETTERS,2,19.9,1,442.0,BZ,0.45
21407,BROWN CHECK CAT DOORSTOP,2,8.5,2,1297.0,AY,0.15
21398,RED  SPOTTY COFFEE  MUG,2,4.2,1,2295.0,BZ,0.09
21392,RED SPOTTY PUDDING BOWL,2,4.2,1,7545.0,BZ,0.03
85036A,GARDENIA 1 WICK MORRIS BOXED CANDLE,2,5.5,2,637.0,BZ,0.31
21054,NURSE'S BAG SOFT TOY,2,17.9,1,386.0,BY,0.52
85025C,PINK HEART SHAPE PHOTO FRAME,2,3.3,2,721.0,BZ,0.28
22521,CHILDS GARDEN TROWEL PINK,2,1.7,1,2300.0,BZ,0.09
22520,CHILDS GARDEN TROWEL BLUE,2,1.7,2,2295.0,BZ,0.09
22547,MINI JIGSAW DINOSAUR,2,0.84,1,1989.0,CZ,0.1
23574,PACKING CHARGE,2,15.0,2,14.0,CZ,14.29
23569,TRADTIONAL ALPHABET STAMP SET,2,9.9,1,961.0,AZ,0.21
84907,PINK/YELLOW PATCH CUSHION COVER,2,15.3,2,391.0,CZ,0.51
84877B,GREEN ROUND COMPACT MIRROR,2,2.5,1,291.0,CZ,0.69
22360,"GLASS JAR, ENGLISH CONFECTIONERY",2,5.9,1,2514.0,AY,0.08
37348,SET OF 4 PASTEL STACKING MUGS,2,5.1,2,14.0,CZ,14.29
22375,AIRLINE BAG VINTAGE JET SET BROWN,2,10.6,2,594.0,BY,0.34
22365,DOORMAT RESPECTABLE HOUSE,2,15.9,1,2331.0,AZ,0.09
21078,SET/20 STRAWBERRY PAPER NAPKINS,2,1.7,1,7226.0,AY,0.03
21109,"LARGE CAKE TOWEL, CHOCOLATE SPOTS",2,13.5,1,1177.0,AZ,0.17
85014A,BLACK/BLUE DOTS RUFFLED UMBRELLA,2,11.9,1,4661.0,AZ,0.04
85008,SET OF 3 CONEY ISLAND OVAL BOXES,2,9.9,2,270.0,CZ,0.74
21156,RED SPOTTY CHILDS APRON,2,3.9,2,9145.0,AY,0.02
21153,RED SPOTTY TABLECLOTH,2,21.3,2,393.0,AZ,0.51
21147,JINGLE BELLS TREE DECORATION,2,4.2,1,483.0,CZ,0.41
21146,ANTIQUE GLASS RIDGED HANGING BALL,2,3.9,1,801.0,BZ,0.25
21293,MIRRORED DOVE WALL DECORATION,2,4.2,1,343.0,CZ,0.58
84918,CREAM CUSHION COVER WITH FLOWERS,2,13.9,1,208.0,CZ,0.96
21316,SMALL CHUNKY GLASS ROMAN  BOWL,2,5.9,2,694.0,CZ,0.29
22414,DOORMAT NEIGHBOURHOOD WITCH,2,16.2,2,1188.0,AZ,0.17
22412,METAL SIGN NEIGHBOURHOOD WITCH,2,4.2,1,2410.0,AY,0.08
21350,GINGHAM HEART WREATH,2,5.9,1,227.0,CZ,0.88
21343,GOLD JEWELERY BOX,2,33.9,1,20.0,CZ,10.0
22478,BIRDHOUSE GARDEN MARKER,2,2.5,2,2778.0,BZ,0.07
22514,CHILDS GARDEN SPADE BLUE,2,4.2,2,1084.0,BZ,0.18
35471D,SET OF 3 BIRD LIGHT PINK FEATHER,2,2.5,2,2268.0,BZ,0.09
35001B,HAND OPEN SHAPE BLACK,2,5.9,1,17.0,CZ,11.76
21246,RED RETROSPOT BIG BOWL,2,9.9,2,749.0,BY,0.27
84984B,RED PEONY DES C/COVER,2,9.3,1,322.0,CZ,0.62
84984A,GREEN PEONY DES C/COVER,2,9.3,1,266.0,CZ,0.75
84971S,SMALL HEART FLOWERS HOOK,2,1.7,2,6544.0,AY,0.03
21633,SUNFLOWER DECORATIVE PARASOL,2,25.5,2,176.0,BZ,1.14
21944,KITTENS DESIGN FLANNEL,2,1.7,1,1790.0,CZ,0.11
71403,"PINK/WHITE ""KEEP CLEAN"" BULLET BIN",2,5.9,1,177.0,CZ,1.13
21263,GREEN GOOSE FEATHER TREE 60CM,2,3.9,1,303.0,CZ,0.66
21308,LOUVRE VANITY MIRROR,2,15.9,1,132.0,CZ,1.52
35811A,ENAMEL PINK SUGAR CONTAINER,2,4.2,1,434.0,CZ,0.46
84969,BOX OF 6 ASSORTED COLOUR TEASPOONS,2,8.5,2,971.0,AY,0.21
21760,FRENCH STYLE WALL DRESSER,2,250.0,2,15.0,BZ,13.33
78056,CAMOUFLAGE BACKPACK ON WHEELS,2,17.0,2,3.0,CZ,66.67
23094,LE GRAND TRAY CHIC SET,2,25.0,2,152.0,BZ,1.32
17164B,ASS COL SMALL SAND GECKO P'WEIGHT,2,0.84,1,1630.0,CZ,0.12
16201A,PASTEL PINK PHOTO ALBUM,2,3.9,1,101.0,CZ,1.98
90148,LONG SILVER NECKLACE PASTEL FLOWER,2,25.5,2,28.0,CZ,7.14
90146,FINE SILVER NECKLACE W PASTEL FLOWE,2,15.0,1,41.0,CZ,4.88
90211B,JET BLACK LAS VEGAS NECKLACE 45CM,2,11.9,1,35.0,CZ,5.71
23150,IVORY SWEETHEART SOAP DISH,1,2.49,1,148.0,CZ,0.68
21761,WOOD AND GLASS MEDICINE CABINET,1,29.95,1,65.0,BZ,1.54
23065,LARGE DECO JEWELLERY STAND,1,12.5,1,274.0,BZ,0.36
23066,SMALL DECO JEWELLERY STAND,1,8.25,1,259.0,BZ,0.39
23073,GEORGIAN TRINKET BOX,1,12.5,1,144.0,BZ,0.69
90160D,PINK BOUDICCA LARGE BRACELET,1,6.95,1,76.0,CZ,1.32
90162B,ANT SILVER LIME GREEN BOUDICCA RING,1,2.95,1,55.0,CZ,1.82
90166,PINK & WHITE ROSEBUD RING,1,4.25,1,40.0,CZ,2.5
16202E,BLACK PHOTO ALBUM,1,5.55,1,82.0,CZ,1.22
90173,PAIR BUTTERFLY HAIR CLIPS,1,3.75,1,81.0,CZ,1.23
23185,FRENCH STYLE STORAGE JAR JAM,1,0.29,1,323.0,CZ,0.31
23188,VINTAGE  2 METRE FOLDING RULER,1,1.65,1,3473.0,AZ,0.03
23189,SET OF 12 FORK CANDLES,1,2.89,1,1249.0,BZ,0.08
90180A,BLACK+WHITE NECKLACE W TASSEL,1,9.95,1,44.0,CZ,2.27
90179C,BLACK FINE BEAD NECKLACE W TASSEL,1,5.95,1,19.0,CZ,5.26
90176D,DIAMANTE NECKLACE PURPLE,1,7.5,1,11.0,CZ,9.09
90176A,CLASSIC DIAMANTE NECKLACE JET,1,7.5,1,10.0,CZ,10.0
17109D,FLOWER FAIRY INCENSE BOUQUET,1,1.69,1,1258.0,CZ,0.08
17013D,ORIGAMI ROSE INCENSE IN TUBE,1,1.57,1,1068.0,CZ,0.09
16258A,SWIRLY CIRCULAR RUBBERS IN BAG,1,0.42,1,1075.0,CZ,0.09
90076,MONTANA DIAMOND CLUSTER EARRINGS,1,2.55,1,12.0,CZ,8.33
90065A,WHITE VINTAGE CRYSTAL BRACELET,1,7.22,1,28.0,CZ,3.57
90064B,BLACK VINTAGE  CRYSTAL EARRINGS,1,3.75,1,21.0,CZ,4.76
23053,RECYCLED ACAPULCO MAT PINK,1,8.25,1,365.0,BZ,0.27
23052,RECYCLED ACAPULCO MAT TURQUOISE,1,8.25,1,654.0,AZ,0.15
23050,RECYCLED ACAPULCO MAT GREEN,1,8.25,1,497.0,AZ,0.2
20665,RED RETROSPOT PURSE,1,2.95,1,1337.0,AY,0.07
18094C,WHITE AND BLUE CERAMIC OIL BURNER,1,1.25,1,433.0,CY,0.23
22977,DOLLY GIRL CHILDRENS EGG CUP,1,1.25,1,1000.0,BZ,0.1
84081,WHITE CERAMIC PARTY SET (5PCS),1,4.25,1,100.0,CZ,1.0
21632,VINTAGE PINK DECORATIVE PARASOL,1,12.75,1,133.0,CZ,0.75
21629,SQUARE FLOOR CUSHION VINTAGE RED,1,7.95,1,179.0,BY,0.56
21945,STRAWBERRIES  DESIGN FLANNEL,1,0.85,1,1874.0,BZ,0.05
72140E,BEST DAD CANDLE LETTERS,1,0.85,1,219.0,CZ,0.46
72127,COLUMBIAN CANDLE ROUND,1,1.25,1,369.0,CZ,0.27
71495A,CD WALL TIDY BLUE OFFICE,1,0.42,1,225.0,CZ,0.44
35961,FOLKART ZINC HEART CHRISTMAS DEC,1,0.85,1,11472.0,AZ,0.01
22453,MEASURING TAPE RUSSIAN DOLL BLUE,1,2.95,1,803.0,BZ,0.12
35921,EASTER BUNNY HANGING GARLAND,1,1.25,1,183.0,CZ,0.55
35918B,BLUE FLORIBUNDA EGG WARMER,1,1.25,1,10.0,CZ,10.0
35840,FLAT GLASS  BAUBLE WHITE FLOCK,1,0.85,1,45.0,CZ,2.22
35810A,ENAMEL PINK COFFEE CONTAINER,1,2.1,1,1206.0,BZ,0.08
35637A,IVORY STRING CURTAIN WITH POLE,1,5.95,1,551.0,BZ,0.18
35598D,PINK/WHITE CHRISTMAS TREE 60CM,1,0.65,1,1727.0,BZ,0.06
84968D,SET OF 16 VINTAGE RED CUTLERY,1,12.75,1,476.0,AZ,0.21
21309,LOUVRE CHALKBOARD,1,9.95,1,49.0,CZ,2.04
35967,FOLK ART METAL STAR T-LIGHT HOLDER,1,0.38,1,936.0,CZ,0.11
35962,12 ASS ZINC CHRISTMAS DECORATIONS,1,2.1,1,593.0,BZ,0.17
21356,TOAST ITS - FAIRY FLOWER,1,1.25,1,1593.0,BY,0.06
21214,SET OF 72 IVORY PAPER DOILIES,1,1.45,1,2007.0,BZ,0.05
22477,WATERING CAN GARDEN MARKER,1,1.25,1,2424.0,BZ,0.04
22511,RETROSPOT BABUSHKA DOORSTOP,1,3.75,1,399.0,CZ,0.25
35001P,HAND OPEN SHAPE PINK,1,3.49,1,2.0,CZ,50.0
23630,SET 10 CARDS HANGING BAUBLES 17080,1,2.99,1,2.0,CZ,50.0
21241,GREEN SPOTTY CUP,1,0.85,1,2216.0,BZ,0.05
21240,BLUE  SPOTTY CUP,1,0.85,1,7590.0,AY,0.01
84974,S/2 ZINC HEART DESIGN PLANTERS,1,9.95,1,92.0,CZ,1.09
21555,CERAMIC STRAWBERRY TRINKET TRAY,1,2.55,1,425.0,CZ,0.24
21588,RETROSPOT GIANT TUBE MATCHES,1,2.55,1,3357.0,AZ,0.03
84218,BOX/12 CHICK & EGG IN BASKET,1,1.95,1,263.0,CZ,0.38
84086B,YELLOW/BLUE RETRO RADIO,1,2.95,1,24.0,CZ,4.17
22365,DOOR MAT RESPECTABLE HOUSE,1,6.75,1,2331.0,AZ,0.04
22420,LIPSTICK PEN BABY PINK,1,0.42,1,2112.0,CZ,0.05
84870B,BLUE GEISHA GIRL,1,3.75,1,90.0,CZ,1.11
23567,EGG CUP HENRIETTA HEN PINK,1,1.25,1,211.0,CZ,0.47
23556,LANDMARK FRAME COVENT GARDEN,1,12.5,1,439.0,AZ,0.23
21076,SET/20 COLLAGE PAPER NAPKIN,1,0.85,1,844.0,CZ,0.12
21127,COLOURFUL FISHING GNOME,1,5.95,1,298.0,CZ,0.34
21116,OWL DOORSTOP,1,4.95,1,1356.0,AY,0.07
21115,ROSE CARAVAN DOORSTOP,1,6.75,1,1252.0,AZ,0.08
21130,COLOURFUL STANDING GNOME,1,3.45,1,722.0,CZ,0.14
21181,PLEASE ONE PERSON  METAL SIGN,1,2.1,1,24819.0,AY,0.0
21307,SET/4 BUTTERFLY MIRROR MAGNETS,1,2.1,1,751.0,CZ,0.13
84932C,SMALL ORIENTAL BLUE FOLDING STOOL,1,8.5,1,282.0,CZ,0.35
84913B,MINT GREEN ROSE TOWEL,1,4.65,1,420.0,BY,0.24
84908A,PINK 5 PATCH FLOWER CUSHION COVER,1,6.95,1,433.0,CZ,0.23
21310,CAPIZ CHANDELIER,1,29.95,1,6.0,CZ,16.67
84823,DANISH ROSE FOLDING CHAIR,1,39.95,1,120.0,BZ,0.83
85033S,SET/6 SILVER REINDEER T-LIGHTS,1,0.65,1,260.0,CZ,0.38
85024C,PINK SMALL JEWELLED PHOTOFRAME,1,1.65,1,99.0,CZ,1.01
85023C,PINK LARGE JEWELED PHOTOFRAME,1,2.55,1,23.0,CZ,4.35
85023A,CRYSTAL LARGE JEWELLED PHOTO FRAME,1,2.55,1,22.0,CZ,4.55
22539,MINI JIGSAW DOLLY GIRL,1,0.42,1,5657.0,BZ,0.02
22549,PICTURE DOMINOES,1,1.45,1,6527.0,AY,0.02
22546,MINI JIGSAW PURDEY,1,0.42,1,4378.0,BZ,0.02
23568,EGG CUP HENRIETTA HEN CREAM,1,1.25,1,630.0,CZ,0.16
84906,PINK BUTTERFLY CUSHION COVER,1,1.95,1,66.0,CZ,1.52
84899E,YELLOW BROWN BEAR FELT PURSE KIT,1,1.25,1,53.0,CZ,1.89
84884A,ANT WHITE WIRE HEART SPIRAL,1,3.95,1,1757.0,AZ,0.06
84881,BLUE WIRE SPIRAL CANDLE HOLDER,1,6.35,1,52.0,CZ,1.92
84876C,SILVER HEART COMPACT MIRROR,1,3.75,1,8.0,CZ,12.5
37441,ASSORTED WHITE EMBOSSED CHINA MUGS,1,2.1,1,706.0,BZ,0.14
37379A,PINK CHERRY BLOSSOM CUP & SAUCER,1,1.25,1,41.0,CZ,2.44
22565,FELTCRAFT HAIRBANDS PINK AND WHITE,1,0.85,1,2090.0,BY,0.05
23466,TUSCAN VILLA DOVECOTE BIRD FEEDER,1,8.25,1,55.0,CZ,1.82
21031,SPACE CADET BLACK,1,1.25,1,145.0,CZ,0.69
71143,SILVER BOOK MARK WITH BEADS,1,0.85,1,349.0,CZ,0.29
22056,CERAMIC PLATE LOVE HEART DESIGN,1,1.49,1,611.0,CZ,0.16
82607E,GLASS BONBON JAR. D'AMANDES,1,1.25,1,101.0,CZ,0.99
21883,STARS GIFT TAPE,1,0.19,1,2349.0,CZ,0.04
23544,WALL ART MID CENTURY MODERN,1,8.25,1,164.0,CZ,0.61
23535,WALL ART BICYCLE SAFETY,1,5.95,1,1329.0,AZ,0.08
84857C,PINK MONTE CARLO HANDBAG,1,1.95,1,197.0,CZ,0.51
84856S,SMALL TAHITI BEACH BAG,1,3.81,1,467.0,BZ,0.21
84854,GIRLY PINK TOOL SET,1,4.25,1,382.0,BZ,0.26
21358,TOAST ITS - HAPPY BIRTHDAY,1,1.25,1,1130.0,BY,0.09
21402,RED  EGG  SPOON,1,0.42,1,1698.0,CZ,0.06
21399,BLUE  SPOTTY  COFFEE MUG,1,2.1,1,2390.0,BZ,0.04
84824,DANISH ROSE UMBRELLA STAND,1,15.95,1,38.0,CZ,2.63
22333,RETRO SPOT PARTY BAG + STICKER SET,1,1.65,1,10037.0,AY,0.01
22350,ILLUSTRATED CAT BOWL,1,2.55,1,2841.0,AZ,0.04
22350,CAT BOWL,1,2.55,1,2841.0,AZ,0.04
37492C,GREEN BLUE FLOWER PIGGY BANK,1,4.65,1,242.0,CZ,0.41
37492A,YELLOW RED FLOWER PIGGY BANK,1,4.65,1,108.0,CZ,0.93
37488A,YELLOW PINK FLOWER DESIGN BIG BOWL,1,2.95,1,31.0,CZ,3.23
37483,ENGLISH ROSE MUG IN GIFT BOX,1,2.55,1,144.0,CZ,0.69
37477B,"FLOWER FAIRY MUG+COASTER,LAVENDER",1,3.75,1,16.0,CZ,6.25
37462B,"PET MUG, BUDGIE",1,0.42,1,170.0,CZ,0.59
37461,FUNKY MONKEY MUG,1,1.25,1,742.0,CZ,0.13
85070,ANT WHITE SWEETHEART TABLE W 3 DRAW,1,125.0,1,3.0,CZ,33.33
20966,SANDWICH BATH SPONGE,1,1.25,1,3021.0,AZ,0.03
20957,PORCELAIN HANGING BELL SMALL,1,1.45,1,126.0,CZ,0.79
21014,SWISS CHALET TREE DECORATION,1,0.72,1,1852.0,CZ,0.05
20990,SPRING FLOWER CHOPSTICKS SET/5,1,1.95,1,895.0,BZ,0.11
23491,VINTAGE JINGLE BELLS HEART,1,8.25,1,228.0,BZ,0.44
84709B,PINK OVAL JEWELLED MIRROR,1,5.95,1,177.0,CZ,0.56
84706F,RED PEONY TABLE CLOCK,1,8.95,1,34.0,CZ,2.94
84706D,CHERRY BLOSSOM TABLE CLOCK,1,1.95,1,219.0,CZ,0.46
22272,FELTCRAFT DOLL MARIA,1,2.95,1,1372.0,BZ,0.07
22290,STANDING METAL RABBIT WITH EGG,1,2.1,1,688.0,BZ,0.15
46775A,BUBBLE GUM CHUNKY KNITTED THROW,1,16.95,1,83.0,CZ,1.2
20903,VINTAGE KEEPSAKE BOX TRAVELOGUE,1,6.35,1,187.0,CZ,0.53
85094,CANDY SPOT EGG WARMER RABBIT,1,1.25,1,762.0,CZ,0.13
85078,SCANDINAVIAN 3 HEARTS NAPKIN RING,1,0.65,1,2258.0,CZ,0.04
22594,CHRISTMAS GINGHAM TREE,1,0.85,1,4794.0,AZ,0.02
23452,HEART MINI PORTRAIT FRAME,1,1.95,1,518.0,CZ,0.19
23444,Next Day Carriage,1,15.0,1,79.0,CZ,1.27
23424,GINGHAM RECIPE BOOK BOX,1,4.95,1,466.0,BZ,0.21
23419,HOME SWEET HOME BOTTLE,1,2.08,1,474.0,CZ,0.21
84813,SET OF 4 DIAMOND NAPKIN RINGS,1,3.95,1,422.0,BZ,0.24
84804B,BLUE DELPHINIUM ARTIFICIAL FLOWER,1,2.95,1,367.0,CZ,0.27
37509,NEW ENGLAND MUG W GIFT BOX,1,2.55,1,29.0,CZ,3.45
37502,TEA TIME MUG IN GIFT BOX,1,2.95,1,872.0,BZ,0.11
22321,BIRD DECORATION RED RETROSPOT,1,0.85,1,2552.0,BY,0.04
22316,200 BENDY SKULL STRAWS,1,1.25,1,1259.0,BZ,0.08
21802,CHRISTMAS TREE HEART DECORATION,1,0.42,1,4378.0,BZ,0.02
72793,BLACK BOX MIRROR LANTERN,1,5.95,1,55.0,CZ,1.82
20870,OPULENT VELVET CANDLE IN BOX,1,2.1,1,30.0,CZ,3.33
20864,DENIM PATCH PENCIL CASE BUTTERFLY,1,2.1,1,252.0,CZ,0.4
20863,BLUE PATCH PENCIL CASE PINK HEART,1,2.1,1,295.0,CZ,0.34
20862,PINK PATCH PENCIL CASE BLUE HEART,1,2.1,1,325.0,CZ,0.31
20943,SET/6 GINGERBREAD STAR T-LIGHTS,1,1.25,1,384.0,CZ,0.26
20942,SET/6 GINGERBREAD TREE T-LIGHTS,1,1.25,1,6.0,CZ,16.67
84795D,SEASIDE STRIPE HAMMOCK,1,6.95,1,189.0,BZ,0.53
84795C,OCEAN STRIPE HAMMOCK,1,7.95,1,325.0,BZ,0.31
21414,SCALLOP SHELL SOAP DISH,1,2.1,1,1637.0,CZ,0.06
21410,COUNTRY COTTAGE  DOORSTOP GREEN,1,4.25,1,314.0,BZ,0.32
20847,ZINC HEART LATTICE CHARGER LARGE,1,7.62,1,80.0,CZ,1.25
20833,SHAKER THROW  QUILTED,1,49.95,1,52.0,CZ,1.92
85129D,BEADED CRYSTAL HEART PINK SMALL,1,1.25,1,795.0,CY,0.13
22638,SET OF 4 NAPKIN CHARMS CROWNS,1,2.55,1,406.0,CZ,0.25
22631,CIRCUS PARADE LUNCHBOX,1,1.95,1,6279.0,AY,0.02
23411,TRELLIS COAT RACK,1,4.95,1,227.0,CZ,0.44
23410,CURIO CABINET LINEN AND LACE,1,8.15,1,36.0,CZ,2.78
23405,HOME SWEET HOME 2 DRAWER CABINET,1,4.95,1,254.0,BZ,0.39
85096,HILDA CANDY SPOT RABBIT,1,3.75,1,165.0,CZ,0.61
20885,BOX OF 3 PEBBLE CANDLES,1,2.95,1,1.0,CZ,100.0
21774,DECORATIVE CATS BATHROOM BOTTLE,1,1.25,1,1715.0,BZ,0.06
21816,CHRISTMAS TREE T-LIGHT HOLDER,1,1.45,1,424.0,CZ,0.24
62043B,BLUE CHECK BAG W HANDLE 34X20CM,1,0.83,1,54.0,CZ,1.85
51012L,"FEATHER DUSTER, LIGHT PINK",1,1.25,1,10.0,CZ,10.0
84292,ROSE PINK METAL FOLDING CHAIR,1,7.95,1,44.0,CZ,2.27
84228,HEN HOUSE W CHICK STANDING,1,0.42,1,354.0,CZ,0.28
21444,BLUE CHALET BIRDFEEDER,1,3.75,1,291.0,CZ,0.34
84683,CLASSICAL ROSE CANDLESTAND,1,1.25,1,539.0,CZ,0.19
84679,CLASSICAL ROSE TABLE LAMP,1,5.95,1,14.0,CZ,7.14
22247,BUNNY DECORATION MAGIC GARDEN,1,0.75,1,1190.0,CZ,0.08
47504G,ENGLISH ROSE TAPE MEASURE,1,1.25,1,267.0,CZ,0.37
47503H,ASS FLORAL PRINT SPIRIT LEVEL,1,1.95,1,162.0,CZ,0.62
47503F,ASS FLORAL PRINT TORCH,1,1.65,1,2571.0,CZ,0.04
47367B,PAIR PADDED HANGERS PINK CHECK,1,3.75,1,242.0,CZ,0.41
46776D,WOVEN SUNSET CUSHION COVER,1,11.93,1,153.0,CZ,0.65
84673B,BLUE FLY SWAT,1,0.65,1,506.0,CZ,0.2
23398,HANGING HEART BONHEUR,1,0.85,1,610.0,CZ,0.16
22659,LUNCHBOX I LOVE LONDON,1,1.95,1,15959.0,AY,0.01
23390,DOLLY GIRL MINI BACKPACK,1,4.15,1,751.0,BZ,0.13
23375,50'S CHRISTMAS PAPER GIFT BAG,1,0.82,1,1352.0,CZ,0.07
23370,SET 36 COLOURING PENCILS DOILY,1,1.25,1,1555.0,BZ,0.06
20855,PINK PATCH PURSE BLUE HEART,1,1.65,1,145.0,CZ,0.69
85164B,BLACK BAROQUE CUCKOO CLOCK,1,12.75,1,141.0,BZ,0.71
85163B,BLACK BAROQUE WALL CLOCK,1,12.75,1,115.0,BZ,0.87
22789,T-LIGHT HOLDER SWEETHEART HANGING,1,1.95,1,1262.0,BZ,0.08
22811,SET OF 6 T-LIGHTS CACTI,1,2.95,1,1021.0,BZ,0.1
22799,SWEETHEART WIRE FRUIT BOWL,1,8.5,1,254.0,BZ,0.39
22749,FELTCRAFT PRINCESS CHARLOTTE DOLL,1,3.75,1,3778.0,AY,0.03
23342,MINT DINER WALL CLOCK,1,8.5,1,375.0,BZ,0.27
22765,NEWSPAPER STAND,1,14.95,1,311.0,BZ,0.32
22757,LARGE RED BABUSHKA NOTEBOOK,1,1.25,1,2699.0,BZ,0.04
20785,FUSCHIA RETRO BAR STOOL,1,39.95,1,102.0,BZ,0.98
20784,RED RETRO BAR STOOL,1,39.95,1,101.0,BZ,0.99
85142,JARDIN ETCHED GLASS GINGER JAR,1,7.95,1,61.0,CZ,1.64
85136B,BLUE SHARK HELICOPTER,1,7.95,1,59.0,CZ,1.69
85136A,YELLOW SHARK HELICOPTER,1,7.95,1,139.0,CZ,0.72
21456,2 PICTURE BOOK EGGS EASTER CHICKS,1,1.25,1,738.0,CZ,0.14
21447,12 IVORY ROSE PEG PLACE SETTINGS,1,1.25,1,2779.0,BZ,0.04
21475,SWEETHEART CREAM STEEL FOLDIN CHAIR,1,14.95,1,1.0,CZ,100.0
47569,ENGLISH ROSE DESIGN SHOPPING BAG,1,2.55,1,1.0,CZ,100.0
22223,CAKE PLATE LOVEBIRD PINK,1,4.95,1,727.0,BZ,0.14
84632,DECORATIVE HANGING SHELVING UNIT,1,59.95,1,15.0,CZ,6.67
84629,WHITE 3 FRAME BIRDS AND TREE,1,4.95,1,24.0,CZ,4.17
84622,PINK GINGHAM ROSE CUSHION COVER,1,5.95,1,23.0,CZ,4.35
20734,SILVER MINI TAPE MEASURE,1,0.85,1,1592.0,BZ,0.06
85185B,PINK HORSE SOCK PUPPET KIT,1,2.95,1,608.0,BY,0.16
85184B,SET 4 EASTER DECOUPAGE OVAL BOXES,1,2.95,1,14.0,CZ,7.14
85177,BASKET OF FLOWERS SEWING KIT,1,0.85,1,1821.0,BZ,0.05
20780,BLACK EAR MUFF HEADPHONES,1,5.49,1,233.0,BZ,0.43
20774,GREEN FERN NOTEBOOK,1,1.65,1,3485.0,CZ,0.03
20773,BLUE PAISLEY NOTEBOOK,1,1.65,1,3340.0,CZ,0.03
85170C,SET/6 EAU DE NIL BIRD T-LIGHTS,1,2.1,1,543.0,CZ,0.18
85169D,PINK LOVE BIRD CANDLE,1,1.25,1,521.0,CZ,0.19
85166A,WHITE METAL BAROQUE PHOTO FRAME,1,3.75,1,77.0,CZ,1.3
22878,NUMBER TILE COTTAGE GARDEN No,1,2.1,1,128.0,CZ,0.78
20693,FLORAL DINOSAUR GREEN,1,4.25,1,33.0,CZ,3.03
85213,MINI  ZINC GARDEN DECORATIONS,1,0.85,1,1390.0,CZ,0.07
85204,HANGING WOOD AND FELT FLOWER,1,0.12,1,2359.0,CZ,0.04
85195,HANGING HEART BASKET,1,2.1,1,146.0,CZ,0.68
20758,ABSTRACT CIRCLES POCKET BOOK,1,0.85,1,5428.0,CZ,0.02
20754,RETROSPOT RED WASHING UP GLOVES,1,2.1,1,5096.0,AY,0.02
20752,RETRO BLUE SPOTTY WASHING UP GLOVES,1,2.1,1,1508.0,BZ,0.07
22824,3 TIER SWEETHEART GARDEN SHELF,1,35.95,1,61.0,BZ,1.64
22813,PACK 3 BOXES BIRD PANNETONE,1,1.95,1,3953.0,AZ,0.03
23316,RED REFECTORY CLOCK,1,9.95,1,251.0,BZ,0.4
23312,VINTAGE CHRISTMAS GIFT SACK,1,4.15,1,1424.0,AZ,0.07
22877,"NUMBER TILE COTTAGE GARDEN, 9",1,1.95,1,128.0,CZ,0.78
22877,NUMBER TILE COTTAGE GARDEN 9,1,1.95,1,128.0,CZ,0.78
22869,NUMBER TILE COTTAGE GARDEN 1,1,1.95,1,167.0,CZ,0.6
84673A,PINK FLY SWAT,1,0.65,1,502.0,CZ,0.2
84595E,LARGE TORTILLA DESIGN RED BOWL,1,3.29,1,367.0,CZ,0.27
21486,PINK HEART DOTS HOT WATER BOTTLE,1,3.75,1,1118.0,BZ,0.09
21478,SILVER SKULL HOT WATER BOTTLE,1,3.75,1,207.0,CZ,0.48
84575A,PINK DOG CANNISTER,1,5.95,1,24.0,CZ,4.17
84569D,PACK 6 HEART/ICE-CREAM PATCHES,1,1.25,1,1038.0,BY,0.1
84569B,PACK 3 FIRE ENGINE/CAR PATCHES,1,1.25,1,436.0,CZ,0.23
84569A,PACK 3 IRON ON DOG PATCHES,1,1.25,1,562.0,CY,0.18
84562A,PINK/WHITE RIBBED MELAMINE JUG,1,7.95,1,170.0,BZ,0.59
22164,STRING OF STARS CARD HOLDER,1,2.95,1,315.0,CZ,0.32
90001B,ANTIQUE MID BLUE FLOWER EARRINGS,1,4.25,1,13.0,CZ,7.69
90000B,MIDNIGHT BLUE COPPER FLOWER NECKLAC,1,5.95,1,29.0,CZ,3.45
20705,MRS ROBOT SOFT TOY,1,1.95,1,273.0,CZ,0.37
22898,CHILDRENS APRON APPLES DESIGN,1,1.65,1,3178.0,AY,0.03
22885,NUMBER TILE VINTAGE FONT 6,1,1.95,1,112.0,CZ,0.89
22883,NUMBER TILE VINTAGE FONT 4,1,1.95,1,109.0,CZ,0.92
22882,NUMBER TILE VINTAGE FONT 3,1,1.95,1,126.0,CZ,0.79
90013C,GREEN VINTAGE EARRINGS,1,3.75,1,88.0,CZ,1.14
90010B,BLACK/WHITE GLASS/SILVER BRACELET,1,8.95,1,63.0,CZ,1.59
23264,SET OF 3 WOODEN SLEIGH DECORATIONS,1,1.25,1,1966.0,BZ,0.05
82567,"AIRLINE LOUNGE,METAL SIGN",1,2.1,1,1210.0,BY,0.08
21706,FOLDING UMBRELLA RED/WHITE POLKADOT,1,4.95,1,1351.0,AZ,0.07
21695,SMALL SILVER FLOWER CANDLE POT,1,2.95,1,642.0,BY,0.16
21687,SILVER PLATE CANDLE BOWL LARGE,1,3.75,1,481.0,BZ,0.21
21685,MEDINA STAMPED METAL TRAY,1,14.95,1,3.0,CZ,33.33
21683,MEDIUM MEDINA STAMPED METAL BOWL,1,2.95,1,936.0,BZ,0.11
21708,FOLDING UMBRELLA CREAM POLKADOT,1,4.95,1,611.0,BZ,0.16
82011A,"BATHROOM SCALES, TROPICAL BEACH",1,3.75,1,59.0,CZ,1.69
81950B,FLOWER BLUE CLOCK W/SUCKER,1,0.85,1,217.0,CZ,0.46
22954,HEN PARTY CORDON BARRIER TAPE,1,1.25,1,243.0,CZ,0.41
22950,SET OF 36 VINTAGE CHRISTMAS DOILIES,1,1.45,1,8334.0,AZ,0.01
84613A,PINK NEW BAROQUE FLOCK CANDLESTICK,1,4.65,1,22.0,CZ,4.55
84596K,JELLY BABIES YELLOW SMALL BOWL,1,1.25,1,428.0,CZ,0.23
21530,DAIRY MAID CERAMIC TOASTRACK,1,2.95,1,962.0,BZ,0.1
84405A,S/3 PINK COL METAL BASKET W HANDLE,1,12.75,1,129.0,CZ,0.78
21553,CERAMIC BIRDHOUSE FINCH BLUE  LARGE,1,5.95,1,92.0,CZ,1.09
21550,CERAMIC BIRDHOUSE CRESTED TIT LARGE,1,5.95,1,301.0,BZ,0.33
22117,METAL SIGN HER DINNER IS SERVED,1,2.95,1,1765.0,AZ,0.06
22115,METAL SIGN EMPIRE TEA,1,2.95,1,2892.0,AZ,0.03
47581B,FAIRY CAKE WICKER PICNIC BASKET,1,12.75,1,47.0,CZ,2.13
47579,TEA TIME BREAKFAST BASKET,1,2.1,1,185.0,CZ,0.54
22190,LOCAL CAFE MUG,1,2.1,1,1400.0,BZ,0.07
21523,DOOR MAT FANCY FONT HOME SWEET HOME,1,7.49,1,6920.0,AY,0.01
22975,SPACEBOY CHILDRENS EGG CUP,1,1.25,1,1245.0,BZ,0.08
23005,TRAVEL CARD WALLET I LOVE LONDON,1,0.42,1,4783.0,BZ,0.02
23017,APOTHECARY MEASURING JAR,1,12.5,1,67.0,CZ,1.49
90029,NEW BAROQUE SMALL NECKLACE BLACK,1,8.5,1,23.0,CZ,4.35
90018C,SILVER BLACK ORBIT DROP EARRINGS,1,4.25,1,28.0,CZ,3.57
90018A,SILVER M.O.P ORBIT DROP EARRINGS,1,4.25,1,77.0,CZ,1.3
79532,MOSAIC GLASS BALL CANDLEHOLDER,1,1.25,1,97.0,CZ,1.03
23133,LARGE IVORY HEART WALL ORGANISER,1,8.25,1,782.0,AZ,0.13
23129,HEART SHAPED HOLLY WREATH,1,4.15,1,950.0,BZ,0.11
79302M,"ART LIGHTS,FUNK MONKEY",1,2.95,1,628.0,BZ,0.16
21764,VINTAGE WOODEN PLATE RACK,1,39.95,1,17.0,CZ,5.88
90214K,"LETTER ""K"" BLING KEY RING",1,1.25,1,155.0,CZ,0.65
90199A,5 STRAND GLASS NECKLACE BLACK,1,6.35,1,22.0,CZ,4.55
90196A,PURPLE GEMSTONE NECKLACE 45CM,1,12.75,1,19.0,CZ,5.26
23164,REGENCY CAKE SLICE,1,4.95,1,578.0,BZ,0.17
23180,MUM'S KITCHEN CLOCK,1,4.95,1,122.0,CZ,0.82
17109C,FLOWER FAIRY INCENSE ROSE,1,1.69,1,3124.0,CZ,0.03
21503,TOYBOX  WRAP,1,0.42,1,1801.0,CZ,0.06
84519B,CARROT CHARLIE+LOLA COASTER SET,1,2.95,1,869.0,BY,0.12
84508C,BLUE CIRCLES DESIGN TEDDY,1,2.55,1,104.0,CZ,0.96
15044B,BLUE PAPER PARASOL,1,2.95,1,1670.0,AZ,0.06
90203,SILVER CHARM NECKLACE 70CM,1,7.5,1,73.0,CZ,1.37
84968B,S/16 VINTAGE IVORY CUTLERY,1,12.75,1,434.0,AZ,0.23
84967A,PINK KASHMIRI OCCASIONAL TABLE,1,79.95,1,3.0,CZ,33.33
84934,ASSTD DESIGN POP ART SLIM PEN,1,0.85,1,687.0,CZ,0.15
21274,EMBOSSED HEART 3 DRAWER SHELF,1,12.75,1,177.0,BZ,0.56
21557,SET OF 6 FUNKY BEAKERS,1,2.95,1,935.0,BZ,0.11
21750,LARGE SKULL WINDMILL,1,2.1,1,310.0,CZ,0.32
79065A,TEATIME ROUND CAKE TINS,1,9.95,1,4.0,CZ,25.0
79030D,TUMBLER BAROQUE,1,0.39,1,1015.0,CZ,0.1
77081,FLOWER WINDMILL,1,1.25,1,242.0,CZ,0.41
75013B,"STRING OF 8 BUTTERFLIES,PINK",1,2.7,1,390.0,CZ,0.26
21795,SET OF 3 BLUE STRIPE BASKET,1,12.75,1,441.0,BZ,0.23
21741,COSY SLIPPER SHOES LARGE GREEN,1,2.55,1,707.0,BZ,0.14
21739,COSY SLIPPER SHOES SMALL GREEN,1,2.95,1,496.0,BY,0.2
23054,RECYCLED ACAPULCO MAT LAVENDER,1,8.25,1,297.0,BZ,0.34
23117,POPPY FIELDS CHOPPING BOARD,1,4.95,1,93.0,CZ,1.08
23100,SILVER BELLS TABLE DECORATION,1,1.25,1,2169.0,BZ,0.05
