StockCode,product,class,ABC,XYZ,weekly_demand,forecast_error,reorder_point,lead_time_weeks,service_level
22423,REGENCY CAKESTAND 3 TIER,AX,A,X,251.85,79.99,354.0,1,90%
85123A,WHITE HANGING HEART T-LIGHT HOLDER,AX,A,X,920.37,285.42,1286.0,1,90%
85099B,JUMBO BAG RED RETROSPOT,AX,A,X,877.32,482.95,1496.0,1,90%
47566,PARTY BUNTING,AY,A,Y,277.99,173.56,500.0,1,90%
84879,ASSORTED COLOUR BIRD ORNAMENT,AY,A,Y,737.17,240.32,1045.0,1,90%
22086,PAPER CHAIN KIT 50'S CHRISTMAS,AZ,A,Z,216.7,681.73,1089.0,1,90%
23166,MEDIUM CERAMIC TOP STORAGE JAR,AZ,A,Z,824.81,722.9,1750.0,1,90%
79321,CHILLI LIGHTS,AY,A,Y,130.52,188.96,372.0,1,90%
22197,SMALL POPCORN HOLDER,AY,A,Y,656.61,1332.55,2362.0,1,90%
22386,JUMBO BAG PINK POLKADOT,AX,A,X,346.33,233.64,645.0,1,90%
20725,LUNCH BAG RED RETROSPOT,AX,A,X,382.91,117.84,534.0,1,90%
84347,ROTATING SILVER ANGELS T-LIGHT HLDR,AZ,A,Z,266.16,483.44,885.0,1,90%
85099F,JUMBO BAG STRAWBERRY,AX,A,X,354.66,221.79,639.0,1,90%
48138,DOORMAT UNION FLAG,AY,A,Y,95.83,67.99,183.0,1,90%
23084,RABBIT NIGHT LIGHT,AZ,A,Z,54.77,1878.63,2459.0,1,90%
20685,DOORMAT RED RETROSPOT,AY,A,Y,97.1,39.47,148.0,1,90%
21137,BLACK RECORD COVER FRAME,AY,A,Y,149.11,270.87,496.0,1,90%
21843,RED RETROSPOT CAKE STAND,AY,A,Y,58.57,30.73,98.0,1,90%
21931,JUMBO STORAGE BAG SUKI,AX,A,X,274.19,81.2,378.0,1,90%
22502,PICNIC BASKET WICKER SMALL,AY,A,Y,40.55,4.2,46.0,1,90%
21621,VINTAGE UNION JACK BUNTING,AY,A,Y,70.66,19.54,96.0,1,90%
15056N,EDWARDIAN PARASOL NATURAL,AY,A,Y,115.2,51.44,181.0,1,90%
22114,HOT WATER BOTTLE TEA AND SYMPATHY,AY,A,Y,80.37,190.59,324.0,1,90%
85099C,JUMBO  BAG BAROQUE BLACK WHITE,AX,A,X,288.49,125.58,449.0,1,90%
22910,PAPER CHAIN KIT VINTAGE CHRISTMAS,AZ,A,Z,117.38,433.87,673.0,1,90%
22112,CHOCOLATE HOT WATER BOTTLE,AY,A,Y,81.05,128.56,246.0,1,90%
22411,JUMBO SHOPPER VINTAGE RED PAISLEY,AX,A,X,249.9,131.91,419.0,1,90%
82484,WOOD BLACK BOARD ANT WHITE FINISH,AZ,A,Z,93.47,69.54,182.0,1,90%
22470,HEART OF WICKER LARGE,AY,A,Y,154.1,184.25,390.0,1,90%
22139,RETROSPOT TEA SET CERAMIC 11 PC,AY,A,Y,94.19,81.2,198.0,1,90%
22178,VICTORIAN GLASS HANGING T-LIGHT,AY,A,Y,358.83,271.02,706.0,1,90%
20914,SET/5 RED RETROSPOT LID GLASS BOWLS,AX,A,X,183.56,48.79,246.0,1,90%
21212,PACK OF 72 RETROSPOT CAKE CASES,AX,A,X,940.62,256.85,1269.0,1,90%
21733,RED HANGING HEART T-LIGHT HOLDER,AY,A,Y,158.75,149.08,350.0,1,90%
22090,PAPER BUNTING RETROSPOT,AY,A,Y,169.41,58.96,245.0,1,90%
21181,PLEASE ONE PERSON METAL SIGN,AY,A,Y,215.24,283.53,578.0,1,90%
22111,SCOTTIE DOG HOT WATER BOTTLE,AY,A,Y,75.71,116.72,225.0,1,90%
21929,JUMBO BAG PINK VINTAGE PAISLEY,AY,A,Y,251.55,135.46,425.0,1,90%
21232,STRAWBERRY CERAMIC TRINKET BOX,AX,A,X,368.87,135.55,542.0,1,90%
84946,ANTIQUE SILVER TEA GLASS ETCHED,AX,A,X,323.22,281.61,684.0,1,90%
22189,CREAM HEART CARD HOLDER,AZ,A,Z,157.24,118.97,310.0,1,90%
15056BL,EDWARDIAN PARASOL BLACK,AZ,A,Z,93.85,40.34,145.0,1,90%
22469,HEART OF WICKER SMALL,AY,A,Y,240.74,260.38,574.0,1,90%
48194,DOORMAT HEARTS,AY,A,Y,72.42,77.07,171.0,1,90%
21731,RED TOADSTOOL LED NIGHT LIGHT,AY,A,Y,264.51,140.19,444.0,1,90%
22457,NATURAL SLATE HEART CHALKBOARD,AY,A,Y,135.1,86.11,245.0,1,90%
82494L,WOODEN FRAME ANTIQUE WHITE,AX,A,X,142.7,63.74,224.0,1,90%
21754,HOME BUILDING BLOCK WORD,AX,A,X,76.2,12.51,92.0,1,90%
48187,DOORMAT NEW ENGLAND,AY,A,Y,66.89,74.57,162.0,1,90%
21928,JUMBO BAG SCANDINAVIAN PAISLEY,AX,A,X,235.31,78.52,336.0,1,90%
21523,DOORMAT FANCY FONT HOME SWEET HOME,AY,A,Y,66.03,43.79,122.0,1,90%
22138,BAKING SET 9 PIECE RETROSPOT,AY,A,Y,71.04,157.68,273.0,1,90%
20727,LUNCH BAG  BLACK SKULL.,AY,A,Y,250.18,88.03,363.0,1,90%
48185,DOORMAT FAIRY CAKE,AZ,A,Z,64.45,73.07,158.0,1,90%
21623,VINTAGE UNION JACK MEMOBOARD,AZ,A,Z,62.85,43.2,118.0,1,90%
22355,CHARLOTTE BAG SUKI DESIGN,AX,A,X,284.13,174.05,507.0,1,90%
71477,COLOUR GLASS. STAR T-LIGHT HOLDER,AY,A,Y,134.22,148.83,325.0,1,90%
22326,ROUND SNACK BOXES SET OF4 WOODLAND,AY,A,Y,139.53,89.34,254.0,1,90%
21175,GIN + TONIC DIET METAL SIGN,AY,A,Y,185.99,106.77,323.0,1,90%
84078A,SET/4 WHITE RETRO STORAGE CUBES,AZ,A,Z,11.49,7.34,21.0,1,90%
22383,LUNCH BAG SUKI  DESIGN,AX,A,X,243.03,120.48,397.0,1,90%
84029E,RED WOOLLY HOTTIE WHITE HEART.,AZ,A,Z,86.59,149.72,278.0,1,90%
23298,SPOTTY BUNTING,AZ,A,Z,66.28,114.61,213.0,1,90%
84997D,PINK 3 PIECE MINI DOTS CUTLERY SET,AY,A,Y,99.8,66.94,185.0,1,90%
21915,RED  HARMONICA IN BOX,AY,A,Y,291.89,498.25,930.0,1,90%
20728,LUNCH BAG CARS BLUE,AY,A,Y,236.44,68.79,324.0,1,90%
23203,JUMBO BAG VINTAGE DOILY,AZ,A,Z,123.61,265.0,463.0,1,90%
82482,WOODEN PICTURE FRAME WHITE FINISH,AX,A,X,154.78,74.22,250.0,1,90%
20713,JUMBO BAG OWLS,AY,A,Y,183.47,177.13,410.0,1,90%
22083,PAPER CHAIN KIT RETROSPOT,AY,A,Y,133.03,36.02,179.0,1,90%
85066,CREAM SWEETHEART MINI CHEST,AY,A,Y,26.13,29.1,63.0,1,90%
84997B,RED 3 PIECE MINI DOTS CUTLERY SET,AY,A,Y,91.86,54.05,161.0,1,90%
20726,LUNCH BAG WOODLAND,AY,A,Y,216.08,77.53,315.0,1,90%
82486,WOOD S/3 CABINET ANT WHITE FINISH,AX,A,X,44.2,19.4,69.0,1,90%
22960,JAM MAKING SET WITH JARS,AY,A,Y,68.63,81.0,172.0,1,90%
22699,ROSES REGENCY TEACUP AND SAUCER,AY,A,Y,114.92,70.35,205.0,1,90%
21166,COOK WITH WINE METAL SIGN,AY,A,Y,167.19,215.15,443.0,1,90%
23284,DOORMAT KEEP CALM AND COME IN,AZ,A,Z,24.66,236.74,328.0,1,90%
22720,SET OF 3 CAKE TINS PANTRY DESIGN,AZ,A,Z,54.33,90.45,170.0,1,90%
22629,SPACEBOY LUNCH BOX,AY,A,Y,185.0,90.22,300.0,1,90%
20712,JUMBO BAG WOODLAND ANIMALS,AY,A,Y,157.3,104.07,291.0,1,90%
21485,RETROSPOT HEART HOT WATER BOTTLE,AY,A,Y,60.1,116.36,209.0,1,90%
22727,ALARM CLOCK BAKELIKE RED,AZ,A,Z,60.58,154.45,258.0,1,90%
22328,ROUND SNACK BOXES SET OF 4 FRUITS,AY,A,Y,125.09,45.05,183.0,1,90%
21524,DOORMAT SPOTTY HOME SWEET HOME,AY,A,Y,50.62,25.57,83.0,1,90%
84997C,BLUE 3 PIECE MINI DOTS CUTLERY SET,AY,A,Y,84.37,52.74,152.0,1,90%
20724,RED RETROSPOT CHARLOTTE BAG,AX,A,X,283.76,146.24,471.0,1,90%
21755,LOVE BUILDING BLOCK WORD,AX,A,X,56.81,14.54,75.0,1,90%
22379,RECYCLING BAG RETROSPOT,AY,A,Y,146.99,94.77,268.0,1,90%
22382,LUNCH BAG SPACEBOY DESIGN,AX,A,X,184.43,95.48,307.0,1,90%
22384,LUNCH BAG PINK POLKADOT,AX,A,X,202.39,106.27,338.0,1,90%
22666,RECIPE BOX PANTRY YELLOW DESIGN,AY,A,Y,79.8,154.29,277.0,1,90%
22630,DOLLY GIRL LUNCH BOX,AY,A,Y,165.68,86.7,277.0,1,90%
15036,ASSORTED COLOURS SILK FAN,AY,A,Y,453.3,280.77,813.0,1,90%
22726,ALARM CLOCK BAKELIKE GREEN,AY,A,Y,51.51,89.23,166.0,1,90%
22385,JUMBO BAG SPACEBOY DESIGN,AY,A,Y,157.47,94.96,279.0,1,90%
22865,HAND WARMER OWL DESIGN,AZ,A,Z,90.82,269.26,435.0,1,90%
22077,6 RIBBONS RUSTIC CHARM,AX,A,X,148.08,98.03,274.0,1,90%
85152,HAND OVER THE CHOCOLATE   SIGN,AY,A,Y,142.2,163.65,352.0,1,90%
85014B,RED RETROSPOT UMBRELLA,AZ,A,Z,58.42,33.22,101.0,1,90%
48184,DOORMAT ENGLISH ROSE,AY,A,Y,42.09,51.43,108.0,1,90%
23245,SET OF 3 REGENCY CAKE TINS,AZ,A,Z,39.63,65.54,124.0,1,90%
21479,WHITE SKULL HOT WATER BOTTLE,AZ,A,Z,47.76,110.27,189.0,1,90%
22697,GREEN REGENCY TEACUP AND SAUCER,AY,A,Y,84.13,59.87,161.0,1,90%
23199,JUMBO BAG APPLES,AZ,A,Z,110.81,208.96,378.0,1,90%
22501,PICNIC BASKET WICKER LARGE,AZ,A,Z,27.44,5.39,34.0,1,90%
20679,EDWARDIAN PARASOL RED,AZ,A,Z,59.94,23.21,90.0,1,90%
21217,RED SPOTTY ROUND CAKE TINS,AY,A,Y,28.86,9.91,42.0,1,90%
84029G,KNITTED UNION FLAG HOT WATER BOTTLE,AZ,A,Z,57.95,66.22,143.0,1,90%
22659,LUNCH BOX I LOVE LONDON,AY,A,Y,145.41,121.58,301.0,1,90%
47590B,PINK HAPPY BIRTHDAY BUNTING,AY,A,Y,57.6,24.98,90.0,1,90%
22622,BOX OF VINTAGE ALPHABET BLOCKS,AZ,A,Z,26.52,24.39,58.0,1,90%
22158,3 HEARTS HANGING DECORATION RUSTIC,AZ,A,Z,72.11,119.45,225.0,1,90%
82483,WOOD 2 DRAWER CABINET WHITE FINISH,AX,A,X,44.68,25.19,77.0,1,90%
48188,DOORMAT WELCOME PUPPIES,AZ,A,Z,48.85,42.41,103.0,1,90%
20971,PINK BLUE FELT CRAFT TRINKET BOX,AZ,A,Z,163.47,439.33,726.0,1,90%
84978,HANGING HEART JAR T-LIGHT HOLDER,AX,A,X,208.26,97.24,333.0,1,90%
22866,HAND WARMER SCOTTY DOG DESIGN,AZ,A,Z,83.2,193.4,331.0,1,90%
22467,GUMBALL COAT RACK,AY,A,Y,99.16,105.62,234.0,1,90%
22752,SET 7 BABUSHKA NESTING BOXES,AZ,A,Z,30.26,39.81,81.0,1,90%
21977,PACK OF 60 PINK PAISLEY CAKE CASES,AX,A,X,556.43,296.91,936.0,1,90%
22188,BLACK HEART CARD HOLDER,AZ,A,Z,103.04,97.87,228.0,1,90%
82583,HOT BATHS METAL SIGN,AY,A,Y,103.89,159.83,308.0,1,90%
23201,JUMBO BAG ALPHABET,AZ,A,Z,85.58,192.2,332.0,1,90%
22492,MINI PAINT SET VINTAGE,AY,A,Y,377.16,351.9,828.0,1,90%
20719,WOODLAND CHARLOTTE BAG,AX,A,X,227.63,70.8,318.0,1,90%
47566B,TEA TIME PARTY BUNTING,AY,A,Y,63.67,15.06,83.0,1,90%
22624,IVORY KITCHEN SCALES,AY,A,Y,28.17,27.33,63.0,1,90%
21930,JUMBO STORAGE BAG SKULLS,AX,A,X,122.55,73.8,217.0,1,90%
72741,GRAND CHOCOLATECANDLE,AY,A,Y,190.01,100.38,318.0,1,90%
22835,HOT WATER BOTTLE I AM SO POORLY,AZ,A,Z,35.69,77.35,135.0,1,90%
84991,60 TEATIME FAIRY CAKE CASES,AX,A,X,534.57,183.0,769.0,1,90%
22961,JAM MAKING SET PRINTED,AY,A,Y,129.24,142.73,312.0,1,90%
20750,RED RETROSPOT MINI CASES,AX,A,X,34.44,16.34,55.0,1,90%
71459,HANGING JAM JAR T-LIGHT HOLDER,AY,A,Y,329.46,134.41,502.0,1,90%
22734,SET OF 6 RIBBONS VINTAGE CHRISTMAS,AZ,A,Z,75.08,160.73,281.0,1,90%
22149,FELTCRAFT 6 FLOWER FRIENDS,AY,A,Y,111.67,192.54,358.0,1,90%
22867,HAND WARMER BIRD DESIGN,AZ,A,Z,80.35,163.79,290.0,1,90%
48111,DOORMAT 3 SMILEY CATS,AZ,A,Z,38.7,43.19,94.0,1,90%
22551,PLASTERS IN TIN SPACEBOY,AY,A,Y,137.96,74.87,234.0,1,90%
82600,NO SINGING METAL SIGN,AY,A,Y,114.99,188.22,356.0,1,90%
20711,JUMBO BAG TOYS,AY,A,Y,124.73,73.01,218.0,1,90%
21481,FAWN BLUE HOT WATER BOTTLE,AY,A,Y,72.89,59.66,149.0,1,90%
22507,MEMO BOARD RETROSPOT  DESIGN,AZ,A,Z,49.67,46.69,109.0,1,90%
37503,TEA TIME CAKE STAND IN GIFT BOX,AZ,A,Z,26.55,0.0,27.0,1,90%
22087,PAPER BUNTING WHITE LACE,AY,A,Y,84.57,48.38,147.0,1,90%
21080,SET/20 RED RETROSPOT PAPER NAPKINS,AX,A,X,306.66,67.61,393.0,1,90%
21108,FAIRY CAKE FLANNEL ASSORTED COLOUR,AZ,A,Z,103.72,202.26,363.0,1,90%
84755,COLOUR GLASS T-LIGHT HOLDER HANGING,AY,A,Y,409.84,185.04,647.0,1,90%
22084,PAPER CHAIN KIT EMPIRE,AZ,A,Z,94.53,2.07,97.0,1,90%
21527,RED RETROSPOT TRADITIONAL TEAPOT,AY,A,Y,36.13,2.14,39.0,1,90%
23173,REGENCY TEAPOT ROSES,AZ,A,Z,23.74,53.58,92.0,1,90%
20972,PINK CREAM FELT CRAFT TRINKET BOX,AY,A,Y,193.35,66.3,278.0,1,90%
21314,SMALL GLASS HEART TRINKET POT,AY,A,Y,109.13,48.17,171.0,1,90%
84836,ZINC METAL HEART DECORATION,AY,A,Y,193.65,78.9,295.0,1,90%
84077,WORLD WAR 2 GLIDERS ASSTD DESIGNS,AY,A,Y,962.13,480.64,1577.0,1,90%
22722,SET OF 6 SPICE TINS PANTRY DESIGN,AZ,A,Z,36.74,174.27,260.0,1,90%
22698,PINK REGENCY TEACUP AND SAUCER,AY,A,Y,69.26,56.79,142.0,1,90%
22728,ALARM CLOCK BAKELIKE PINK,AZ,A,Z,43.87,79.23,145.0,1,90%
48173C,DOORMAT BLACK FLOCK,AZ,A,Z,41.19,33.52,84.0,1,90%
21231,SWEETHEART CERAMIC TRINKET BOX,AY,A,Y,189.68,90.89,306.0,1,90%
47590A,BLUE HAPPY BIRTHDAY BUNTING,AY,A,Y,46.98,21.93,75.0,1,90%
22171,3 HOOK PHOTO SHELF ANTIQUE WHITE,AZ,A,Z,32.29,20.63,59.0,1,90%
23344,JUMBO BAG 50'S CHRISTMAS,AZ,A,Z,16.51,447.36,589.0,1,90%
21955,DOORMAT UNION JACK GUNS AND ROSES,AZ,A,Z,40.24,27.83,76.0,1,90%
21790,VINTAGE SNAP CARDS,AY,A,Y,227.2,171.34,447.0,1,90%
23243,SET OF TEA COFFEE SUGAR TINS PANTRY,AZ,A,Z,21.8,180.74,253.0,1,90%
22605,WOODEN CROQUET GARDEN SET,AZ,A,Z,18.39,6.47,27.0,1,90%
22625,RED KITCHEN SCALES,AY,A,Y,23.69,19.28,48.0,1,90%
84406B,CREAM CUPID HEARTS COAT HANGER,AY,A,Y,74.26,28.41,111.0,1,90%
22607,WOODEN ROUNDERS GARDEN SET,AY,A,Y,25.91,9.7,38.0,1,90%
21791,VINTAGE HEADS AND TAILS CARD GAME,AY,A,Y,158.68,107.95,297.0,1,90%
22554,PLASTERS IN TIN WOODLAND ANIMALS,AY,A,Y,117.13,85.63,227.0,1,90%
21936,RED RETROSPOT PICNIC BAG,AY,A,Y,81.72,55.33,153.0,1,90%
84970S,HANGING HEART ZINC T-LIGHT HOLDER,AX,A,X,270.55,64.76,353.0,1,90%
22556,PLASTERS IN TIN CIRCUS PARADE,AY,A,Y,124.92,49.07,188.0,1,90%
37449,CERAMIC CAKE STAND + HANGING CAKES,AY,A,Y,24.37,9.96,37.0,1,90%
85014A,BLACK/BLUE POLKADOT UMBRELLA,AZ,A,Z,45.98,16.93,68.0,1,90%
20749,ASSORTED COLOUR MINI CASES,AY,A,Y,25.69,32.74,68.0,1,90%
22113,GREY HEART HOT WATER BOTTLE,AZ,A,Z,43.26,93.11,162.0,1,90%
22585,PACK OF 6 BIRDY GIFT TAGS,AY,A,Y,162.99,150.06,355.0,1,90%
23202,JUMBO BAG VINTAGE LEAF,AZ,A,Z,75.14,111.29,218.0,1,90%
22499,WOODEN UNION JACK BUNTING,AY,A,Y,37.38,4.62,43.0,1,90%
22941,CHRISTMAS LIGHTS 10 REINDEER,AZ,A,Z,13.61,59.91,90.0,1,90%
21210,SET OF 72 RETROSPOT PAPER  DOILIES,AY,A,Y,142.55,78.54,243.0,1,90%
22456,NATURAL SLATE CHALKBOARD LARGE,AY,A,Y,42.55,11.39,57.0,1,90%
22969,HOMEMADE JAM SCENTED CANDLES,AZ,A,Z,118.23,153.37,315.0,1,90%
21213,PACK OF 72 SKULL CAKE CASES,AY,A,Y,394.41,182.11,628.0,1,90%
21258,VICTORIAN SEWING BOX LARGE,AZ,A,Z,14.01,10.87,28.0,1,90%
23209,LUNCH BAG VINTAGE DOILY,AZ,A,Z,93.12,136.95,268.0,1,90%
85048,15CM CHRISTMAS GLASS BALL 20 LIGHTS,AZ,A,Z,17.23,42.3,71.0,1,90%
22570,FELTCRAFT CUSHION RABBIT,AY,A,Y,50.92,78.03,151.0,1,90%
22424,ENAMEL BREAD BIN CREAM,AY,A,Y,13.83,7.61,24.0,1,90%
23206,LUNCH BAG APPLE DESIGN,AZ,A,Z,96.11,149.46,287.0,1,90%
84997A,GREEN 3 PIECE MINI DOTS CUTLERY SET,AY,A,Y,49.61,36.47,96.0,1,90%
22294,HEART FILIGREE DOVE  SMALL,AY,A,Y,163.87,71.58,255.0,1,90%
22356,CHARLOTTE BAG PINK POLKADOT,AX,A,X,183.59,76.62,282.0,1,90%
21218,RED SPOTTY BISCUIT TIN,AY,A,Y,51.95,30.66,91.0,1,90%
48116,DOORMAT MULTICOLOUR STRIPE,AZ,A,Z,31.58,52.86,99.0,1,90%
22632,HAND WARMER RED RETROSPOT,AZ,A,Z,78.44,124.74,238.0,1,90%
22617,BAKING SET SPACEBOY DESIGN,AY,A,Y,34.24,58.72,109.0,1,90%
22693,GROW A FLYTRAP OR SUNFLOWER IN TIN,AZ,A,Z,165.38,92.84,284.0,1,90%
20723,STRAWBERRY CHARLOTTE BAG,AX,A,X,169.04,68.56,257.0,1,90%
21559,STRAWBERRY LUNCH BOX WITH CUTLERY,AX,A,X,78.53,43.59,134.0,1,90%
22568,FELTCRAFT CUSHION OWL,AY,A,Y,42.48,79.18,144.0,1,90%
85150,LADIES & GENTLEMEN METAL SIGN,AY,A,Y,79.59,24.83,111.0,1,90%
21216,"SET 3 RETROSPOT TEA,COFFEE,SUGAR",AY,A,Y,37.08,19.86,62.0,1,90%
22273,FELTCRAFT DOLL MOLLY,AZ,A,Z,47.17,194.14,296.0,1,90%
22569,FELTCRAFT CUSHION BUTTERFLY,AY,A,Y,51.72,71.18,143.0,1,90%
21622,VINTAGE UNION JACK CUSHION COVER,AZ,A,Z,39.62,7.45,49.0,1,90%
22900,SET 2 TEA TOWELS I LOVE LONDON,AZ,A,Z,53.84,40.51,106.0,1,90%
22413,METAL SIGN TAKE IT OR LEAVE IT,AZ,A,Z,53.32,142.26,235.0,1,90%
48129,DOORMAT TOPIARY,AZ,A,Z,29.12,29.96,67.0,1,90%
22381,TOY TIDY PINK POLKADOT,AY,A,Y,87.52,58.01,162.0,1,90%
21174,POTTERING IN THE SHED METAL SIGN,AY,A,Y,84.12,100.9,213.0,1,90%
22558,CLOTHES PEGS RETROSPOT PACK 24,AY,A,Y,126.11,60.91,204.0,1,90%
22169,FAMILY ALBUM WHITE PICTURE FRAME,AY,A,Y,19.42,20.33,45.0,1,90%
22561,WOODEN SCHOOL COLOURING SET,AY,A,Y,102.67,36.28,149.0,1,90%
21340,CLASSIC METAL BIRDCAGE PLANT HOLDER,AY,A,Y,16.68,10.15,30.0,1,90%
22427,ENAMEL FLOWER JUG CREAM,AY,A,Y,31.43,33.96,75.0,1,90%
22952,60 CAKE CASES VINTAGE CHRISTMAS,AZ,A,Z,232.42,399.97,744.0,1,90%
21908,CHOCOLATE THIS WAY METAL SIGN,AY,A,Y,89.73,70.8,180.0,1,90%
22061,LARGE CAKE STAND  HANGING STRAWBERY,AY,A,Y,20.26,20.12,46.0,1,90%
84949,SILVER HANGING T-LIGHT HOLDER,AY,A,Y,107.65,113.29,253.0,1,90%
71053,WHITE METAL LANTERN,AY,A,Y,47.98,24.0,79.0,1,90%
84947,ANTIQUE SILVER TEA GLASS ENGRAVED,AY,A,Y,132.32,169.16,349.0,1,90%
47591D,PINK FAIRY CAKE CHILDRENS APRON,AY,A,Y,89.65,75.92,187.0,1,90%
22555,PLASTERS IN TIN STRONGMAN,AY,A,Y,105.04,43.87,161.0,1,90%
21035,SET/2 RED RETROSPOT TEA TOWELS,AY,A,Y,57.59,48.86,120.0,1,90%
22041,"RECORD FRAME 7"" SINGLE SIZE",AY,A,Y,66.2,55.57,137.0,1,90%
21121,SET/10 RED POLKADOT PARTY CANDLES,AY,A,Y,147.82,86.75,259.0,1,90%
22847,BREAD BIN DINER STYLE IVORY,AY,A,Y,9.29,14.69,28.0,1,90%
21484,CHICK GREY HOT WATER BOTTLE,AZ,A,Z,39.31,56.51,112.0,1,90%
21430,SET/3 RED GINGHAM ROSE STORAGE BOX,AY,A,Y,43.98,37.15,92.0,1,90%
22505,MEMO BOARD COTTAGE DESIGN,AY,A,Y,36.72,15.96,57.0,1,90%
22147,FELTCRAFT BUTTERFLY HEARTS,AY,A,Y,108.33,220.48,391.0,1,90%
22560,TRADITIONAL MODELLING CLAY,AY,A,Y,120.95,166.38,334.0,1,90%
22352,LUNCH BOX WITH CUTLERY RETROSPOT,AX,A,X,68.18,33.12,111.0,1,90%
22297,HEART IVORY TRELLIS SMALL,AY,A,Y,139.22,37.8,188.0,1,90%
84945,MULTI COLOUR SILVER T-LIGHT HOLDER,AY,A,Y,186.69,193.86,435.0,1,90%
84970L,SINGLE HEART ZINC T-LIGHT HOLDER,AX,A,X,176.74,66.56,262.0,1,90%
21914,BLUE HARMONICA IN BOX,AY,A,Y,100.61,135.57,274.0,1,90%
22633,HAND WARMER UNION JACK,AZ,A,Z,53.52,180.14,284.0,1,90%
22776,SWEETHEART CAKESTAND 3 TIER,AY,A,Y,15.48,10.0,28.0,1,90%
21136,PAINTED METAL PEARS ASSORTED,AY,A,Y,96.11,43.67,152.0,1,90%
20718,RED RETROSPOT SHOPPER BAG,AX,A,X,129.99,50.38,194.0,1,90%
22557,PLASTERS IN TIN VINTAGE PAISLEY,AY,A,Y,95.25,39.1,145.0,1,90%
84992,72 SWEETHEART FAIRY CAKE CASES,AY,A,Y,343.78,133.38,515.0,1,90%
22366,DOORMAT AIRMAIL,AZ,A,Z,23.15,22.89,52.0,1,90%
21889,WOODEN BOX OF DOMINOES,AY,A,Y,104.23,103.17,236.0,1,90%
23240,SET OF 4 KNICK KNACK TINS DOILY,AZ,A,Z,25.34,32.22,67.0,1,90%
21156,RETROSPOT CHILDRENS APRON,AY,A,Y,84.57,69.64,174.0,1,90%
22654,DELUXE SEWING KIT,AY,A,Y,23.17,19.84,49.0,1,90%
21535,RED RETROSPOT SMALL MILK JUG,AY,A,Y,66.4,32.57,108.0,1,90%
22652,TRAVEL SEWING KIT,AY,A,Y,95.94,124.79,256.0,1,90%
21533,RETRO SPOT LARGE MILK JUG,AX,A,X,34.05,18.97,58.0,1,90%
21164,HOME SWEET HOME METAL SIGN,AY,A,Y,61.58,18.61,85.0,1,90%
72760B,VINTAGE CREAM 3 BASKET CAKE STAND,AY,A,Y,17.6,2.83,21.0,1,90%
22993,SET OF 4 PANTRY JELLY MOULDS,AY,A,Y,90.72,98.97,217.0,1,90%
22837,HOT WATER BOTTLE BABUSHKA,AZ,A,Z,37.98,0.71,39.0,1,90%
22487,WHITE WOOD GARDEN PLANT LADDER,AY,A,Y,15.57,6.89,24.0,1,90%
21155,RED RETROSPOT PEG BAG,AY,A,Y,64.95,21.5,92.0,1,90%
23301,GARDENERS KNEELING PAD KEEP CALM,AZ,A,Z,36.48,306.31,429.0,1,90%
22191,IVORY DINER WALL CLOCK,AZ,A,Z,17.7,16.25,38.0,1,90%
22662,LUNCH BAG DOLLY GIRL DESIGN,AY,A,Y,92.73,75.83,190.0,1,90%
35004C,SET OF 3 COLOURED  FLYING DUCKS,AZ,A,Z,32.97,0.0,33.0,1,90%
22296,HEART IVORY TRELLIS LARGE,AY,A,Y,100.4,39.76,151.0,1,90%
22193,RED DINER WALL CLOCK,AY,A,Y,14.13,22.71,43.0,1,90%
22634,CHILDS BREAKFAST SET SPACEBOY,AY,A,Y,15.72,8.02,26.0,1,90%
21877,HOME SWEET HOME MUG,AY,A,Y,136.73,113.66,282.0,1,90%
22692,DOORMAT WELCOME TO OUR HOME,AZ,A,Z,16.84,32.18,58.0,1,90%
22759,SET OF 3 NOTEBOOKS IN PARCEL,AY,A,Y,72.61,146.16,260.0,1,90%
22690,DOORMAT HOME SWEET HOME BLUE,AZ,A,Z,22.57,25.05,55.0,1,90%
22635,CHILDS BREAKFAST SET DOLLY GIRL,AY,A,Y,15.95,6.75,25.0,1,90%
22367,CHILDRENS APRON SPACEBOY DESIGN,AX,A,X,71.55,50.4,136.0,1,90%
84375,SET OF 20 KIDS COOKIE CUTTERS,AY,A,Y,66.85,62.16,146.0,1,90%
22170,PICTURE FRAME WOOD TRIPLE PORTRAIT,AY,A,Y,21.6,23.68,52.0,1,90%
22619,SET OF 6 SOLDIER SKITTLES,AY,A,Y,31.68,46.94,92.0,1,90%
22333,RETROSPOT PARTY BAG + STICKER SET,AY,A,Y,96.05,55.09,167.0,1,90%
85232B,SET/3 RUSSIAN DOLL STACKING TINS,AZ,A,Z,33.23,1.88,36.0,1,90%
21891,TRADITIONAL WOODEN SKIPPING ROPE,AY,A,Y,98.17,171.73,318.0,1,90%
22173,METAL 4 HOOK HANGER FRENCH CHATEAU,AY,A,Y,46.99,23.76,77.0,1,90%
22749,FELTCRAFT PRINCESS CHARLOTTE DOLL,AY,A,Y,28.84,60.44,106.0,1,90%
84378,SET OF 3 HEART COOKIE CUTTERS,AY,A,Y,100.09,131.81,269.0,1,90%
21844,RED RETROSPOT MUG,AY,A,Y,52.54,34.01,96.0,1,90%
22940,FELTCRAFT CHRISTMAS FAIRY,AZ,A,Z,25.85,36.71,73.0,1,90%
21094,SET/6 RED SPOTTY PAPER PLATES,AY,A,Y,195.53,103.83,328.0,1,90%
22365,DOORMAT RESPECTABLE HOUSE,AZ,A,Z,20.12,29.69,58.0,1,90%
22909,SET OF 20 VINTAGE CHRISTMAS NAPKINS,AZ,A,Z,114.67,297.7,496.0,1,90%
21975,PACK OF 60 DINOSAUR CAKE CASES,AY,A,Y,308.08,180.5,539.0,1,90%
21165,BEWARE OF THE CAT METAL SIGN,AY,A,Y,89.96,57.9,164.0,1,90%
35970,ZINC FOLKART SLEIGH BELLS,AZ,A,Z,43.29,220.69,326.0,1,90%
82582,AREA PATROLLED METAL SIGN,AY,A,Y,64.27,72.94,158.0,1,90%
22946,WOODEN ADVENT CALENDAR CREAM,AZ,A,Z,7.57,14.61,26.0,1,90%
21122,SET/10 PINK POLKADOT PARTY CANDLES,AY,A,Y,121.74,55.59,193.0,1,90%
22606,WOODEN SKITTLES GARDEN SET,AZ,A,Z,11.33,3.71,16.0,1,90%
22730,ALARM CLOCK BAKELIKE IVORY,AY,A,Y,26.13,44.67,83.0,1,90%
21770,OPEN CLOSED METAL SIGN,AZ,A,Z,26.42,18.99,51.0,1,90%
17003,BROCADE RING PURSE,AZ,A,Z,696.42,348.55,1143.0,1,90%
21912,VINTAGE SNAKES & LADDERS,AY,A,Y,32.96,28.23,69.0,1,90%
22423,REGENCY CAKESTAND 3 TIER,AX,A,X,251.85,79.99,384.0,1,95%
85123A,WHITE HANGING HEART T-LIGHT HOLDER,AX,A,X,920.37,285.42,1391.0,1,95%
85099B,JUMBO BAG RED RETROSPOT,AX,A,X,877.32,482.95,1674.0,1,95%
47566,PARTY BUNTING,AY,A,Y,277.99,173.56,564.0,1,95%
84879,ASSORTED COLOUR BIRD ORNAMENT,AY,A,Y,737.17,240.32,1134.0,1,95%
22086,PAPER CHAIN KIT 50'S CHRISTMAS,AZ,A,Z,216.7,681.73,1342.0,1,95%
23166,MEDIUM CERAMIC TOP STORAGE JAR,AZ,A,Z,824.81,722.9,2018.0,1,95%
79321,CHILLI LIGHTS,AY,A,Y,130.52,188.96,442.0,1,95%
22197,SMALL POPCORN HOLDER,AY,A,Y,656.61,1332.55,2855.0,1,95%
22386,JUMBO BAG PINK POLKADOT,AX,A,X,346.33,233.64,732.0,1,95%
20725,LUNCH BAG RED RETROSPOT,AX,A,X,382.91,117.84,577.0,1,95%
84347,ROTATING SILVER ANGELS T-LIGHT HLDR,AZ,A,Z,266.16,483.44,1064.0,1,95%
85099F,JUMBO BAG STRAWBERRY,AX,A,X,354.66,221.79,721.0,1,95%
48138,DOORMAT UNION FLAG,AY,A,Y,95.83,67.99,208.0,1,95%
23084,RABBIT NIGHT LIGHT,AZ,A,Z,54.77,1878.63,3155.0,1,95%
20685,DOORMAT RED RETROSPOT,AY,A,Y,97.1,39.47,162.0,1,95%
21137,BLACK RECORD COVER FRAME,AY,A,Y,149.11,270.87,596.0,1,95%
21843,RED RETROSPOT CAKE STAND,AY,A,Y,58.57,30.73,109.0,1,95%
21931,JUMBO STORAGE BAG SUKI,AX,A,X,274.19,81.2,408.0,1,95%
22502,PICNIC BASKET WICKER SMALL,AY,A,Y,40.55,4.2,47.0,1,95%
21621,VINTAGE UNION JACK BUNTING,AY,A,Y,70.66,19.54,103.0,1,95%
15056N,EDWARDIAN PARASOL NATURAL,AY,A,Y,115.2,51.44,200.0,1,95%
22114,HOT WATER BOTTLE TEA AND SYMPATHY,AY,A,Y,80.37,190.59,395.0,1,95%
85099C,JUMBO  BAG BAROQUE BLACK WHITE,AX,A,X,288.49,125.58,496.0,1,95%
22910,PAPER CHAIN KIT VINTAGE CHRISTMAS,AZ,A,Z,117.38,433.87,833.0,1,95%
22112,CHOCOLATE HOT WATER BOTTLE,AY,A,Y,81.05,128.56,293.0,1,95%
22411,JUMBO SHOPPER VINTAGE RED PAISLEY,AX,A,X,249.9,131.91,468.0,1,95%
82484,WOOD BLACK BOARD ANT WHITE FINISH,AZ,A,Z,93.47,69.54,208.0,1,95%
22470,HEART OF WICKER LARGE,AY,A,Y,154.1,184.25,458.0,1,95%
22139,RETROSPOT TEA SET CERAMIC 11 PC,AY,A,Y,94.19,81.2,228.0,1,95%
22178,VICTORIAN GLASS HANGING T-LIGHT,AY,A,Y,358.83,271.02,806.0,1,95%
20914,SET/5 RED RETROSPOT LID GLASS BOWLS,AX,A,X,183.56,48.79,264.0,1,95%
21212,PACK OF 72 RETROSPOT CAKE CASES,AX,A,X,940.62,256.85,1364.0,1,95%
21733,RED HANGING HEART T-LIGHT HOLDER,AY,A,Y,158.75,149.08,405.0,1,95%
22090,PAPER BUNTING RETROSPOT,AY,A,Y,169.41,58.96,267.0,1,95%
21181,PLEASE ONE PERSON METAL SIGN,AY,A,Y,215.24,283.53,683.0,1,95%
22111,SCOTTIE DOG HOT WATER BOTTLE,AY,A,Y,75.71,116.72,268.0,1,95%
21929,JUMBO BAG PINK VINTAGE PAISLEY,AY,A,Y,251.55,135.46,475.0,1,95%
21232,STRAWBERRY CERAMIC TRINKET BOX,AX,A,X,368.87,135.55,593.0,1,95%
84946,ANTIQUE SILVER TEA GLASS ETCHED,AX,A,X,323.22,281.61,788.0,1,95%
22189,CREAM HEART CARD HOLDER,AZ,A,Z,157.24,118.97,354.0,1,95%
15056BL,EDWARDIAN PARASOL BLACK,AZ,A,Z,93.85,40.34,160.0,1,95%
22469,HEART OF WICKER SMALL,AY,A,Y,240.74,260.38,670.0,1,95%
48194,DOORMAT HEARTS,AY,A,Y,72.42,77.07,200.0,1,95%
21731,RED TOADSTOOL LED NIGHT LIGHT,AY,A,Y,264.51,140.19,496.0,1,95%
22457,NATURAL SLATE HEART CHALKBOARD,AY,A,Y,135.1,86.11,277.0,1,95%
82494L,WOODEN FRAME ANTIQUE WHITE,AX,A,X,142.7,63.74,248.0,1,95%
21754,HOME BUILDING BLOCK WORD,AX,A,X,76.2,12.51,97.0,1,95%
48187,DOORMAT NEW ENGLAND,AY,A,Y,66.89,74.57,190.0,1,95%
21928,JUMBO BAG SCANDINAVIAN PAISLEY,AX,A,X,235.31,78.52,365.0,1,95%
21523,DOORMAT FANCY FONT HOME SWEET HOME,AY,A,Y,66.03,43.79,138.0,1,95%
22138,BAKING SET 9 PIECE RETROSPOT,AY,A,Y,71.04,157.68,331.0,1,95%
20727,LUNCH BAG  BLACK SKULL.,AY,A,Y,250.18,88.03,395.0,1,95%
48185,DOORMAT FAIRY CAKE,AZ,A,Z,64.45,73.07,185.0,1,95%
21623,VINTAGE UNION JACK MEMOBOARD,AZ,A,Z,62.85,43.2,134.0,1,95%
22355,CHARLOTTE BAG SUKI DESIGN,AX,A,X,284.13,174.05,571.0,1,95%
71477,COLOUR GLASS. STAR T-LIGHT HOLDER,AY,A,Y,134.22,148.83,380.0,1,95%
22326,ROUND SNACK BOXES SET OF4 WOODLAND,AY,A,Y,139.53,89.34,287.0,1,95%
21175,GIN + TONIC DIET METAL SIGN,AY,A,Y,185.99,106.77,362.0,1,95%
84078A,SET/4 WHITE RETRO STORAGE CUBES,AZ,A,Z,11.49,7.34,24.0,1,95%
22383,LUNCH BAG SUKI  DESIGN,AX,A,X,243.03,120.48,442.0,1,95%
84029E,RED WOOLLY HOTTIE WHITE HEART.,AZ,A,Z,86.59,149.72,334.0,1,95%
23298,SPOTTY BUNTING,AZ,A,Z,66.28,114.61,255.0,1,95%
84997D,PINK 3 PIECE MINI DOTS CUTLERY SET,AY,A,Y,99.8,66.94,210.0,1,95%
21915,RED  HARMONICA IN BOX,AY,A,Y,291.89,498.25,1114.0,1,95%
20728,LUNCH BAG CARS BLUE,AY,A,Y,236.44,68.79,350.0,1,95%
23203,JUMBO BAG VINTAGE DOILY,AZ,A,Z,123.61,265.0,561.0,1,95%
82482,WOODEN PICTURE FRAME WHITE FINISH,AX,A,X,154.78,74.22,277.0,1,95%
20713,JUMBO BAG OWLS,AY,A,Y,183.47,177.13,476.0,1,95%
22083,PAPER CHAIN KIT RETROSPOT,AY,A,Y,133.03,36.02,192.0,1,95%
85066,CREAM SWEETHEART MINI CHEST,AY,A,Y,26.13,29.1,74.0,1,95%
84997B,RED 3 PIECE MINI DOTS CUTLERY SET,AY,A,Y,91.86,54.05,181.0,1,95%
20726,LUNCH BAG WOODLAND,AY,A,Y,216.08,77.53,344.0,1,95%
82486,WOOD S/3 CABINET ANT WHITE FINISH,AX,A,X,44.2,19.4,76.0,1,95%
22960,JAM MAKING SET WITH JARS,AY,A,Y,68.63,81.0,202.0,1,95%
22699,ROSES REGENCY TEACUP AND SAUCER,AY,A,Y,114.92,70.35,231.0,1,95%
21166,COOK WITH WINE METAL SIGN,AY,A,Y,167.19,215.15,522.0,1,95%
23284,DOORMAT KEEP CALM AND COME IN,AZ,A,Z,24.66,236.74,415.0,1,95%
22720,SET OF 3 CAKE TINS PANTRY DESIGN,AZ,A,Z,54.33,90.45,204.0,1,95%
22629,SPACEBOY LUNCH BOX,AY,A,Y,185.0,90.22,334.0,1,95%
20712,JUMBO BAG WOODLAND ANIMALS,AY,A,Y,157.3,104.07,329.0,1,95%
21485,RETROSPOT HEART HOT WATER BOTTLE,AY,A,Y,60.1,116.36,252.0,1,95%
22727,ALARM CLOCK BAKELIKE RED,AZ,A,Z,60.58,154.45,315.0,1,95%
22328,ROUND SNACK BOXES SET OF 4 FRUITS,AY,A,Y,125.09,45.05,199.0,1,95%
21524,DOORMAT SPOTTY HOME SWEET HOME,AY,A,Y,50.62,25.57,93.0,1,95%
84997C,BLUE 3 PIECE MINI DOTS CUTLERY SET,AY,A,Y,84.37,52.74,171.0,1,95%
20724,RED RETROSPOT CHARLOTTE BAG,AX,A,X,283.76,146.24,525.0,1,95%
21755,LOVE BUILDING BLOCK WORD,AX,A,X,56.81,14.54,81.0,1,95%
22379,RECYCLING BAG RETROSPOT,AY,A,Y,146.99,94.77,303.0,1,95%
22382,LUNCH BAG SPACEBOY DESIGN,AX,A,X,184.43,95.48,342.0,1,95%
22384,LUNCH BAG PINK POLKADOT,AX,A,X,202.39,106.27,378.0,1,95%
22666,RECIPE BOX PANTRY YELLOW DESIGN,AY,A,Y,79.8,154.29,334.0,1,95%
22630,DOLLY GIRL LUNCH BOX,AY,A,Y,165.68,86.7,309.0,1,95%
15036,ASSORTED COLOURS SILK FAN,AY,A,Y,453.3,280.77,917.0,1,95%
22726,ALARM CLOCK BAKELIKE GREEN,AY,A,Y,51.51,89.23,199.0,1,95%
22385,JUMBO BAG SPACEBOY DESIGN,AY,A,Y,157.47,94.96,314.0,1,95%
22865,HAND WARMER OWL DESIGN,AZ,A,Z,90.82,269.26,535.0,1,95%
22077,6 RIBBONS RUSTIC CHARM,AX,A,X,148.08,98.03,310.0,1,95%
85152,HAND OVER THE CHOCOLATE   SIGN,AY,A,Y,142.2,163.65,412.0,1,95%
85014B,RED RETROSPOT UMBRELLA,AZ,A,Z,58.42,33.22,113.0,1,95%
48184,DOORMAT ENGLISH ROSE,AY,A,Y,42.09,51.43,127.0,1,95%
23245,SET OF 3 REGENCY CAKE TINS,AZ,A,Z,39.63,65.54,148.0,1,95%
21479,WHITE SKULL HOT WATER BOTTLE,AZ,A,Z,47.76,110.27,230.0,1,95%
22697,GREEN REGENCY TEACUP AND SAUCER,AY,A,Y,84.13,59.87,183.0,1,95%
23199,JUMBO BAG APPLES,AZ,A,Z,110.81,208.96,456.0,1,95%
22501,PICNIC BASKET WICKER LARGE,AZ,A,Z,27.44,5.39,36.0,1,95%
20679,EDWARDIAN PARASOL RED,AZ,A,Z,59.94,23.21,98.0,1,95%
21217,RED SPOTTY ROUND CAKE TINS,AY,A,Y,28.86,9.91,45.0,1,95%
84029G,KNITTED UNION FLAG HOT WATER BOTTLE,AZ,A,Z,57.95,66.22,167.0,1,95%
22659,LUNCH BOX I LOVE LONDON,AY,A,Y,145.41,121.58,346.0,1,95%
47590B,PINK HAPPY BIRTHDAY BUNTING,AY,A,Y,57.6,24.98,99.0,1,95%
22622,BOX OF VINTAGE ALPHABET BLOCKS,AZ,A,Z,26.52,24.39,67.0,1,95%
22158,3 HEARTS HANGING DECORATION RUSTIC,AZ,A,Z,72.11,119.45,269.0,1,95%
82483,WOOD 2 DRAWER CABINET WHITE FINISH,AX,A,X,44.68,25.19,86.0,1,95%
48188,DOORMAT WELCOME PUPPIES,AZ,A,Z,48.85,42.41,119.0,1,95%
20971,PINK BLUE FELT CRAFT TRINKET BOX,AZ,A,Z,163.47,439.33,888.0,1,95%
84978,HANGING HEART JAR T-LIGHT HOLDER,AX,A,X,208.26,97.24,369.0,1,95%
22866,HAND WARMER SCOTTY DOG DESIGN,AZ,A,Z,83.2,193.4,402.0,1,95%
22467,GUMBALL COAT RACK,AY,A,Y,99.16,105.62,273.0,1,95%
22752,SET 7 BABUSHKA NESTING BOXES,AZ,A,Z,30.26,39.81,96.0,1,95%
21977,PACK OF 60 PINK PAISLEY CAKE CASES,AX,A,X,556.43,296.91,1046.0,1,95%
22188,BLACK HEART CARD HOLDER,AZ,A,Z,103.04,97.87,265.0,1,95%
82583,HOT BATHS METAL SIGN,AY,A,Y,103.89,159.83,368.0,1,95%
23201,JUMBO BAG ALPHABET,AZ,A,Z,85.58,192.2,403.0,1,95%
22492,MINI PAINT SET VINTAGE,AY,A,Y,377.16,351.9,958.0,1,95%
20719,WOODLAND CHARLOTTE BAG,AX,A,X,227.63,70.8,344.0,1,95%
47566B,TEA TIME PARTY BUNTING,AY,A,Y,63.67,15.06,89.0,1,95%
22624,IVORY KITCHEN SCALES,AY,A,Y,28.17,27.33,73.0,1,95%
21930,JUMBO STORAGE BAG SKULLS,AX,A,X,122.55,73.8,244.0,1,95%
72741,GRAND CHOCOLATECANDLE,AY,A,Y,190.01,100.38,356.0,1,95%
22835,HOT WATER BOTTLE I AM SO POORLY,AZ,A,Z,35.69,77.35,163.0,1,95%
84991,60 TEATIME FAIRY CAKE CASES,AX,A,X,534.57,183.0,837.0,1,95%
22961,JAM MAKING SET PRINTED,AY,A,Y,129.24,142.73,365.0,1,95%
20750,RED RETROSPOT MINI CASES,AX,A,X,34.44,16.34,61.0,1,95%
71459,HANGING JAM JAR T-LIGHT HOLDER,AY,A,Y,329.46,134.41,551.0,1,95%
22734,SET OF 6 RIBBONS VINTAGE CHRISTMAS,AZ,A,Z,75.08,160.73,340.0,1,95%
22149,FELTCRAFT 6 FLOWER FRIENDS,AY,A,Y,111.67,192.54,429.0,1,95%
22867,HAND WARMER BIRD DESIGN,AZ,A,Z,80.35,163.79,351.0,1,95%
48111,DOORMAT 3 SMILEY CATS,AZ,A,Z,38.7,43.19,110.0,1,95%
22551,PLASTERS IN TIN SPACEBOY,AY,A,Y,137.96,74.87,261.0,1,95%
82600,NO SINGING METAL SIGN,AY,A,Y,114.99,188.22,426.0,1,95%
20711,JUMBO BAG TOYS,AY,A,Y,124.73,73.01,245.0,1,95%
21481,FAWN BLUE HOT WATER BOTTLE,AY,A,Y,72.89,59.66,171.0,1,95%
22507,MEMO BOARD RETROSPOT  DESIGN,AZ,A,Z,49.67,46.69,127.0,1,95%
37503,TEA TIME CAKE STAND IN GIFT BOX,AZ,A,Z,26.55,0.0,27.0,1,95%
22087,PAPER BUNTING WHITE LACE,AY,A,Y,84.57,48.38,164.0,1,95%
21080,SET/20 RED RETROSPOT PAPER NAPKINS,AX,A,X,306.66,67.61,418.0,1,95%
21108,FAIRY CAKE FLANNEL ASSORTED COLOUR,AZ,A,Z,103.72,202.26,437.0,1,95%
84755,COLOUR GLASS T-LIGHT HOLDER HANGING,AY,A,Y,409.84,185.04,715.0,1,95%
22084,PAPER CHAIN KIT EMPIRE,AZ,A,Z,94.53,2.07,98.0,1,95%
21527,RED RETROSPOT TRADITIONAL TEAPOT,AY,A,Y,36.13,2.14,40.0,1,95%
23173,REGENCY TEAPOT ROSES,AZ,A,Z,23.74,53.58,112.0,1,95%
20972,PINK CREAM FELT CRAFT TRINKET BOX,AY,A,Y,193.35,66.3,303.0,1,95%
21314,SMALL GLASS HEART TRINKET POT,AY,A,Y,109.13,48.17,189.0,1,95%
84836,ZINC METAL HEART DECORATION,AY,A,Y,193.65,78.9,324.0,1,95%
84077,WORLD WAR 2 GLIDERS ASSTD DESIGNS,AY,A,Y,962.13,480.64,1755.0,1,95%
22722,SET OF 6 SPICE TINS PANTRY DESIGN,AZ,A,Z,36.74,174.27,324.0,1,95%
22698,PINK REGENCY TEACUP AND SAUCER,AY,A,Y,69.26,56.79,163.0,1,95%
22728,ALARM CLOCK BAKELIKE PINK,AZ,A,Z,43.87,79.23,175.0,1,95%
48173C,DOORMAT BLACK FLOCK,AZ,A,Z,41.19,33.52,96.0,1,95%
21231,SWEETHEART CERAMIC TRINKET BOX,AY,A,Y,189.68,90.89,340.0,1,95%
47590A,BLUE HAPPY BIRTHDAY BUNTING,AY,A,Y,46.98,21.93,83.0,1,95%
22171,3 HOOK PHOTO SHELF ANTIQUE WHITE,AZ,A,Z,32.29,20.63,66.0,1,95%
23344,JUMBO BAG 50'S CHRISTMAS,AZ,A,Z,16.51,447.36,755.0,1,95%
21955,DOORMAT UNION JACK GUNS AND ROSES,AZ,A,Z,40.24,27.83,86.0,1,95%
21790,VINTAGE SNAP CARDS,AY,A,Y,227.2,171.34,510.0,1,95%
23243,SET OF TEA COFFEE SUGAR TINS PANTRY,AZ,A,Z,21.8,180.74,320.0,1,95%
22605,WOODEN CROQUET GARDEN SET,AZ,A,Z,18.39,6.47,29.0,1,95%
22625,RED KITCHEN SCALES,AY,A,Y,23.69,19.28,56.0,1,95%
84406B,CREAM CUPID HEARTS COAT HANGER,AY,A,Y,74.26,28.41,121.0,1,95%
22607,WOODEN ROUNDERS GARDEN SET,AY,A,Y,25.91,9.7,42.0,1,95%
21791,VINTAGE HEADS AND TAILS CARD GAME,AY,A,Y,158.68,107.95,337.0,1,95%
22554,PLASTERS IN TIN WOODLAND ANIMALS,AY,A,Y,117.13,85.63,258.0,1,95%
21936,RED RETROSPOT PICNIC BAG,AY,A,Y,81.72,55.33,173.0,1,95%
84970S,HANGING HEART ZINC T-LIGHT HOLDER,AX,A,X,270.55,64.76,377.0,1,95%
22556,PLASTERS IN TIN CIRCUS PARADE,AY,A,Y,124.92,49.07,206.0,1,95%
37449,CERAMIC CAKE STAND + HANGING CAKES,AY,A,Y,24.37,9.96,41.0,1,95%
85014A,BLACK/BLUE POLKADOT UMBRELLA,AZ,A,Z,45.98,16.93,74.0,1,95%
20749,ASSORTED COLOUR MINI CASES,AY,A,Y,25.69,32.74,80.0,1,95%
22113,GREY HEART HOT WATER BOTTLE,AZ,A,Z,43.26,93.11,197.0,1,95%
22585,PACK OF 6 BIRDY GIFT TAGS,AY,A,Y,162.99,150.06,411.0,1,95%
23202,JUMBO BAG VINTAGE LEAF,AZ,A,Z,75.14,111.29,259.0,1,95%
22499,WOODEN UNION JACK BUNTING,AY,A,Y,37.38,4.62,45.0,1,95%
22941,CHRISTMAS LIGHTS 10 REINDEER,AZ,A,Z,13.61,59.91,112.0,1,95%
21210,SET OF 72 RETROSPOT PAPER  DOILIES,AY,A,Y,142.55,78.54,272.0,1,95%
22456,NATURAL SLATE CHALKBOARD LARGE,AY,A,Y,42.55,11.39,61.0,1,95%
22969,HOMEMADE JAM SCENTED CANDLES,AZ,A,Z,118.23,153.37,371.0,1,95%
21213,PACK OF 72 SKULL CAKE CASES,AY,A,Y,394.41,182.11,695.0,1,95%
21258,VICTORIAN SEWING BOX LARGE,AZ,A,Z,14.01,10.87,32.0,1,95%
23209,LUNCH BAG VINTAGE DOILY,AZ,A,Z,93.12,136.95,319.0,1,95%
85048,15CM CHRISTMAS GLASS BALL 20 LIGHTS,AZ,A,Z,17.23,42.3,87.0,1,95%
22570,FELTCRAFT CUSHION RABBIT,AY,A,Y,50.92,78.03,180.0,1,95%
22424,ENAMEL BREAD BIN CREAM,AY,A,Y,13.83,7.61,26.0,1,95%
23206,LUNCH BAG APPLE DESIGN,AZ,A,Z,96.11,149.46,343.0,1,95%
84997A,GREEN 3 PIECE MINI DOTS CUTLERY SET,AY,A,Y,49.61,36.47,110.0,1,95%
22294,HEART FILIGREE DOVE  SMALL,AY,A,Y,163.87,71.58,282.0,1,95%
22356,CHARLOTTE BAG PINK POLKADOT,AX,A,X,183.59,76.62,310.0,1,95%
21218,RED SPOTTY BISCUIT TIN,AY,A,Y,51.95,30.66,103.0,1,95%
48116,DOORMAT MULTICOLOUR STRIPE,AZ,A,Z,31.58,52.86,119.0,1,95%
22632,HAND WARMER RED RETROSPOT,AZ,A,Z,78.44,124.74,284.0,1,95%
22617,BAKING SET SPACEBOY DESIGN,AY,A,Y,34.24,58.72,131.0,1,95%
22693,GROW A FLYTRAP OR SUNFLOWER IN TIN,AZ,A,Z,165.38,92.84,319.0,1,95%
20723,STRAWBERRY CHARLOTTE BAG,AX,A,X,169.04,68.56,282.0,1,95%
21559,STRAWBERRY LUNCH BOX WITH CUTLERY,AX,A,X,78.53,43.59,150.0,1,95%
22568,FELTCRAFT CUSHION OWL,AY,A,Y,42.48,79.18,173.0,1,95%
85150,LADIES & GENTLEMEN METAL SIGN,AY,A,Y,79.59,24.83,121.0,1,95%
21216,"SET 3 RETROSPOT TEA,COFFEE,SUGAR",AY,A,Y,37.08,19.86,70.0,1,95%
22273,FELTCRAFT DOLL MOLLY,AZ,A,Z,47.17,194.14,368.0,1,95%
22569,FELTCRAFT CUSHION BUTTERFLY,AY,A,Y,51.72,71.18,169.0,1,95%
21622,VINTAGE UNION JACK CUSHION COVER,AZ,A,Z,39.62,7.45,52.0,1,95%
22900,SET 2 TEA TOWELS I LOVE LONDON,AZ,A,Z,53.84,40.51,121.0,1,95%
22413,METAL SIGN TAKE IT OR LEAVE IT,AZ,A,Z,53.32,142.26,288.0,1,95%
48129,DOORMAT TOPIARY,AZ,A,Z,29.12,29.96,79.0,1,95%
22381,TOY TIDY PINK POLKADOT,AY,A,Y,87.52,58.01,183.0,1,95%
21174,POTTERING IN THE SHED METAL SIGN,AY,A,Y,84.12,100.9,251.0,1,95%
22558,CLOTHES PEGS RETROSPOT PACK 24,AY,A,Y,126.11,60.91,227.0,1,95%
22169,FAMILY ALBUM WHITE PICTURE FRAME,AY,A,Y,19.42,20.33,53.0,1,95%
22561,WOODEN SCHOOL COLOURING SET,AY,A,Y,102.67,36.28,163.0,1,95%
21340,CLASSIC METAL BIRDCAGE PLANT HOLDER,AY,A,Y,16.68,10.15,33.0,1,95%
22427,ENAMEL FLOWER JUG CREAM,AY,A,Y,31.43,33.96,87.0,1,95%
22952,60 CAKE CASES VINTAGE CHRISTMAS,AZ,A,Z,232.42,399.97,892.0,1,95%
21908,CHOCOLATE THIS WAY METAL SIGN,AY,A,Y,89.73,70.8,207.0,1,95%
22061,LARGE CAKE STAND  HANGING STRAWBERY,AY,A,Y,20.26,20.12,53.0,1,95%
84949,SILVER HANGING T-LIGHT HOLDER,AY,A,Y,107.65,113.29,295.0,1,95%
71053,WHITE METAL LANTERN,AY,A,Y,47.98,24.0,88.0,1,95%
84947,ANTIQUE SILVER TEA GLASS ENGRAVED,AY,A,Y,132.32,169.16,411.0,1,95%
47591D,PINK FAIRY CAKE CHILDRENS APRON,AY,A,Y,89.65,75.92,215.0,1,95%
22555,PLASTERS IN TIN STRONGMAN,AY,A,Y,105.04,43.87,177.0,1,95%
21035,SET/2 RED RETROSPOT TEA TOWELS,AY,A,Y,57.59,48.86,138.0,1,95%
22041,"RECORD FRAME 7"" SINGLE SIZE",AY,A,Y,66.2,55.57,158.0,1,95%
21121,SET/10 RED POLKADOT PARTY CANDLES,AY,A,Y,147.82,86.75,291.0,1,95%
22847,BREAD BIN DINER STYLE IVORY,AY,A,Y,9.29,14.69,34.0,1,95%
21484,CHICK GREY HOT WATER BOTTLE,AZ,A,Z,39.31,56.51,133.0,1,95%
21430,SET/3 RED GINGHAM ROSE STORAGE BOX,AY,A,Y,43.98,37.15,105.0,1,95%
22505,MEMO BOARD COTTAGE DESIGN,AY,A,Y,36.72,15.96,63.0,1,95%
22147,FELTCRAFT BUTTERFLY HEARTS,AY,A,Y,108.33,220.48,472.0,1,95%
22560,TRADITIONAL MODELLING CLAY,AY,A,Y,120.95,166.38,395.0,1,95%
22352,LUNCH BOX WITH CUTLERY RETROSPOT,AX,A,X,68.18,33.12,123.0,1,95%
22297,HEART IVORY TRELLIS SMALL,AY,A,Y,139.22,37.8,202.0,1,95%
84945,MULTI COLOUR SILVER T-LIGHT HOLDER,AY,A,Y,186.69,193.86,507.0,1,95%
84970L,SINGLE HEART ZINC T-LIGHT HOLDER,AX,A,X,176.74,66.56,287.0,1,95%
21914,BLUE HARMONICA IN BOX,AY,A,Y,100.61,135.57,324.0,1,95%
22633,HAND WARMER UNION JACK,AZ,A,Z,53.52,180.14,351.0,1,95%
22776,SWEETHEART CAKESTAND 3 TIER,AY,A,Y,15.48,10.0,32.0,1,95%
21136,PAINTED METAL PEARS ASSORTED,AY,A,Y,96.11,43.67,168.0,1,95%
20718,RED RETROSPOT SHOPPER BAG,AX,A,X,129.99,50.38,213.0,1,95%
22557,PLASTERS IN TIN VINTAGE PAISLEY,AY,A,Y,95.25,39.1,160.0,1,95%
84992,72 SWEETHEART FAIRY CAKE CASES,AY,A,Y,343.78,133.38,564.0,1,95%
22366,DOORMAT AIRMAIL,AZ,A,Z,23.15,22.89,61.0,1,95%
21889,WOODEN BOX OF DOMINOES,AY,A,Y,104.23,103.17,274.0,1,95%
23240,SET OF 4 KNICK KNACK TINS DOILY,AZ,A,Z,25.34,32.22,79.0,1,95%
21156,RETROSPOT CHILDRENS APRON,AY,A,Y,84.57,69.64,199.0,1,95%
22654,DELUXE SEWING KIT,AY,A,Y,23.17,19.84,56.0,1,95%
21535,RED RETROSPOT SMALL MILK JUG,AY,A,Y,66.4,32.57,120.0,1,95%
22652,TRAVEL SEWING KIT,AY,A,Y,95.94,124.79,302.0,1,95%
21533,RETRO SPOT LARGE MILK JUG,AX,A,X,34.05,18.97,65.0,1,95%
21164,HOME SWEET HOME METAL SIGN,AY,A,Y,61.58,18.61,92.0,1,95%
72760B,VINTAGE CREAM 3 BASKET CAKE STAND,AY,A,Y,17.6,2.83,22.0,1,95%
22993,SET OF 4 PANTRY JELLY MOULDS,AY,A,Y,90.72,98.97,254.0,1,95%
22837,HOT WATER BOTTLE BABUSHKA,AZ,A,Z,37.98,0.71,39.0,1,95%
22487,WHITE WOOD GARDEN PLANT LADDER,AY,A,Y,15.57,6.89,27.0,1,95%
21155,RED RETROSPOT PEG BAG,AY,A,Y,64.95,21.5,100.0,1,95%
23301,GARDENERS KNEELING PAD KEEP CALM,AZ,A,Z,36.48,306.31,542.0,1,95%
22191,IVORY DINER WALL CLOCK,AZ,A,Z,17.7,16.25,45.0,1,95%
22662,LUNCH BAG DOLLY GIRL DESIGN,AY,A,Y,92.73,75.83,218.0,1,95%
35004C,SET OF 3 COLOURED  FLYING DUCKS,AZ,A,Z,32.97,0.0,33.0,1,95%
22296,HEART IVORY TRELLIS LARGE,AY,A,Y,100.4,39.76,166.0,1,95%
22193,RED DINER WALL CLOCK,AY,A,Y,14.13,22.71,52.0,1,95%
22634,CHILDS BREAKFAST SET SPACEBOY,AY,A,Y,15.72,8.02,29.0,1,95%
21877,HOME SWEET HOME MUG,AY,A,Y,136.73,113.66,324.0,1,95%
22692,DOORMAT WELCOME TO OUR HOME,AZ,A,Z,16.84,32.18,70.0,1,95%
22759,SET OF 3 NOTEBOOKS IN PARCEL,AY,A,Y,72.61,146.16,314.0,1,95%
22690,DOORMAT HOME SWEET HOME BLUE,AZ,A,Z,22.57,25.05,64.0,1,95%
22635,CHILDS BREAKFAST SET DOLLY GIRL,AY,A,Y,15.95,6.75,27.0,1,95%
22367,CHILDRENS APRON SPACEBOY DESIGN,AX,A,X,71.55,50.4,155.0,1,95%
84375,SET OF 20 KIDS COOKIE CUTTERS,AY,A,Y,66.85,62.16,169.0,1,95%
22170,PICTURE FRAME WOOD TRIPLE PORTRAIT,AY,A,Y,21.6,23.68,61.0,1,95%
22619,SET OF 6 SOLDIER SKITTLES,AY,A,Y,31.68,46.94,109.0,1,95%
22333,RETROSPOT PARTY BAG + STICKER SET,AY,A,Y,96.05,55.09,187.0,1,95%
85232B,SET/3 RUSSIAN DOLL STACKING TINS,AZ,A,Z,33.23,1.88,36.0,1,95%
21891,TRADITIONAL WOODEN SKIPPING ROPE,AY,A,Y,98.17,171.73,382.0,1,95%
22173,METAL 4 HOOK HANGER FRENCH CHATEAU,AY,A,Y,46.99,23.76,86.0,1,95%
22749,FELTCRAFT PRINCESS CHARLOTTE DOLL,AY,A,Y,28.84,60.44,129.0,1,95%
84378,SET OF 3 HEART COOKIE CUTTERS,AY,A,Y,100.09,131.81,318.0,1,95%
21844,RED RETROSPOT MUG,AY,A,Y,52.54,34.01,109.0,1,95%
22940,FELTCRAFT CHRISTMAS FAIRY,AZ,A,Z,25.85,36.71,86.0,1,95%
21094,SET/6 RED SPOTTY PAPER PLATES,AY,A,Y,195.53,103.83,367.0,1,95%
22365,DOORMAT RESPECTABLE HOUSE,AZ,A,Z,20.12,29.69,69.0,1,95%
22909,SET OF 20 VINTAGE CHRISTMAS NAPKINS,AZ,A,Z,114.67,297.7,606.0,1,95%
21975,PACK OF 60 DINOSAUR CAKE CASES,AY,A,Y,308.08,180.5,606.0,1,95%
21165,BEWARE OF THE CAT METAL SIGN,AY,A,Y,89.96,57.9,185.0,1,95%
35970,ZINC FOLKART SLEIGH BELLS,AZ,A,Z,43.29,220.69,407.0,1,95%
82582,AREA PATROLLED METAL SIGN,AY,A,Y,64.27,72.94,185.0,1,95%
22946,WOODEN ADVENT CALENDAR CREAM,AZ,A,Z,7.57,14.61,32.0,1,95%
21122,SET/10 PINK POLKADOT PARTY CANDLES,AY,A,Y,121.74,55.59,213.0,1,95%
22606,WOODEN SKITTLES GARDEN SET,AZ,A,Z,11.33,3.71,17.0,1,95%
22730,ALARM CLOCK BAKELIKE IVORY,AY,A,Y,26.13,44.67,100.0,1,95%
21770,OPEN CLOSED METAL SIGN,AZ,A,Z,26.42,18.99,58.0,1,95%
17003,BROCADE RING PURSE,AZ,A,Z,696.42,348.55,1272.0,1,95%
21912,VINTAGE SNAKES & LADDERS,AY,A,Y,32.96,28.23,80.0,1,95%
22423,REGENCY CAKESTAND 3 TIER,AX,A,X,251.85,79.99,438.0,1,99%
85123A,WHITE HANGING HEART T-LIGHT HOLDER,AX,A,X,920.37,285.42,1585.0,1,99%
85099B,JUMBO BAG RED RETROSPOT,AX,A,X,877.32,482.95,2003.0,1,99%
47566,PARTY BUNTING,AY,A,Y,277.99,173.56,682.0,1,99%
84879,ASSORTED COLOUR BIRD ORNAMENT,AY,A,Y,737.17,240.32,1297.0,1,99%
22086,PAPER CHAIN KIT 50'S CHRISTMAS,AZ,A,Z,216.7,681.73,1805.0,1,99%
23166,MEDIUM CERAMIC TOP STORAGE JAR,AZ,A,Z,824.81,722.9,2509.0,1,99%
79321,CHILLI LIGHTS,AY,A,Y,130.52,188.96,571.0,1,99%
22197,SMALL POPCORN HOLDER,AY,A,Y,656.61,1332.55,3761.0,1,99%
22386,JUMBO BAG PINK POLKADOT,AX,A,X,346.33,233.64,891.0,1,99%
20725,LUNCH BAG RED RETROSPOT,AX,A,X,382.91,117.84,657.0,1,99%
84347,ROTATING SILVER ANGELS T-LIGHT HLDR,AZ,A,Z,266.16,483.44,1393.0,1,99%
85099F,JUMBO BAG STRAWBERRY,AX,A,X,354.66,221.79,871.0,1,99%
48138,DOORMAT UNION FLAG,AY,A,Y,95.83,67.99,254.0,1,99%
23084,RABBIT NIGHT LIGHT,AZ,A,Z,54.77,1878.63,4432.0,1,99%
20685,DOORMAT RED RETROSPOT,AY,A,Y,97.1,39.47,189.0,1,99%
21137,BLACK RECORD COVER FRAME,AY,A,Y,149.11,270.87,780.0,1,99%
21843,RED RETROSPOT CAKE STAND,AY,A,Y,58.57,30.73,130.0,1,99%
21931,JUMBO STORAGE BAG SUKI,AX,A,X,274.19,81.2,463.0,1,99%
22502,PICNIC BASKET WICKER SMALL,AY,A,Y,40.55,4.2,50.0,1,99%
21621,VINTAGE UNION JACK BUNTING,AY,A,Y,70.66,19.54,116.0,1,99%
15056N,EDWARDIAN PARASOL NATURAL,AY,A,Y,115.2,51.44,235.0,1,99%
22114,HOT WATER BOTTLE TEA AND SYMPATHY,AY,A,Y,80.37,190.59,524.0,1,99%
85099C,JUMBO  BAG BAROQUE BLACK WHITE,AX,A,X,288.49,125.58,581.0,1,99%
22910,PAPER CHAIN KIT VINTAGE CHRISTMAS,AZ,A,Z,117.38,433.87,1128.0,1,99%
22112,CHOCOLATE HOT WATER BOTTLE,AY,A,Y,81.05,128.56,381.0,1,99%
22411,JUMBO SHOPPER VINTAGE RED PAISLEY,AX,A,X,249.9,131.91,557.0,1,99%
82484,WOOD BLACK BOARD ANT WHITE FINISH,AZ,A,Z,93.47,69.54,256.0,1,99%
22470,HEART OF WICKER LARGE,AY,A,Y,154.1,184.25,583.0,1,99%
22139,RETROSPOT TEA SET CERAMIC 11 PC,AY,A,Y,94.19,81.2,283.0,1,99%
22178,VICTORIAN GLASS HANGING T-LIGHT,AY,A,Y,358.83,271.02,990.0,1,99%
20914,SET/5 RED RETROSPOT LID GLASS BOWLS,AX,A,X,183.56,48.79,297.0,1,99%
21212,PACK OF 72 RETROSPOT CAKE CASES,AX,A,X,940.62,256.85,1539.0,1,99%
21733,RED HANGING HEART T-LIGHT HOLDER,AY,A,Y,158.75,149.08,506.0,1,99%
22090,PAPER BUNTING RETROSPOT,AY,A,Y,169.41,58.96,307.0,1,99%
21181,PLEASE ONE PERSON METAL SIGN,AY,A,Y,215.24,283.53,876.0,1,99%
22111,SCOTTIE DOG HOT WATER BOTTLE,AY,A,Y,75.71,116.72,348.0,1,99%
21929,JUMBO BAG PINK VINTAGE PAISLEY,AY,A,Y,251.55,135.46,567.0,1,99%
21232,STRAWBERRY CERAMIC TRINKET BOX,AX,A,X,368.87,135.55,685.0,1,99%
84946,ANTIQUE SILVER TEA GLASS ETCHED,AX,A,X,323.22,281.61,979.0,1,99%
22189,CREAM HEART CARD HOLDER,AZ,A,Z,157.24,118.97,434.0,1,99%
15056BL,EDWARDIAN PARASOL BLACK,AZ,A,Z,93.85,40.34,188.0,1,99%
22469,HEART OF WICKER SMALL,AY,A,Y,240.74,260.38,847.0,1,99%
48194,DOORMAT HEARTS,AY,A,Y,72.42,77.07,252.0,1,99%
21731,RED TOADSTOOL LED NIGHT LIGHT,AY,A,Y,264.51,140.19,591.0,1,99%
22457,NATURAL SLATE HEART CHALKBOARD,AY,A,Y,135.1,86.11,336.0,1,99%
82494L,WOODEN FRAME ANTIQUE WHITE,AX,A,X,142.7,63.74,291.0,1,99%
21754,HOME BUILDING BLOCK WORD,AX,A,X,76.2,12.51,105.0,1,99%
48187,DOORMAT NEW ENGLAND,AY,A,Y,66.89,74.57,241.0,1,99%
21928,JUMBO BAG SCANDINAVIAN PAISLEY,AX,A,X,235.31,78.52,418.0,1,99%
21523,DOORMAT FANCY FONT HOME SWEET HOME,AY,A,Y,66.03,43.79,168.0,1,99%
22138,BAKING SET 9 PIECE RETROSPOT,AY,A,Y,71.04,157.68,438.0,1,99%
20727,LUNCH BAG  BLACK SKULL.,AY,A,Y,250.18,88.03,455.0,1,99%
48185,DOORMAT FAIRY CAKE,AZ,A,Z,64.45,73.07,235.0,1,99%
21623,VINTAGE UNION JACK MEMOBOARD,AZ,A,Z,62.85,43.2,164.0,1,99%
22355,CHARLOTTE BAG SUKI DESIGN,AX,A,X,284.13,174.05,690.0,1,99%
71477,COLOUR GLASS. STAR T-LIGHT HOLDER,AY,A,Y,134.22,148.83,481.0,1,99%
22326,ROUND SNACK BOXES SET OF4 WOODLAND,AY,A,Y,139.53,89.34,348.0,1,99%
21175,GIN + TONIC DIET METAL SIGN,AY,A,Y,185.99,106.77,435.0,1,99%
84078A,SET/4 WHITE RETRO STORAGE CUBES,AZ,A,Z,11.49,7.34,29.0,1,99%
22383,LUNCH BAG SUKI  DESIGN,AX,A,X,243.03,120.48,524.0,1,99%
84029E,RED WOOLLY HOTTIE WHITE HEART.,AZ,A,Z,86.59,149.72,435.0,1,99%
23298,SPOTTY BUNTING,AZ,A,Z,66.28,114.61,333.0,1,99%
84997D,PINK 3 PIECE MINI DOTS CUTLERY SET,AY,A,Y,99.8,66.94,256.0,1,99%
21915,RED  HARMONICA IN BOX,AY,A,Y,291.89,498.25,1453.0,1,99%
20728,LUNCH BAG CARS BLUE,AY,A,Y,236.44,68.79,397.0,1,99%
23203,JUMBO BAG VINTAGE DOILY,AZ,A,Z,123.61,265.0,741.0,1,99%
82482,WOODEN PICTURE FRAME WHITE FINISH,AX,A,X,154.78,74.22,328.0,1,99%
20713,JUMBO BAG OWLS,AY,A,Y,183.47,177.13,596.0,1,99%
22083,PAPER CHAIN KIT RETROSPOT,AY,A,Y,133.03,36.02,217.0,1,99%
85066,CREAM SWEETHEART MINI CHEST,AY,A,Y,26.13,29.1,94.0,1,99%
84997B,RED 3 PIECE MINI DOTS CUTLERY SET,AY,A,Y,91.86,54.05,218.0,1,99%
20726,LUNCH BAG WOODLAND,AY,A,Y,216.08,77.53,397.0,1,99%
82486,WOOD S/3 CABINET ANT WHITE FINISH,AX,A,X,44.2,19.4,89.0,1,99%
22960,JAM MAKING SET WITH JARS,AY,A,Y,68.63,81.0,257.0,1,99%
22699,ROSES REGENCY TEACUP AND SAUCER,AY,A,Y,114.92,70.35,279.0,1,99%
21166,COOK WITH WINE METAL SIGN,AY,A,Y,167.19,215.15,669.0,1,99%
23284,DOORMAT KEEP CALM AND COME IN,AZ,A,Z,24.66,236.74,576.0,1,99%
22720,SET OF 3 CAKE TINS PANTRY DESIGN,AZ,A,Z,54.33,90.45,265.0,1,99%
22629,SPACEBOY LUNCH BOX,AY,A,Y,185.0,90.22,395.0,1,99%
20712,JUMBO BAG WOODLAND ANIMALS,AY,A,Y,157.3,104.07,400.0,1,99%
21485,RETROSPOT HEART HOT WATER BOTTLE,AY,A,Y,60.1,116.36,331.0,1,99%
22727,ALARM CLOCK BAKELIKE RED,AZ,A,Z,60.58,154.45,420.0,1,99%
22328,ROUND SNACK BOXES SET OF 4 FRUITS,AY,A,Y,125.09,45.05,230.0,1,99%
21524,DOORMAT SPOTTY HOME SWEET HOME,AY,A,Y,50.62,25.57,110.0,1,99%
84997C,BLUE 3 PIECE MINI DOTS CUTLERY SET,AY,A,Y,84.37,52.74,207.0,1,99%
20724,RED RETROSPOT CHARLOTTE BAG,AX,A,X,283.76,146.24,625.0,1,99%
21755,LOVE BUILDING BLOCK WORD,AX,A,X,56.81,14.54,91.0,1,99%
22379,RECYCLING BAG RETROSPOT,AY,A,Y,146.99,94.77,368.0,1,99%
22382,LUNCH BAG SPACEBOY DESIGN,AX,A,X,184.43,95.48,407.0,1,99%
22384,LUNCH BAG PINK POLKADOT,AX,A,X,202.39,106.27,450.0,1,99%
22666,RECIPE BOX PANTRY YELLOW DESIGN,AY,A,Y,79.8,154.29,439.0,1,99%
22630,DOLLY GIRL LUNCH BOX,AY,A,Y,165.68,86.7,368.0,1,99%
15036,ASSORTED COLOURS SILK FAN,AY,A,Y,453.3,280.77,1108.0,1,99%
22726,ALARM CLOCK BAKELIKE GREEN,AY,A,Y,51.51,89.23,259.0,1,99%
22385,JUMBO BAG SPACEBOY DESIGN,AY,A,Y,157.47,94.96,379.0,1,99%
22865,HAND WARMER OWL DESIGN,AZ,A,Z,90.82,269.26,718.0,1,99%
22077,6 RIBBONS RUSTIC CHARM,AX,A,X,148.08,98.03,376.0,1,99%
85152,HAND OVER THE CHOCOLATE   SIGN,AY,A,Y,142.2,163.65,523.0,1,99%
85014B,RED RETROSPOT UMBRELLA,AZ,A,Z,58.42,33.22,136.0,1,99%
48184,DOORMAT ENGLISH ROSE,AY,A,Y,42.09,51.43,162.0,1,99%
23245,SET OF 3 REGENCY CAKE TINS,AZ,A,Z,39.63,65.54,192.0,1,99%
21479,WHITE SKULL HOT WATER BOTTLE,AZ,A,Z,47.76,110.27,305.0,1,99%
22697,GREEN REGENCY TEACUP AND SAUCER,AY,A,Y,84.13,59.87,224.0,1,99%
23199,JUMBO BAG APPLES,AZ,A,Z,110.81,208.96,598.0,1,99%
22501,PICNIC BASKET WICKER LARGE,AZ,A,Z,27.44,5.39,40.0,1,99%
20679,EDWARDIAN PARASOL RED,AZ,A,Z,59.94,23.21,114.0,1,99%
21217,RED SPOTTY ROUND CAKE TINS,AY,A,Y,28.86,9.91,52.0,1,99%
84029G,KNITTED UNION FLAG HOT WATER BOTTLE,AZ,A,Z,57.95,66.22,212.0,1,99%
22659,LUNCH BOX I LOVE LONDON,AY,A,Y,145.41,121.58,429.0,1,99%
47590B,PINK HAPPY BIRTHDAY BUNTING,AY,A,Y,57.6,24.98,116.0,1,99%
22622,BOX OF VINTAGE ALPHABET BLOCKS,AZ,A,Z,26.52,24.39,83.0,1,99%
22158,3 HEARTS HANGING DECORATION RUSTIC,AZ,A,Z,72.11,119.45,350.0,1,99%
82483,WOOD 2 DRAWER CABINET WHITE FINISH,AX,A,X,44.68,25.19,103.0,1,99%
48188,DOORMAT WELCOME PUPPIES,AZ,A,Z,48.85,42.41,148.0,1,99%
20971,PINK BLUE FELT CRAFT TRINKET BOX,AZ,A,Z,163.47,439.33,1187.0,1,99%
84978,HANGING HEART JAR T-LIGHT HOLDER,AX,A,X,208.26,97.24,435.0,1,99%
22866,HAND WARMER SCOTTY DOG DESIGN,AZ,A,Z,83.2,193.4,534.0,1,99%
22467,GUMBALL COAT RACK,AY,A,Y,99.16,105.62,345.0,1,99%
22752,SET 7 BABUSHKA NESTING BOXES,AZ,A,Z,30.26,39.81,123.0,1,99%
21977,PACK OF 60 PINK PAISLEY CAKE CASES,AX,A,X,556.43,296.91,1248.0,1,99%
22188,BLACK HEART CARD HOLDER,AZ,A,Z,103.04,97.87,331.0,1,99%
82583,HOT BATHS METAL SIGN,AY,A,Y,103.89,159.83,476.0,1,99%
23201,JUMBO BAG ALPHABET,AZ,A,Z,85.58,192.2,533.0,1,99%
22492,MINI PAINT SET VINTAGE,AY,A,Y,377.16,351.9,1197.0,1,99%
20719,WOODLAND CHARLOTTE BAG,AX,A,X,227.63,70.8,393.0,1,99%
47566B,TEA TIME PARTY BUNTING,AY,A,Y,63.67,15.06,99.0,1,99%
22624,IVORY KITCHEN SCALES,AY,A,Y,28.17,27.33,92.0,1,99%
21930,JUMBO STORAGE BAG SKULLS,AX,A,X,122.55,73.8,295.0,1,99%
72741,GRAND CHOCOLATECANDLE,AY,A,Y,190.01,100.38,424.0,1,99%
22835,HOT WATER BOTTLE I AM SO POORLY,AZ,A,Z,35.69,77.35,216.0,1,99%
84991,60 TEATIME FAIRY CAKE CASES,AX,A,X,534.57,183.0,961.0,1,99%
22961,JAM MAKING SET PRINTED,AY,A,Y,129.24,142.73,462.0,1,99%
20750,RED RETROSPOT MINI CASES,AX,A,X,34.44,16.34,73.0,1,99%
71459,HANGING JAM JAR T-LIGHT HOLDER,AY,A,Y,329.46,134.41,643.0,1,99%
22734,SET OF 6 RIBBONS VINTAGE CHRISTMAS,AZ,A,Z,75.08,160.73,450.0,1,99%
22149,FELTCRAFT 6 FLOWER FRIENDS,AY,A,Y,111.67,192.54,560.0,1,99%
22867,HAND WARMER BIRD DESIGN,AZ,A,Z,80.35,163.79,462.0,1,99%
48111,DOORMAT 3 SMILEY CATS,AZ,A,Z,38.7,43.19,139.0,1,99%
22551,PLASTERS IN TIN SPACEBOY,AY,A,Y,137.96,74.87,312.0,1,99%
82600,NO SINGING METAL SIGN,AY,A,Y,114.99,188.22,554.0,1,99%
20711,JUMBO BAG TOYS,AY,A,Y,124.73,73.01,295.0,1,99%
21481,FAWN BLUE HOT WATER BOTTLE,AY,A,Y,72.89,59.66,212.0,1,99%
22507,MEMO BOARD RETROSPOT  DESIGN,AZ,A,Z,49.67,46.69,158.0,1,99%
37503,TEA TIME CAKE STAND IN GIFT BOX,AZ,A,Z,26.55,0.0,27.0,1,99%
22087,PAPER BUNTING WHITE LACE,AY,A,Y,84.57,48.38,197.0,1,99%
21080,SET/20 RED RETROSPOT PAPER NAPKINS,AX,A,X,306.66,67.61,464.0,1,99%
21108,FAIRY CAKE FLANNEL ASSORTED COLOUR,AZ,A,Z,103.72,202.26,575.0,1,99%
84755,COLOUR GLASS T-LIGHT HOLDER HANGING,AY,A,Y,409.84,185.04,841.0,1,99%
22084,PAPER CHAIN KIT EMPIRE,AZ,A,Z,94.53,2.07,99.0,1,99%
21527,RED RETROSPOT TRADITIONAL TEAPOT,AY,A,Y,36.13,2.14,41.0,1,99%
23173,REGENCY TEAPOT ROSES,AZ,A,Z,23.74,53.58,149.0,1,99%
20972,PINK CREAM FELT CRAFT TRINKET BOX,AY,A,Y,193.35,66.3,348.0,1,99%
21314,SMALL GLASS HEART TRINKET POT,AY,A,Y,109.13,48.17,221.0,1,99%
84836,ZINC METAL HEART DECORATION,AY,A,Y,193.65,78.9,377.0,1,99%
84077,WORLD WAR 2 GLIDERS ASSTD DESIGNS,AY,A,Y,962.13,480.64,2082.0,1,99%
22722,SET OF 6 SPICE TINS PANTRY DESIGN,AZ,A,Z,36.74,174.27,443.0,1,99%
22698,PINK REGENCY TEACUP AND SAUCER,AY,A,Y,69.26,56.79,202.0,1,99%
22728,ALARM CLOCK BAKELIKE PINK,AZ,A,Z,43.87,79.23,228.0,1,99%
48173C,DOORMAT BLACK FLOCK,AZ,A,Z,41.19,33.52,119.0,1,99%
21231,SWEETHEART CERAMIC TRINKET BOX,AY,A,Y,189.68,90.89,401.0,1,99%
47590A,BLUE HAPPY BIRTHDAY BUNTING,AY,A,Y,46.98,21.93,98.0,1,99%
22171,3 HOOK PHOTO SHELF ANTIQUE WHITE,AZ,A,Z,32.29,20.63,80.0,1,99%
23344,JUMBO BAG 50'S CHRISTMAS,AZ,A,Z,16.51,447.36,1059.0,1,99%
21955,DOORMAT UNION JACK GUNS AND ROSES,AZ,A,Z,40.24,27.83,105.0,1,99%
21790,VINTAGE SNAP CARDS,AY,A,Y,227.2,171.34,626.0,1,99%
23243,SET OF TEA COFFEE SUGAR TINS PANTRY,AZ,A,Z,21.8,180.74,443.0,1,99%
22605,WOODEN CROQUET GARDEN SET,AZ,A,Z,18.39,6.47,33.0,1,99%
22625,RED KITCHEN SCALES,AY,A,Y,23.69,19.28,69.0,1,99%
84406B,CREAM CUPID HEARTS COAT HANGER,AY,A,Y,74.26,28.41,140.0,1,99%
22607,WOODEN ROUNDERS GARDEN SET,AY,A,Y,25.91,9.7,49.0,1,99%
21791,VINTAGE HEADS AND TAILS CARD GAME,AY,A,Y,158.68,107.95,410.0,1,99%
22554,PLASTERS IN TIN WOODLAND ANIMALS,AY,A,Y,117.13,85.63,317.0,1,99%
21936,RED RETROSPOT PICNIC BAG,AY,A,Y,81.72,55.33,211.0,1,99%
84970S,HANGING HEART ZINC T-LIGHT HOLDER,AX,A,X,270.55,64.76,421.0,1,99%
22556,PLASTERS IN TIN CIRCUS PARADE,AY,A,Y,124.92,49.07,239.0,1,99%
37449,CERAMIC CAKE STAND + HANGING CAKES,AY,A,Y,24.37,9.96,48.0,1,99%
85014A,BLACK/BLUE POLKADOT UMBRELLA,AZ,A,Z,45.98,16.93,85.0,1,99%
20749,ASSORTED COLOUR MINI CASES,AY,A,Y,25.69,32.74,102.0,1,99%
22113,GREY HEART HOT WATER BOTTLE,AZ,A,Z,43.26,93.11,260.0,1,99%
22585,PACK OF 6 BIRDY GIFT TAGS,AY,A,Y,162.99,150.06,513.0,1,99%
23202,JUMBO BAG VINTAGE LEAF,AZ,A,Z,75.14,111.29,334.0,1,99%
22499,WOODEN UNION JACK BUNTING,AY,A,Y,37.38,4.62,48.0,1,99%
22941,CHRISTMAS LIGHTS 10 REINDEER,AZ,A,Z,13.61,59.91,153.0,1,99%
21210,SET OF 72 RETROSPOT PAPER  DOILIES,AY,A,Y,142.55,78.54,326.0,1,99%
22456,NATURAL SLATE CHALKBOARD LARGE,AY,A,Y,42.55,11.39,69.0,1,99%
22969,HOMEMADE JAM SCENTED CANDLES,AZ,A,Z,118.23,153.37,476.0,1,99%
21213,PACK OF 72 SKULL CAKE CASES,AY,A,Y,394.41,182.11,819.0,1,99%
21258,VICTORIAN SEWING BOX LARGE,AZ,A,Z,14.01,10.87,39.0,1,99%
23209,LUNCH BAG VINTAGE DOILY,AZ,A,Z,93.12,136.95,412.0,1,99%
85048,15CM CHRISTMAS GLASS BALL 20 LIGHTS,AZ,A,Z,17.23,42.3,116.0,1,99%
22570,FELTCRAFT CUSHION RABBIT,AY,A,Y,50.92,78.03,233.0,1,99%
22424,ENAMEL BREAD BIN CREAM,AY,A,Y,13.83,7.61,32.0,1,99%
23206,LUNCH BAG APPLE DESIGN,AZ,A,Z,96.11,149.46,444.0,1,99%
84997A,GREEN 3 PIECE MINI DOTS CUTLERY SET,AY,A,Y,49.61,36.47,135.0,1,99%
22294,HEART FILIGREE DOVE  SMALL,AY,A,Y,163.87,71.58,331.0,1,99%
22356,CHARLOTTE BAG PINK POLKADOT,AX,A,X,183.59,76.62,362.0,1,99%
21218,RED SPOTTY BISCUIT TIN,AY,A,Y,51.95,30.66,123.0,1,99%
48116,DOORMAT MULTICOLOUR STRIPE,AZ,A,Z,31.58,52.86,155.0,1,99%
22632,HAND WARMER RED RETROSPOT,AZ,A,Z,78.44,124.74,369.0,1,99%
22617,BAKING SET SPACEBOY DESIGN,AY,A,Y,34.24,58.72,171.0,1,99%
22693,GROW A FLYTRAP OR SUNFLOWER IN TIN,AZ,A,Z,165.38,92.84,382.0,1,99%
20723,STRAWBERRY CHARLOTTE BAG,AX,A,X,169.04,68.56,329.0,1,99%
21559,STRAWBERRY LUNCH BOX WITH CUTLERY,AX,A,X,78.53,43.59,180.0,1,99%
22568,FELTCRAFT CUSHION OWL,AY,A,Y,42.48,79.18,227.0,1,99%
85150,LADIES & GENTLEMEN METAL SIGN,AY,A,Y,79.59,24.83,137.0,1,99%
21216,"SET 3 RETROSPOT TEA,COFFEE,SUGAR",AY,A,Y,37.08,19.86,83.0,1,99%
22273,FELTCRAFT DOLL MOLLY,AZ,A,Z,47.17,194.14,500.0,1,99%
22569,FELTCRAFT CUSHION BUTTERFLY,AY,A,Y,51.72,71.18,218.0,1,99%
21622,VINTAGE UNION JACK CUSHION COVER,AZ,A,Z,39.62,7.45,57.0,1,99%
22900,SET 2 TEA TOWELS I LOVE LONDON,AZ,A,Z,53.84,40.51,148.0,1,99%
22413,METAL SIGN TAKE IT OR LEAVE IT,AZ,A,Z,53.32,142.26,385.0,1,99%
48129,DOORMAT TOPIARY,AZ,A,Z,29.12,29.96,99.0,1,99%
22381,TOY TIDY PINK POLKADOT,AY,A,Y,87.52,58.01,223.0,1,99%
21174,POTTERING IN THE SHED METAL SIGN,AY,A,Y,84.12,100.9,319.0,1,99%
22558,CLOTHES PEGS RETROSPOT PACK 24,AY,A,Y,126.11,60.91,268.0,1,99%
22169,FAMILY ALBUM WHITE PICTURE FRAME,AY,A,Y,19.42,20.33,67.0,1,99%
22561,WOODEN SCHOOL COLOURING SET,AY,A,Y,102.67,36.28,187.0,1,99%
21340,CLASSIC METAL BIRDCAGE PLANT HOLDER,AY,A,Y,16.68,10.15,40.0,1,99%
22427,ENAMEL FLOWER JUG CREAM,AY,A,Y,31.43,33.96,111.0,1,99%
22952,60 CAKE CASES VINTAGE CHRISTMAS,AZ,A,Z,232.42,399.97,1164.0,1,99%
21908,CHOCOLATE THIS WAY METAL SIGN,AY,A,Y,89.73,70.8,255.0,1,99%
22061,LARGE CAKE STAND  HANGING STRAWBERY,AY,A,Y,20.26,20.12,67.0,1,99%
84949,SILVER HANGING T-LIGHT HOLDER,AY,A,Y,107.65,113.29,372.0,1,99%
71053,WHITE METAL LANTERN,AY,A,Y,47.98,24.0,104.0,1,99%
84947,ANTIQUE SILVER TEA GLASS ENGRAVED,AY,A,Y,132.32,169.16,526.0,1,99%
47591D,PINK FAIRY CAKE CHILDRENS APRON,AY,A,Y,89.65,75.92,267.0,1,99%
22555,PLASTERS IN TIN STRONGMAN,AY,A,Y,105.04,43.87,207.0,1,99%
21035,SET/2 RED RETROSPOT TEA TOWELS,AY,A,Y,57.59,48.86,171.0,1,99%
22041,"RECORD FRAME 7"" SINGLE SIZE",AY,A,Y,66.2,55.57,196.0,1,99%
21121,SET/10 RED POLKADOT PARTY CANDLES,AY,A,Y,147.82,86.75,350.0,1,99%
22847,BREAD BIN DINER STYLE IVORY,AY,A,Y,9.29,14.69,44.0,1,99%
21484,CHICK GREY HOT WATER BOTTLE,AZ,A,Z,39.31,56.51,171.0,1,99%
21430,SET/3 RED GINGHAM ROSE STORAGE BOX,AY,A,Y,43.98,37.15,131.0,1,99%
22505,MEMO BOARD COTTAGE DESIGN,AY,A,Y,36.72,15.96,74.0,1,99%
22147,FELTCRAFT BUTTERFLY HEARTS,AY,A,Y,108.33,220.48,622.0,1,99%
22560,TRADITIONAL MODELLING CLAY,AY,A,Y,120.95,166.38,509.0,1,99%
22352,LUNCH BOX WITH CUTLERY RETROSPOT,AX,A,X,68.18,33.12,145.0,1,99%
22297,HEART IVORY TRELLIS SMALL,AY,A,Y,139.22,37.8,227.0,1,99%
84945,MULTI COLOUR SILVER T-LIGHT HOLDER,AY,A,Y,186.69,193.86,638.0,1,99%
84970L,SINGLE HEART ZINC T-LIGHT HOLDER,AX,A,X,176.74,66.56,332.0,1,99%
21914,BLUE HARMONICA IN BOX,AY,A,Y,100.61,135.57,416.0,1,99%
22633,HAND WARMER UNION JACK,AZ,A,Z,53.52,180.14,473.0,1,99%
22776,SWEETHEART CAKESTAND 3 TIER,AY,A,Y,15.48,10.0,39.0,1,99%
21136,PAINTED METAL PEARS ASSORTED,AY,A,Y,96.11,43.67,198.0,1,99%
20718,RED RETROSPOT SHOPPER BAG,AX,A,X,129.99,50.38,247.0,1,99%
22557,PLASTERS IN TIN VINTAGE PAISLEY,AY,A,Y,95.25,39.1,186.0,1,99%
84992,72 SWEETHEART FAIRY CAKE CASES,AY,A,Y,343.78,133.38,655.0,1,99%
22366,DOORMAT AIRMAIL,AZ,A,Z,23.15,22.89,76.0,1,99%
21889,WOODEN BOX OF DOMINOES,AY,A,Y,104.23,103.17,345.0,1,99%
23240,SET OF 4 KNICK KNACK TINS DOILY,AZ,A,Z,25.34,32.22,100.0,1,99%
21156,RETROSPOT CHILDRENS APRON,AY,A,Y,84.57,69.64,247.0,1,99%
22654,DELUXE SEWING KIT,AY,A,Y,23.17,19.84,69.0,1,99%
21535,RED RETROSPOT SMALL MILK JUG,AY,A,Y,66.4,32.57,142.0,1,99%
22652,TRAVEL SEWING KIT,AY,A,Y,95.94,124.79,387.0,1,99%
21533,RETRO SPOT LARGE MILK JUG,AX,A,X,34.05,18.97,78.0,1,99%
21164,HOME SWEET HOME METAL SIGN,AY,A,Y,61.58,18.61,105.0,1,99%
72760B,VINTAGE CREAM 3 BASKET CAKE STAND,AY,A,Y,17.6,2.83,24.0,1,99%
22993,SET OF 4 PANTRY JELLY MOULDS,AY,A,Y,90.72,98.97,321.0,1,99%
22837,HOT WATER BOTTLE BABUSHKA,AZ,A,Z,37.98,0.71,40.0,1,99%
22487,WHITE WOOD GARDEN PLANT LADDER,AY,A,Y,15.57,6.89,32.0,1,99%
21155,RED RETROSPOT PEG BAG,AY,A,Y,64.95,21.5,115.0,1,99%
23301,GARDENERS KNEELING PAD KEEP CALM,AZ,A,Z,36.48,306.31,750.0,1,99%
22191,IVORY DINER WALL CLOCK,AZ,A,Z,17.7,16.25,56.0,1,99%
22662,LUNCH BAG DOLLY GIRL DESIGN,AY,A,Y,92.73,75.83,269.0,1,99%
35004C,SET OF 3 COLOURED  FLYING DUCKS,AZ,A,Z,32.97,0.0,33.0,1,99%
22296,HEART IVORY TRELLIS LARGE,AY,A,Y,100.4,39.76,193.0,1,99%
22193,RED DINER WALL CLOCK,AY,A,Y,14.13,22.71,67.0,1,99%
22634,CHILDS BREAKFAST SET SPACEBOY,AY,A,Y,15.72,8.02,34.0,1,99%
21877,HOME SWEET HOME MUG,AY,A,Y,136.73,113.66,402.0,1,99%
22692,DOORMAT WELCOME TO OUR HOME,AZ,A,Z,16.84,32.18,92.0,1,99%
22759,SET OF 3 NOTEBOOKS IN PARCEL,AY,A,Y,72.61,146.16,413.0,1,99%
22690,DOORMAT HOME SWEET HOME BLUE,AZ,A,Z,22.57,25.05,81.0,1,99%
22635,CHILDS BREAKFAST SET DOLLY GIRL,AY,A,Y,15.95,6.75,32.0,1,99%
22367,CHILDRENS APRON SPACEBOY DESIGN,AX,A,X,71.55,50.4,189.0,1,99%
84375,SET OF 20 KIDS COOKIE CUTTERS,AY,A,Y,66.85,62.16,212.0,1,99%
22170,PICTURE FRAME WOOD TRIPLE PORTRAIT,AY,A,Y,21.6,23.68,77.0,1,99%
22619,SET OF 6 SOLDIER SKITTLES,AY,A,Y,31.68,46.94,141.0,1,99%
22333,RETROSPOT PARTY BAG + STICKER SET,AY,A,Y,96.05,55.09,224.0,1,99%
85232B,SET/3 RUSSIAN DOLL STACKING TINS,AZ,A,Z,33.23,1.88,38.0,1,99%
21891,TRADITIONAL WOODEN SKIPPING ROPE,AY,A,Y,98.17,171.73,498.0,1,99%
22173,METAL 4 HOOK HANGER FRENCH CHATEAU,AY,A,Y,46.99,23.76,102.0,1,99%
22749,FELTCRAFT PRINCESS CHARLOTTE DOLL,AY,A,Y,28.84,60.44,170.0,1,99%
84378,SET OF 3 HEART COOKIE CUTTERS,AY,A,Y,100.09,131.81,407.0,1,99%
21844,RED RETROSPOT MUG,AY,A,Y,52.54,34.01,132.0,1,99%
22940,FELTCRAFT CHRISTMAS FAIRY,AZ,A,Z,25.85,36.71,111.0,1,99%
21094,SET/6 RED SPOTTY PAPER PLATES,AY,A,Y,195.53,103.83,437.0,1,99%
22365,DOORMAT RESPECTABLE HOUSE,AZ,A,Z,20.12,29.69,89.0,1,99%
22909,SET OF 20 VINTAGE CHRISTMAS NAPKINS,AZ,A,Z,114.67,297.7,808.0,1,99%
21975,PACK OF 60 DINOSAUR CAKE CASES,AY,A,Y,308.08,180.5,729.0,1,99%
21165,BEWARE OF THE CAT METAL SIGN,AY,A,Y,89.96,57.9,225.0,1,99%
35970,ZINC FOLKART SLEIGH BELLS,AZ,A,Z,43.29,220.69,558.0,1,99%
82582,AREA PATROLLED METAL SIGN,AY,A,Y,64.27,72.94,234.0,1,99%
22946,WOODEN ADVENT CALENDAR CREAM,AZ,A,Z,7.57,14.61,42.0,1,99%
21122,SET/10 PINK POLKADOT PARTY CANDLES,AY,A,Y,121.74,55.59,251.0,1,99%
22606,WOODEN SKITTLES GARDEN SET,AZ,A,Z,11.33,3.71,20.0,1,99%
22730,ALARM CLOCK BAKELIKE IVORY,AY,A,Y,26.13,44.67,130.0,1,99%
21770,OPEN CLOSED METAL SIGN,AZ,A,Z,26.42,18.99,71.0,1,99%
17003,BROCADE RING PURSE,AZ,A,Z,696.42,348.55,1509.0,1,99%
21912,VINTAGE SNAKES & LADDERS,AY,A,Y,32.96,28.23,99.0,1,99%
22423,REGENCY CAKESTAND 3 TIER,AX,A,X,251.85,79.99,649.0,2,90%
85123A,WHITE HANGING HEART T-LIGHT HOLDER,AX,A,X,920.37,285.42,2357.0,2,90%
85099B,JUMBO BAG RED RETROSPOT,AX,A,X,877.32,482.95,2629.0,2,90%
47566,PARTY BUNTING,AY,A,Y,277.99,173.56,870.0,2,90%
84879,ASSORTED COLOUR BIRD ORNAMENT,AY,A,Y,737.17,240.32,1909.0,2,90%
22086,PAPER CHAIN KIT 50'S CHRISTMAS,AZ,A,Z,216.7,681.73,1667.0,2,90%
23166,MEDIUM CERAMIC TOP STORAGE JAR,AZ,A,Z,824.81,722.9,2958.0,2,90%
79321,CHILLI LIGHTS,AY,A,Y,130.52,188.96,603.0,2,90%
22197,SMALL POPCORN HOLDER,AY,A,Y,656.61,1332.55,3725.0,2,90%
22386,JUMBO BAG PINK POLKADOT,AX,A,X,346.33,233.64,1116.0,2,90%
20725,LUNCH BAG RED RETROSPOT,AX,A,X,382.91,117.84,979.0,2,90%
84347,ROTATING SILVER ANGELS T-LIGHT HLDR,AZ,A,Z,266.16,483.44,1407.0,2,90%
85099F,JUMBO BAG STRAWBERRY,AX,A,X,354.66,221.79,1111.0,2,90%
48138,DOORMAT UNION FLAG,AY,A,Y,95.83,67.99,315.0,2,90%
23084,RABBIT NIGHT LIGHT,AZ,A,Z,54.77,1878.63,3510.0,2,90%
20685,DOORMAT RED RETROSPOT,AY,A,Y,97.1,39.47,266.0,2,90%
21137,BLACK RECORD COVER FRAME,AY,A,Y,149.11,270.87,789.0,2,90%
21843,RED RETROSPOT CAKE STAND,AY,A,Y,58.57,30.73,173.0,2,90%
21931,JUMBO STORAGE BAG SUKI,AX,A,X,274.19,81.2,695.0,2,90%
22502,PICNIC BASKET WICKER SMALL,AY,A,Y,40.55,4.2,89.0,2,90%
21621,VINTAGE UNION JACK BUNTING,AY,A,Y,70.66,19.54,177.0,2,90%
15056N,EDWARDIAN PARASOL NATURAL,AY,A,Y,115.2,51.44,324.0,2,90%
22114,HOT WATER BOTTLE TEA AND SYMPATHY,AY,A,Y,80.37,190.59,506.0,2,90%
85099C,JUMBO  BAG BAROQUE BLACK WHITE,AX,A,X,288.49,125.58,804.0,2,90%
22910,PAPER CHAIN KIT VINTAGE CHRISTMAS,AZ,A,Z,117.38,433.87,1020.0,2,90%
22112,CHOCOLATE HOT WATER BOTTLE,AY,A,Y,81.05,128.56,395.0,2,90%
22411,JUMBO SHOPPER VINTAGE RED PAISLEY,AX,A,X,249.9,131.91,739.0,2,90%
82484,WOOD BLACK BOARD ANT WHITE FINISH,AZ,A,Z,93.47,69.54,313.0,2,90%
22470,HEART OF WICKER LARGE,AY,A,Y,154.1,184.25,642.0,2,90%
22139,RETROSPOT TEA SET CERAMIC 11 PC,AY,A,Y,94.19,81.2,335.0,2,90%
22178,VICTORIAN GLASS HANGING T-LIGHT,AY,A,Y,358.83,271.02,1208.0,2,90%
20914,SET/5 RED RETROSPOT LID GLASS BOWLS,AX,A,X,183.56,48.79,455.0,2,90%
21212,PACK OF 72 RETROSPOT CAKE CASES,AX,A,X,940.62,256.85,2346.0,2,90%
21733,RED HANGING HEART T-LIGHT HOLDER,AY,A,Y,158.75,149.08,587.0,2,90%
22090,PAPER BUNTING RETROSPOT,AY,A,Y,169.41,58.96,446.0,2,90%
21181,PLEASE ONE PERSON METAL SIGN,AY,A,Y,215.24,283.53,944.0,2,90%
22111,SCOTTIE DOG HOT WATER BOTTLE,AY,A,Y,75.71,116.72,363.0,2,90%
21929,JUMBO BAG PINK VINTAGE PAISLEY,AY,A,Y,251.55,135.46,748.0,2,90%
21232,STRAWBERRY CERAMIC TRINKET BOX,AX,A,X,368.87,135.55,983.0,2,90%
84946,ANTIQUE SILVER TEA GLASS ETCHED,AX,A,X,323.22,281.61,1156.0,2,90%
22189,CREAM HEART CARD HOLDER,AZ,A,Z,157.24,118.97,530.0,2,90%
15056BL,EDWARDIAN PARASOL BLACK,AZ,A,Z,93.85,40.34,261.0,2,90%
22469,HEART OF WICKER SMALL,AY,A,Y,240.74,260.38,953.0,2,90%
48194,DOORMAT HEARTS,AY,A,Y,72.42,77.07,284.0,2,90%
21731,RED TOADSTOOL LED NIGHT LIGHT,AY,A,Y,264.51,140.19,783.0,2,90%
22457,NATURAL SLATE HEART CHALKBOARD,AY,A,Y,135.1,86.11,426.0,2,90%
82494L,WOODEN FRAME ANTIQUE WHITE,AX,A,X,142.7,63.74,401.0,2,90%
21754,HOME BUILDING BLOCK WORD,AX,A,X,76.2,12.51,175.0,2,90%
48187,DOORMAT NEW ENGLAND,AY,A,Y,66.89,74.57,269.0,2,90%
21928,JUMBO BAG SCANDINAVIAN PAISLEY,AX,A,X,235.31,78.52,613.0,2,90%
21523,DOORMAT FANCY FONT HOME SWEET HOME,AY,A,Y,66.03,43.79,211.0,2,90%
22138,BAKING SET 9 PIECE RETROSPOT,AY,A,Y,71.04,157.68,428.0,2,90%
20727,LUNCH BAG  BLACK SKULL.,AY,A,Y,250.18,88.03,660.0,2,90%
48185,DOORMAT FAIRY CAKE,AZ,A,Z,64.45,73.07,261.0,2,90%
21623,VINTAGE UNION JACK MEMOBOARD,AZ,A,Z,62.85,43.2,204.0,2,90%
22355,CHARLOTTE BAG SUKI DESIGN,AX,A,X,284.13,174.05,883.0,2,90%
71477,COLOUR GLASS. STAR T-LIGHT HOLDER,AY,A,Y,134.22,148.83,538.0,2,90%
22326,ROUND SNACK BOXES SET OF4 WOODLAND,AY,A,Y,139.53,89.34,441.0,2,90%
21175,GIN + TONIC DIET METAL SIGN,AY,A,Y,185.99,106.77,565.0,2,90%
84078A,SET/4 WHITE RETRO STORAGE CUBES,AZ,A,Z,11.49,7.34,36.0,2,90%
22383,LUNCH BAG SUKI  DESIGN,AX,A,X,243.03,120.48,704.0,2,90%
84029E,RED WOOLLY HOTTIE WHITE HEART.,AZ,A,Z,86.59,149.72,444.0,2,90%
23298,SPOTTY BUNTING,AZ,A,Z,66.28,114.61,340.0,2,90%
84997D,PINK 3 PIECE MINI DOTS CUTLERY SET,AY,A,Y,99.8,66.94,321.0,2,90%
21915,RED  HARMONICA IN BOX,AY,A,Y,291.89,498.25,1486.0,2,90%
20728,LUNCH BAG CARS BLUE,AY,A,Y,236.44,68.79,597.0,2,90%
23203,JUMBO BAG VINTAGE DOILY,AZ,A,Z,123.61,265.0,727.0,2,90%
82482,WOODEN PICTURE FRAME WHITE FINISH,AX,A,X,154.78,74.22,444.0,2,90%
20713,JUMBO BAG OWLS,AY,A,Y,183.47,177.13,688.0,2,90%
22083,PAPER CHAIN KIT RETROSPOT,AY,A,Y,133.03,36.02,331.0,2,90%
85066,CREAM SWEETHEART MINI CHEST,AY,A,Y,26.13,29.1,105.0,2,90%
84997B,RED 3 PIECE MINI DOTS CUTLERY SET,AY,A,Y,91.86,54.05,282.0,2,90%
20726,LUNCH BAG WOODLAND,AY,A,Y,216.08,77.53,572.0,2,90%
82486,WOOD S/3 CABINET ANT WHITE FINISH,AX,A,X,44.2,19.4,124.0,2,90%
22960,JAM MAKING SET WITH JARS,AY,A,Y,68.63,81.0,284.0,2,90%
22699,ROSES REGENCY TEACUP AND SAUCER,AY,A,Y,114.92,70.35,357.0,2,90%
21166,COOK WITH WINE METAL SIGN,AY,A,Y,167.19,215.15,724.0,2,90%
23284,DOORMAT KEEP CALM AND COME IN,AZ,A,Z,24.66,236.74,478.0,2,90%
22720,SET OF 3 CAKE TINS PANTRY DESIGN,AZ,A,Z,54.33,90.45,272.0,2,90%
22629,SPACEBOY LUNCH BOX,AY,A,Y,185.0,90.22,533.0,2,90%
20712,JUMBO BAG WOODLAND ANIMALS,AY,A,Y,157.3,104.07,503.0,2,90%
21485,RETROSPOT HEART HOT WATER BOTTLE,AY,A,Y,60.1,116.36,331.0,2,90%
22727,ALARM CLOCK BAKELIKE RED,AZ,A,Z,60.58,154.45,401.0,2,90%
22328,ROUND SNACK BOXES SET OF 4 FRUITS,AY,A,Y,125.09,45.05,332.0,2,90%
21524,DOORMAT SPOTTY HOME SWEET HOME,AY,A,Y,50.62,25.57,148.0,2,90%
84997C,BLUE 3 PIECE MINI DOTS CUTLERY SET,AY,A,Y,84.37,52.74,264.0,2,90%
20724,RED RETROSPOT CHARLOTTE BAG,AX,A,X,283.76,146.24,832.0,2,90%
21755,LOVE BUILDING BLOCK WORD,AX,A,X,56.81,14.54,140.0,2,90%
22379,RECYCLING BAG RETROSPOT,AY,A,Y,146.99,94.77,466.0,2,90%
22382,LUNCH BAG SPACEBOY DESIGN,AX,A,X,184.43,95.48,542.0,2,90%
22384,LUNCH BAG PINK POLKADOT,AX,A,X,202.39,106.27,597.0,2,90%
22666,RECIPE BOX PANTRY YELLOW DESIGN,AY,A,Y,79.8,154.29,439.0,2,90%
22630,DOLLY GIRL LUNCH BOX,AY,A,Y,165.68,86.7,488.0,2,90%
15036,ASSORTED COLOURS SILK FAN,AY,A,Y,453.3,280.77,1415.0,2,90%
22726,ALARM CLOCK BAKELIKE GREEN,AY,A,Y,51.51,89.23,265.0,2,90%
22385,JUMBO BAG SPACEBOY DESIGN,AY,A,Y,157.47,94.96,487.0,2,90%
22865,HAND WARMER OWL DESIGN,AZ,A,Z,90.82,269.26,669.0,2,90%
22077,6 RIBBONS RUSTIC CHARM,AX,A,X,148.08,98.03,474.0,2,90%
85152,HAND OVER THE CHOCOLATE   SIGN,AY,A,Y,142.2,163.65,581.0,2,90%
85014B,RED RETROSPOT UMBRELLA,AZ,A,Z,58.42,33.22,177.0,2,90%
48184,DOORMAT ENGLISH ROSE,AY,A,Y,42.09,51.43,177.0,2,90%
23245,SET OF 3 REGENCY CAKE TINS,AZ,A,Z,39.63,65.54,198.0,2,90%
21479,WHITE SKULL HOT WATER BOTTLE,AZ,A,Z,47.76,110.27,295.0,2,90%
22697,GREEN REGENCY TEACUP AND SAUCER,AY,A,Y,84.13,59.87,277.0,2,90%
23199,JUMBO BAG APPLES,AZ,A,Z,110.81,208.96,600.0,2,90%
22501,PICNIC BASKET WICKER LARGE,AZ,A,Z,27.44,5.39,65.0,2,90%
20679,EDWARDIAN PARASOL RED,AZ,A,Z,59.94,23.21,162.0,2,90%
21217,RED SPOTTY ROUND CAKE TINS,AY,A,Y,28.86,9.91,76.0,2,90%
84029G,KNITTED UNION FLAG HOT WATER BOTTLE,AZ,A,Z,57.95,66.22,236.0,2,90%
22659,LUNCH BOX I LOVE LONDON,AY,A,Y,145.41,121.58,511.0,2,90%
47590B,PINK HAPPY BIRTHDAY BUNTING,AY,A,Y,57.6,24.98,160.0,2,90%
22622,BOX OF VINTAGE ALPHABET BLOCKS,AZ,A,Z,26.52,24.39,97.0,2,90%
22158,3 HEARTS HANGING DECORATION RUSTIC,AZ,A,Z,72.11,119.45,360.0,2,90%
82483,WOOD 2 DRAWER CABINET WHITE FINISH,AX,A,X,44.68,25.19,135.0,2,90%
48188,DOORMAT WELCOME PUPPIES,AZ,A,Z,48.85,42.41,174.0,2,90%
20971,PINK BLUE FELT CRAFT TRINKET BOX,AZ,A,Z,163.47,439.33,1122.0,2,90%
84978,HANGING HEART JAR T-LIGHT HOLDER,AX,A,X,208.26,97.24,593.0,2,90%
22866,HAND WARMER SCOTTY DOG DESIGN,AZ,A,Z,83.2,193.4,517.0,2,90%
22467,GUMBALL COAT RACK,AY,A,Y,99.16,105.62,390.0,2,90%
22752,SET 7 BABUSHKA NESTING BOXES,AZ,A,Z,30.26,39.81,133.0,2,90%
21977,PACK OF 60 PINK PAISLEY CAKE CASES,AX,A,X,556.43,296.91,1650.0,2,90%
22188,BLACK HEART CARD HOLDER,AZ,A,Z,103.04,97.87,383.0,2,90%
82583,HOT BATHS METAL SIGN,AY,A,Y,103.89,159.83,497.0,2,90%
23201,JUMBO BAG ALPHABET,AZ,A,Z,85.58,192.2,519.0,2,90%
22492,MINI PAINT SET VINTAGE,AY,A,Y,377.16,351.9,1391.0,2,90%
20719,WOODLAND CHARLOTTE BAG,AX,A,X,227.63,70.8,583.0,2,90%
47566B,TEA TIME PARTY BUNTING,AY,A,Y,63.67,15.06,155.0,2,90%
22624,IVORY KITCHEN SCALES,AY,A,Y,28.17,27.33,106.0,2,90%
21930,JUMBO STORAGE BAG SKULLS,AX,A,X,122.55,73.8,379.0,2,90%
72741,GRAND CHOCOLATECANDLE,AY,A,Y,190.01,100.38,562.0,2,90%
22835,HOT WATER BOTTLE I AM SO POORLY,AZ,A,Z,35.69,77.35,211.0,2,90%
84991,60 TEATIME FAIRY CAKE CASES,AX,A,X,534.57,183.0,1400.0,2,90%
22961,JAM MAKING SET PRINTED,AY,A,Y,129.24,142.73,517.0,2,90%
20750,RED RETROSPOT MINI CASES,AX,A,X,34.44,16.34,98.0,2,90%
71459,HANGING JAM JAR T-LIGHT HOLDER,AY,A,Y,329.46,134.41,902.0,2,90%
22734,SET OF 6 RIBBONS VINTAGE CHRISTMAS,AZ,A,Z,75.08,160.73,441.0,2,90%
22149,FELTCRAFT 6 FLOWER FRIENDS,AY,A,Y,111.67,192.54,572.0,2,90%
22867,HAND WARMER BIRD DESIGN,AZ,A,Z,80.35,163.79,457.0,2,90%
48111,DOORMAT 3 SMILEY CATS,AZ,A,Z,38.7,43.19,156.0,2,90%
22551,PLASTERS IN TIN SPACEBOY,AY,A,Y,137.96,74.87,411.0,2,90%
82600,NO SINGING METAL SIGN,AY,A,Y,114.99,188.22,571.0,2,90%
20711,JUMBO BAG TOYS,AY,A,Y,124.73,73.01,382.0,2,90%
21481,FAWN BLUE HOT WATER BOTTLE,AY,A,Y,72.89,59.66,254.0,2,90%
22507,MEMO BOARD RETROSPOT  DESIGN,AZ,A,Z,49.67,46.69,184.0,2,90%
37503,TEA TIME CAKE STAND IN GIFT BOX,AZ,A,Z,26.55,0.0,53.0,2,90%
22087,PAPER BUNTING WHITE LACE,AY,A,Y,84.57,48.38,257.0,2,90%
21080,SET/20 RED RETROSPOT PAPER NAPKINS,AX,A,X,306.66,67.61,736.0,2,90%
21108,FAIRY CAKE FLANNEL ASSORTED COLOUR,AZ,A,Z,103.72,202.26,574.0,2,90%
84755,COLOUR GLASS T-LIGHT HOLDER HANGING,AY,A,Y,409.84,185.04,1155.0,2,90%
22084,PAPER CHAIN KIT EMPIRE,AZ,A,Z,94.53,2.07,193.0,2,90%
21527,RED RETROSPOT TRADITIONAL TEAPOT,AY,A,Y,36.13,2.14,76.0,2,90%
23173,REGENCY TEAPOT ROSES,AZ,A,Z,23.74,53.58,144.0,2,90%
20972,PINK CREAM FELT CRAFT TRINKET BOX,AY,A,Y,193.35,66.3,507.0,2,90%
21314,SMALL GLASS HEART TRINKET POT,AY,A,Y,109.13,48.17,305.0,2,90%
84836,ZINC METAL HEART DECORATION,AY,A,Y,193.65,78.9,530.0,2,90%
84077,WORLD WAR 2 GLIDERS ASSTD DESIGNS,AY,A,Y,962.13,480.64,2794.0,2,90%
22722,SET OF 6 SPICE TINS PANTRY DESIGN,AZ,A,Z,36.74,174.27,389.0,2,90%
22698,PINK REGENCY TEACUP AND SAUCER,AY,A,Y,69.26,56.79,241.0,2,90%
22728,ALARM CLOCK BAKELIKE PINK,AZ,A,Z,43.87,79.23,231.0,2,90%
48173C,DOORMAT BLACK FLOCK,AZ,A,Z,41.19,33.52,143.0,2,90%
21231,SWEETHEART CERAMIC TRINKET BOX,AY,A,Y,189.68,90.89,544.0,2,90%
47590A,BLUE HAPPY BIRTHDAY BUNTING,AY,A,Y,46.98,21.93,134.0,2,90%
22171,3 HOOK PHOTO SHELF ANTIQUE WHITE,AZ,A,Z,32.29,20.63,102.0,2,90%
23344,JUMBO BAG 50'S CHRISTMAS,AZ,A,Z,16.51,447.36,843.0,2,90%
21955,DOORMAT UNION JACK GUNS AND ROSES,AZ,A,Z,40.24,27.83,131.0,2,90%
21790,VINTAGE SNAP CARDS,AY,A,Y,227.2,171.34,765.0,2,90%
23243,SET OF TEA COFFEE SUGAR TINS PANTRY,AZ,A,Z,21.8,180.74,371.0,2,90%
22605,WOODEN CROQUET GARDEN SET,AZ,A,Z,18.39,6.47,48.0,2,90%
22625,RED KITCHEN SCALES,AY,A,Y,23.69,19.28,82.0,2,90%
84406B,CREAM CUPID HEARTS COAT HANGER,AY,A,Y,74.26,28.41,200.0,2,90%
22607,WOODEN ROUNDERS GARDEN SET,AY,A,Y,25.91,9.7,69.0,2,90%
21791,VINTAGE HEADS AND TAILS CARD GAME,AY,A,Y,158.68,107.95,513.0,2,90%
22554,PLASTERS IN TIN WOODLAND ANIMALS,AY,A,Y,117.13,85.63,389.0,2,90%
21936,RED RETROSPOT PICNIC BAG,AY,A,Y,81.72,55.33,264.0,2,90%
84970S,HANGING HEART ZINC T-LIGHT HOLDER,AX,A,X,270.55,64.76,658.0,2,90%
22556,PLASTERS IN TIN CIRCUS PARADE,AY,A,Y,124.92,49.07,339.0,2,90%
37449,CERAMIC CAKE STAND + HANGING CAKES,AY,A,Y,24.37,9.96,67.0,2,90%
85014A,BLACK/BLUE POLKADOT UMBRELLA,AZ,A,Z,45.98,16.93,123.0,2,90%
20749,ASSORTED COLOUR MINI CASES,AY,A,Y,25.69,32.74,111.0,2,90%
22113,GREY HEART HOT WATER BOTTLE,AZ,A,Z,43.26,93.11,255.0,2,90%
22585,PACK OF 6 BIRDY GIFT TAGS,AY,A,Y,162.99,150.06,598.0,2,90%
23202,JUMBO BAG VINTAGE LEAF,AZ,A,Z,75.14,111.29,352.0,2,90%
22499,WOODEN UNION JACK BUNTING,AY,A,Y,37.38,4.62,83.0,2,90%
22941,CHRISTMAS LIGHTS 10 REINDEER,AZ,A,Z,13.61,59.91,136.0,2,90%
21210,SET OF 72 RETROSPOT PAPER  DOILIES,AY,A,Y,142.55,78.54,427.0,2,90%
22456,NATURAL SLATE CHALKBOARD LARGE,AY,A,Y,42.55,11.39,106.0,2,90%
22969,HOMEMADE JAM SCENTED CANDLES,AZ,A,Z,118.23,153.37,514.0,2,90%
21213,PACK OF 72 SKULL CAKE CASES,AY,A,Y,394.41,182.11,1118.0,2,90%
21258,VICTORIAN SEWING BOX LARGE,AZ,A,Z,14.01,10.87,48.0,2,90%
23209,LUNCH BAG VINTAGE DOILY,AZ,A,Z,93.12,136.95,434.0,2,90%
85048,15CM CHRISTMAS GLASS BALL 20 LIGHTS,AZ,A,Z,17.23,42.3,111.0,2,90%
22570,FELTCRAFT CUSHION RABBIT,AY,A,Y,50.92,78.03,243.0,2,90%
22424,ENAMEL BREAD BIN CREAM,AY,A,Y,13.83,7.61,41.0,2,90%
23206,LUNCH BAG APPLE DESIGN,AZ,A,Z,96.11,149.46,463.0,2,90%
84997A,GREEN 3 PIECE MINI DOTS CUTLERY SET,AY,A,Y,49.61,36.47,165.0,2,90%
22294,HEART FILIGREE DOVE  SMALL,AY,A,Y,163.87,71.58,457.0,2,90%
22356,CHARLOTTE BAG PINK POLKADOT,AX,A,X,183.59,76.62,506.0,2,90%
21218,RED SPOTTY BISCUIT TIN,AY,A,Y,51.95,30.66,159.0,2,90%
48116,DOORMAT MULTICOLOUR STRIPE,AZ,A,Z,31.58,52.86,159.0,2,90%
22632,HAND WARMER RED RETROSPOT,AZ,A,Z,78.44,124.74,383.0,2,90%
22617,BAKING SET SPACEBOY DESIGN,AY,A,Y,34.24,58.72,175.0,2,90%
22693,GROW A FLYTRAP OR SUNFLOWER IN TIN,AZ,A,Z,165.38,92.84,499.0,2,90%
20723,STRAWBERRY CHARLOTTE BAG,AX,A,X,169.04,68.56,462.0,2,90%
21559,STRAWBERRY LUNCH BOX WITH CUTLERY,AX,A,X,78.53,43.59,236.0,2,90%
22568,FELTCRAFT CUSHION OWL,AY,A,Y,42.48,79.18,228.0,2,90%
85150,LADIES & GENTLEMEN METAL SIGN,AY,A,Y,79.59,24.83,204.0,2,90%
21216,"SET 3 RETROSPOT TEA,COFFEE,SUGAR",AY,A,Y,37.08,19.86,110.0,2,90%
22273,FELTCRAFT DOLL MOLLY,AZ,A,Z,47.17,194.14,446.0,2,90%
22569,FELTCRAFT CUSHION BUTTERFLY,AY,A,Y,51.72,71.18,232.0,2,90%
21622,VINTAGE UNION JACK CUSHION COVER,AZ,A,Z,39.62,7.45,93.0,2,90%
22900,SET 2 TEA TOWELS I LOVE LONDON,AZ,A,Z,53.84,40.51,181.0,2,90%
22413,METAL SIGN TAKE IT OR LEAVE IT,AZ,A,Z,53.32,142.26,364.0,2,90%
48129,DOORMAT TOPIARY,AZ,A,Z,29.12,29.96,112.0,2,90%
22381,TOY TIDY PINK POLKADOT,AY,A,Y,87.52,58.01,280.0,2,90%
21174,POTTERING IN THE SHED METAL SIGN,AY,A,Y,84.12,100.9,351.0,2,90%
22558,CLOTHES PEGS RETROSPOT PACK 24,AY,A,Y,126.11,60.91,362.0,2,90%
22169,FAMILY ALBUM WHITE PICTURE FRAME,AY,A,Y,19.42,20.33,76.0,2,90%
22561,WOODEN SCHOOL COLOURING SET,AY,A,Y,102.67,36.28,271.0,2,90%
21340,CLASSIC METAL BIRDCAGE PLANT HOLDER,AY,A,Y,16.68,10.15,52.0,2,90%
22427,ENAMEL FLOWER JUG CREAM,AY,A,Y,31.43,33.96,124.0,2,90%
22952,60 CAKE CASES VINTAGE CHRISTMAS,AZ,A,Z,232.42,399.97,1189.0,2,90%
21908,CHOCOLATE THIS WAY METAL SIGN,AY,A,Y,89.73,70.8,308.0,2,90%
22061,LARGE CAKE STAND  HANGING STRAWBERY,AY,A,Y,20.26,20.12,77.0,2,90%
84949,SILVER HANGING T-LIGHT HOLDER,AY,A,Y,107.65,113.29,420.0,2,90%
71053,WHITE METAL LANTERN,AY,A,Y,47.98,24.0,139.0,2,90%
84947,ANTIQUE SILVER TEA GLASS ENGRAVED,AY,A,Y,132.32,169.16,571.0,2,90%
47591D,PINK FAIRY CAKE CHILDRENS APRON,AY,A,Y,89.65,75.92,317.0,2,90%
22555,PLASTERS IN TIN STRONGMAN,AY,A,Y,105.04,43.87,290.0,2,90%
21035,SET/2 RED RETROSPOT TEA TOWELS,AY,A,Y,57.59,48.86,204.0,2,90%
22041,"RECORD FRAME 7"" SINGLE SIZE",AY,A,Y,66.2,55.57,233.0,2,90%
21121,SET/10 RED POLKADOT PARTY CANDLES,AY,A,Y,147.82,86.75,453.0,2,90%
22847,BREAD BIN DINER STYLE IVORY,AY,A,Y,9.29,14.69,45.0,2,90%
21484,CHICK GREY HOT WATER BOTTLE,AZ,A,Z,39.31,56.51,181.0,2,90%
21430,SET/3 RED GINGHAM ROSE STORAGE BOX,AY,A,Y,43.98,37.15,155.0,2,90%
22505,MEMO BOARD COTTAGE DESIGN,AY,A,Y,36.72,15.96,102.0,2,90%
22147,FELTCRAFT BUTTERFLY HEARTS,AY,A,Y,108.33,220.48,616.0,2,90%
22560,TRADITIONAL MODELLING CLAY,AY,A,Y,120.95,166.38,543.0,2,90%
22352,LUNCH BOX WITH CUTLERY RETROSPOT,AX,A,X,68.18,33.12,196.0,2,90%
22297,HEART IVORY TRELLIS SMALL,AY,A,Y,139.22,37.8,347.0,2,90%
84945,MULTI COLOUR SILVER T-LIGHT HOLDER,AY,A,Y,186.69,193.86,724.0,2,90%
84970L,SINGLE HEART ZINC T-LIGHT HOLDER,AX,A,X,176.74,66.56,474.0,2,90%
21914,BLUE HARMONICA IN BOX,AY,A,Y,100.61,135.57,447.0,2,90%
22633,HAND WARMER UNION JACK,AZ,A,Z,53.52,180.14,433.0,2,90%
22776,SWEETHEART CAKESTAND 3 TIER,AY,A,Y,15.48,10.0,49.0,2,90%
21136,PAINTED METAL PEARS ASSORTED,AY,A,Y,96.11,43.67,271.0,2,90%
20718,RED RETROSPOT SHOPPER BAG,AX,A,X,129.99,50.38,351.0,2,90%
22557,PLASTERS IN TIN VINTAGE PAISLEY,AY,A,Y,95.25,39.1,261.0,2,90%
84992,72 SWEETHEART FAIRY CAKE CASES,AY,A,Y,343.78,133.38,929.0,2,90%
22366,DOORMAT AIRMAIL,AZ,A,Z,23.15,22.89,88.0,2,90%
21889,WOODEN BOX OF DOMINOES,AY,A,Y,104.23,103.17,395.0,2,90%
23240,SET OF 4 KNICK KNACK TINS DOILY,AZ,A,Z,25.34,32.22,109.0,2,90%
21156,RETROSPOT CHILDRENS APRON,AY,A,Y,84.57,69.64,295.0,2,90%
22654,DELUXE SEWING KIT,AY,A,Y,23.17,19.84,82.0,2,90%
21535,RED RETROSPOT SMALL MILK JUG,AY,A,Y,66.4,32.57,192.0,2,90%
22652,TRAVEL SEWING KIT,AY,A,Y,95.94,124.79,418.0,2,90%
21533,RETRO SPOT LARGE MILK JUG,AX,A,X,34.05,18.97,102.0,2,90%
21164,HOME SWEET HOME METAL SIGN,AY,A,Y,61.58,18.61,157.0,2,90%
72760B,VINTAGE CREAM 3 BASKET CAKE STAND,AY,A,Y,17.6,2.83,40.0,2,90%
22993,SET OF 4 PANTRY JELLY MOULDS,AY,A,Y,90.72,98.97,361.0,2,90%
22837,HOT WATER BOTTLE BABUSHKA,AZ,A,Z,37.98,0.71,77.0,2,90%
22487,WHITE WOOD GARDEN PLANT LADDER,AY,A,Y,15.57,6.89,44.0,2,90%
21155,RED RETROSPOT PEG BAG,AY,A,Y,64.95,21.5,169.0,2,90%
23301,GARDENERS KNEELING PAD KEEP CALM,AZ,A,Z,36.48,306.31,627.0,2,90%
22191,IVORY DINER WALL CLOCK,AZ,A,Z,17.7,16.25,65.0,2,90%
22662,LUNCH BAG DOLLY GIRL DESIGN,AY,A,Y,92.73,75.83,323.0,2,90%
35004C,SET OF 3 COLOURED  FLYING DUCKS,AZ,A,Z,32.97,0.0,66.0,2,90%
22296,HEART IVORY TRELLIS LARGE,AY,A,Y,100.4,39.76,273.0,2,90%
22193,RED DINER WALL CLOCK,AY,A,Y,14.13,22.71,69.0,2,90%
22634,CHILDS BREAKFAST SET SPACEBOY,AY,A,Y,15.72,8.02,46.0,2,90%
21877,HOME SWEET HOME MUG,AY,A,Y,136.73,113.66,479.0,2,90%
22692,DOORMAT WELCOME TO OUR HOME,AZ,A,Z,16.84,32.18,92.0,2,90%
22759,SET OF 3 NOTEBOOKS IN PARCEL,AY,A,Y,72.61,146.16,410.0,2,90%
22690,DOORMAT HOME SWEET HOME BLUE,AZ,A,Z,22.57,25.05,90.0,2,90%
22635,CHILDS BREAKFAST SET DOLLY GIRL,AY,A,Y,15.95,6.75,44.0,2,90%
22367,CHILDRENS APRON SPACEBOY DESIGN,AX,A,X,71.55,50.4,234.0,2,90%
84375,SET OF 20 KIDS COOKIE CUTTERS,AY,A,Y,66.85,62.16,246.0,2,90%
22170,PICTURE FRAME WOOD TRIPLE PORTRAIT,AY,A,Y,21.6,23.68,86.0,2,90%
22619,SET OF 6 SOLDIER SKITTLES,AY,A,Y,31.68,46.94,148.0,2,90%
22333,RETROSPOT PARTY BAG + STICKER SET,AY,A,Y,96.05,55.09,292.0,2,90%
85232B,SET/3 RUSSIAN DOLL STACKING TINS,AZ,A,Z,33.23,1.88,70.0,2,90%
21891,TRADITIONAL WOODEN SKIPPING ROPE,AY,A,Y,98.17,171.73,507.0,2,90%
22173,METAL 4 HOOK HANGER FRENCH CHATEAU,AY,A,Y,46.99,23.76,137.0,2,90%
22749,FELTCRAFT PRINCESS CHARLOTTE DOLL,AY,A,Y,28.84,60.44,167.0,2,90%
84378,SET OF 3 HEART COOKIE CUTTERS,AY,A,Y,100.09,131.81,439.0,2,90%
21844,RED RETROSPOT MUG,AY,A,Y,52.54,34.01,167.0,2,90%
22940,FELTCRAFT CHRISTMAS FAIRY,AZ,A,Z,25.85,36.71,118.0,2,90%
21094,SET/6 RED SPOTTY PAPER PLATES,AY,A,Y,195.53,103.83,579.0,2,90%
22365,DOORMAT RESPECTABLE HOUSE,AZ,A,Z,20.12,29.69,94.0,2,90%
22909,SET OF 20 VINTAGE CHRISTMAS NAPKINS,AZ,A,Z,114.67,297.7,768.0,2,90%
21975,PACK OF 60 DINOSAUR CAKE CASES,AY,A,Y,308.08,180.5,943.0,2,90%
21165,BEWARE OF THE CAT METAL SIGN,AY,A,Y,89.96,57.9,285.0,2,90%
35970,ZINC FOLKART SLEIGH BELLS,AZ,A,Z,43.29,220.69,486.0,2,90%
82582,AREA PATROLLED METAL SIGN,AY,A,Y,64.27,72.94,261.0,2,90%
22946,WOODEN ADVENT CALENDAR CREAM,AZ,A,Z,7.57,14.61,42.0,2,90%
21122,SET/10 PINK POLKADOT PARTY CANDLES,AY,A,Y,121.74,55.59,344.0,2,90%
22606,WOODEN SKITTLES GARDEN SET,AZ,A,Z,11.33,3.71,29.0,2,90%
22730,ALARM CLOCK BAKELIKE IVORY,AY,A,Y,26.13,44.67,133.0,2,90%
21770,OPEN CLOSED METAL SIGN,AZ,A,Z,26.42,18.99,87.0,2,90%
17003,BROCADE RING PURSE,AZ,A,Z,696.42,348.55,2024.0,2,90%
21912,VINTAGE SNAKES & LADDERS,AY,A,Y,32.96,28.23,117.0,2,90%
22423,REGENCY CAKESTAND 3 TIER,AX,A,X,251.85,79.99,690.0,2,95%
85123A,WHITE HANGING HEART T-LIGHT HOLDER,AX,A,X,920.37,285.42,2507.0,2,95%
85099B,JUMBO BAG RED RETROSPOT,AX,A,X,877.32,482.95,2882.0,2,95%
47566,PARTY BUNTING,AY,A,Y,277.99,173.56,961.0,2,95%
84879,ASSORTED COLOUR BIRD ORNAMENT,AY,A,Y,737.17,240.32,2035.0,2,95%
22086,PAPER CHAIN KIT 50'S CHRISTMAS,AZ,A,Z,216.7,681.73,2024.0,2,95%
23166,MEDIUM CERAMIC TOP STORAGE JAR,AZ,A,Z,824.81,722.9,3336.0,2,95%
79321,CHILLI LIGHTS,AY,A,Y,130.52,188.96,702.0,2,95%
22197,SMALL POPCORN HOLDER,AY,A,Y,656.61,1332.55,4423.0,2,95%
22386,JUMBO BAG PINK POLKADOT,AX,A,X,346.33,233.64,1238.0,2,95%
20725,LUNCH BAG RED RETROSPOT,AX,A,X,382.91,117.84,1041.0,2,95%
84347,ROTATING SILVER ANGELS T-LIGHT HLDR,AZ,A,Z,266.16,483.44,1660.0,2,95%
85099F,JUMBO BAG STRAWBERRY,AX,A,X,354.66,221.79,1227.0,2,95%
48138,DOORMAT UNION FLAG,AY,A,Y,95.83,67.99,350.0,2,95%
23084,RABBIT NIGHT LIGHT,AZ,A,Z,54.77,1878.63,4493.0,2,95%
20685,DOORMAT RED RETROSPOT,AY,A,Y,97.1,39.47,286.0,2,95%
21137,BLACK RECORD COVER FRAME,AY,A,Y,149.11,270.87,930.0,2,95%
21843,RED RETROSPOT CAKE STAND,AY,A,Y,58.57,30.73,189.0,2,95%
21931,JUMBO STORAGE BAG SUKI,AX,A,X,274.19,81.2,738.0,2,95%
22502,PICNIC BASKET WICKER SMALL,AY,A,Y,40.55,4.2,91.0,2,95%
21621,VINTAGE UNION JACK BUNTING,AY,A,Y,70.66,19.54,187.0,2,95%
15056N,EDWARDIAN PARASOL NATURAL,AY,A,Y,115.2,51.44,350.0,2,95%
22114,HOT WATER BOTTLE TEA AND SYMPATHY,AY,A,Y,80.37,190.59,605.0,2,95%
85099C,JUMBO  BAG BAROQUE BLACK WHITE,AX,A,X,288.49,125.58,870.0,2,95%
22910,PAPER CHAIN KIT VINTAGE CHRISTMAS,AZ,A,Z,117.38,433.87,1247.0,2,95%
22112,CHOCOLATE HOT WATER BOTTLE,AY,A,Y,81.05,128.56,462.0,2,95%
22411,JUMBO SHOPPER VINTAGE RED PAISLEY,AX,A,X,249.9,131.91,808.0,2,95%
82484,WOOD BLACK BOARD ANT WHITE FINISH,AZ,A,Z,93.47,69.54,349.0,2,95%
22470,HEART OF WICKER LARGE,AY,A,Y,154.1,184.25,738.0,2,95%
22139,RETROSPOT TEA SET CERAMIC 11 PC,AY,A,Y,94.19,81.2,378.0,2,95%
22178,VICTORIAN GLASS HANGING T-LIGHT,AY,A,Y,358.83,271.02,1350.0,2,95%
20914,SET/5 RED RETROSPOT LID GLASS BOWLS,AX,A,X,183.56,48.79,481.0,2,95%
21212,PACK OF 72 RETROSPOT CAKE CASES,AX,A,X,940.62,256.85,2481.0,2,95%
21733,RED HANGING HEART T-LIGHT HOLDER,AY,A,Y,158.75,149.08,665.0,2,95%
22090,PAPER BUNTING RETROSPOT,AY,A,Y,169.41,58.96,476.0,2,95%
21181,PLEASE ONE PERSON METAL SIGN,AY,A,Y,215.24,283.53,1092.0,2,95%
22111,SCOTTIE DOG HOT WATER BOTTLE,AY,A,Y,75.71,116.72,424.0,2,95%
21929,JUMBO BAG PINK VINTAGE PAISLEY,AY,A,Y,251.55,135.46,819.0,2,95%
21232,STRAWBERRY CERAMIC TRINKET BOX,AX,A,X,368.87,135.55,1054.0,2,95%
84946,ANTIQUE SILVER TEA GLASS ETCHED,AX,A,X,323.22,281.61,1304.0,2,95%
22189,CREAM HEART CARD HOLDER,AZ,A,Z,157.24,118.97,592.0,2,95%
15056BL,EDWARDIAN PARASOL BLACK,AZ,A,Z,93.85,40.34,282.0,2,95%
22469,HEART OF WICKER SMALL,AY,A,Y,240.74,260.38,1089.0,2,95%
48194,DOORMAT HEARTS,AY,A,Y,72.42,77.07,325.0,2,95%
21731,RED TOADSTOOL LED NIGHT LIGHT,AY,A,Y,264.51,140.19,856.0,2,95%
22457,NATURAL SLATE HEART CHALKBOARD,AY,A,Y,135.1,86.11,471.0,2,95%
82494L,WOODEN FRAME ANTIQUE WHITE,AX,A,X,142.7,63.74,434.0,2,95%
21754,HOME BUILDING BLOCK WORD,AX,A,X,76.2,12.51,182.0,2,95%
48187,DOORMAT NEW ENGLAND,AY,A,Y,66.89,74.57,308.0,2,95%
21928,JUMBO BAG SCANDINAVIAN PAISLEY,AX,A,X,235.31,78.52,654.0,2,95%
21523,DOORMAT FANCY FONT HOME SWEET HOME,AY,A,Y,66.03,43.79,234.0,2,95%
22138,BAKING SET 9 PIECE RETROSPOT,AY,A,Y,71.04,157.68,510.0,2,95%
20727,LUNCH BAG  BLACK SKULL.,AY,A,Y,250.18,88.03,706.0,2,95%
48185,DOORMAT FAIRY CAKE,AZ,A,Z,64.45,73.07,299.0,2,95%
21623,VINTAGE UNION JACK MEMOBOARD,AZ,A,Z,62.85,43.2,227.0,2,95%
22355,CHARLOTTE BAG SUKI DESIGN,AX,A,X,284.13,174.05,974.0,2,95%
71477,COLOUR GLASS. STAR T-LIGHT HOLDER,AY,A,Y,134.22,148.83,616.0,2,95%
22326,ROUND SNACK BOXES SET OF4 WOODLAND,AY,A,Y,139.53,89.34,488.0,2,95%
21175,GIN + TONIC DIET METAL SIGN,AY,A,Y,185.99,106.77,621.0,2,95%
84078A,SET/4 WHITE RETRO STORAGE CUBES,AZ,A,Z,11.49,7.34,40.0,2,95%
22383,LUNCH BAG SUKI  DESIGN,AX,A,X,243.03,120.48,767.0,2,95%
84029E,RED WOOLLY HOTTIE WHITE HEART.,AZ,A,Z,86.59,149.72,523.0,2,95%
23298,SPOTTY BUNTING,AZ,A,Z,66.28,114.61,400.0,2,95%
84997D,PINK 3 PIECE MINI DOTS CUTLERY SET,AY,A,Y,99.8,66.94,356.0,2,95%
21915,RED  HARMONICA IN BOX,AY,A,Y,291.89,498.25,1746.0,2,95%
20728,LUNCH BAG CARS BLUE,AY,A,Y,236.44,68.79,633.0,2,95%
23203,JUMBO BAG VINTAGE DOILY,AZ,A,Z,123.61,265.0,866.0,2,95%
82482,WOODEN PICTURE FRAME WHITE FINISH,AX,A,X,154.78,74.22,483.0,2,95%
20713,JUMBO BAG OWLS,AY,A,Y,183.47,177.13,780.0,2,95%
22083,PAPER CHAIN KIT RETROSPOT,AY,A,Y,133.03,36.02,350.0,2,95%
85066,CREAM SWEETHEART MINI CHEST,AY,A,Y,26.13,29.1,120.0,2,95%
84997B,RED 3 PIECE MINI DOTS CUTLERY SET,AY,A,Y,91.86,54.05,310.0,2,95%
20726,LUNCH BAG WOODLAND,AY,A,Y,216.08,77.53,613.0,2,95%
82486,WOOD S/3 CABINET ANT WHITE FINISH,AX,A,X,44.2,19.4,134.0,2,95%
22960,JAM MAKING SET WITH JARS,AY,A,Y,68.63,81.0,326.0,2,95%
22699,ROSES REGENCY TEACUP AND SAUCER,AY,A,Y,114.92,70.35,394.0,2,95%
21166,COOK WITH WINE METAL SIGN,AY,A,Y,167.19,215.15,836.0,2,95%
23284,DOORMAT KEEP CALM AND COME IN,AZ,A,Z,24.66,236.74,602.0,2,95%
22720,SET OF 3 CAKE TINS PANTRY DESIGN,AZ,A,Z,54.33,90.45,320.0,2,95%
22629,SPACEBOY LUNCH BOX,AY,A,Y,185.0,90.22,581.0,2,95%
20712,JUMBO BAG WOODLAND ANIMALS,AY,A,Y,157.3,104.07,557.0,2,95%
21485,RETROSPOT HEART HOT WATER BOTTLE,AY,A,Y,60.1,116.36,392.0,2,95%
22727,ALARM CLOCK BAKELIKE RED,AZ,A,Z,60.58,154.45,482.0,2,95%
22328,ROUND SNACK BOXES SET OF 4 FRUITS,AY,A,Y,125.09,45.05,355.0,2,95%
21524,DOORMAT SPOTTY HOME SWEET HOME,AY,A,Y,50.62,25.57,161.0,2,95%
84997C,BLUE 3 PIECE MINI DOTS CUTLERY SET,AY,A,Y,84.37,52.74,292.0,2,95%
20724,RED RETROSPOT CHARLOTTE BAG,AX,A,X,283.76,146.24,909.0,2,95%
21755,LOVE BUILDING BLOCK WORD,AX,A,X,56.81,14.54,148.0,2,95%
22379,RECYCLING BAG RETROSPOT,AY,A,Y,146.99,94.77,515.0,2,95%
22382,LUNCH BAG SPACEBOY DESIGN,AX,A,X,184.43,95.48,592.0,2,95%
22384,LUNCH BAG PINK POLKADOT,AX,A,X,202.39,106.27,653.0,2,95%
22666,RECIPE BOX PANTRY YELLOW DESIGN,AY,A,Y,79.8,154.29,520.0,2,95%
22630,DOLLY GIRL LUNCH BOX,AY,A,Y,165.68,86.7,534.0,2,95%
15036,ASSORTED COLOURS SILK FAN,AY,A,Y,453.3,280.77,1562.0,2,95%
22726,ALARM CLOCK BAKELIKE GREEN,AY,A,Y,51.51,89.23,311.0,2,95%
22385,JUMBO BAG SPACEBOY DESIGN,AY,A,Y,157.47,94.96,537.0,2,95%
22865,HAND WARMER OWL DESIGN,AZ,A,Z,90.82,269.26,810.0,2,95%
22077,6 RIBBONS RUSTIC CHARM,AX,A,X,148.08,98.03,525.0,2,95%
85152,HAND OVER THE CHOCOLATE   SIGN,AY,A,Y,142.2,163.65,666.0,2,95%
85014B,RED RETROSPOT UMBRELLA,AZ,A,Z,58.42,33.22,194.0,2,95%
48184,DOORMAT ENGLISH ROSE,AY,A,Y,42.09,51.43,204.0,2,95%
23245,SET OF 3 REGENCY CAKE TINS,AZ,A,Z,39.63,65.54,232.0,2,95%
21479,WHITE SKULL HOT WATER BOTTLE,AZ,A,Z,47.76,110.27,353.0,2,95%
22697,GREEN REGENCY TEACUP AND SAUCER,AY,A,Y,84.13,59.87,308.0,2,95%
23199,JUMBO BAG APPLES,AZ,A,Z,110.81,208.96,709.0,2,95%
22501,PICNIC BASKET WICKER LARGE,AZ,A,Z,27.44,5.39,67.0,2,95%
20679,EDWARDIAN PARASOL RED,AZ,A,Z,59.94,23.21,174.0,2,95%
21217,RED SPOTTY ROUND CAKE TINS,AY,A,Y,28.86,9.91,81.0,2,95%
84029G,KNITTED UNION FLAG HOT WATER BOTTLE,AZ,A,Z,57.95,66.22,270.0,2,95%
22659,LUNCH BOX I LOVE LONDON,AY,A,Y,145.41,121.58,575.0,2,95%
47590B,PINK HAPPY BIRTHDAY BUNTING,AY,A,Y,57.6,24.98,173.0,2,95%
22622,BOX OF VINTAGE ALPHABET BLOCKS,AZ,A,Z,26.52,24.39,110.0,2,95%
22158,3 HEARTS HANGING DECORATION RUSTIC,AZ,A,Z,72.11,119.45,423.0,2,95%
82483,WOOD 2 DRAWER CABINET WHITE FINISH,AX,A,X,44.68,25.19,148.0,2,95%
48188,DOORMAT WELCOME PUPPIES,AZ,A,Z,48.85,42.41,197.0,2,95%
20971,PINK BLUE FELT CRAFT TRINKET BOX,AZ,A,Z,163.47,439.33,1352.0,2,95%
84978,HANGING HEART JAR T-LIGHT HOLDER,AX,A,X,208.26,97.24,643.0,2,95%
22866,HAND WARMER SCOTTY DOG DESIGN,AZ,A,Z,83.2,193.4,618.0,2,95%
22467,GUMBALL COAT RACK,AY,A,Y,99.16,105.62,445.0,2,95%
22752,SET 7 BABUSHKA NESTING BOXES,AZ,A,Z,30.26,39.81,153.0,2,95%
21977,PACK OF 60 PINK PAISLEY CAKE CASES,AX,A,X,556.43,296.91,1806.0,2,95%
22188,BLACK HEART CARD HOLDER,AZ,A,Z,103.04,97.87,434.0,2,95%
82583,HOT BATHS METAL SIGN,AY,A,Y,103.89,159.83,581.0,2,95%
23201,JUMBO BAG ALPHABET,AZ,A,Z,85.58,192.2,620.0,2,95%
22492,MINI PAINT SET VINTAGE,AY,A,Y,377.16,351.9,1575.0,2,95%
20719,WOODLAND CHARLOTTE BAG,AX,A,X,227.63,70.8,620.0,2,95%
47566B,TEA TIME PARTY BUNTING,AY,A,Y,63.67,15.06,162.0,2,95%
22624,IVORY KITCHEN SCALES,AY,A,Y,28.17,27.33,120.0,2,95%
21930,JUMBO STORAGE BAG SKULLS,AX,A,X,122.55,73.8,417.0,2,95%
72741,GRAND CHOCOLATECANDLE,AY,A,Y,190.01,100.38,614.0,2,95%
22835,HOT WATER BOTTLE I AM SO POORLY,AZ,A,Z,35.69,77.35,252.0,2,95%
84991,60 TEATIME FAIRY CAKE CASES,AX,A,X,534.57,183.0,1496.0,2,95%
22961,JAM MAKING SET PRINTED,AY,A,Y,129.24,142.73,592.0,2,95%
20750,RED RETROSPOT MINI CASES,AX,A,X,34.44,16.34,107.0,2,95%
71459,HANGING JAM JAR T-LIGHT HOLDER,AY,A,Y,329.46,134.41,973.0,2,95%
22734,SET OF 6 RIBBONS VINTAGE CHRISTMAS,AZ,A,Z,75.08,160.73,525.0,2,95%
22149,FELTCRAFT 6 FLOWER FRIENDS,AY,A,Y,111.67,192.54,673.0,2,95%
22867,HAND WARMER BIRD DESIGN,AZ,A,Z,80.35,163.79,543.0,2,95%
48111,DOORMAT 3 SMILEY CATS,AZ,A,Z,38.7,43.19,178.0,2,95%
22551,PLASTERS IN TIN SPACEBOY,AY,A,Y,137.96,74.87,451.0,2,95%
82600,NO SINGING METAL SIGN,AY,A,Y,114.99,188.22,669.0,2,95%
20711,JUMBO BAG TOYS,AY,A,Y,124.73,73.01,420.0,2,95%
21481,FAWN BLUE HOT WATER BOTTLE,AY,A,Y,72.89,59.66,285.0,2,95%
22507,MEMO BOARD RETROSPOT  DESIGN,AZ,A,Z,49.67,46.69,208.0,2,95%
37503,TEA TIME CAKE STAND IN GIFT BOX,AZ,A,Z,26.55,0.0,53.0,2,95%
22087,PAPER BUNTING WHITE LACE,AY,A,Y,84.57,48.38,282.0,2,95%
21080,SET/20 RED RETROSPOT PAPER NAPKINS,AX,A,X,306.66,67.61,771.0,2,95%
21108,FAIRY CAKE FLANNEL ASSORTED COLOUR,AZ,A,Z,103.72,202.26,679.0,2,95%
84755,COLOUR GLASS T-LIGHT HOLDER HANGING,AY,A,Y,409.84,185.04,1251.0,2,95%
22084,PAPER CHAIN KIT EMPIRE,AZ,A,Z,94.53,2.07,194.0,2,95%
21527,RED RETROSPOT TRADITIONAL TEAPOT,AY,A,Y,36.13,2.14,77.0,2,95%
23173,REGENCY TEAPOT ROSES,AZ,A,Z,23.74,53.58,173.0,2,95%
20972,PINK CREAM FELT CRAFT TRINKET BOX,AY,A,Y,193.35,66.3,541.0,2,95%
21314,SMALL GLASS HEART TRINKET POT,AY,A,Y,109.13,48.17,331.0,2,95%
84836,ZINC METAL HEART DECORATION,AY,A,Y,193.65,78.9,571.0,2,95%
84077,WORLD WAR 2 GLIDERS ASSTD DESIGNS,AY,A,Y,962.13,480.64,3046.0,2,95%
22722,SET OF 6 SPICE TINS PANTRY DESIGN,AZ,A,Z,36.74,174.27,480.0,2,95%
22698,PINK REGENCY TEACUP AND SAUCER,AY,A,Y,69.26,56.79,271.0,2,95%
22728,ALARM CLOCK BAKELIKE PINK,AZ,A,Z,43.87,79.23,273.0,2,95%
48173C,DOORMAT BLACK FLOCK,AZ,A,Z,41.19,33.52,161.0,2,95%
21231,SWEETHEART CERAMIC TRINKET BOX,AY,A,Y,189.68,90.89,591.0,2,95%
47590A,BLUE HAPPY BIRTHDAY BUNTING,AY,A,Y,46.98,21.93,145.0,2,95%
22171,3 HOOK PHOTO SHELF ANTIQUE WHITE,AZ,A,Z,32.29,20.63,113.0,2,95%
23344,JUMBO BAG 50'S CHRISTMAS,AZ,A,Z,16.51,447.36,1077.0,2,95%
21955,DOORMAT UNION JACK GUNS AND ROSES,AZ,A,Z,40.24,27.83,145.0,2,95%
21790,VINTAGE SNAP CARDS,AY,A,Y,227.2,171.34,854.0,2,95%
23243,SET OF TEA COFFEE SUGAR TINS PANTRY,AZ,A,Z,21.8,180.74,465.0,2,95%
22605,WOODEN CROQUET GARDEN SET,AZ,A,Z,18.39,6.47,52.0,2,95%
22625,RED KITCHEN SCALES,AY,A,Y,23.69,19.28,92.0,2,95%
84406B,CREAM CUPID HEARTS COAT HANGER,AY,A,Y,74.26,28.41,215.0,2,95%
22607,WOODEN ROUNDERS GARDEN SET,AY,A,Y,25.91,9.7,74.0,2,95%
21791,VINTAGE HEADS AND TAILS CARD GAME,AY,A,Y,158.68,107.95,569.0,2,95%
22554,PLASTERS IN TIN WOODLAND ANIMALS,AY,A,Y,117.13,85.63,434.0,2,95%
21936,RED RETROSPOT PICNIC BAG,AY,A,Y,81.72,55.33,293.0,2,95%
84970S,HANGING HEART ZINC T-LIGHT HOLDER,AX,A,X,270.55,64.76,692.0,2,95%
22556,PLASTERS IN TIN CIRCUS PARADE,AY,A,Y,124.92,49.07,364.0,2,95%
37449,CERAMIC CAKE STAND + HANGING CAKES,AY,A,Y,24.37,9.96,72.0,2,95%
85014A,BLACK/BLUE POLKADOT UMBRELLA,AZ,A,Z,45.98,16.93,131.0,2,95%
20749,ASSORTED COLOUR MINI CASES,AY,A,Y,25.69,32.74,128.0,2,95%
22113,GREY HEART HOT WATER BOTTLE,AZ,A,Z,43.26,93.11,304.0,2,95%
22585,PACK OF 6 BIRDY GIFT TAGS,AY,A,Y,162.99,150.06,676.0,2,95%
23202,JUMBO BAG VINTAGE LEAF,AZ,A,Z,75.14,111.29,410.0,2,95%
22499,WOODEN UNION JACK BUNTING,AY,A,Y,37.38,4.62,86.0,2,95%
22941,CHRISTMAS LIGHTS 10 REINDEER,AZ,A,Z,13.61,59.91,167.0,2,95%
21210,SET OF 72 RETROSPOT PAPER  DOILIES,AY,A,Y,142.55,78.54,468.0,2,95%
22456,NATURAL SLATE CHALKBOARD LARGE,AY,A,Y,42.55,11.39,112.0,2,95%
22969,HOMEMADE JAM SCENTED CANDLES,AZ,A,Z,118.23,153.37,594.0,2,95%
21213,PACK OF 72 SKULL CAKE CASES,AY,A,Y,394.41,182.11,1214.0,2,95%
21258,VICTORIAN SEWING BOX LARGE,AZ,A,Z,14.01,10.87,53.0,2,95%
23209,LUNCH BAG VINTAGE DOILY,AZ,A,Z,93.12,136.95,506.0,2,95%
85048,15CM CHRISTMAS GLASS BALL 20 LIGHTS,AZ,A,Z,17.23,42.3,133.0,2,95%
22570,FELTCRAFT CUSHION RABBIT,AY,A,Y,50.92,78.03,284.0,2,95%
22424,ENAMEL BREAD BIN CREAM,AY,A,Y,13.83,7.61,45.0,2,95%
23206,LUNCH BAG APPLE DESIGN,AZ,A,Z,96.11,149.46,541.0,2,95%
84997A,GREEN 3 PIECE MINI DOTS CUTLERY SET,AY,A,Y,49.61,36.47,184.0,2,95%
22294,HEART FILIGREE DOVE  SMALL,AY,A,Y,163.87,71.58,495.0,2,95%
22356,CHARLOTTE BAG PINK POLKADOT,AX,A,X,183.59,76.62,546.0,2,95%
21218,RED SPOTTY BISCUIT TIN,AY,A,Y,51.95,30.66,175.0,2,95%
48116,DOORMAT MULTICOLOUR STRIPE,AZ,A,Z,31.58,52.86,187.0,2,95%
22632,HAND WARMER RED RETROSPOT,AZ,A,Z,78.44,124.74,448.0,2,95%
22617,BAKING SET SPACEBOY DESIGN,AY,A,Y,34.24,58.72,206.0,2,95%
22693,GROW A FLYTRAP OR SUNFLOWER IN TIN,AZ,A,Z,165.38,92.84,547.0,2,95%
20723,STRAWBERRY CHARLOTTE BAG,AX,A,X,169.04,68.56,498.0,2,95%
21559,STRAWBERRY LUNCH BOX WITH CUTLERY,AX,A,X,78.53,43.59,259.0,2,95%
22568,FELTCRAFT CUSHION OWL,AY,A,Y,42.48,79.18,270.0,2,95%
85150,LADIES & GENTLEMEN METAL SIGN,AY,A,Y,79.59,24.83,217.0,2,95%
21216,"SET 3 RETROSPOT TEA,COFFEE,SUGAR",AY,A,Y,37.08,19.86,120.0,2,95%
22273,FELTCRAFT DOLL MOLLY,AZ,A,Z,47.17,194.14,547.0,2,95%
22569,FELTCRAFT CUSHION BUTTERFLY,AY,A,Y,51.72,71.18,270.0,2,95%
21622,VINTAGE UNION JACK CUSHION COVER,AZ,A,Z,39.62,7.45,97.0,2,95%
22900,SET 2 TEA TOWELS I LOVE LONDON,AZ,A,Z,53.84,40.51,202.0,2,95%
22413,METAL SIGN TAKE IT OR LEAVE IT,AZ,A,Z,53.32,142.26,439.0,2,95%
48129,DOORMAT TOPIARY,AZ,A,Z,29.12,29.96,128.0,2,95%
22381,TOY TIDY PINK POLKADOT,AY,A,Y,87.52,58.01,310.0,2,95%
21174,POTTERING IN THE SHED METAL SIGN,AY,A,Y,84.12,100.9,404.0,2,95%
22558,CLOTHES PEGS RETROSPOT PACK 24,AY,A,Y,126.11,60.91,394.0,2,95%
22169,FAMILY ALBUM WHITE PICTURE FRAME,AY,A,Y,19.42,20.33,86.0,2,95%
22561,WOODEN SCHOOL COLOURING SET,AY,A,Y,102.67,36.28,290.0,2,95%
21340,CLASSIC METAL BIRDCAGE PLANT HOLDER,AY,A,Y,16.68,10.15,57.0,2,95%
22427,ENAMEL FLOWER JUG CREAM,AY,A,Y,31.43,33.96,142.0,2,95%
22952,60 CAKE CASES VINTAGE CHRISTMAS,AZ,A,Z,232.42,399.97,1398.0,2,95%
21908,CHOCOLATE THIS WAY METAL SIGN,AY,A,Y,89.73,70.8,345.0,2,95%
22061,LARGE CAKE STAND  HANGING STRAWBERY,AY,A,Y,20.26,20.12,87.0,2,95%
84949,SILVER HANGING T-LIGHT HOLDER,AY,A,Y,107.65,113.29,480.0,2,95%
71053,WHITE METAL LANTERN,AY,A,Y,47.98,24.0,152.0,2,95%
84947,ANTIQUE SILVER TEA GLASS ENGRAVED,AY,A,Y,132.32,169.16,659.0,2,95%
47591D,PINK FAIRY CAKE CHILDRENS APRON,AY,A,Y,89.65,75.92,356.0,2,95%
22555,PLASTERS IN TIN STRONGMAN,AY,A,Y,105.04,43.87,312.0,2,95%
21035,SET/2 RED RETROSPOT TEA TOWELS,AY,A,Y,57.59,48.86,229.0,2,95%
22041,"RECORD FRAME 7"" SINGLE SIZE",AY,A,Y,66.2,55.57,262.0,2,95%
21121,SET/10 RED POLKADOT PARTY CANDLES,AY,A,Y,147.82,86.75,498.0,2,95%
22847,BREAD BIN DINER STYLE IVORY,AY,A,Y,9.29,14.69,53.0,2,95%
21484,CHICK GREY HOT WATER BOTTLE,AZ,A,Z,39.31,56.51,210.0,2,95%
21430,SET/3 RED GINGHAM ROSE STORAGE BOX,AY,A,Y,43.98,37.15,175.0,2,95%
22505,MEMO BOARD COTTAGE DESIGN,AY,A,Y,36.72,15.96,111.0,2,95%
22147,FELTCRAFT BUTTERFLY HEARTS,AY,A,Y,108.33,220.48,731.0,2,95%
22560,TRADITIONAL MODELLING CLAY,AY,A,Y,120.95,166.38,630.0,2,95%
22352,LUNCH BOX WITH CUTLERY RETROSPOT,AX,A,X,68.18,33.12,214.0,2,95%
22297,HEART IVORY TRELLIS SMALL,AY,A,Y,139.22,37.8,367.0,2,95%
84945,MULTI COLOUR SILVER T-LIGHT HOLDER,AY,A,Y,186.69,193.86,826.0,2,95%
84970L,SINGLE HEART ZINC T-LIGHT HOLDER,AX,A,X,176.74,66.56,509.0,2,95%
21914,BLUE HARMONICA IN BOX,AY,A,Y,100.61,135.57,518.0,2,95%
22633,HAND WARMER UNION JACK,AZ,A,Z,53.52,180.14,527.0,2,95%
22776,SWEETHEART CAKESTAND 3 TIER,AY,A,Y,15.48,10.0,54.0,2,95%
21136,PAINTED METAL PEARS ASSORTED,AY,A,Y,96.11,43.67,294.0,2,95%
20718,RED RETROSPOT SHOPPER BAG,AX,A,X,129.99,50.38,378.0,2,95%
22557,PLASTERS IN TIN VINTAGE PAISLEY,AY,A,Y,95.25,39.1,282.0,2,95%
84992,72 SWEETHEART FAIRY CAKE CASES,AY,A,Y,343.78,133.38,999.0,2,95%
22366,DOORMAT AIRMAIL,AZ,A,Z,23.15,22.89,100.0,2,95%
21889,WOODEN BOX OF DOMINOES,AY,A,Y,104.23,103.17,449.0,2,95%
23240,SET OF 4 KNICK KNACK TINS DOILY,AZ,A,Z,25.34,32.22,126.0,2,95%
21156,RETROSPOT CHILDRENS APRON,AY,A,Y,84.57,69.64,332.0,2,95%
22654,DELUXE SEWING KIT,AY,A,Y,23.17,19.84,93.0,2,95%
21535,RED RETROSPOT SMALL MILK JUG,AY,A,Y,66.4,32.57,209.0,2,95%
22652,TRAVEL SEWING KIT,AY,A,Y,95.94,124.79,483.0,2,95%
21533,RETRO SPOT LARGE MILK JUG,AX,A,X,34.05,18.97,112.0,2,95%
21164,HOME SWEET HOME METAL SIGN,AY,A,Y,61.58,18.61,167.0,2,95%
72760B,VINTAGE CREAM 3 BASKET CAKE STAND,AY,A,Y,17.6,2.83,42.0,2,95%
22993,SET OF 4 PANTRY JELLY MOULDS,AY,A,Y,90.72,98.97,412.0,2,95%
22837,HOT WATER BOTTLE BABUSHKA,AZ,A,Z,37.98,0.71,78.0,2,95%
22487,WHITE WOOD GARDEN PLANT LADDER,AY,A,Y,15.57,6.89,47.0,2,95%
21155,RED RETROSPOT PEG BAG,AY,A,Y,64.95,21.5,180.0,2,95%
23301,GARDENERS KNEELING PAD KEEP CALM,AZ,A,Z,36.48,306.31,788.0,2,95%
22191,IVORY DINER WALL CLOCK,AZ,A,Z,17.7,16.25,73.0,2,95%
22662,LUNCH BAG DOLLY GIRL DESIGN,AY,A,Y,92.73,75.83,362.0,2,95%
35004C,SET OF 3 COLOURED  FLYING DUCKS,AZ,A,Z,32.97,0.0,66.0,2,95%
22296,HEART IVORY TRELLIS LARGE,AY,A,Y,100.4,39.76,294.0,2,95%
22193,RED DINER WALL CLOCK,AY,A,Y,14.13,22.71,81.0,2,95%
22634,CHILDS BREAKFAST SET SPACEBOY,AY,A,Y,15.72,8.02,50.0,2,95%
21877,HOME SWEET HOME MUG,AY,A,Y,136.73,113.66,539.0,2,95%
22692,DOORMAT WELCOME TO OUR HOME,AZ,A,Z,16.84,32.18,109.0,2,95%
22759,SET OF 3 NOTEBOOKS IN PARCEL,AY,A,Y,72.61,146.16,486.0,2,95%
22690,DOORMAT HOME SWEET HOME BLUE,AZ,A,Z,22.57,25.05,104.0,2,95%
22635,CHILDS BREAKFAST SET DOLLY GIRL,AY,A,Y,15.95,6.75,48.0,2,95%
22367,CHILDRENS APRON SPACEBOY DESIGN,AX,A,X,71.55,50.4,261.0,2,95%
84375,SET OF 20 KIDS COOKIE CUTTERS,AY,A,Y,66.85,62.16,279.0,2,95%
22170,PICTURE FRAME WOOD TRIPLE PORTRAIT,AY,A,Y,21.6,23.68,98.0,2,95%
22619,SET OF 6 SOLDIER SKITTLES,AY,A,Y,31.68,46.94,173.0,2,95%
22333,RETROSPOT PARTY BAG + STICKER SET,AY,A,Y,96.05,55.09,321.0,2,95%
85232B,SET/3 RUSSIAN DOLL STACKING TINS,AZ,A,Z,33.23,1.88,71.0,2,95%
21891,TRADITIONAL WOODEN SKIPPING ROPE,AY,A,Y,98.17,171.73,597.0,2,95%
22173,METAL 4 HOOK HANGER FRENCH CHATEAU,AY,A,Y,46.99,23.76,149.0,2,95%
22749,FELTCRAFT PRINCESS CHARLOTTE DOLL,AY,A,Y,28.84,60.44,199.0,2,95%
84378,SET OF 3 HEART COOKIE CUTTERS,AY,A,Y,100.09,131.81,508.0,2,95%
21844,RED RETROSPOT MUG,AY,A,Y,52.54,34.01,184.0,2,95%
22940,FELTCRAFT CHRISTMAS FAIRY,AZ,A,Z,25.85,36.71,137.0,2,95%
21094,SET/6 RED SPOTTY PAPER PLATES,AY,A,Y,195.53,103.83,633.0,2,95%
22365,DOORMAT RESPECTABLE HOUSE,AZ,A,Z,20.12,29.69,110.0,2,95%
22909,SET OF 20 VINTAGE CHRISTMAS NAPKINS,AZ,A,Z,114.67,297.7,924.0,2,95%
21975,PACK OF 60 DINOSAUR CAKE CASES,AY,A,Y,308.08,180.5,1037.0,2,95%
21165,BEWARE OF THE CAT METAL SIGN,AY,A,Y,89.96,57.9,315.0,2,95%
35970,ZINC FOLKART SLEIGH BELLS,AZ,A,Z,43.29,220.69,602.0,2,95%
82582,AREA PATROLLED METAL SIGN,AY,A,Y,64.27,72.94,299.0,2,95%
22946,WOODEN ADVENT CALENDAR CREAM,AZ,A,Z,7.57,14.61,49.0,2,95%
21122,SET/10 PINK POLKADOT PARTY CANDLES,AY,A,Y,121.74,55.59,373.0,2,95%
22606,WOODEN SKITTLES GARDEN SET,AZ,A,Z,11.33,3.71,31.0,2,95%
22730,ALARM CLOCK BAKELIKE IVORY,AY,A,Y,26.13,44.67,156.0,2,95%
21770,OPEN CLOSED METAL SIGN,AZ,A,Z,26.42,18.99,97.0,2,95%
17003,BROCADE RING PURSE,AZ,A,Z,696.42,348.55,2206.0,2,95%
21912,VINTAGE SNAKES & LADDERS,AY,A,Y,32.96,28.23,132.0,2,95%
22423,REGENCY CAKESTAND 3 TIER,AX,A,X,251.85,79.99,767.0,2,99%
85123A,WHITE HANGING HEART T-LIGHT HOLDER,AX,A,X,920.37,285.42,2781.0,2,99%
85099B,JUMBO BAG RED RETROSPOT,AX,A,X,877.32,482.95,3346.0,2,99%
47566,PARTY BUNTING,AY,A,Y,277.99,173.56,1128.0,2,99%
84879,ASSORTED COLOUR BIRD ORNAMENT,AY,A,Y,737.17,240.32,2266.0,2,99%
22086,PAPER CHAIN KIT 50'S CHRISTMAS,AZ,A,Z,216.7,681.73,2680.0,2,99%
23166,MEDIUM CERAMIC TOP STORAGE JAR,AZ,A,Z,824.81,722.9,4032.0,2,99%
79321,CHILLI LIGHTS,AY,A,Y,130.52,188.96,884.0,2,99%
22197,SMALL POPCORN HOLDER,AY,A,Y,656.61,1332.55,5704.0,2,99%
22386,JUMBO BAG PINK POLKADOT,AX,A,X,346.33,233.64,1463.0,2,99%
20725,LUNCH BAG RED RETROSPOT,AX,A,X,382.91,117.84,1154.0,2,99%
84347,ROTATING SILVER ANGELS T-LIGHT HLDR,AZ,A,Z,266.16,483.44,2125.0,2,99%
85099F,JUMBO BAG STRAWBERRY,AX,A,X,354.66,221.79,1440.0,2,99%
48138,DOORMAT UNION FLAG,AY,A,Y,95.83,67.99,416.0,2,99%
23084,RABBIT NIGHT LIGHT,AZ,A,Z,54.77,1878.63,6300.0,2,99%
20685,DOORMAT RED RETROSPOT,AY,A,Y,97.1,39.47,324.0,2,99%
21137,BLACK RECORD COVER FRAME,AY,A,Y,149.11,270.87,1191.0,2,99%
21843,RED RETROSPOT CAKE STAND,AY,A,Y,58.57,30.73,218.0,2,99%
21931,JUMBO STORAGE BAG SUKI,AX,A,X,274.19,81.2,816.0,2,99%
22502,PICNIC BASKET WICKER SMALL,AY,A,Y,40.55,4.2,95.0,2,99%
21621,VINTAGE UNION JACK BUNTING,AY,A,Y,70.66,19.54,206.0,2,99%
15056N,EDWARDIAN PARASOL NATURAL,AY,A,Y,115.2,51.44,400.0,2,99%
22114,HOT WATER BOTTLE TEA AND SYMPATHY,AY,A,Y,80.37,190.59,789.0,2,99%
85099C,JUMBO  BAG BAROQUE BLACK WHITE,AX,A,X,288.49,125.58,991.0,2,99%
22910,PAPER CHAIN KIT VINTAGE CHRISTMAS,AZ,A,Z,117.38,433.87,1664.0,2,99%
22112,CHOCOLATE HOT WATER BOTTLE,AY,A,Y,81.05,128.56,586.0,2,99%
22411,JUMBO SHOPPER VINTAGE RED PAISLEY,AX,A,X,249.9,131.91,934.0,2,99%
82484,WOOD BLACK BOARD ANT WHITE FINISH,AZ,A,Z,93.47,69.54,416.0,2,99%
22470,HEART OF WICKER LARGE,AY,A,Y,154.1,184.25,915.0,2,99%
22139,RETROSPOT TEA SET CERAMIC 11 PC,AY,A,Y,94.19,81.2,456.0,2,99%
22178,VICTORIAN GLASS HANGING T-LIGHT,AY,A,Y,358.83,271.02,1611.0,2,99%
20914,SET/5 RED RETROSPOT LID GLASS BOWLS,AX,A,X,183.56,48.79,528.0,2,99%
21212,PACK OF 72 RETROSPOT CAKE CASES,AX,A,X,940.62,256.85,2728.0,2,99%
21733,RED HANGING HEART T-LIGHT HOLDER,AY,A,Y,158.75,149.08,809.0,2,99%
22090,PAPER BUNTING RETROSPOT,AY,A,Y,169.41,58.96,533.0,2,99%
21181,PLEASE ONE PERSON METAL SIGN,AY,A,Y,215.24,283.53,1365.0,2,99%
22111,SCOTTIE DOG HOT WATER BOTTLE,AY,A,Y,75.71,116.72,536.0,2,99%
21929,JUMBO BAG PINK VINTAGE PAISLEY,AY,A,Y,251.55,135.46,949.0,2,99%
21232,STRAWBERRY CERAMIC TRINKET BOX,AX,A,X,368.87,135.55,1184.0,2,99%
84946,ANTIQUE SILVER TEA GLASS ETCHED,AX,A,X,323.22,281.61,1574.0,2,99%
22189,CREAM HEART CARD HOLDER,AZ,A,Z,157.24,118.97,707.0,2,99%
15056BL,EDWARDIAN PARASOL BLACK,AZ,A,Z,93.85,40.34,321.0,2,99%
22469,HEART OF WICKER SMALL,AY,A,Y,240.74,260.38,1339.0,2,99%
48194,DOORMAT HEARTS,AY,A,Y,72.42,77.07,399.0,2,99%
21731,RED TOADSTOOL LED NIGHT LIGHT,AY,A,Y,264.51,140.19,991.0,2,99%
22457,NATURAL SLATE HEART CHALKBOARD,AY,A,Y,135.1,86.11,554.0,2,99%
82494L,WOODEN FRAME ANTIQUE WHITE,AX,A,X,142.7,63.74,495.0,2,99%
21754,HOME BUILDING BLOCK WORD,AX,A,X,76.2,12.51,194.0,2,99%
48187,DOORMAT NEW ENGLAND,AY,A,Y,66.89,74.57,380.0,2,99%
21928,JUMBO BAG SCANDINAVIAN PAISLEY,AX,A,X,235.31,78.52,729.0,2,99%
21523,DOORMAT FANCY FONT HOME SWEET HOME,AY,A,Y,66.03,43.79,276.0,2,99%
22138,BAKING SET 9 PIECE RETROSPOT,AY,A,Y,71.04,157.68,662.0,2,99%
20727,LUNCH BAG  BLACK SKULL.,AY,A,Y,250.18,88.03,790.0,2,99%
48185,DOORMAT FAIRY CAKE,AZ,A,Z,64.45,73.07,370.0,2,99%
21623,VINTAGE UNION JACK MEMOBOARD,AZ,A,Z,62.85,43.2,268.0,2,99%
22355,CHARLOTTE BAG SUKI DESIGN,AX,A,X,284.13,174.05,1142.0,2,99%
71477,COLOUR GLASS. STAR T-LIGHT HOLDER,AY,A,Y,134.22,148.83,759.0,2,99%
22326,ROUND SNACK BOXES SET OF4 WOODLAND,AY,A,Y,139.53,89.34,573.0,2,99%
21175,GIN + TONIC DIET METAL SIGN,AY,A,Y,185.99,106.77,724.0,2,99%
84078A,SET/4 WHITE RETRO STORAGE CUBES,AZ,A,Z,11.49,7.34,47.0,2,99%
22383,LUNCH BAG SUKI  DESIGN,AX,A,X,243.03,120.48,883.0,2,99%
84029E,RED WOOLLY HOTTIE WHITE HEART.,AZ,A,Z,86.59,149.72,667.0,2,99%
23298,SPOTTY BUNTING,AZ,A,Z,66.28,114.61,510.0,2,99%
84997D,PINK 3 PIECE MINI DOTS CUTLERY SET,AY,A,Y,99.8,66.94,420.0,2,99%
21915,RED  HARMONICA IN BOX,AY,A,Y,291.89,498.25,2226.0,2,99%
20728,LUNCH BAG CARS BLUE,AY,A,Y,236.44,68.79,700.0,2,99%
23203,JUMBO BAG VINTAGE DOILY,AZ,A,Z,123.61,265.0,1120.0,2,99%
82482,WOODEN PICTURE FRAME WHITE FINISH,AX,A,X,154.78,74.22,554.0,2,99%
20713,JUMBO BAG OWLS,AY,A,Y,183.47,177.13,951.0,2,99%
22083,PAPER CHAIN KIT RETROSPOT,AY,A,Y,133.03,36.02,385.0,2,99%
85066,CREAM SWEETHEART MINI CHEST,AY,A,Y,26.13,29.1,148.0,2,99%
84997B,RED 3 PIECE MINI DOTS CUTLERY SET,AY,A,Y,91.86,54.05,362.0,2,99%
20726,LUNCH BAG WOODLAND,AY,A,Y,216.08,77.53,688.0,2,99%
82486,WOOD S/3 CABINET ANT WHITE FINISH,AX,A,X,44.2,19.4,152.0,2,99%
22960,JAM MAKING SET WITH JARS,AY,A,Y,68.63,81.0,404.0,2,99%
22699,ROSES REGENCY TEACUP AND SAUCER,AY,A,Y,114.92,70.35,462.0,2,99%
21166,COOK WITH WINE METAL SIGN,AY,A,Y,167.19,215.15,1043.0,2,99%
23284,DOORMAT KEEP CALM AND COME IN,AZ,A,Z,24.66,236.74,829.0,2,99%
22720,SET OF 3 CAKE TINS PANTRY DESIGN,AZ,A,Z,54.33,90.45,407.0,2,99%
22629,SPACEBOY LUNCH BOX,AY,A,Y,185.0,90.22,667.0,2,99%
20712,JUMBO BAG WOODLAND ANIMALS,AY,A,Y,157.3,104.07,658.0,2,99%
21485,RETROSPOT HEART HOT WATER BOTTLE,AY,A,Y,60.1,116.36,504.0,2,99%
22727,ALARM CLOCK BAKELIKE RED,AZ,A,Z,60.58,154.45,630.0,2,99%
22328,ROUND SNACK BOXES SET OF 4 FRUITS,AY,A,Y,125.09,45.05,399.0,2,99%
21524,DOORMAT SPOTTY HOME SWEET HOME,AY,A,Y,50.62,25.57,186.0,2,99%
84997C,BLUE 3 PIECE MINI DOTS CUTLERY SET,AY,A,Y,84.37,52.74,343.0,2,99%
20724,RED RETROSPOT CHARLOTTE BAG,AX,A,X,283.76,146.24,1049.0,2,99%
21755,LOVE BUILDING BLOCK WORD,AX,A,X,56.81,14.54,162.0,2,99%
22379,RECYCLING BAG RETROSPOT,AY,A,Y,146.99,94.77,606.0,2,99%
22382,LUNCH BAG SPACEBOY DESIGN,AX,A,X,184.43,95.48,683.0,2,99%
22384,LUNCH BAG PINK POLKADOT,AX,A,X,202.39,106.27,755.0,2,99%
22666,RECIPE BOX PANTRY YELLOW DESIGN,AY,A,Y,79.8,154.29,668.0,2,99%
22630,DOLLY GIRL LUNCH BOX,AY,A,Y,165.68,86.7,617.0,2,99%
15036,ASSORTED COLOURS SILK FAN,AY,A,Y,453.3,280.77,1832.0,2,99%
22726,ALARM CLOCK BAKELIKE GREEN,AY,A,Y,51.51,89.23,397.0,2,99%
22385,JUMBO BAG SPACEBOY DESIGN,AY,A,Y,157.47,94.96,628.0,2,99%
22865,HAND WARMER OWL DESIGN,AZ,A,Z,90.82,269.26,1069.0,2,99%
22077,6 RIBBONS RUSTIC CHARM,AX,A,X,148.08,98.03,619.0,2,99%
85152,HAND OVER THE CHOCOLATE   SIGN,AY,A,Y,142.2,163.65,824.0,2,99%
85014B,RED RETROSPOT UMBRELLA,AZ,A,Z,58.42,33.22,226.0,2,99%
48184,DOORMAT ENGLISH ROSE,AY,A,Y,42.09,51.43,254.0,2,99%
23245,SET OF 3 REGENCY CAKE TINS,AZ,A,Z,39.63,65.54,295.0,2,99%
21479,WHITE SKULL HOT WATER BOTTLE,AZ,A,Z,47.76,110.27,459.0,2,99%
22697,GREEN REGENCY TEACUP AND SAUCER,AY,A,Y,84.13,59.87,366.0,2,99%
23199,JUMBO BAG APPLES,AZ,A,Z,110.81,208.96,910.0,2,99%
22501,PICNIC BASKET WICKER LARGE,AZ,A,Z,27.44,5.39,73.0,2,99%
20679,EDWARDIAN PARASOL RED,AZ,A,Z,59.94,23.21,196.0,2,99%
21217,RED SPOTTY ROUND CAKE TINS,AY,A,Y,28.86,9.91,90.0,2,99%
84029G,KNITTED UNION FLAG HOT WATER BOTTLE,AZ,A,Z,57.95,66.22,334.0,2,99%
22659,LUNCH BOX I LOVE LONDON,AY,A,Y,145.41,121.58,691.0,2,99%
47590B,PINK HAPPY BIRTHDAY BUNTING,AY,A,Y,57.6,24.98,198.0,2,99%
22622,BOX OF VINTAGE ALPHABET BLOCKS,AZ,A,Z,26.52,24.39,133.0,2,99%
22158,3 HEARTS HANGING DECORATION RUSTIC,AZ,A,Z,72.11,119.45,538.0,2,99%
82483,WOOD 2 DRAWER CABINET WHITE FINISH,AX,A,X,44.68,25.19,172.0,2,99%
48188,DOORMAT WELCOME PUPPIES,AZ,A,Z,48.85,42.41,237.0,2,99%
20971,PINK BLUE FELT CRAFT TRINKET BOX,AZ,A,Z,163.47,439.33,1775.0,2,99%
84978,HANGING HEART JAR T-LIGHT HOLDER,AX,A,X,208.26,97.24,737.0,2,99%
22866,HAND WARMER SCOTTY DOG DESIGN,AZ,A,Z,83.2,193.4,804.0,2,99%
22467,GUMBALL COAT RACK,AY,A,Y,99.16,105.62,546.0,2,99%
22752,SET 7 BABUSHKA NESTING BOXES,AZ,A,Z,30.26,39.81,192.0,2,99%
21977,PACK OF 60 PINK PAISLEY CAKE CASES,AX,A,X,556.43,296.91,2091.0,2,99%
22188,BLACK HEART CARD HOLDER,AZ,A,Z,103.04,97.87,529.0,2,99%
82583,HOT BATHS METAL SIGN,AY,A,Y,103.89,159.83,734.0,2,99%
23201,JUMBO BAG ALPHABET,AZ,A,Z,85.58,192.2,804.0,2,99%
22492,MINI PAINT SET VINTAGE,AY,A,Y,377.16,351.9,1914.0,2,99%
20719,WOODLAND CHARLOTTE BAG,AX,A,X,227.63,70.8,689.0,2,99%
47566B,TEA TIME PARTY BUNTING,AY,A,Y,63.67,15.06,177.0,2,99%
22624,IVORY KITCHEN SCALES,AY,A,Y,28.17,27.33,146.0,2,99%
21930,JUMBO STORAGE BAG SKULLS,AX,A,X,122.55,73.8,488.0,2,99%
72741,GRAND CHOCOLATECANDLE,AY,A,Y,190.01,100.38,711.0,2,99%
22835,HOT WATER BOTTLE I AM SO POORLY,AZ,A,Z,35.69,77.35,326.0,2,99%
84991,60 TEATIME FAIRY CAKE CASES,AX,A,X,534.57,183.0,1672.0,2,99%
22961,JAM MAKING SET PRINTED,AY,A,Y,129.24,142.73,729.0,2,99%
20750,RED RETROSPOT MINI CASES,AX,A,X,34.44,16.34,123.0,2,99%
71459,HANGING JAM JAR T-LIGHT HOLDER,AY,A,Y,329.46,134.41,1102.0,2,99%
22734,SET OF 6 RIBBONS VINTAGE CHRISTMAS,AZ,A,Z,75.08,160.73,680.0,2,99%
22149,FELTCRAFT 6 FLOWER FRIENDS,AY,A,Y,111.67,192.54,858.0,2,99%
22867,HAND WARMER BIRD DESIGN,AZ,A,Z,80.35,163.79,700.0,2,99%
48111,DOORMAT 3 SMILEY CATS,AZ,A,Z,38.7,43.19,220.0,2,99%
22551,PLASTERS IN TIN SPACEBOY,AY,A,Y,137.96,74.87,523.0,2,99%
82600,NO SINGING METAL SIGN,AY,A,Y,114.99,188.22,850.0,2,99%
20711,JUMBO BAG TOYS,AY,A,Y,124.73,73.01,490.0,2,99%
21481,FAWN BLUE HOT WATER BOTTLE,AY,A,Y,72.89,59.66,342.0,2,99%
22507,MEMO BOARD RETROSPOT  DESIGN,AZ,A,Z,49.67,46.69,253.0,2,99%
37503,TEA TIME CAKE STAND IN GIFT BOX,AZ,A,Z,26.55,0.0,53.0,2,99%
22087,PAPER BUNTING WHITE LACE,AY,A,Y,84.57,48.38,329.0,2,99%
21080,SET/20 RED RETROSPOT PAPER NAPKINS,AX,A,X,306.66,67.61,836.0,2,99%
21108,FAIRY CAKE FLANNEL ASSORTED COLOUR,AZ,A,Z,103.72,202.26,874.0,2,99%
84755,COLOUR GLASS T-LIGHT HOLDER HANGING,AY,A,Y,409.84,185.04,1429.0,2,99%
22084,PAPER CHAIN KIT EMPIRE,AZ,A,Z,94.53,2.07,196.0,2,99%
21527,RED RETROSPOT TRADITIONAL TEAPOT,AY,A,Y,36.13,2.14,79.0,2,99%
23173,REGENCY TEAPOT ROSES,AZ,A,Z,23.74,53.58,224.0,2,99%
20972,PINK CREAM FELT CRAFT TRINKET BOX,AY,A,Y,193.35,66.3,605.0,2,99%
21314,SMALL GLASS HEART TRINKET POT,AY,A,Y,109.13,48.17,377.0,2,99%
84836,ZINC METAL HEART DECORATION,AY,A,Y,193.65,78.9,647.0,2,99%
84077,WORLD WAR 2 GLIDERS ASSTD DESIGNS,AY,A,Y,962.13,480.64,3508.0,2,99%
22722,SET OF 6 SPICE TINS PANTRY DESIGN,AZ,A,Z,36.74,174.27,648.0,2,99%
22698,PINK REGENCY TEACUP AND SAUCER,AY,A,Y,69.26,56.79,326.0,2,99%
22728,ALARM CLOCK BAKELIKE PINK,AZ,A,Z,43.87,79.23,349.0,2,99%
48173C,DOORMAT BLACK FLOCK,AZ,A,Z,41.19,33.52,193.0,2,99%
21231,SWEETHEART CERAMIC TRINKET BOX,AY,A,Y,189.68,90.89,679.0,2,99%
47590A,BLUE HAPPY BIRTHDAY BUNTING,AY,A,Y,46.98,21.93,166.0,2,99%
22171,3 HOOK PHOTO SHELF ANTIQUE WHITE,AZ,A,Z,32.29,20.63,133.0,2,99%
23344,JUMBO BAG 50'S CHRISTMAS,AZ,A,Z,16.51,447.36,1507.0,2,99%
21955,DOORMAT UNION JACK GUNS AND ROSES,AZ,A,Z,40.24,27.83,172.0,2,99%
21790,VINTAGE SNAP CARDS,AY,A,Y,227.2,171.34,1019.0,2,99%
23243,SET OF TEA COFFEE SUGAR TINS PANTRY,AZ,A,Z,21.8,180.74,639.0,2,99%
22605,WOODEN CROQUET GARDEN SET,AZ,A,Z,18.39,6.47,58.0,2,99%
22625,RED KITCHEN SCALES,AY,A,Y,23.69,19.28,111.0,2,99%
84406B,CREAM CUPID HEARTS COAT HANGER,AY,A,Y,74.26,28.41,242.0,2,99%
22607,WOODEN ROUNDERS GARDEN SET,AY,A,Y,25.91,9.7,84.0,2,99%
21791,VINTAGE HEADS AND TAILS CARD GAME,AY,A,Y,158.68,107.95,673.0,2,99%
22554,PLASTERS IN TIN WOODLAND ANIMALS,AY,A,Y,117.13,85.63,516.0,2,99%
21936,RED RETROSPOT PICNIC BAG,AY,A,Y,81.72,55.33,346.0,2,99%
84970S,HANGING HEART ZINC T-LIGHT HOLDER,AX,A,X,270.55,64.76,754.0,2,99%
22556,PLASTERS IN TIN CIRCUS PARADE,AY,A,Y,124.92,49.07,412.0,2,99%
37449,CERAMIC CAKE STAND + HANGING CAKES,AY,A,Y,24.37,9.96,82.0,2,99%
85014A,BLACK/BLUE POLKADOT UMBRELLA,AZ,A,Z,45.98,16.93,148.0,2,99%
20749,ASSORTED COLOUR MINI CASES,AY,A,Y,25.69,32.74,159.0,2,99%
22113,GREY HEART HOT WATER BOTTLE,AZ,A,Z,43.26,93.11,393.0,2,99%
22585,PACK OF 6 BIRDY GIFT TAGS,AY,A,Y,162.99,150.06,820.0,2,99%
23202,JUMBO BAG VINTAGE LEAF,AZ,A,Z,75.14,111.29,517.0,2,99%
22499,WOODEN UNION JACK BUNTING,AY,A,Y,37.38,4.62,90.0,2,99%
22941,CHRISTMAS LIGHTS 10 REINDEER,AZ,A,Z,13.61,59.91,225.0,2,99%
21210,SET OF 72 RETROSPOT PAPER  DOILIES,AY,A,Y,142.55,78.54,544.0,2,99%
22456,NATURAL SLATE CHALKBOARD LARGE,AY,A,Y,42.55,11.39,123.0,2,99%
22969,HOMEMADE JAM SCENTED CANDLES,AZ,A,Z,118.23,153.37,742.0,2,99%
21213,PACK OF 72 SKULL CAKE CASES,AY,A,Y,394.41,182.11,1389.0,2,99%
21258,VICTORIAN SEWING BOX LARGE,AZ,A,Z,14.01,10.87,64.0,2,99%
23209,LUNCH BAG VINTAGE DOILY,AZ,A,Z,93.12,136.95,638.0,2,99%
85048,15CM CHRISTMAS GLASS BALL 20 LIGHTS,AZ,A,Z,17.23,42.3,174.0,2,99%
22570,FELTCRAFT CUSHION RABBIT,AY,A,Y,50.92,78.03,359.0,2,99%
22424,ENAMEL BREAD BIN CREAM,AY,A,Y,13.83,7.61,53.0,2,99%
23206,LUNCH BAG APPLE DESIGN,AZ,A,Z,96.11,149.46,685.0,2,99%
84997A,GREEN 3 PIECE MINI DOTS CUTLERY SET,AY,A,Y,49.61,36.47,219.0,2,99%
22294,HEART FILIGREE DOVE  SMALL,AY,A,Y,163.87,71.58,564.0,2,99%
22356,CHARLOTTE BAG PINK POLKADOT,AX,A,X,183.59,76.62,620.0,2,99%
21218,RED SPOTTY BISCUIT TIN,AY,A,Y,51.95,30.66,205.0,2,99%
48116,DOORMAT MULTICOLOUR STRIPE,AZ,A,Z,31.58,52.86,237.0,2,99%
22632,HAND WARMER RED RETROSPOT,AZ,A,Z,78.44,124.74,568.0,2,99%
22617,BAKING SET SPACEBOY DESIGN,AY,A,Y,34.24,58.72,262.0,2,99%
22693,GROW A FLYTRAP OR SUNFLOWER IN TIN,AZ,A,Z,165.38,92.84,637.0,2,99%
20723,STRAWBERRY CHARLOTTE BAG,AX,A,X,169.04,68.56,564.0,2,99%
21559,STRAWBERRY LUNCH BOX WITH CUTLERY,AX,A,X,78.53,43.59,301.0,2,99%
22568,FELTCRAFT CUSHION OWL,AY,A,Y,42.48,79.18,346.0,2,99%
85150,LADIES & GENTLEMEN METAL SIGN,AY,A,Y,79.59,24.83,241.0,2,99%
21216,"SET 3 RETROSPOT TEA,COFFEE,SUGAR",AY,A,Y,37.08,19.86,140.0,2,99%
22273,FELTCRAFT DOLL MOLLY,AZ,A,Z,47.17,194.14,734.0,2,99%
22569,FELTCRAFT CUSHION BUTTERFLY,AY,A,Y,51.72,71.18,338.0,2,99%
21622,VINTAGE UNION JACK CUSHION COVER,AZ,A,Z,39.62,7.45,104.0,2,99%
22900,SET 2 TEA TOWELS I LOVE LONDON,AZ,A,Z,53.84,40.51,241.0,2,99%
22413,METAL SIGN TAKE IT OR LEAVE IT,AZ,A,Z,53.32,142.26,575.0,2,99%
48129,DOORMAT TOPIARY,AZ,A,Z,29.12,29.96,157.0,2,99%
22381,TOY TIDY PINK POLKADOT,AY,A,Y,87.52,58.01,366.0,2,99%
21174,POTTERING IN THE SHED METAL SIGN,AY,A,Y,84.12,100.9,501.0,2,99%
22558,CLOTHES PEGS RETROSPOT PACK 24,AY,A,Y,126.11,60.91,453.0,2,99%
22169,FAMILY ALBUM WHITE PICTURE FRAME,AY,A,Y,19.42,20.33,106.0,2,99%
22561,WOODEN SCHOOL COLOURING SET,AY,A,Y,102.67,36.28,325.0,2,99%
21340,CLASSIC METAL BIRDCAGE PLANT HOLDER,AY,A,Y,16.68,10.15,67.0,2,99%
22427,ENAMEL FLOWER JUG CREAM,AY,A,Y,31.43,33.96,175.0,2,99%
22952,60 CAKE CASES VINTAGE CHRISTMAS,AZ,A,Z,232.42,399.97,1783.0,2,99%
21908,CHOCOLATE THIS WAY METAL SIGN,AY,A,Y,89.73,70.8,413.0,2,99%
22061,LARGE CAKE STAND  HANGING STRAWBERY,AY,A,Y,20.26,20.12,107.0,2,99%
84949,SILVER HANGING T-LIGHT HOLDER,AY,A,Y,107.65,113.29,589.0,2,99%
71053,WHITE METAL LANTERN,AY,A,Y,47.98,24.0,175.0,2,99%
84947,ANTIQUE SILVER TEA GLASS ENGRAVED,AY,A,Y,132.32,169.16,822.0,2,99%
47591D,PINK FAIRY CAKE CHILDRENS APRON,AY,A,Y,89.65,75.92,429.0,2,99%
22555,PLASTERS IN TIN STRONGMAN,AY,A,Y,105.04,43.87,355.0,2,99%
21035,SET/2 RED RETROSPOT TEA TOWELS,AY,A,Y,57.59,48.86,276.0,2,99%
22041,"RECORD FRAME 7"" SINGLE SIZE",AY,A,Y,66.2,55.57,316.0,2,99%
21121,SET/10 RED POLKADOT PARTY CANDLES,AY,A,Y,147.82,86.75,581.0,2,99%
22847,BREAD BIN DINER STYLE IVORY,AY,A,Y,9.29,14.69,67.0,2,99%
21484,CHICK GREY HOT WATER BOTTLE,AZ,A,Z,39.31,56.51,265.0,2,99%
21430,SET/3 RED GINGHAM ROSE STORAGE BOX,AY,A,Y,43.98,37.15,210.0,2,99%
22505,MEMO BOARD COTTAGE DESIGN,AY,A,Y,36.72,15.96,126.0,2,99%
22147,FELTCRAFT BUTTERFLY HEARTS,AY,A,Y,108.33,220.48,943.0,2,99%
22560,TRADITIONAL MODELLING CLAY,AY,A,Y,120.95,166.38,790.0,2,99%
22352,LUNCH BOX WITH CUTLERY RETROSPOT,AX,A,X,68.18,33.12,245.0,2,99%
22297,HEART IVORY TRELLIS SMALL,AY,A,Y,139.22,37.8,403.0,2,99%
84945,MULTI COLOUR SILVER T-LIGHT HOLDER,AY,A,Y,186.69,193.86,1012.0,2,99%
84970L,SINGLE HEART ZINC T-LIGHT HOLDER,AX,A,X,176.74,66.56,573.0,2,99%
21914,BLUE HARMONICA IN BOX,AY,A,Y,100.61,135.57,648.0,2,99%
22633,HAND WARMER UNION JACK,AZ,A,Z,53.52,180.14,701.0,2,99%
22776,SWEETHEART CAKESTAND 3 TIER,AY,A,Y,15.48,10.0,64.0,2,99%
21136,PAINTED METAL PEARS ASSORTED,AY,A,Y,96.11,43.67,336.0,2,99%
20718,RED RETROSPOT SHOPPER BAG,AX,A,X,129.99,50.38,426.0,2,99%
22557,PLASTERS IN TIN VINTAGE PAISLEY,AY,A,Y,95.25,39.1,319.0,2,99%
84992,72 SWEETHEART FAIRY CAKE CASES,AY,A,Y,343.78,133.38,1127.0,2,99%
22366,DOORMAT AIRMAIL,AZ,A,Z,23.15,22.89,122.0,2,99%
21889,WOODEN BOX OF DOMINOES,AY,A,Y,104.23,103.17,548.0,2,99%
23240,SET OF 4 KNICK KNACK TINS DOILY,AZ,A,Z,25.34,32.22,157.0,2,99%
21156,RETROSPOT CHILDRENS APRON,AY,A,Y,84.57,69.64,399.0,2,99%
22654,DELUXE SEWING KIT,AY,A,Y,23.17,19.84,112.0,2,99%
21535,RED RETROSPOT SMALL MILK JUG,AY,A,Y,66.4,32.57,240.0,2,99%
22652,TRAVEL SEWING KIT,AY,A,Y,95.94,124.79,603.0,2,99%
21533,RETRO SPOT LARGE MILK JUG,AX,A,X,34.05,18.97,131.0,2,99%
21164,HOME SWEET HOME METAL SIGN,AY,A,Y,61.58,18.61,184.0,2,99%
72760B,VINTAGE CREAM 3 BASKET CAKE STAND,AY,A,Y,17.6,2.83,45.0,2,99%
22993,SET OF 4 PANTRY JELLY MOULDS,AY,A,Y,90.72,98.97,508.0,2,99%
22837,HOT WATER BOTTLE BABUSHKA,AZ,A,Z,37.98,0.71,78.0,2,99%
22487,WHITE WOOD GARDEN PLANT LADDER,AY,A,Y,15.57,6.89,54.0,2,99%
21155,RED RETROSPOT PEG BAG,AY,A,Y,64.95,21.5,201.0,2,99%
23301,GARDENERS KNEELING PAD KEEP CALM,AZ,A,Z,36.48,306.31,1082.0,2,99%
22191,IVORY DINER WALL CLOCK,AZ,A,Z,17.7,16.25,89.0,2,99%
22662,LUNCH BAG DOLLY GIRL DESIGN,AY,A,Y,92.73,75.83,435.0,2,99%
35004C,SET OF 3 COLOURED  FLYING DUCKS,AZ,A,Z,32.97,0.0,66.0,2,99%
22296,HEART IVORY TRELLIS LARGE,AY,A,Y,100.4,39.76,332.0,2,99%
22193,RED DINER WALL CLOCK,AY,A,Y,14.13,22.71,103.0,2,99%
22634,CHILDS BREAKFAST SET SPACEBOY,AY,A,Y,15.72,8.02,58.0,2,99%
21877,HOME SWEET HOME MUG,AY,A,Y,136.73,113.66,648.0,2,99%
22692,DOORMAT WELCOME TO OUR HOME,AZ,A,Z,16.84,32.18,140.0,2,99%
22759,SET OF 3 NOTEBOOKS IN PARCEL,AY,A,Y,72.61,146.16,627.0,2,99%
22690,DOORMAT HOME SWEET HOME BLUE,AZ,A,Z,22.57,25.05,128.0,2,99%
22635,CHILDS BREAKFAST SET DOLLY GIRL,AY,A,Y,15.95,6.75,54.0,2,99%
22367,CHILDRENS APRON SPACEBOY DESIGN,AX,A,X,71.55,50.4,309.0,2,99%
84375,SET OF 20 KIDS COOKIE CUTTERS,AY,A,Y,66.85,62.16,339.0,2,99%
22170,PICTURE FRAME WOOD TRIPLE PORTRAIT,AY,A,Y,21.6,23.68,121.0,2,99%
22619,SET OF 6 SOLDIER SKITTLES,AY,A,Y,31.68,46.94,218.0,2,99%
22333,RETROSPOT PARTY BAG + STICKER SET,AY,A,Y,96.05,55.09,374.0,2,99%
85232B,SET/3 RUSSIAN DOLL STACKING TINS,AZ,A,Z,33.23,1.88,73.0,2,99%
21891,TRADITIONAL WOODEN SKIPPING ROPE,AY,A,Y,98.17,171.73,762.0,2,99%
22173,METAL 4 HOOK HANGER FRENCH CHATEAU,AY,A,Y,46.99,23.76,172.0,2,99%
22749,FELTCRAFT PRINCESS CHARLOTTE DOLL,AY,A,Y,28.84,60.44,257.0,2,99%
84378,SET OF 3 HEART COOKIE CUTTERS,AY,A,Y,100.09,131.81,635.0,2,99%
21844,RED RETROSPOT MUG,AY,A,Y,52.54,34.01,217.0,2,99%
22940,FELTCRAFT CHRISTMAS FAIRY,AZ,A,Z,25.85,36.71,173.0,2,99%
21094,SET/6 RED SPOTTY PAPER PLATES,AY,A,Y,195.53,103.83,733.0,2,99%
22365,DOORMAT RESPECTABLE HOUSE,AZ,A,Z,20.12,29.69,138.0,2,99%
22909,SET OF 20 VINTAGE CHRISTMAS NAPKINS,AZ,A,Z,114.67,297.7,1210.0,2,99%
21975,PACK OF 60 DINOSAUR CAKE CASES,AY,A,Y,308.08,180.5,1211.0,2,99%
21165,BEWARE OF THE CAT METAL SIGN,AY,A,Y,89.96,57.9,371.0,2,99%
35970,ZINC FOLKART SLEIGH BELLS,AZ,A,Z,43.29,220.69,814.0,2,99%
82582,AREA PATROLLED METAL SIGN,AY,A,Y,64.27,72.94,369.0,2,99%
22946,WOODEN ADVENT CALENDAR CREAM,AZ,A,Z,7.57,14.61,63.0,2,99%
21122,SET/10 PINK POLKADOT PARTY CANDLES,AY,A,Y,121.74,55.59,427.0,2,99%
22606,WOODEN SKITTLES GARDEN SET,AZ,A,Z,11.33,3.71,35.0,2,99%
22730,ALARM CLOCK BAKELIKE IVORY,AY,A,Y,26.13,44.67,199.0,2,99%
21770,OPEN CLOSED METAL SIGN,AZ,A,Z,26.42,18.99,115.0,2,99%
17003,BROCADE RING PURSE,AZ,A,Z,696.42,348.55,2541.0,2,99%
21912,VINTAGE SNAKES & LADDERS,AY,A,Y,32.96,28.23,159.0,2,99%
22423,REGENCY CAKESTAND 3 TIER,AX,A,X,251.85,79.99,933.0,3,90%
85123A,WHITE HANGING HEART T-LIGHT HOLDER,AX,A,X,920.37,285.42,3394.0,3,90%
85099B,JUMBO BAG RED RETROSPOT,AX,A,X,877.32,482.95,3703.0,3,90%
47566,PARTY BUNTING,AY,A,Y,277.99,173.56,1219.0,3,90%
84879,ASSORTED COLOUR BIRD ORNAMENT,AY,A,Y,737.17,240.32,2744.0,3,90%
22086,PAPER CHAIN KIT 50'S CHRISTMAS,AZ,A,Z,216.7,681.73,2162.0,3,90%
23166,MEDIUM CERAMIC TOP STORAGE JAR,AZ,A,Z,824.81,722.9,4077.0,3,90%
79321,CHILLI LIGHTS,AY,A,Y,130.52,188.96,810.0,3,90%
22197,SMALL POPCORN HOLDER,AY,A,Y,656.61,1332.55,4924.0,3,90%
22386,JUMBO BAG PINK POLKADOT,AX,A,X,346.33,233.64,1557.0,3,90%
20725,LUNCH BAG RED RETROSPOT,AX,A,X,382.91,117.84,1410.0,3,90%
84347,ROTATING SILVER ANGELS T-LIGHT HLDR,AZ,A,Z,266.16,483.44,1870.0,3,90%
85099F,JUMBO BAG STRAWBERRY,AX,A,X,354.66,221.79,1556.0,3,90%
48138,DOORMAT UNION FLAG,AY,A,Y,95.83,67.99,438.0,3,90%
23084,RABBIT NIGHT LIGHT,AZ,A,Z,54.77,1878.63,4329.0,3,90%
20685,DOORMAT RED RETROSPOT,AY,A,Y,97.1,39.47,379.0,3,90%
21137,BLACK RECORD COVER FRAME,AY,A,Y,149.11,270.87,1048.0,3,90%
21843,RED RETROSPOT CAKE STAND,AY,A,Y,58.57,30.73,244.0,3,90%
21931,JUMBO STORAGE BAG SUKI,AX,A,X,274.19,81.2,1003.0,3,90%
22502,PICNIC BASKET WICKER SMALL,AY,A,Y,40.55,4.2,131.0,3,90%
21621,VINTAGE UNION JACK BUNTING,AY,A,Y,70.66,19.54,255.0,3,90%
15056N,EDWARDIAN PARASOL NATURAL,AY,A,Y,115.2,51.44,460.0,3,90%
22114,HOT WATER BOTTLE TEA AND SYMPATHY,AY,A,Y,80.37,190.59,664.0,3,90%
85099C,JUMBO  BAG BAROQUE BLACK WHITE,AX,A,X,288.49,125.58,1144.0,3,90%
22910,PAPER CHAIN KIT VINTAGE CHRISTMAS,AZ,A,Z,117.38,433.87,1314.0,3,90%
22112,CHOCOLATE HOT WATER BOTTLE,AY,A,Y,81.05,128.56,528.0,3,90%
22411,JUMBO SHOPPER VINTAGE RED PAISLEY,AX,A,X,249.9,131.91,1042.0,3,90%
82484,WOOD BLACK BOARD ANT WHITE FINISH,AZ,A,Z,93.47,69.54,435.0,3,90%
22470,HEART OF WICKER LARGE,AY,A,Y,154.1,184.25,871.0,3,90%
22139,RETROSPOT TEA SET CERAMIC 11 PC,AY,A,Y,94.19,81.2,463.0,3,90%
22178,VICTORIAN GLASS HANGING T-LIGHT,AY,A,Y,358.83,271.02,1677.0,3,90%
20914,SET/5 RED RETROSPOT LID GLASS BOWLS,AX,A,X,183.56,48.79,659.0,3,90%
21212,PACK OF 72 RETROSPOT CAKE CASES,AX,A,X,940.62,256.85,3391.0,3,90%
21733,RED HANGING HEART T-LIGHT HOLDER,AY,A,Y,158.75,149.08,807.0,3,90%
22090,PAPER BUNTING RETROSPOT,AY,A,Y,169.41,58.96,639.0,3,90%
21181,PLEASE ONE PERSON METAL SIGN,AY,A,Y,215.24,283.53,1274.0,3,90%
22111,SCOTTIE DOG HOT WATER BOTTLE,AY,A,Y,75.71,116.72,486.0,3,90%
21929,JUMBO BAG PINK VINTAGE PAISLEY,AY,A,Y,251.55,135.46,1055.0,3,90%
21232,STRAWBERRY CERAMIC TRINKET BOX,AX,A,X,368.87,135.55,1407.0,3,90%
84946,ANTIQUE SILVER TEA GLASS ETCHED,AX,A,X,323.22,281.61,1594.0,3,90%
22189,CREAM HEART CARD HOLDER,AZ,A,Z,157.24,118.97,735.0,3,90%
15056BL,EDWARDIAN PARASOL BLACK,AZ,A,Z,93.85,40.34,371.0,3,90%
22469,HEART OF WICKER SMALL,AY,A,Y,240.74,260.38,1300.0,3,90%
48194,DOORMAT HEARTS,AY,A,Y,72.42,77.07,388.0,3,90%
21731,RED TOADSTOOL LED NIGHT LIGHT,AY,A,Y,264.51,140.19,1104.0,3,90%
22457,NATURAL SLATE HEART CHALKBOARD,AY,A,Y,135.1,86.11,596.0,3,90%
82494L,WOODEN FRAME ANTIQUE WHITE,AX,A,X,142.7,63.74,569.0,3,90%
21754,HOME BUILDING BLOCK WORD,AX,A,X,76.2,12.51,256.0,3,90%
48187,DOORMAT NEW ENGLAND,AY,A,Y,66.89,74.57,366.0,3,90%
21928,JUMBO BAG SCANDINAVIAN PAISLEY,AX,A,X,235.31,78.52,880.0,3,90%
21523,DOORMAT FANCY FONT HOME SWEET HOME,AY,A,Y,66.03,43.79,295.0,3,90%
22138,BAKING SET 9 PIECE RETROSPOT,AY,A,Y,71.04,157.68,563.0,3,90%
20727,LUNCH BAG  BLACK SKULL.,AY,A,Y,250.18,88.03,946.0,3,90%
48185,DOORMAT FAIRY CAKE,AZ,A,Z,64.45,73.07,355.0,3,90%
21623,VINTAGE UNION JACK MEMOBOARD,AZ,A,Z,62.85,43.2,284.0,3,90%
22355,CHARLOTTE BAG SUKI DESIGN,AX,A,X,284.13,174.05,1238.0,3,90%
71477,COLOUR GLASS. STAR T-LIGHT HOLDER,AY,A,Y,134.22,148.83,733.0,3,90%
22326,ROUND SNACK BOXES SET OF4 WOODLAND,AY,A,Y,139.53,89.34,617.0,3,90%
21175,GIN + TONIC DIET METAL SIGN,AY,A,Y,185.99,106.77,795.0,3,90%
84078A,SET/4 WHITE RETRO STORAGE CUBES,AZ,A,Z,11.49,7.34,51.0,3,90%
22383,LUNCH BAG SUKI  DESIGN,AX,A,X,243.03,120.48,996.0,3,90%
84029E,RED WOOLLY HOTTIE WHITE HEART.,AZ,A,Z,86.59,149.72,592.0,3,90%
23298,SPOTTY BUNTING,AZ,A,Z,66.28,114.61,453.0,3,90%
84997D,PINK 3 PIECE MINI DOTS CUTLERY SET,AY,A,Y,99.8,66.94,448.0,3,90%
21915,RED  HARMONICA IN BOX,AY,A,Y,291.89,498.25,1980.0,3,90%
20728,LUNCH BAG CARS BLUE,AY,A,Y,236.44,68.79,862.0,3,90%
23203,JUMBO BAG VINTAGE DOILY,AZ,A,Z,123.61,265.0,958.0,3,90%
82482,WOODEN PICTURE FRAME WHITE FINISH,AX,A,X,154.78,74.22,629.0,3,90%
20713,JUMBO BAG OWLS,AY,A,Y,183.47,177.13,943.0,3,90%
22083,PAPER CHAIN KIT RETROSPOT,AY,A,Y,133.03,36.02,479.0,3,90%
85066,CREAM SWEETHEART MINI CHEST,AY,A,Y,26.13,29.1,143.0,3,90%
84997B,RED 3 PIECE MINI DOTS CUTLERY SET,AY,A,Y,91.86,54.05,395.0,3,90%
20726,LUNCH BAG WOODLAND,AY,A,Y,216.08,77.53,820.0,3,90%
82486,WOOD S/3 CABINET ANT WHITE FINISH,AX,A,X,44.2,19.4,176.0,3,90%
22960,JAM MAKING SET WITH JARS,AY,A,Y,68.63,81.0,385.0,3,90%
22699,ROSES REGENCY TEACUP AND SAUCER,AY,A,Y,114.92,70.35,501.0,3,90%
21166,COOK WITH WINE METAL SIGN,AY,A,Y,167.19,215.15,979.0,3,90%
23284,DOORMAT KEEP CALM AND COME IN,AZ,A,Z,24.66,236.74,599.0,3,90%
22720,SET OF 3 CAKE TINS PANTRY DESIGN,AZ,A,Z,54.33,90.45,364.0,3,90%
22629,SPACEBOY LUNCH BOX,AY,A,Y,185.0,90.22,755.0,3,90%
20712,JUMBO BAG WOODLAND ANIMALS,AY,A,Y,157.3,104.07,703.0,3,90%
21485,RETROSPOT HEART HOT WATER BOTTLE,AY,A,Y,60.1,116.36,438.0,3,90%
22727,ALARM CLOCK BAKELIKE RED,AZ,A,Z,60.58,154.45,524.0,3,90%
22328,ROUND SNACK BOXES SET OF 4 FRUITS,AY,A,Y,125.09,45.05,475.0,3,90%
21524,DOORMAT SPOTTY HOME SWEET HOME,AY,A,Y,50.62,25.57,209.0,3,90%
84997C,BLUE 3 PIECE MINI DOTS CUTLERY SET,AY,A,Y,84.37,52.74,370.0,3,90%
20724,RED RETROSPOT CHARLOTTE BAG,AX,A,X,283.76,146.24,1176.0,3,90%
21755,LOVE BUILDING BLOCK WORD,AX,A,X,56.81,14.54,203.0,3,90%
22379,RECYCLING BAG RETROSPOT,AY,A,Y,146.99,94.77,651.0,3,90%
22382,LUNCH BAG SPACEBOY DESIGN,AX,A,X,184.43,95.48,765.0,3,90%
22384,LUNCH BAG PINK POLKADOT,AX,A,X,202.39,106.27,843.0,3,90%
22666,RECIPE BOX PANTRY YELLOW DESIGN,AY,A,Y,79.8,154.29,581.0,3,90%
22630,DOLLY GIRL LUNCH BOX,AY,A,Y,165.68,86.7,689.0,3,90%
15036,ASSORTED COLOURS SILK FAN,AY,A,Y,453.3,280.77,1982.0,3,90%
22726,ALARM CLOCK BAKELIKE GREEN,AY,A,Y,51.51,89.23,352.0,3,90%
22385,JUMBO BAG SPACEBOY DESIGN,AY,A,Y,157.47,94.96,683.0,3,90%
22865,HAND WARMER OWL DESIGN,AZ,A,Z,90.82,269.26,869.0,3,90%
22077,6 RIBBONS RUSTIC CHARM,AX,A,X,148.08,98.03,662.0,3,90%
85152,HAND OVER THE CHOCOLATE   SIGN,AY,A,Y,142.2,163.65,789.0,3,90%
85014B,RED RETROSPOT UMBRELLA,AZ,A,Z,58.42,33.22,249.0,3,90%
48184,DOORMAT ENGLISH ROSE,AY,A,Y,42.09,51.43,240.0,3,90%
23245,SET OF 3 REGENCY CAKE TINS,AZ,A,Z,39.63,65.54,264.0,3,90%
21479,WHITE SKULL HOT WATER BOTTLE,AZ,A,Z,47.76,110.27,388.0,3,90%
22697,GREEN REGENCY TEACUP AND SAUCER,AY,A,Y,84.13,59.87,385.0,3,90%
23199,JUMBO BAG APPLES,AZ,A,Z,110.81,208.96,796.0,3,90%
22501,PICNIC BASKET WICKER LARGE,AZ,A,Z,27.44,5.39,94.0,3,90%
20679,EDWARDIAN PARASOL RED,AZ,A,Z,59.94,23.21,231.0,3,90%
21217,RED SPOTTY ROUND CAKE TINS,AY,A,Y,28.86,9.91,109.0,3,90%
84029G,KNITTED UNION FLAG HOT WATER BOTTLE,AZ,A,Z,57.95,66.22,321.0,3,90%
22659,LUNCH BOX I LOVE LONDON,AY,A,Y,145.41,121.58,706.0,3,90%
47590B,PINK HAPPY BIRTHDAY BUNTING,AY,A,Y,57.6,24.98,228.0,3,90%
22622,BOX OF VINTAGE ALPHABET BLOCKS,AZ,A,Z,26.52,24.39,134.0,3,90%
22158,3 HEARTS HANGING DECORATION RUSTIC,AZ,A,Z,72.11,119.45,481.0,3,90%
82483,WOOD 2 DRAWER CABINET WHITE FINISH,AX,A,X,44.68,25.19,190.0,3,90%
48188,DOORMAT WELCOME PUPPIES,AZ,A,Z,48.85,42.41,241.0,3,90%
20971,PINK BLUE FELT CRAFT TRINKET BOX,AZ,A,Z,163.47,439.33,1464.0,3,90%
84978,HANGING HEART JAR T-LIGHT HOLDER,AX,A,X,208.26,97.24,840.0,3,90%
22866,HAND WARMER SCOTTY DOG DESIGN,AZ,A,Z,83.2,193.4,678.0,3,90%
22467,GUMBALL COAT RACK,AY,A,Y,99.16,105.62,532.0,3,90%
22752,SET 7 BABUSHKA NESTING BOXES,AZ,A,Z,30.26,39.81,179.0,3,90%
21977,PACK OF 60 PINK PAISLEY CAKE CASES,AX,A,X,556.43,296.91,2328.0,3,90%
22188,BLACK HEART CARD HOLDER,AZ,A,Z,103.04,97.87,526.0,3,90%
82583,HOT BATHS METAL SIGN,AY,A,Y,103.89,159.83,666.0,3,90%
23201,JUMBO BAG ALPHABET,AZ,A,Z,85.58,192.2,683.0,3,90%
22492,MINI PAINT SET VINTAGE,AY,A,Y,377.16,351.9,1912.0,3,90%
20719,WOODLAND CHARLOTTE BAG,AX,A,X,227.63,70.8,840.0,3,90%
47566B,TEA TIME PARTY BUNTING,AY,A,Y,63.67,15.06,224.0,3,90%
22624,IVORY KITCHEN SCALES,AY,A,Y,28.17,27.33,145.0,3,90%
21930,JUMBO STORAGE BAG SKULLS,AX,A,X,122.55,73.8,531.0,3,90%
72741,GRAND CHOCOLATECANDLE,AY,A,Y,190.01,100.38,793.0,3,90%
22835,HOT WATER BOTTLE I AM SO POORLY,AZ,A,Z,35.69,77.35,279.0,3,90%
84991,60 TEATIME FAIRY CAKE CASES,AX,A,X,534.57,183.0,2009.0,3,90%
22961,JAM MAKING SET PRINTED,AY,A,Y,129.24,142.73,704.0,3,90%
20750,RED RETROSPOT MINI CASES,AX,A,X,34.44,16.34,140.0,3,90%
71459,HANGING JAM JAR T-LIGHT HOLDER,AY,A,Y,329.46,134.41,1286.0,3,90%
22734,SET OF 6 RIBBONS VINTAGE CHRISTMAS,AZ,A,Z,75.08,160.73,582.0,3,90%
22149,FELTCRAFT 6 FLOWER FRIENDS,AY,A,Y,111.67,192.54,762.0,3,90%
22867,HAND WARMER BIRD DESIGN,AZ,A,Z,80.35,163.79,604.0,3,90%
48111,DOORMAT 3 SMILEY CATS,AZ,A,Z,38.7,43.19,212.0,3,90%
22551,PLASTERS IN TIN SPACEBOY,AY,A,Y,137.96,74.87,580.0,3,90%
82600,NO SINGING METAL SIGN,AY,A,Y,114.99,188.22,762.0,3,90%
20711,JUMBO BAG TOYS,AY,A,Y,124.73,73.01,536.0,3,90%
21481,FAWN BLUE HOT WATER BOTTLE,AY,A,Y,72.89,59.66,351.0,3,90%
22507,MEMO BOARD RETROSPOT  DESIGN,AZ,A,Z,49.67,46.69,253.0,3,90%
37503,TEA TIME CAKE STAND IN GIFT BOX,AZ,A,Z,26.55,0.0,80.0,3,90%
22087,PAPER BUNTING WHITE LACE,AY,A,Y,84.57,48.38,361.0,3,90%
21080,SET/20 RED RETROSPOT PAPER NAPKINS,AX,A,X,306.66,67.61,1070.0,3,90%
21108,FAIRY CAKE FLANNEL ASSORTED COLOUR,AZ,A,Z,103.72,202.26,760.0,3,90%
84755,COLOUR GLASS T-LIGHT HOLDER HANGING,AY,A,Y,409.84,185.04,1640.0,3,90%
22084,PAPER CHAIN KIT EMPIRE,AZ,A,Z,94.53,2.07,288.0,3,90%
21527,RED RETROSPOT TRADITIONAL TEAPOT,AY,A,Y,36.13,2.14,113.0,3,90%
23173,REGENCY TEAPOT ROSES,AZ,A,Z,23.74,53.58,190.0,3,90%
20972,PINK CREAM FELT CRAFT TRINKET BOX,AY,A,Y,193.35,66.3,727.0,3,90%
21314,SMALL GLASS HEART TRINKET POT,AY,A,Y,109.13,48.17,434.0,3,90%
84836,ZINC METAL HEART DECORATION,AY,A,Y,193.65,78.9,756.0,3,90%
84077,WORLD WAR 2 GLIDERS ASSTD DESIGNS,AY,A,Y,962.13,480.64,3952.0,3,90%
22722,SET OF 6 SPICE TINS PANTRY DESIGN,AZ,A,Z,36.74,174.27,497.0,3,90%
22698,PINK REGENCY TEACUP AND SAUCER,AY,A,Y,69.26,56.79,334.0,3,90%
22728,ALARM CLOCK BAKELIKE PINK,AZ,A,Z,43.87,79.23,307.0,3,90%
48173C,DOORMAT BLACK FLOCK,AZ,A,Z,41.19,33.52,198.0,3,90%
21231,SWEETHEART CERAMIC TRINKET BOX,AY,A,Y,189.68,90.89,771.0,3,90%
47590A,BLUE HAPPY BIRTHDAY BUNTING,AY,A,Y,46.98,21.93,190.0,3,90%
22171,3 HOOK PHOTO SHELF ANTIQUE WHITE,AZ,A,Z,32.29,20.63,143.0,3,90%
23344,JUMBO BAG 50'S CHRISTMAS,AZ,A,Z,16.51,447.36,1041.0,3,90%
21955,DOORMAT UNION JACK GUNS AND ROSES,AZ,A,Z,40.24,27.83,182.0,3,90%
21790,VINTAGE SNAP CARDS,AY,A,Y,227.2,171.34,1061.0,3,90%
23243,SET OF TEA COFFEE SUGAR TINS PANTRY,AZ,A,Z,21.8,180.74,466.0,3,90%
22605,WOODEN CROQUET GARDEN SET,AZ,A,Z,18.39,6.47,70.0,3,90%
22625,RED KITCHEN SCALES,AY,A,Y,23.69,19.28,114.0,3,90%
84406B,CREAM CUPID HEARTS COAT HANGER,AY,A,Y,74.26,28.41,286.0,3,90%
22607,WOODEN ROUNDERS GARDEN SET,AY,A,Y,25.91,9.7,99.0,3,90%
21791,VINTAGE HEADS AND TAILS CARD GAME,AY,A,Y,158.68,107.95,715.0,3,90%
22554,PLASTERS IN TIN WOODLAND ANIMALS,AY,A,Y,117.13,85.63,541.0,3,90%
21936,RED RETROSPOT PICNIC BAG,AY,A,Y,81.72,55.33,368.0,3,90%
84970S,HANGING HEART ZINC T-LIGHT HOLDER,AX,A,X,270.55,64.76,955.0,3,90%
22556,PLASTERS IN TIN CIRCUS PARADE,AY,A,Y,124.92,49.07,484.0,3,90%
37449,CERAMIC CAKE STAND + HANGING CAKES,AY,A,Y,24.37,9.96,95.0,3,90%
85014A,BLACK/BLUE POLKADOT UMBRELLA,AZ,A,Z,45.98,16.93,175.0,3,90%
20749,ASSORTED COLOUR MINI CASES,AY,A,Y,25.69,32.74,150.0,3,90%
22113,GREY HEART HOT WATER BOTTLE,AZ,A,Z,43.26,93.11,336.0,3,90%
22585,PACK OF 6 BIRDY GIFT TAGS,AY,A,Y,162.99,150.06,822.0,3,90%
23202,JUMBO BAG VINTAGE LEAF,AZ,A,Z,75.14,111.29,472.0,3,90%
22499,WOODEN UNION JACK BUNTING,AY,A,Y,37.38,4.62,122.0,3,90%
22941,CHRISTMAS LIGHTS 10 REINDEER,AZ,A,Z,13.61,59.91,174.0,3,90%
21210,SET OF 72 RETROSPOT PAPER  DOILIES,AY,A,Y,142.55,78.54,602.0,3,90%
22456,NATURAL SLATE CHALKBOARD LARGE,AY,A,Y,42.55,11.39,153.0,3,90%
22969,HOMEMADE JAM SCENTED CANDLES,AZ,A,Z,118.23,153.37,695.0,3,90%
21213,PACK OF 72 SKULL CAKE CASES,AY,A,Y,394.41,182.11,1587.0,3,90%
21258,VICTORIAN SEWING BOX LARGE,AZ,A,Z,14.01,10.87,66.0,3,90%
23209,LUNCH BAG VINTAGE DOILY,AZ,A,Z,93.12,136.95,583.0,3,90%
85048,15CM CHRISTMAS GLASS BALL 20 LIGHTS,AZ,A,Z,17.23,42.3,145.0,3,90%
22570,FELTCRAFT CUSHION RABBIT,AY,A,Y,50.92,78.03,326.0,3,90%
22424,ENAMEL BREAD BIN CREAM,AY,A,Y,13.83,7.61,58.0,3,90%
23206,LUNCH BAG APPLE DESIGN,AZ,A,Z,96.11,149.46,620.0,3,90%
84997A,GREEN 3 PIECE MINI DOTS CUTLERY SET,AY,A,Y,49.61,36.47,230.0,3,90%
22294,HEART FILIGREE DOVE  SMALL,AY,A,Y,163.87,71.58,650.0,3,90%
22356,CHARLOTTE BAG PINK POLKADOT,AX,A,X,183.59,76.62,721.0,3,90%
21218,RED SPOTTY BISCUIT TIN,AY,A,Y,51.95,30.66,224.0,3,90%
48116,DOORMAT MULTICOLOUR STRIPE,AZ,A,Z,31.58,52.86,212.0,3,90%
22632,HAND WARMER RED RETROSPOT,AZ,A,Z,78.44,124.74,512.0,3,90%
22617,BAKING SET SPACEBOY DESIGN,AY,A,Y,34.24,58.72,233.0,3,90%
22693,GROW A FLYTRAP OR SUNFLOWER IN TIN,AZ,A,Z,165.38,92.84,702.0,3,90%
20723,STRAWBERRY CHARLOTTE BAG,AX,A,X,169.04,68.56,659.0,3,90%
21559,STRAWBERRY LUNCH BOX WITH CUTLERY,AX,A,X,78.53,43.59,332.0,3,90%
22568,FELTCRAFT CUSHION OWL,AY,A,Y,42.48,79.18,303.0,3,90%
85150,LADIES & GENTLEMEN METAL SIGN,AY,A,Y,79.59,24.83,294.0,3,90%
21216,"SET 3 RETROSPOT TEA,COFFEE,SUGAR",AY,A,Y,37.08,19.86,155.0,3,90%
22273,FELTCRAFT DOLL MOLLY,AZ,A,Z,47.17,194.14,572.0,3,90%
22569,FELTCRAFT CUSHION BUTTERFLY,AY,A,Y,51.72,71.18,313.0,3,90%
21622,VINTAGE UNION JACK CUSHION COVER,AZ,A,Z,39.62,7.45,135.0,3,90%
22900,SET 2 TEA TOWELS I LOVE LONDON,AZ,A,Z,53.84,40.51,251.0,3,90%
22413,METAL SIGN TAKE IT OR LEAVE IT,AZ,A,Z,53.32,142.26,475.0,3,90%
48129,DOORMAT TOPIARY,AZ,A,Z,29.12,29.96,154.0,3,90%
22381,TOY TIDY PINK POLKADOT,AY,A,Y,87.52,58.01,391.0,3,90%
21174,POTTERING IN THE SHED METAL SIGN,AY,A,Y,84.12,100.9,476.0,3,90%
22558,CLOTHES PEGS RETROSPOT PACK 24,AY,A,Y,126.11,60.91,513.0,3,90%
22169,FAMILY ALBUM WHITE PICTURE FRAME,AY,A,Y,19.42,20.33,103.0,3,90%
22561,WOODEN SCHOOL COLOURING SET,AY,A,Y,102.67,36.28,388.0,3,90%
21340,CLASSIC METAL BIRDCAGE PLANT HOLDER,AY,A,Y,16.68,10.15,73.0,3,90%
22427,ENAMEL FLOWER JUG CREAM,AY,A,Y,31.43,33.96,170.0,3,90%
22952,60 CAKE CASES VINTAGE CHRISTMAS,AZ,A,Z,232.42,399.97,1584.0,3,90%
21908,CHOCOLATE THIS WAY METAL SIGN,AY,A,Y,89.73,70.8,426.0,3,90%
22061,LARGE CAKE STAND  HANGING STRAWBERY,AY,A,Y,20.26,20.12,105.0,3,90%
84949,SILVER HANGING T-LIGHT HOLDER,AY,A,Y,107.65,113.29,574.0,3,90%
71053,WHITE METAL LANTERN,AY,A,Y,47.98,24.0,197.0,3,90%
84947,ANTIQUE SILVER TEA GLASS ENGRAVED,AY,A,Y,132.32,169.16,772.0,3,90%
47591D,PINK FAIRY CAKE CHILDRENS APRON,AY,A,Y,89.65,75.92,437.0,3,90%
22555,PLASTERS IN TIN STRONGMAN,AY,A,Y,105.04,43.87,412.0,3,90%
21035,SET/2 RED RETROSPOT TEA TOWELS,AY,A,Y,57.59,48.86,281.0,3,90%
22041,"RECORD FRAME 7"" SINGLE SIZE",AY,A,Y,66.2,55.57,322.0,3,90%
21121,SET/10 RED POLKADOT PARTY CANDLES,AY,A,Y,147.82,86.75,636.0,3,90%
22847,BREAD BIN DINER STYLE IVORY,AY,A,Y,9.29,14.69,60.0,3,90%
21484,CHICK GREY HOT WATER BOTTLE,AZ,A,Z,39.31,56.51,243.0,3,90%
21430,SET/3 RED GINGHAM ROSE STORAGE BOX,AY,A,Y,43.98,37.15,214.0,3,90%
22505,MEMO BOARD COTTAGE DESIGN,AY,A,Y,36.72,15.96,146.0,3,90%
22147,FELTCRAFT BUTTERFLY HEARTS,AY,A,Y,108.33,220.48,814.0,3,90%
22560,TRADITIONAL MODELLING CLAY,AY,A,Y,120.95,166.38,732.0,3,90%
22352,LUNCH BOX WITH CUTLERY RETROSPOT,AX,A,X,68.18,33.12,278.0,3,90%
22297,HEART IVORY TRELLIS SMALL,AY,A,Y,139.22,37.8,501.0,3,90%
84945,MULTI COLOUR SILVER T-LIGHT HOLDER,AY,A,Y,186.69,193.86,990.0,3,90%
84970L,SINGLE HEART ZINC T-LIGHT HOLDER,AX,A,X,176.74,66.56,678.0,3,90%
21914,BLUE HARMONICA IN BOX,AY,A,Y,100.61,135.57,602.0,3,90%
22633,HAND WARMER UNION JACK,AZ,A,Z,53.52,180.14,560.0,3,90%
22776,SWEETHEART CAKESTAND 3 TIER,AY,A,Y,15.48,10.0,69.0,3,90%
21136,PAINTED METAL PEARS ASSORTED,AY,A,Y,96.11,43.67,385.0,3,90%
20718,RED RETROSPOT SHOPPER BAG,AX,A,X,129.99,50.38,502.0,3,90%
22557,PLASTERS IN TIN VINTAGE PAISLEY,AY,A,Y,95.25,39.1,372.0,3,90%
84992,72 SWEETHEART FAIRY CAKE CASES,AY,A,Y,343.78,133.38,1327.0,3,90%
22366,DOORMAT AIRMAIL,AZ,A,Z,23.15,22.89,120.0,3,90%
21889,WOODEN BOX OF DOMINOES,AY,A,Y,104.23,103.17,541.0,3,90%
23240,SET OF 4 KNICK KNACK TINS DOILY,AZ,A,Z,25.34,32.22,147.0,3,90%
21156,RETROSPOT CHILDRENS APRON,AY,A,Y,84.57,69.64,408.0,3,90%
22654,DELUXE SEWING KIT,AY,A,Y,23.17,19.84,113.0,3,90%
21535,RED RETROSPOT SMALL MILK JUG,AY,A,Y,66.4,32.57,271.0,3,90%
22652,TRAVEL SEWING KIT,AY,A,Y,95.94,124.79,564.0,3,90%
21533,RETRO SPOT LARGE MILK JUG,AX,A,X,34.05,18.97,144.0,3,90%
21164,HOME SWEET HOME METAL SIGN,AY,A,Y,61.58,18.61,226.0,3,90%
72760B,VINTAGE CREAM 3 BASKET CAKE STAND,AY,A,Y,17.6,2.83,59.0,3,90%
22993,SET OF 4 PANTRY JELLY MOULDS,AY,A,Y,90.72,98.97,492.0,3,90%
22837,HOT WATER BOTTLE BABUSHKA,AZ,A,Z,37.98,0.71,116.0,3,90%
22487,WHITE WOOD GARDEN PLANT LADDER,AY,A,Y,15.57,6.89,62.0,3,90%
21155,RED RETROSPOT PEG BAG,AY,A,Y,64.95,21.5,243.0,3,90%
23301,GARDENERS KNEELING PAD KEEP CALM,AZ,A,Z,36.48,306.31,789.0,3,90%
22191,IVORY DINER WALL CLOCK,AZ,A,Z,17.7,16.25,89.0,3,90%
22662,LUNCH BAG DOLLY GIRL DESIGN,AY,A,Y,92.73,75.83,446.0,3,90%
35004C,SET OF 3 COLOURED  FLYING DUCKS,AZ,A,Z,32.97,0.0,99.0,3,90%
22296,HEART IVORY TRELLIS LARGE,AY,A,Y,100.4,39.76,389.0,3,90%
22193,RED DINER WALL CLOCK,AY,A,Y,14.13,22.71,93.0,3,90%
22634,CHILDS BREAKFAST SET SPACEBOY,AY,A,Y,15.72,8.02,65.0,3,90%
21877,HOME SWEET HOME MUG,AY,A,Y,136.73,113.66,662.0,3,90%
22692,DOORMAT WELCOME TO OUR HOME,AZ,A,Z,16.84,32.18,122.0,3,90%
22759,SET OF 3 NOTEBOOKS IN PARCEL,AY,A,Y,72.61,146.16,542.0,3,90%
22690,DOORMAT HOME SWEET HOME BLUE,AZ,A,Z,22.57,25.05,123.0,3,90%
22635,CHILDS BREAKFAST SET DOLLY GIRL,AY,A,Y,15.95,6.75,63.0,3,90%
22367,CHILDRENS APRON SPACEBOY DESIGN,AX,A,X,71.55,50.4,326.0,3,90%
84375,SET OF 20 KIDS COOKIE CUTTERS,AY,A,Y,66.85,62.16,338.0,3,90%
22170,PICTURE FRAME WOOD TRIPLE PORTRAIT,AY,A,Y,21.6,23.68,117.0,3,90%
22619,SET OF 6 SOLDIER SKITTLES,AY,A,Y,31.68,46.94,199.0,3,90%
22333,RETROSPOT PARTY BAG + STICKER SET,AY,A,Y,96.05,55.09,410.0,3,90%
85232B,SET/3 RUSSIAN DOLL STACKING TINS,AZ,A,Z,33.23,1.88,104.0,3,90%
21891,TRADITIONAL WOODEN SKIPPING ROPE,AY,A,Y,98.17,171.73,675.0,3,90%
22173,METAL 4 HOOK HANGER FRENCH CHATEAU,AY,A,Y,46.99,23.76,194.0,3,90%
22749,FELTCRAFT PRINCESS CHARLOTTE DOLL,AY,A,Y,28.84,60.44,221.0,3,90%
84378,SET OF 3 HEART COOKIE CUTTERS,AY,A,Y,100.09,131.81,592.0,3,90%
21844,RED RETROSPOT MUG,AY,A,Y,52.54,34.01,233.0,3,90%
22940,FELTCRAFT CHRISTMAS FAIRY,AZ,A,Z,25.85,36.71,159.0,3,90%
21094,SET/6 RED SPOTTY PAPER PLATES,AY,A,Y,195.53,103.83,817.0,3,90%
22365,DOORMAT RESPECTABLE HOUSE,AZ,A,Z,20.12,29.69,126.0,3,90%
22909,SET OF 20 VINTAGE CHRISTMAS NAPKINS,AZ,A,Z,114.67,297.7,1004.0,3,90%
21975,PACK OF 60 DINOSAUR CAKE CASES,AY,A,Y,308.08,180.5,1324.0,3,90%
21165,BEWARE OF THE CAT METAL SIGN,AY,A,Y,89.96,57.9,398.0,3,90%
35970,ZINC FOLKART SLEIGH BELLS,AZ,A,Z,43.29,220.69,619.0,3,90%
82582,AREA PATROLLED METAL SIGN,AY,A,Y,64.27,72.94,355.0,3,90%
22946,WOODEN ADVENT CALENDAR CREAM,AZ,A,Z,7.57,14.61,55.0,3,90%
21122,SET/10 PINK POLKADOT PARTY CANDLES,AY,A,Y,121.74,55.59,488.0,3,90%
22606,WOODEN SKITTLES GARDEN SET,AZ,A,Z,11.33,3.71,42.0,3,90%
22730,ALARM CLOCK BAKELIKE IVORY,AY,A,Y,26.13,44.67,177.0,3,90%
21770,OPEN CLOSED METAL SIGN,AZ,A,Z,26.42,18.99,121.0,3,90%
17003,BROCADE RING PURSE,AZ,A,Z,696.42,348.55,2862.0,3,90%
21912,VINTAGE SNAKES & LADDERS,AY,A,Y,32.96,28.23,161.0,3,90%
22423,REGENCY CAKESTAND 3 TIER,AX,A,X,251.85,79.99,984.0,3,95%
85123A,WHITE HANGING HEART T-LIGHT HOLDER,AX,A,X,920.37,285.42,3577.0,3,95%
85099B,JUMBO BAG RED RETROSPOT,AX,A,X,877.32,482.95,4012.0,3,95%
47566,PARTY BUNTING,AY,A,Y,277.99,173.56,1330.0,3,95%
84879,ASSORTED COLOUR BIRD ORNAMENT,AY,A,Y,737.17,240.32,2898.0,3,95%
22086,PAPER CHAIN KIT 50'S CHRISTMAS,AZ,A,Z,216.7,681.73,2598.0,3,95%
23166,MEDIUM CERAMIC TOP STORAGE JAR,AZ,A,Z,824.81,722.9,4540.0,3,95%
79321,CHILLI LIGHTS,AY,A,Y,130.52,188.96,932.0,3,95%
22197,SMALL POPCORN HOLDER,AY,A,Y,656.61,1332.55,5778.0,3,95%
22386,JUMBO BAG PINK POLKADOT,AX,A,X,346.33,233.64,1707.0,3,95%
20725,LUNCH BAG RED RETROSPOT,AX,A,X,382.91,117.84,1486.0,3,95%
84347,ROTATING SILVER ANGELS T-LIGHT HLDR,AZ,A,Z,266.16,483.44,2180.0,3,95%
85099F,JUMBO BAG STRAWBERRY,AX,A,X,354.66,221.79,1698.0,3,95%
48138,DOORMAT UNION FLAG,AY,A,Y,95.83,67.99,482.0,3,95%
23084,RABBIT NIGHT LIGHT,AZ,A,Z,54.77,1878.63,5533.0,3,95%
20685,DOORMAT RED RETROSPOT,AY,A,Y,97.1,39.47,404.0,3,95%
21137,BLACK RECORD COVER FRAME,AY,A,Y,149.11,270.87,1221.0,3,95%
21843,RED RETROSPOT CAKE STAND,AY,A,Y,58.57,30.73,264.0,3,95%
21931,JUMBO STORAGE BAG SUKI,AX,A,X,274.19,81.2,1055.0,3,95%
22502,PICNIC BASKET WICKER SMALL,AY,A,Y,40.55,4.2,134.0,3,95%
21621,VINTAGE UNION JACK BUNTING,AY,A,Y,70.66,19.54,268.0,3,95%
15056N,EDWARDIAN PARASOL NATURAL,AY,A,Y,115.2,51.44,493.0,3,95%
22114,HOT WATER BOTTLE TEA AND SYMPATHY,AY,A,Y,80.37,190.59,786.0,3,95%
85099C,JUMBO  BAG BAROQUE BLACK WHITE,AX,A,X,288.49,125.58,1224.0,3,95%
22910,PAPER CHAIN KIT VINTAGE CHRISTMAS,AZ,A,Z,117.38,433.87,1592.0,3,95%
22112,CHOCOLATE HOT WATER BOTTLE,AY,A,Y,81.05,128.56,611.0,3,95%
22411,JUMBO SHOPPER VINTAGE RED PAISLEY,AX,A,X,249.9,131.91,1127.0,3,95%
82484,WOOD BLACK BOARD ANT WHITE FINISH,AZ,A,Z,93.47,69.54,479.0,3,95%
22470,HEART OF WICKER LARGE,AY,A,Y,154.1,184.25,989.0,3,95%
22139,RETROSPOT TEA SET CERAMIC 11 PC,AY,A,Y,94.19,81.2,515.0,3,95%
22178,VICTORIAN GLASS HANGING T-LIGHT,AY,A,Y,358.83,271.02,1851.0,3,95%
20914,SET/5 RED RETROSPOT LID GLASS BOWLS,AX,A,X,183.56,48.79,690.0,3,95%
21212,PACK OF 72 RETROSPOT CAKE CASES,AX,A,X,940.62,256.85,3556.0,3,95%
21733,RED HANGING HEART T-LIGHT HOLDER,AY,A,Y,158.75,149.08,902.0,3,95%
22090,PAPER BUNTING RETROSPOT,AY,A,Y,169.41,58.96,677.0,3,95%
21181,PLEASE ONE PERSON METAL SIGN,AY,A,Y,215.24,283.53,1456.0,3,95%
22111,SCOTTIE DOG HOT WATER BOTTLE,AY,A,Y,75.71,116.72,561.0,3,95%
21929,JUMBO BAG PINK VINTAGE PAISLEY,AY,A,Y,251.55,135.46,1142.0,3,95%
21232,STRAWBERRY CERAMIC TRINKET BOX,AX,A,X,368.87,135.55,1494.0,3,95%
84946,ANTIQUE SILVER TEA GLASS ETCHED,AX,A,X,323.22,281.61,1774.0,3,95%
22189,CREAM HEART CARD HOLDER,AZ,A,Z,157.24,118.97,812.0,3,95%
15056BL,EDWARDIAN PARASOL BLACK,AZ,A,Z,93.85,40.34,397.0,3,95%
22469,HEART OF WICKER SMALL,AY,A,Y,240.74,260.38,1466.0,3,95%
48194,DOORMAT HEARTS,AY,A,Y,72.42,77.07,438.0,3,95%
21731,RED TOADSTOOL LED NIGHT LIGHT,AY,A,Y,264.51,140.19,1194.0,3,95%
22457,NATURAL SLATE HEART CHALKBOARD,AY,A,Y,135.1,86.11,651.0,3,95%
82494L,WOODEN FRAME ANTIQUE WHITE,AX,A,X,142.7,63.74,610.0,3,95%
21754,HOME BUILDING BLOCK WORD,AX,A,X,76.2,12.51,264.0,3,95%
48187,DOORMAT NEW ENGLAND,AY,A,Y,66.89,74.57,414.0,3,95%
21928,JUMBO BAG SCANDINAVIAN PAISLEY,AX,A,X,235.31,78.52,930.0,3,95%
21523,DOORMAT FANCY FONT HOME SWEET HOME,AY,A,Y,66.03,43.79,323.0,3,95%
22138,BAKING SET 9 PIECE RETROSPOT,AY,A,Y,71.04,157.68,664.0,3,95%
20727,LUNCH BAG  BLACK SKULL.,AY,A,Y,250.18,88.03,1002.0,3,95%
48185,DOORMAT FAIRY CAKE,AZ,A,Z,64.45,73.07,402.0,3,95%
21623,VINTAGE UNION JACK MEMOBOARD,AZ,A,Z,62.85,43.2,312.0,3,95%
22355,CHARLOTTE BAG SUKI DESIGN,AX,A,X,284.13,174.05,1350.0,3,95%
71477,COLOUR GLASS. STAR T-LIGHT HOLDER,AY,A,Y,134.22,148.83,828.0,3,95%
22326,ROUND SNACK BOXES SET OF4 WOODLAND,AY,A,Y,139.53,89.34,674.0,3,95%
21175,GIN + TONIC DIET METAL SIGN,AY,A,Y,185.99,106.77,863.0,3,95%
84078A,SET/4 WHITE RETRO STORAGE CUBES,AZ,A,Z,11.49,7.34,55.0,3,95%
22383,LUNCH BAG SUKI  DESIGN,AX,A,X,243.03,120.48,1073.0,3,95%
84029E,RED WOOLLY HOTTIE WHITE HEART.,AZ,A,Z,86.59,149.72,688.0,3,95%
23298,SPOTTY BUNTING,AZ,A,Z,66.28,114.61,526.0,3,95%
84997D,PINK 3 PIECE MINI DOTS CUTLERY SET,AY,A,Y,99.8,66.94,491.0,3,95%
21915,RED  HARMONICA IN BOX,AY,A,Y,291.89,498.25,2300.0,3,95%
20728,LUNCH BAG CARS BLUE,AY,A,Y,236.44,68.79,906.0,3,95%
23203,JUMBO BAG VINTAGE DOILY,AZ,A,Z,123.61,265.0,1128.0,3,95%
82482,WOODEN PICTURE FRAME WHITE FINISH,AX,A,X,154.78,74.22,676.0,3,95%
20713,JUMBO BAG OWLS,AY,A,Y,183.47,177.13,1057.0,3,95%
22083,PAPER CHAIN KIT RETROSPOT,AY,A,Y,133.03,36.02,502.0,3,95%
85066,CREAM SWEETHEART MINI CHEST,AY,A,Y,26.13,29.1,162.0,3,95%
84997B,RED 3 PIECE MINI DOTS CUTLERY SET,AY,A,Y,91.86,54.05,430.0,3,95%
20726,LUNCH BAG WOODLAND,AY,A,Y,216.08,77.53,870.0,3,95%
82486,WOOD S/3 CABINET ANT WHITE FINISH,AX,A,X,44.2,19.4,188.0,3,95%
22960,JAM MAKING SET WITH JARS,AY,A,Y,68.63,81.0,437.0,3,95%
22699,ROSES REGENCY TEACUP AND SAUCER,AY,A,Y,114.92,70.35,546.0,3,95%
21166,COOK WITH WINE METAL SIGN,AY,A,Y,167.19,215.15,1116.0,3,95%
23284,DOORMAT KEEP CALM AND COME IN,AZ,A,Z,24.66,236.74,751.0,3,95%
22720,SET OF 3 CAKE TINS PANTRY DESIGN,AZ,A,Z,54.33,90.45,421.0,3,95%
22629,SPACEBOY LUNCH BOX,AY,A,Y,185.0,90.22,813.0,3,95%
20712,JUMBO BAG WOODLAND ANIMALS,AY,A,Y,157.3,104.07,769.0,3,95%
21485,RETROSPOT HEART HOT WATER BOTTLE,AY,A,Y,60.1,116.36,513.0,3,95%
22727,ALARM CLOCK BAKELIKE RED,AZ,A,Z,60.58,154.45,623.0,3,95%
22328,ROUND SNACK BOXES SET OF 4 FRUITS,AY,A,Y,125.09,45.05,504.0,3,95%
21524,DOORMAT SPOTTY HOME SWEET HOME,AY,A,Y,50.62,25.57,225.0,3,95%
84997C,BLUE 3 PIECE MINI DOTS CUTLERY SET,AY,A,Y,84.37,52.74,404.0,3,95%
20724,RED RETROSPOT CHARLOTTE BAG,AX,A,X,283.76,146.24,1269.0,3,95%
21755,LOVE BUILDING BLOCK WORD,AX,A,X,56.81,14.54,212.0,3,95%
22379,RECYCLING BAG RETROSPOT,AY,A,Y,146.99,94.77,712.0,3,95%
22382,LUNCH BAG SPACEBOY DESIGN,AX,A,X,184.43,95.48,826.0,3,95%
22384,LUNCH BAG PINK POLKADOT,AX,A,X,202.39,106.27,911.0,3,95%
22666,RECIPE BOX PANTRY YELLOW DESIGN,AY,A,Y,79.8,154.29,680.0,3,95%
22630,DOLLY GIRL LUNCH BOX,AY,A,Y,165.68,86.7,745.0,3,95%
15036,ASSORTED COLOURS SILK FAN,AY,A,Y,453.3,280.77,2162.0,3,95%
22726,ALARM CLOCK BAKELIKE GREEN,AY,A,Y,51.51,89.23,410.0,3,95%
22385,JUMBO BAG SPACEBOY DESIGN,AY,A,Y,157.47,94.96,744.0,3,95%
22865,HAND WARMER OWL DESIGN,AZ,A,Z,90.82,269.26,1042.0,3,95%
22077,6 RIBBONS RUSTIC CHARM,AX,A,X,148.08,98.03,724.0,3,95%
85152,HAND OVER THE CHOCOLATE   SIGN,AY,A,Y,142.2,163.65,894.0,3,95%
85014B,RED RETROSPOT UMBRELLA,AZ,A,Z,58.42,33.22,270.0,3,95%
48184,DOORMAT ENGLISH ROSE,AY,A,Y,42.09,51.43,273.0,3,95%
23245,SET OF 3 REGENCY CAKE TINS,AZ,A,Z,39.63,65.54,306.0,3,95%
21479,WHITE SKULL HOT WATER BOTTLE,AZ,A,Z,47.76,110.27,458.0,3,95%
22697,GREEN REGENCY TEACUP AND SAUCER,AY,A,Y,84.13,59.87,423.0,3,95%
23199,JUMBO BAG APPLES,AZ,A,Z,110.81,208.96,930.0,3,95%
22501,PICNIC BASKET WICKER LARGE,AZ,A,Z,27.44,5.39,98.0,3,95%
20679,EDWARDIAN PARASOL RED,AZ,A,Z,59.94,23.21,246.0,3,95%
21217,RED SPOTTY ROUND CAKE TINS,AY,A,Y,28.86,9.91,115.0,3,95%
84029G,KNITTED UNION FLAG HOT WATER BOTTLE,AZ,A,Z,57.95,66.22,363.0,3,95%
22659,LUNCH BOX I LOVE LONDON,AY,A,Y,145.41,121.58,784.0,3,95%
47590B,PINK HAPPY BIRTHDAY BUNTING,AY,A,Y,57.6,24.98,244.0,3,95%
22622,BOX OF VINTAGE ALPHABET BLOCKS,AZ,A,Z,26.52,24.39,149.0,3,95%
22158,3 HEARTS HANGING DECORATION RUSTIC,AZ,A,Z,72.11,119.45,558.0,3,95%
82483,WOOD 2 DRAWER CABINET WHITE FINISH,AX,A,X,44.68,25.19,206.0,3,95%
48188,DOORMAT WELCOME PUPPIES,AZ,A,Z,48.85,42.41,268.0,3,95%
20971,PINK BLUE FELT CRAFT TRINKET BOX,AZ,A,Z,163.47,439.33,1746.0,3,95%
84978,HANGING HEART JAR T-LIGHT HOLDER,AX,A,X,208.26,97.24,903.0,3,95%
22866,HAND WARMER SCOTTY DOG DESIGN,AZ,A,Z,83.2,193.4,802.0,3,95%
22467,GUMBALL COAT RACK,AY,A,Y,99.16,105.62,599.0,3,95%
22752,SET 7 BABUSHKA NESTING BOXES,AZ,A,Z,30.26,39.81,205.0,3,95%
21977,PACK OF 60 PINK PAISLEY CAKE CASES,AX,A,X,556.43,296.91,2518.0,3,95%
22188,BLACK HEART CARD HOLDER,AZ,A,Z,103.04,97.87,589.0,3,95%
82583,HOT BATHS METAL SIGN,AY,A,Y,103.89,159.83,768.0,3,95%
23201,JUMBO BAG ALPHABET,AZ,A,Z,85.58,192.2,806.0,3,95%
22492,MINI PAINT SET VINTAGE,AY,A,Y,377.16,351.9,2137.0,3,95%
20719,WOODLAND CHARLOTTE BAG,AX,A,X,227.63,70.8,885.0,3,95%
47566B,TEA TIME PARTY BUNTING,AY,A,Y,63.67,15.06,234.0,3,95%
22624,IVORY KITCHEN SCALES,AY,A,Y,28.17,27.33,163.0,3,95%
21930,JUMBO STORAGE BAG SKULLS,AX,A,X,122.55,73.8,579.0,3,95%
72741,GRAND CHOCOLATECANDLE,AY,A,Y,190.01,100.38,857.0,3,95%
22835,HOT WATER BOTTLE I AM SO POORLY,AZ,A,Z,35.69,77.35,328.0,3,95%
84991,60 TEATIME FAIRY CAKE CASES,AX,A,X,534.57,183.0,2127.0,3,95%
22961,JAM MAKING SET PRINTED,AY,A,Y,129.24,142.73,796.0,3,95%
20750,RED RETROSPOT MINI CASES,AX,A,X,34.44,16.34,150.0,3,95%
71459,HANGING JAM JAR T-LIGHT HOLDER,AY,A,Y,329.46,134.41,1373.0,3,95%
22734,SET OF 6 RIBBONS VINTAGE CHRISTMAS,AZ,A,Z,75.08,160.73,685.0,3,95%
22149,FELTCRAFT 6 FLOWER FRIENDS,AY,A,Y,111.67,192.54,885.0,3,95%
22867,HAND WARMER BIRD DESIGN,AZ,A,Z,80.35,163.79,709.0,3,95%
48111,DOORMAT 3 SMILEY CATS,AZ,A,Z,38.7,43.19,240.0,3,95%
22551,PLASTERS IN TIN SPACEBOY,AY,A,Y,137.96,74.87,628.0,3,95%
82600,NO SINGING METAL SIGN,AY,A,Y,114.99,188.22,883.0,3,95%
20711,JUMBO BAG TOYS,AY,A,Y,124.73,73.01,583.0,3,95%
21481,FAWN BLUE HOT WATER BOTTLE,AY,A,Y,72.89,59.66,389.0,3,95%
22507,MEMO BOARD RETROSPOT  DESIGN,AZ,A,Z,49.67,46.69,282.0,3,95%
37503,TEA TIME CAKE STAND IN GIFT BOX,AZ,A,Z,26.55,0.0,80.0,3,95%
22087,PAPER BUNTING WHITE LACE,AY,A,Y,84.57,48.38,392.0,3,95%
21080,SET/20 RED RETROSPOT PAPER NAPKINS,AX,A,X,306.66,67.61,1113.0,3,95%
21108,FAIRY CAKE FLANNEL ASSORTED COLOUR,AZ,A,Z,103.72,202.26,889.0,3,95%
84755,COLOUR GLASS T-LIGHT HOLDER HANGING,AY,A,Y,409.84,185.04,1758.0,3,95%
22084,PAPER CHAIN KIT EMPIRE,AZ,A,Z,94.53,2.07,290.0,3,95%
21527,RED RETROSPOT TRADITIONAL TEAPOT,AY,A,Y,36.13,2.14,114.0,3,95%
23173,REGENCY TEAPOT ROSES,AZ,A,Z,23.74,53.58,224.0,3,95%
20972,PINK CREAM FELT CRAFT TRINKET BOX,AY,A,Y,193.35,66.3,770.0,3,95%
21314,SMALL GLASS HEART TRINKET POT,AY,A,Y,109.13,48.17,465.0,3,95%
84836,ZINC METAL HEART DECORATION,AY,A,Y,193.65,78.9,806.0,3,95%
84077,WORLD WAR 2 GLIDERS ASSTD DESIGNS,AY,A,Y,962.13,480.64,4260.0,3,95%
22722,SET OF 6 SPICE TINS PANTRY DESIGN,AZ,A,Z,36.74,174.27,608.0,3,95%
22698,PINK REGENCY TEACUP AND SAUCER,AY,A,Y,69.26,56.79,370.0,3,95%
22728,ALARM CLOCK BAKELIKE PINK,AZ,A,Z,43.87,79.23,358.0,3,95%
48173C,DOORMAT BLACK FLOCK,AZ,A,Z,41.19,33.52,219.0,3,95%
21231,SWEETHEART CERAMIC TRINKET BOX,AY,A,Y,189.68,90.89,829.0,3,95%
47590A,BLUE HAPPY BIRTHDAY BUNTING,AY,A,Y,46.98,21.93,204.0,3,95%
22171,3 HOOK PHOTO SHELF ANTIQUE WHITE,AZ,A,Z,32.29,20.63,156.0,3,95%
23344,JUMBO BAG 50'S CHRISTMAS,AZ,A,Z,16.51,447.36,1328.0,3,95%
21955,DOORMAT UNION JACK GUNS AND ROSES,AZ,A,Z,40.24,27.83,200.0,3,95%
21790,VINTAGE SNAP CARDS,AY,A,Y,227.2,171.34,1171.0,3,95%
23243,SET OF TEA COFFEE SUGAR TINS PANTRY,AZ,A,Z,21.8,180.74,582.0,3,95%
22605,WOODEN CROQUET GARDEN SET,AZ,A,Z,18.39,6.47,74.0,3,95%
22625,RED KITCHEN SCALES,AY,A,Y,23.69,19.28,126.0,3,95%
84406B,CREAM CUPID HEARTS COAT HANGER,AY,A,Y,74.26,28.41,304.0,3,95%
22607,WOODEN ROUNDERS GARDEN SET,AY,A,Y,25.91,9.7,105.0,3,95%
21791,VINTAGE HEADS AND TAILS CARD GAME,AY,A,Y,158.68,107.95,785.0,3,95%
22554,PLASTERS IN TIN WOODLAND ANIMALS,AY,A,Y,117.13,85.63,596.0,3,95%
21936,RED RETROSPOT PICNIC BAG,AY,A,Y,81.72,55.33,403.0,3,95%
84970S,HANGING HEART ZINC T-LIGHT HOLDER,AX,A,X,270.55,64.76,997.0,3,95%
22556,PLASTERS IN TIN CIRCUS PARADE,AY,A,Y,124.92,49.07,515.0,3,95%
37449,CERAMIC CAKE STAND + HANGING CAKES,AY,A,Y,24.37,9.96,102.0,3,95%
85014A,BLACK/BLUE POLKADOT UMBRELLA,AZ,A,Z,45.98,16.93,186.0,3,95%
20749,ASSORTED COLOUR MINI CASES,AY,A,Y,25.69,32.74,171.0,3,95%
22113,GREY HEART HOT WATER BOTTLE,AZ,A,Z,43.26,93.11,396.0,3,95%
22585,PACK OF 6 BIRDY GIFT TAGS,AY,A,Y,162.99,150.06,918.0,3,95%
23202,JUMBO BAG VINTAGE LEAF,AZ,A,Z,75.14,111.29,543.0,3,95%
22499,WOODEN UNION JACK BUNTING,AY,A,Y,37.38,4.62,125.0,3,95%
22941,CHRISTMAS LIGHTS 10 REINDEER,AZ,A,Z,13.61,59.91,212.0,3,95%
21210,SET OF 72 RETROSPOT PAPER  DOILIES,AY,A,Y,142.55,78.54,652.0,3,95%
22456,NATURAL SLATE CHALKBOARD LARGE,AY,A,Y,42.55,11.39,160.0,3,95%
22969,HOMEMADE JAM SCENTED CANDLES,AZ,A,Z,118.23,153.37,793.0,3,95%
21213,PACK OF 72 SKULL CAKE CASES,AY,A,Y,394.41,182.11,1704.0,3,95%
21258,VICTORIAN SEWING BOX LARGE,AZ,A,Z,14.01,10.87,73.0,3,95%
23209,LUNCH BAG VINTAGE DOILY,AZ,A,Z,93.12,136.95,671.0,3,95%
85048,15CM CHRISTMAS GLASS BALL 20 LIGHTS,AZ,A,Z,17.23,42.3,173.0,3,95%
22570,FELTCRAFT CUSHION RABBIT,AY,A,Y,50.92,78.03,376.0,3,95%
22424,ENAMEL BREAD BIN CREAM,AY,A,Y,13.83,7.61,63.0,3,95%
23206,LUNCH BAG APPLE DESIGN,AZ,A,Z,96.11,149.46,715.0,3,95%
84997A,GREEN 3 PIECE MINI DOTS CUTLERY SET,AY,A,Y,49.61,36.47,253.0,3,95%
22294,HEART FILIGREE DOVE  SMALL,AY,A,Y,163.87,71.58,696.0,3,95%
22356,CHARLOTTE BAG PINK POLKADOT,AX,A,X,183.59,76.62,770.0,3,95%
21218,RED SPOTTY BISCUIT TIN,AY,A,Y,51.95,30.66,243.0,3,95%
48116,DOORMAT MULTICOLOUR STRIPE,AZ,A,Z,31.58,52.86,246.0,3,95%
22632,HAND WARMER RED RETROSPOT,AZ,A,Z,78.44,124.74,592.0,3,95%
22617,BAKING SET SPACEBOY DESIGN,AY,A,Y,34.24,58.72,271.0,3,95%
22693,GROW A FLYTRAP OR SUNFLOWER IN TIN,AZ,A,Z,165.38,92.84,761.0,3,95%
20723,STRAWBERRY CHARLOTTE BAG,AX,A,X,169.04,68.56,703.0,3,95%
21559,STRAWBERRY LUNCH BOX WITH CUTLERY,AX,A,X,78.53,43.59,360.0,3,95%
22568,FELTCRAFT CUSHION OWL,AY,A,Y,42.48,79.18,354.0,3,95%
85150,LADIES & GENTLEMEN METAL SIGN,AY,A,Y,79.59,24.83,310.0,3,95%
21216,"SET 3 RETROSPOT TEA,COFFEE,SUGAR",AY,A,Y,37.08,19.86,168.0,3,95%
22273,FELTCRAFT DOLL MOLLY,AZ,A,Z,47.17,194.14,696.0,3,95%
22569,FELTCRAFT CUSHION BUTTERFLY,AY,A,Y,51.72,71.18,359.0,3,95%
21622,VINTAGE UNION JACK CUSHION COVER,AZ,A,Z,39.62,7.45,140.0,3,95%
22900,SET 2 TEA TOWELS I LOVE LONDON,AZ,A,Z,53.84,40.51,277.0,3,95%
22413,METAL SIGN TAKE IT OR LEAVE IT,AZ,A,Z,53.32,142.26,567.0,3,95%
48129,DOORMAT TOPIARY,AZ,A,Z,29.12,29.96,173.0,3,95%
22381,TOY TIDY PINK POLKADOT,AY,A,Y,87.52,58.01,428.0,3,95%
21174,POTTERING IN THE SHED METAL SIGN,AY,A,Y,84.12,100.9,541.0,3,95%
22558,CLOTHES PEGS RETROSPOT PACK 24,AY,A,Y,126.11,60.91,552.0,3,95%
22169,FAMILY ALBUM WHITE PICTURE FRAME,AY,A,Y,19.42,20.33,116.0,3,95%
22561,WOODEN SCHOOL COLOURING SET,AY,A,Y,102.67,36.28,412.0,3,95%
21340,CLASSIC METAL BIRDCAGE PLANT HOLDER,AY,A,Y,16.68,10.15,79.0,3,95%
22427,ENAMEL FLOWER JUG CREAM,AY,A,Y,31.43,33.96,191.0,3,95%
22952,60 CAKE CASES VINTAGE CHRISTMAS,AZ,A,Z,232.42,399.97,1840.0,3,95%
21908,CHOCOLATE THIS WAY METAL SIGN,AY,A,Y,89.73,70.8,472.0,3,95%
22061,LARGE CAKE STAND  HANGING STRAWBERY,AY,A,Y,20.26,20.12,118.0,3,95%
84949,SILVER HANGING T-LIGHT HOLDER,AY,A,Y,107.65,113.29,647.0,3,95%
71053,WHITE METAL LANTERN,AY,A,Y,47.98,24.0,213.0,3,95%
84947,ANTIQUE SILVER TEA GLASS ENGRAVED,AY,A,Y,132.32,169.16,880.0,3,95%
47591D,PINK FAIRY CAKE CHILDRENS APRON,AY,A,Y,89.65,75.92,486.0,3,95%
22555,PLASTERS IN TIN STRONGMAN,AY,A,Y,105.04,43.87,441.0,3,95%
21035,SET/2 RED RETROSPOT TEA TOWELS,AY,A,Y,57.59,48.86,312.0,3,95%
22041,"RECORD FRAME 7"" SINGLE SIZE",AY,A,Y,66.2,55.57,357.0,3,95%
21121,SET/10 RED POLKADOT PARTY CANDLES,AY,A,Y,147.82,86.75,691.0,3,95%
22847,BREAD BIN DINER STYLE IVORY,AY,A,Y,9.29,14.69,70.0,3,95%
21484,CHICK GREY HOT WATER BOTTLE,AZ,A,Z,39.31,56.51,279.0,3,95%
21430,SET/3 RED GINGHAM ROSE STORAGE BOX,AY,A,Y,43.98,37.15,238.0,3,95%
22505,MEMO BOARD COTTAGE DESIGN,AY,A,Y,36.72,15.96,156.0,3,95%
22147,FELTCRAFT BUTTERFLY HEARTS,AY,A,Y,108.33,220.48,955.0,3,95%
22560,TRADITIONAL MODELLING CLAY,AY,A,Y,120.95,166.38,838.0,3,95%
22352,LUNCH BOX WITH CUTLERY RETROSPOT,AX,A,X,68.18,33.12,299.0,3,95%
22297,HEART IVORY TRELLIS SMALL,AY,A,Y,139.22,37.8,526.0,3,95%
84945,MULTI COLOUR SILVER T-LIGHT HOLDER,AY,A,Y,186.69,193.86,1114.0,3,95%
84970L,SINGLE HEART ZINC T-LIGHT HOLDER,AX,A,X,176.74,66.56,720.0,3,95%
21914,BLUE HARMONICA IN BOX,AY,A,Y,100.61,135.57,689.0,3,95%
22633,HAND WARMER UNION JACK,AZ,A,Z,53.52,180.14,675.0,3,95%
22776,SWEETHEART CAKESTAND 3 TIER,AY,A,Y,15.48,10.0,75.0,3,95%
21136,PAINTED METAL PEARS ASSORTED,AY,A,Y,96.11,43.67,413.0,3,95%
20718,RED RETROSPOT SHOPPER BAG,AX,A,X,129.99,50.38,534.0,3,95%
22557,PLASTERS IN TIN VINTAGE PAISLEY,AY,A,Y,95.25,39.1,397.0,3,95%
84992,72 SWEETHEART FAIRY CAKE CASES,AY,A,Y,343.78,133.38,1413.0,3,95%
22366,DOORMAT AIRMAIL,AZ,A,Z,23.15,22.89,135.0,3,95%
21889,WOODEN BOX OF DOMINOES,AY,A,Y,104.23,103.17,608.0,3,95%
23240,SET OF 4 KNICK KNACK TINS DOILY,AZ,A,Z,25.34,32.22,168.0,3,95%
21156,RETROSPOT CHILDRENS APRON,AY,A,Y,84.57,69.64,453.0,3,95%
22654,DELUXE SEWING KIT,AY,A,Y,23.17,19.84,126.0,3,95%
21535,RED RETROSPOT SMALL MILK JUG,AY,A,Y,66.4,32.57,292.0,3,95%
22652,TRAVEL SEWING KIT,AY,A,Y,95.94,124.79,644.0,3,95%
21533,RETRO SPOT LARGE MILK JUG,AX,A,X,34.05,18.97,156.0,3,95%
21164,HOME SWEET HOME METAL SIGN,AY,A,Y,61.58,18.61,238.0,3,95%
72760B,VINTAGE CREAM 3 BASKET CAKE STAND,AY,A,Y,17.6,2.83,61.0,3,95%
22993,SET OF 4 PANTRY JELLY MOULDS,AY,A,Y,90.72,98.97,555.0,3,95%
22837,HOT WATER BOTTLE BABUSHKA,AZ,A,Z,37.98,0.71,116.0,3,95%
22487,WHITE WOOD GARDEN PLANT LADDER,AY,A,Y,15.57,6.89,66.0,3,95%
21155,RED RETROSPOT PEG BAG,AY,A,Y,64.95,21.5,256.0,3,95%
23301,GARDENERS KNEELING PAD KEEP CALM,AZ,A,Z,36.48,306.31,985.0,3,95%
22191,IVORY DINER WALL CLOCK,AZ,A,Z,17.7,16.25,100.0,3,95%
22662,LUNCH BAG DOLLY GIRL DESIGN,AY,A,Y,92.73,75.83,495.0,3,95%
35004C,SET OF 3 COLOURED  FLYING DUCKS,AZ,A,Z,32.97,0.0,99.0,3,95%
22296,HEART IVORY TRELLIS LARGE,AY,A,Y,100.4,39.76,415.0,3,95%
22193,RED DINER WALL CLOCK,AY,A,Y,14.13,22.71,107.0,3,95%
22634,CHILDS BREAKFAST SET SPACEBOY,AY,A,Y,15.72,8.02,70.0,3,95%
21877,HOME SWEET HOME MUG,AY,A,Y,136.73,113.66,735.0,3,95%
22692,DOORMAT WELCOME TO OUR HOME,AZ,A,Z,16.84,32.18,142.0,3,95%
22759,SET OF 3 NOTEBOOKS IN PARCEL,AY,A,Y,72.61,146.16,636.0,3,95%
22690,DOORMAT HOME SWEET HOME BLUE,AZ,A,Z,22.57,25.05,139.0,3,95%
22635,CHILDS BREAKFAST SET DOLLY GIRL,AY,A,Y,15.95,6.75,67.0,3,95%
22367,CHILDRENS APRON SPACEBOY DESIGN,AX,A,X,71.55,50.4,359.0,3,95%
84375,SET OF 20 KIDS COOKIE CUTTERS,AY,A,Y,66.85,62.16,378.0,3,95%
22170,PICTURE FRAME WOOD TRIPLE PORTRAIT,AY,A,Y,21.6,23.68,132.0,3,95%
22619,SET OF 6 SOLDIER SKITTLES,AY,A,Y,31.68,46.94,229.0,3,95%
22333,RETROSPOT PARTY BAG + STICKER SET,AY,A,Y,96.05,55.09,446.0,3,95%
85232B,SET/3 RUSSIAN DOLL STACKING TINS,AZ,A,Z,33.23,1.88,105.0,3,95%
21891,TRADITIONAL WOODEN SKIPPING ROPE,AY,A,Y,98.17,171.73,785.0,3,95%
22173,METAL 4 HOOK HANGER FRENCH CHATEAU,AY,A,Y,46.99,23.76,209.0,3,95%
22749,FELTCRAFT PRINCESS CHARLOTTE DOLL,AY,A,Y,28.84,60.44,259.0,3,95%
84378,SET OF 3 HEART COOKIE CUTTERS,AY,A,Y,100.09,131.81,677.0,3,95%
21844,RED RETROSPOT MUG,AY,A,Y,52.54,34.01,255.0,3,95%
22940,FELTCRAFT CHRISTMAS FAIRY,AZ,A,Z,25.85,36.71,182.0,3,95%
21094,SET/6 RED SPOTTY PAPER PLATES,AY,A,Y,195.53,103.83,883.0,3,95%
22365,DOORMAT RESPECTABLE HOUSE,AZ,A,Z,20.12,29.69,145.0,3,95%
22909,SET OF 20 VINTAGE CHRISTMAS NAPKINS,AZ,A,Z,114.67,297.7,1195.0,3,95%
21975,PACK OF 60 DINOSAUR CAKE CASES,AY,A,Y,308.08,180.5,1440.0,3,95%
21165,BEWARE OF THE CAT METAL SIGN,AY,A,Y,89.96,57.9,435.0,3,95%
35970,ZINC FOLKART SLEIGH BELLS,AZ,A,Z,43.29,220.69,761.0,3,95%
82582,AREA PATROLLED METAL SIGN,AY,A,Y,64.27,72.94,401.0,3,95%
22946,WOODEN ADVENT CALENDAR CREAM,AZ,A,Z,7.57,14.61,64.0,3,95%
21122,SET/10 PINK POLKADOT PARTY CANDLES,AY,A,Y,121.74,55.59,524.0,3,95%
22606,WOODEN SKITTLES GARDEN SET,AZ,A,Z,11.33,3.71,45.0,3,95%
22730,ALARM CLOCK BAKELIKE IVORY,AY,A,Y,26.13,44.67,206.0,3,95%
21770,OPEN CLOSED METAL SIGN,AZ,A,Z,26.42,18.99,134.0,3,95%
17003,BROCADE RING PURSE,AZ,A,Z,696.42,348.55,3085.0,3,95%
21912,VINTAGE SNAKES & LADDERS,AY,A,Y,32.96,28.23,180.0,3,95%
22423,REGENCY CAKESTAND 3 TIER,AX,A,X,251.85,79.99,1078.0,3,99%
85123A,WHITE HANGING HEART T-LIGHT HOLDER,AX,A,X,920.37,285.42,3913.0,3,99%
85099B,JUMBO BAG RED RETROSPOT,AX,A,X,877.32,482.95,4581.0,3,99%
47566,PARTY BUNTING,AY,A,Y,277.99,173.56,1534.0,3,99%
84879,ASSORTED COLOUR BIRD ORNAMENT,AY,A,Y,737.17,240.32,3181.0,3,99%
22086,PAPER CHAIN KIT 50'S CHRISTMAS,AZ,A,Z,216.7,681.73,3401.0,3,99%
23166,MEDIUM CERAMIC TOP STORAGE JAR,AZ,A,Z,824.81,722.9,5392.0,3,99%
79321,CHILLI LIGHTS,AY,A,Y,130.52,188.96,1154.0,3,99%
22197,SMALL POPCORN HOLDER,AY,A,Y,656.61,1332.55,7348.0,3,99%
22386,JUMBO BAG PINK POLKADOT,AX,A,X,346.33,233.64,1982.0,3,99%
20725,LUNCH BAG RED RETROSPOT,AX,A,X,382.91,117.84,1624.0,3,99%
84347,ROTATING SILVER ANGELS T-LIGHT HLDR,AZ,A,Z,266.16,483.44,2749.0,3,99%
85099F,JUMBO BAG STRAWBERRY,AX,A,X,354.66,221.79,1959.0,3,99%
48138,DOORMAT UNION FLAG,AY,A,Y,95.83,67.99,562.0,3,99%
23084,RABBIT NIGHT LIGHT,AZ,A,Z,54.77,1878.63,7746.0,3,99%
20685,DOORMAT RED RETROSPOT,AY,A,Y,97.1,39.47,451.0,3,99%
21137,BLACK RECORD COVER FRAME,AY,A,Y,149.11,270.87,1540.0,3,99%
21843,RED RETROSPOT CAKE STAND,AY,A,Y,58.57,30.73,300.0,3,99%
21931,JUMBO STORAGE BAG SUKI,AX,A,X,274.19,81.2,1150.0,3,99%
22502,PICNIC BASKET WICKER SMALL,AY,A,Y,40.55,4.2,139.0,3,99%
21621,VINTAGE UNION JACK BUNTING,AY,A,Y,70.66,19.54,291.0,3,99%
15056N,EDWARDIAN PARASOL NATURAL,AY,A,Y,115.2,51.44,553.0,3,99%
22114,HOT WATER BOTTLE TEA AND SYMPATHY,AY,A,Y,80.37,190.59,1010.0,3,99%
85099C,JUMBO  BAG BAROQUE BLACK WHITE,AX,A,X,288.49,125.58,1372.0,3,99%
22910,PAPER CHAIN KIT VINTAGE CHRISTMAS,AZ,A,Z,117.38,433.87,2103.0,3,99%
22112,CHOCOLATE HOT WATER BOTTLE,AY,A,Y,81.05,128.56,762.0,3,99%
22411,JUMBO SHOPPER VINTAGE RED PAISLEY,AX,A,X,249.9,131.91,1282.0,3,99%
82484,WOOD BLACK BOARD ANT WHITE FINISH,AZ,A,Z,93.47,69.54,561.0,3,99%
22470,HEART OF WICKER LARGE,AY,A,Y,154.1,184.25,1206.0,3,99%
22139,RETROSPOT TEA SET CERAMIC 11 PC,AY,A,Y,94.19,81.2,610.0,3,99%
22178,VICTORIAN GLASS HANGING T-LIGHT,AY,A,Y,358.83,271.02,2170.0,3,99%
20914,SET/5 RED RETROSPOT LID GLASS BOWLS,AX,A,X,183.56,48.79,748.0,3,99%
21212,PACK OF 72 RETROSPOT CAKE CASES,AX,A,X,940.62,256.85,3858.0,3,99%
21733,RED HANGING HEART T-LIGHT HOLDER,AY,A,Y,158.75,149.08,1078.0,3,99%
22090,PAPER BUNTING RETROSPOT,AY,A,Y,169.41,58.96,746.0,3,99%
21181,PLEASE ONE PERSON METAL SIGN,AY,A,Y,215.24,283.53,1790.0,3,99%
22111,SCOTTIE DOG HOT WATER BOTTLE,AY,A,Y,75.71,116.72,698.0,3,99%
21929,JUMBO BAG PINK VINTAGE PAISLEY,AY,A,Y,251.55,135.46,1301.0,3,99%
21232,STRAWBERRY CERAMIC TRINKET BOX,AX,A,X,368.87,135.55,1654.0,3,99%
84946,ANTIQUE SILVER TEA GLASS ETCHED,AX,A,X,323.22,281.61,2106.0,3,99%
22189,CREAM HEART CARD HOLDER,AZ,A,Z,157.24,118.97,952.0,3,99%
15056BL,EDWARDIAN PARASOL BLACK,AZ,A,Z,93.85,40.34,444.0,3,99%
22469,HEART OF WICKER SMALL,AY,A,Y,240.74,260.38,1773.0,3,99%
48194,DOORMAT HEARTS,AY,A,Y,72.42,77.07,528.0,3,99%
21731,RED TOADSTOOL LED NIGHT LIGHT,AY,A,Y,264.51,140.19,1359.0,3,99%
22457,NATURAL SLATE HEART CHALKBOARD,AY,A,Y,135.1,86.11,753.0,3,99%
82494L,WOODEN FRAME ANTIQUE WHITE,AX,A,X,142.7,63.74,685.0,3,99%
21754,HOME BUILDING BLOCK WORD,AX,A,X,76.2,12.51,279.0,3,99%
48187,DOORMAT NEW ENGLAND,AY,A,Y,66.89,74.57,502.0,3,99%
21928,JUMBO BAG SCANDINAVIAN PAISLEY,AX,A,X,235.31,78.52,1023.0,3,99%
21523,DOORMAT FANCY FONT HOME SWEET HOME,AY,A,Y,66.03,43.79,375.0,3,99%
22138,BAKING SET 9 PIECE RETROSPOT,AY,A,Y,71.04,157.68,849.0,3,99%
20727,LUNCH BAG  BLACK SKULL.,AY,A,Y,250.18,88.03,1106.0,3,99%
48185,DOORMAT FAIRY CAKE,AZ,A,Z,64.45,73.07,488.0,3,99%
21623,VINTAGE UNION JACK MEMOBOARD,AZ,A,Z,62.85,43.2,363.0,3,99%
22355,CHARLOTTE BAG SUKI DESIGN,AX,A,X,284.13,174.05,1555.0,3,99%
71477,COLOUR GLASS. STAR T-LIGHT HOLDER,AY,A,Y,134.22,148.83,1003.0,3,99%
22326,ROUND SNACK BOXES SET OF4 WOODLAND,AY,A,Y,139.53,89.34,779.0,3,99%
21175,GIN + TONIC DIET METAL SIGN,AY,A,Y,185.99,106.77,989.0,3,99%
84078A,SET/4 WHITE RETRO STORAGE CUBES,AZ,A,Z,11.49,7.34,64.0,3,99%
22383,LUNCH BAG SUKI  DESIGN,AX,A,X,243.03,120.48,1215.0,3,99%
84029E,RED WOOLLY HOTTIE WHITE HEART.,AZ,A,Z,86.59,149.72,864.0,3,99%
23298,SPOTTY BUNTING,AZ,A,Z,66.28,114.61,661.0,3,99%
84997D,PINK 3 PIECE MINI DOTS CUTLERY SET,AY,A,Y,99.8,66.94,570.0,3,99%
21915,RED  HARMONICA IN BOX,AY,A,Y,291.89,498.25,2886.0,3,99%
20728,LUNCH BAG CARS BLUE,AY,A,Y,236.44,68.79,987.0,3,99%
23203,JUMBO BAG VINTAGE DOILY,AZ,A,Z,123.61,265.0,1440.0,3,99%
82482,WOODEN PICTURE FRAME WHITE FINISH,AX,A,X,154.78,74.22,764.0,3,99%
20713,JUMBO BAG OWLS,AY,A,Y,183.47,177.13,1265.0,3,99%
22083,PAPER CHAIN KIT RETROSPOT,AY,A,Y,133.03,36.02,544.0,3,99%
85066,CREAM SWEETHEART MINI CHEST,AY,A,Y,26.13,29.1,196.0,3,99%
84997B,RED 3 PIECE MINI DOTS CUTLERY SET,AY,A,Y,91.86,54.05,494.0,3,99%
20726,LUNCH BAG WOODLAND,AY,A,Y,216.08,77.53,961.0,3,99%
82486,WOOD S/3 CABINET ANT WHITE FINISH,AX,A,X,44.2,19.4,211.0,3,99%
22960,JAM MAKING SET WITH JARS,AY,A,Y,68.63,81.0,533.0,3,99%
22699,ROSES REGENCY TEACUP AND SAUCER,AY,A,Y,114.92,70.35,629.0,3,99%
21166,COOK WITH WINE METAL SIGN,AY,A,Y,167.19,215.15,1370.0,3,99%
23284,DOORMAT KEEP CALM AND COME IN,AZ,A,Z,24.66,236.74,1029.0,3,99%
22720,SET OF 3 CAKE TINS PANTRY DESIGN,AZ,A,Z,54.33,90.45,528.0,3,99%
22629,SPACEBOY LUNCH BOX,AY,A,Y,185.0,90.22,919.0,3,99%
20712,JUMBO BAG WOODLAND ANIMALS,AY,A,Y,157.3,104.07,892.0,3,99%
21485,RETROSPOT HEART HOT WATER BOTTLE,AY,A,Y,60.1,116.36,650.0,3,99%
22727,ALARM CLOCK BAKELIKE RED,AZ,A,Z,60.58,154.45,805.0,3,99%
22328,ROUND SNACK BOXES SET OF 4 FRUITS,AY,A,Y,125.09,45.05,557.0,3,99%
21524,DOORMAT SPOTTY HOME SWEET HOME,AY,A,Y,50.62,25.57,255.0,3,99%
84997C,BLUE 3 PIECE MINI DOTS CUTLERY SET,AY,A,Y,84.37,52.74,466.0,3,99%
20724,RED RETROSPOT CHARLOTTE BAG,AX,A,X,283.76,146.24,1441.0,3,99%
21755,LOVE BUILDING BLOCK WORD,AX,A,X,56.81,14.54,229.0,3,99%
22379,RECYCLING BAG RETROSPOT,AY,A,Y,146.99,94.77,823.0,3,99%
22382,LUNCH BAG SPACEBOY DESIGN,AX,A,X,184.43,95.48,939.0,3,99%
22384,LUNCH BAG PINK POLKADOT,AX,A,X,202.39,106.27,1036.0,3,99%
22666,RECIPE BOX PANTRY YELLOW DESIGN,AY,A,Y,79.8,154.29,862.0,3,99%
22630,DOLLY GIRL LUNCH BOX,AY,A,Y,165.68,86.7,847.0,3,99%
15036,ASSORTED COLOURS SILK FAN,AY,A,Y,453.3,280.77,2493.0,3,99%
22726,ALARM CLOCK BAKELIKE GREEN,AY,A,Y,51.51,89.23,515.0,3,99%
22385,JUMBO BAG SPACEBOY DESIGN,AY,A,Y,157.47,94.96,856.0,3,99%
22865,HAND WARMER OWL DESIGN,AZ,A,Z,90.82,269.26,1359.0,3,99%
22077,6 RIBBONS RUSTIC CHARM,AX,A,X,148.08,98.03,840.0,3,99%
85152,HAND OVER THE CHOCOLATE   SIGN,AY,A,Y,142.2,163.65,1087.0,3,99%
85014B,RED RETROSPOT UMBRELLA,AZ,A,Z,58.42,33.22,309.0,3,99%
48184,DOORMAT ENGLISH ROSE,AY,A,Y,42.09,51.43,334.0,3,99%
23245,SET OF 3 REGENCY CAKE TINS,AZ,A,Z,39.63,65.54,383.0,3,99%
21479,WHITE SKULL HOT WATER BOTTLE,AZ,A,Z,47.76,110.27,588.0,3,99%
22697,GREEN REGENCY TEACUP AND SAUCER,AY,A,Y,84.13,59.87,494.0,3,99%
23199,JUMBO BAG APPLES,AZ,A,Z,110.81,208.96,1176.0,3,99%
22501,PICNIC BASKET WICKER LARGE,AZ,A,Z,27.44,5.39,104.0,3,99%
20679,EDWARDIAN PARASOL RED,AZ,A,Z,59.94,23.21,273.0,3,99%
21217,RED SPOTTY ROUND CAKE TINS,AY,A,Y,28.86,9.91,127.0,3,99%
84029G,KNITTED UNION FLAG HOT WATER BOTTLE,AZ,A,Z,57.95,66.22,441.0,3,99%
22659,LUNCH BOX I LOVE LONDON,AY,A,Y,145.41,121.58,927.0,3,99%
47590B,PINK HAPPY BIRTHDAY BUNTING,AY,A,Y,57.6,24.98,274.0,3,99%
22622,BOX OF VINTAGE ALPHABET BLOCKS,AZ,A,Z,26.52,24.39,178.0,3,99%
22158,3 HEARTS HANGING DECORATION RUSTIC,AZ,A,Z,72.11,119.45,698.0,3,99%
82483,WOOD 2 DRAWER CABINET WHITE FINISH,AX,A,X,44.68,25.19,236.0,3,99%
48188,DOORMAT WELCOME PUPPIES,AZ,A,Z,48.85,42.41,318.0,3,99%
20971,PINK BLUE FELT CRAFT TRINKET BOX,AZ,A,Z,163.47,439.33,2263.0,3,99%
84978,HANGING HEART JAR T-LIGHT HOLDER,AX,A,X,208.26,97.24,1017.0,3,99%
22866,HAND WARMER SCOTTY DOG DESIGN,AZ,A,Z,83.2,193.4,1030.0,3,99%
22467,GUMBALL COAT RACK,AY,A,Y,99.16,105.62,724.0,3,99%
22752,SET 7 BABUSHKA NESTING BOXES,AZ,A,Z,30.26,39.81,251.0,3,99%
21977,PACK OF 60 PINK PAISLEY CAKE CASES,AX,A,X,556.43,296.91,2868.0,3,99%
22188,BLACK HEART CARD HOLDER,AZ,A,Z,103.04,97.87,704.0,3,99%
82583,HOT BATHS METAL SIGN,AY,A,Y,103.89,159.83,957.0,3,99%
23201,JUMBO BAG ALPHABET,AZ,A,Z,85.58,192.2,1032.0,3,99%
22492,MINI PAINT SET VINTAGE,AY,A,Y,377.16,351.9,2552.0,3,99%
20719,WOODLAND CHARLOTTE BAG,AX,A,X,227.63,70.8,969.0,3,99%
47566B,TEA TIME PARTY BUNTING,AY,A,Y,63.67,15.06,252.0,3,99%
22624,IVORY KITCHEN SCALES,AY,A,Y,28.17,27.33,195.0,3,99%
21930,JUMBO STORAGE BAG SKULLS,AX,A,X,122.55,73.8,665.0,3,99%
72741,GRAND CHOCOLATECANDLE,AY,A,Y,190.01,100.38,975.0,3,99%
22835,HOT WATER BOTTLE I AM SO POORLY,AZ,A,Z,35.69,77.35,419.0,3,99%
84991,60 TEATIME FAIRY CAKE CASES,AX,A,X,534.57,183.0,2342.0,3,99%
22961,JAM MAKING SET PRINTED,AY,A,Y,129.24,142.73,964.0,3,99%
20750,RED RETROSPOT MINI CASES,AX,A,X,34.44,16.34,169.0,3,99%
71459,HANGING JAM JAR T-LIGHT HOLDER,AY,A,Y,329.46,134.41,1531.0,3,99%
22734,SET OF 6 RIBBONS VINTAGE CHRISTMAS,AZ,A,Z,75.08,160.73,874.0,3,99%
22149,FELTCRAFT 6 FLOWER FRIENDS,AY,A,Y,111.67,192.54,1112.0,3,99%
22867,HAND WARMER BIRD DESIGN,AZ,A,Z,80.35,163.79,902.0,3,99%
48111,DOORMAT 3 SMILEY CATS,AZ,A,Z,38.7,43.19,290.0,3,99%
22551,PLASTERS IN TIN SPACEBOY,AY,A,Y,137.96,74.87,716.0,3,99%
82600,NO SINGING METAL SIGN,AY,A,Y,114.99,188.22,1105.0,3,99%
20711,JUMBO BAG TOYS,AY,A,Y,124.73,73.01,669.0,3,99%
21481,FAWN BLUE HOT WATER BOTTLE,AY,A,Y,72.89,59.66,459.0,3,99%
22507,MEMO BOARD RETROSPOT  DESIGN,AZ,A,Z,49.67,46.69,337.0,3,99%
37503,TEA TIME CAKE STAND IN GIFT BOX,AZ,A,Z,26.55,0.0,80.0,3,99%
22087,PAPER BUNTING WHITE LACE,AY,A,Y,84.57,48.38,449.0,3,99%
21080,SET/20 RED RETROSPOT PAPER NAPKINS,AX,A,X,306.66,67.61,1193.0,3,99%
21108,FAIRY CAKE FLANNEL ASSORTED COLOUR,AZ,A,Z,103.72,202.26,1127.0,3,99%
84755,COLOUR GLASS T-LIGHT HOLDER HANGING,AY,A,Y,409.84,185.04,1976.0,3,99%
22084,PAPER CHAIN KIT EMPIRE,AZ,A,Z,94.53,2.07,292.0,3,99%
21527,RED RETROSPOT TRADITIONAL TEAPOT,AY,A,Y,36.13,2.14,117.0,3,99%
23173,REGENCY TEAPOT ROSES,AZ,A,Z,23.74,53.58,287.0,3,99%
20972,PINK CREAM FELT CRAFT TRINKET BOX,AY,A,Y,193.35,66.3,848.0,3,99%
21314,SMALL GLASS HEART TRINKET POT,AY,A,Y,109.13,48.17,522.0,3,99%
84836,ZINC METAL HEART DECORATION,AY,A,Y,193.65,78.9,899.0,3,99%
84077,WORLD WAR 2 GLIDERS ASSTD DESIGNS,AY,A,Y,962.13,480.64,4826.0,3,99%
22722,SET OF 6 SPICE TINS PANTRY DESIGN,AZ,A,Z,36.74,174.27,814.0,3,99%
22698,PINK REGENCY TEACUP AND SAUCER,AY,A,Y,69.26,56.79,437.0,3,99%
22728,ALARM CLOCK BAKELIKE PINK,AZ,A,Z,43.87,79.23,451.0,3,99%
48173C,DOORMAT BLACK FLOCK,AZ,A,Z,41.19,33.52,259.0,3,99%
21231,SWEETHEART CERAMIC TRINKET BOX,AY,A,Y,189.68,90.89,936.0,3,99%
47590A,BLUE HAPPY BIRTHDAY BUNTING,AY,A,Y,46.98,21.93,229.0,3,99%
22171,3 HOOK PHOTO SHELF ANTIQUE WHITE,AZ,A,Z,32.29,20.63,180.0,3,99%
23344,JUMBO BAG 50'S CHRISTMAS,AZ,A,Z,16.51,447.36,1855.0,3,99%
21955,DOORMAT UNION JACK GUNS AND ROSES,AZ,A,Z,40.24,27.83,233.0,3,99%
21790,VINTAGE SNAP CARDS,AY,A,Y,227.2,171.34,1373.0,3,99%
23243,SET OF TEA COFFEE SUGAR TINS PANTRY,AZ,A,Z,21.8,180.74,795.0,3,99%
22605,WOODEN CROQUET GARDEN SET,AZ,A,Z,18.39,6.47,81.0,3,99%
22625,RED KITCHEN SCALES,AY,A,Y,23.69,19.28,149.0,3,99%
84406B,CREAM CUPID HEARTS COAT HANGER,AY,A,Y,74.26,28.41,337.0,3,99%
22607,WOODEN ROUNDERS GARDEN SET,AY,A,Y,25.91,9.7,117.0,3,99%
21791,VINTAGE HEADS AND TAILS CARD GAME,AY,A,Y,158.68,107.95,912.0,3,99%
22554,PLASTERS IN TIN WOODLAND ANIMALS,AY,A,Y,117.13,85.63,697.0,3,99%
21936,RED RETROSPOT PICNIC BAG,AY,A,Y,81.72,55.33,468.0,3,99%
84970S,HANGING HEART ZINC T-LIGHT HOLDER,AX,A,X,270.55,64.76,1073.0,3,99%
22556,PLASTERS IN TIN CIRCUS PARADE,AY,A,Y,124.92,49.07,573.0,3,99%
37449,CERAMIC CAKE STAND + HANGING CAKES,AY,A,Y,24.37,9.96,113.0,3,99%
85014A,BLACK/BLUE POLKADOT UMBRELLA,AZ,A,Z,45.98,16.93,206.0,3,99%
20749,ASSORTED COLOUR MINI CASES,AY,A,Y,25.69,32.74,209.0,3,99%
22113,GREY HEART HOT WATER BOTTLE,AZ,A,Z,43.26,93.11,506.0,3,99%
22585,PACK OF 6 BIRDY GIFT TAGS,AY,A,Y,162.99,150.06,1095.0,3,99%
23202,JUMBO BAG VINTAGE LEAF,AZ,A,Z,75.14,111.29,675.0,3,99%
22499,WOODEN UNION JACK BUNTING,AY,A,Y,37.38,4.62,131.0,3,99%
22941,CHRISTMAS LIGHTS 10 REINDEER,AZ,A,Z,13.61,59.91,283.0,3,99%
21210,SET OF 72 RETROSPOT PAPER  DOILIES,AY,A,Y,142.55,78.54,745.0,3,99%
22456,NATURAL SLATE CHALKBOARD LARGE,AY,A,Y,42.55,11.39,174.0,3,99%
22969,HOMEMADE JAM SCENTED CANDLES,AZ,A,Z,118.23,153.37,974.0,3,99%
21213,PACK OF 72 SKULL CAKE CASES,AY,A,Y,394.41,182.11,1918.0,3,99%
21258,VICTORIAN SEWING BOX LARGE,AZ,A,Z,14.01,10.87,86.0,3,99%
23209,LUNCH BAG VINTAGE DOILY,AZ,A,Z,93.12,136.95,832.0,3,99%
85048,15CM CHRISTMAS GLASS BALL 20 LIGHTS,AZ,A,Z,17.23,42.3,222.0,3,99%
22570,FELTCRAFT CUSHION RABBIT,AY,A,Y,50.92,78.03,468.0,3,99%
22424,ENAMEL BREAD BIN CREAM,AY,A,Y,13.83,7.61,72.0,3,99%
23206,LUNCH BAG APPLE DESIGN,AZ,A,Z,96.11,149.46,891.0,3,99%
84997A,GREEN 3 PIECE MINI DOTS CUTLERY SET,AY,A,Y,49.61,36.47,296.0,3,99%
22294,HEART FILIGREE DOVE  SMALL,AY,A,Y,163.87,71.58,781.0,3,99%
22356,CHARLOTTE BAG PINK POLKADOT,AX,A,X,183.59,76.62,860.0,3,99%
21218,RED SPOTTY BISCUIT TIN,AY,A,Y,51.95,30.66,280.0,3,99%
48116,DOORMAT MULTICOLOUR STRIPE,AZ,A,Z,31.58,52.86,308.0,3,99%
22632,HAND WARMER RED RETROSPOT,AZ,A,Z,78.44,124.74,739.0,3,99%
22617,BAKING SET SPACEBOY DESIGN,AY,A,Y,34.24,58.72,340.0,3,99%
22693,GROW A FLYTRAP OR SUNFLOWER IN TIN,AZ,A,Z,165.38,92.84,871.0,3,99%
20723,STRAWBERRY CHARLOTTE BAG,AX,A,X,169.04,68.56,784.0,3,99%
21559,STRAWBERRY LUNCH BOX WITH CUTLERY,AX,A,X,78.53,43.59,411.0,3,99%
22568,FELTCRAFT CUSHION OWL,AY,A,Y,42.48,79.18,447.0,3,99%
85150,LADIES & GENTLEMEN METAL SIGN,AY,A,Y,79.59,24.83,339.0,3,99%
21216,"SET 3 RETROSPOT TEA,COFFEE,SUGAR",AY,A,Y,37.08,19.86,191.0,3,99%
22273,FELTCRAFT DOLL MOLLY,AZ,A,Z,47.17,194.14,925.0,3,99%
22569,FELTCRAFT CUSHION BUTTERFLY,AY,A,Y,51.72,71.18,442.0,3,99%
21622,VINTAGE UNION JACK CUSHION COVER,AZ,A,Z,39.62,7.45,149.0,3,99%
22900,SET 2 TEA TOWELS I LOVE LONDON,AZ,A,Z,53.84,40.51,325.0,3,99%
22413,METAL SIGN TAKE IT OR LEAVE IT,AZ,A,Z,53.32,142.26,734.0,3,99%
48129,DOORMAT TOPIARY,AZ,A,Z,29.12,29.96,208.0,3,99%
22381,TOY TIDY PINK POLKADOT,AY,A,Y,87.52,58.01,497.0,3,99%
21174,POTTERING IN THE SHED METAL SIGN,AY,A,Y,84.12,100.9,660.0,3,99%
22558,CLOTHES PEGS RETROSPOT PACK 24,AY,A,Y,126.11,60.91,624.0,3,99%
22169,FAMILY ALBUM WHITE PICTURE FRAME,AY,A,Y,19.42,20.33,140.0,3,99%
22561,WOODEN SCHOOL COLOURING SET,AY,A,Y,102.67,36.28,454.0,3,99%
21340,CLASSIC METAL BIRDCAGE PLANT HOLDER,AY,A,Y,16.68,10.15,91.0,3,99%
22427,ENAMEL FLOWER JUG CREAM,AY,A,Y,31.43,33.96,231.0,3,99%
22952,60 CAKE CASES VINTAGE CHRISTMAS,AZ,A,Z,232.42,399.97,2311.0,3,99%
21908,CHOCOLATE THIS WAY METAL SIGN,AY,A,Y,89.73,70.8,555.0,3,99%
22061,LARGE CAKE STAND  HANGING STRAWBERY,AY,A,Y,20.26,20.12,142.0,3,99%
84949,SILVER HANGING T-LIGHT HOLDER,AY,A,Y,107.65,113.29,780.0,3,99%
71053,WHITE METAL LANTERN,AY,A,Y,47.98,24.0,241.0,3,99%
84947,ANTIQUE SILVER TEA GLASS ENGRAVED,AY,A,Y,132.32,169.16,1080.0,3,99%
47591D,PINK FAIRY CAKE CHILDRENS APRON,AY,A,Y,89.65,75.92,575.0,3,99%
22555,PLASTERS IN TIN STRONGMAN,AY,A,Y,105.04,43.87,492.0,3,99%
21035,SET/2 RED RETROSPOT TEA TOWELS,AY,A,Y,57.59,48.86,370.0,3,99%
22041,"RECORD FRAME 7"" SINGLE SIZE",AY,A,Y,66.2,55.57,423.0,3,99%
21121,SET/10 RED POLKADOT PARTY CANDLES,AY,A,Y,147.82,86.75,794.0,3,99%
22847,BREAD BIN DINER STYLE IVORY,AY,A,Y,9.29,14.69,87.0,3,99%
21484,CHICK GREY HOT WATER BOTTLE,AZ,A,Z,39.31,56.51,346.0,3,99%
21430,SET/3 RED GINGHAM ROSE STORAGE BOX,AY,A,Y,43.98,37.15,282.0,3,99%
22505,MEMO BOARD COTTAGE DESIGN,AY,A,Y,36.72,15.96,175.0,3,99%
22147,FELTCRAFT BUTTERFLY HEARTS,AY,A,Y,108.33,220.48,1215.0,3,99%
22560,TRADITIONAL MODELLING CLAY,AY,A,Y,120.95,166.38,1034.0,3,99%
22352,LUNCH BOX WITH CUTLERY RETROSPOT,AX,A,X,68.18,33.12,338.0,3,99%
22297,HEART IVORY TRELLIS SMALL,AY,A,Y,139.22,37.8,570.0,3,99%
84945,MULTI COLOUR SILVER T-LIGHT HOLDER,AY,A,Y,186.69,193.86,1342.0,3,99%
84970L,SINGLE HEART ZINC T-LIGHT HOLDER,AX,A,X,176.74,66.56,799.0,3,99%
21914,BLUE HARMONICA IN BOX,AY,A,Y,100.61,135.57,849.0,3,99%
22633,HAND WARMER UNION JACK,AZ,A,Z,53.52,180.14,888.0,3,99%
22776,SWEETHEART CAKESTAND 3 TIER,AY,A,Y,15.48,10.0,87.0,3,99%
21136,PAINTED METAL PEARS ASSORTED,AY,A,Y,96.11,43.67,465.0,3,99%
20718,RED RETROSPOT SHOPPER BAG,AX,A,X,129.99,50.38,593.0,3,99%
22557,PLASTERS IN TIN VINTAGE PAISLEY,AY,A,Y,95.25,39.1,444.0,3,99%
84992,72 SWEETHEART FAIRY CAKE CASES,AY,A,Y,343.78,133.38,1570.0,3,99%
22366,DOORMAT AIRMAIL,AZ,A,Z,23.15,22.89,162.0,3,99%
21889,WOODEN BOX OF DOMINOES,AY,A,Y,104.23,103.17,729.0,3,99%
23240,SET OF 4 KNICK KNACK TINS DOILY,AZ,A,Z,25.34,32.22,206.0,3,99%
21156,RETROSPOT CHILDRENS APRON,AY,A,Y,84.57,69.64,535.0,3,99%
22654,DELUXE SEWING KIT,AY,A,Y,23.17,19.84,150.0,3,99%
21535,RED RETROSPOT SMALL MILK JUG,AY,A,Y,66.4,32.57,331.0,3,99%
22652,TRAVEL SEWING KIT,AY,A,Y,95.94,124.79,791.0,3,99%
21533,RETRO SPOT LARGE MILK JUG,AX,A,X,34.05,18.97,179.0,3,99%
21164,HOME SWEET HOME METAL SIGN,AY,A,Y,61.58,18.61,260.0,3,99%
72760B,VINTAGE CREAM 3 BASKET CAKE STAND,AY,A,Y,17.6,2.83,64.0,3,99%
22993,SET OF 4 PANTRY JELLY MOULDS,AY,A,Y,90.72,98.97,672.0,3,99%
22837,HOT WATER BOTTLE BABUSHKA,AZ,A,Z,37.98,0.71,117.0,3,99%
22487,WHITE WOOD GARDEN PLANT LADDER,AY,A,Y,15.57,6.89,75.0,3,99%
21155,RED RETROSPOT PEG BAG,AY,A,Y,64.95,21.5,282.0,3,99%
23301,GARDENERS KNEELING PAD KEEP CALM,AZ,A,Z,36.48,306.31,1346.0,3,99%
22191,IVORY DINER WALL CLOCK,AZ,A,Z,17.7,16.25,119.0,3,99%
22662,LUNCH BAG DOLLY GIRL DESIGN,AY,A,Y,92.73,75.83,584.0,3,99%
35004C,SET OF 3 COLOURED  FLYING DUCKS,AZ,A,Z,32.97,0.0,99.0,3,99%
22296,HEART IVORY TRELLIS LARGE,AY,A,Y,100.4,39.76,462.0,3,99%
22193,RED DINER WALL CLOCK,AY,A,Y,14.13,22.71,134.0,3,99%
22634,CHILDS BREAKFAST SET SPACEBOY,AY,A,Y,15.72,8.02,80.0,3,99%
21877,HOME SWEET HOME MUG,AY,A,Y,136.73,113.66,869.0,3,99%
22692,DOORMAT WELCOME TO OUR HOME,AZ,A,Z,16.84,32.18,180.0,3,99%
22759,SET OF 3 NOTEBOOKS IN PARCEL,AY,A,Y,72.61,146.16,808.0,3,99%
22690,DOORMAT HOME SWEET HOME BLUE,AZ,A,Z,22.57,25.05,169.0,3,99%
22635,CHILDS BREAKFAST SET DOLLY GIRL,AY,A,Y,15.95,6.75,75.0,3,99%
22367,CHILDRENS APRON SPACEBOY DESIGN,AX,A,X,71.55,50.4,418.0,3,99%
84375,SET OF 20 KIDS COOKIE CUTTERS,AY,A,Y,66.85,62.16,451.0,3,99%
22170,PICTURE FRAME WOOD TRIPLE PORTRAIT,AY,A,Y,21.6,23.68,160.0,3,99%
22619,SET OF 6 SOLDIER SKITTLES,AY,A,Y,31.68,46.94,284.0,3,99%
22333,RETROSPOT PARTY BAG + STICKER SET,AY,A,Y,96.05,55.09,510.0,3,99%
85232B,SET/3 RUSSIAN DOLL STACKING TINS,AZ,A,Z,33.23,1.88,107.0,3,99%
21891,TRADITIONAL WOODEN SKIPPING ROPE,AY,A,Y,98.17,171.73,988.0,3,99%
22173,METAL 4 HOOK HANGER FRENCH CHATEAU,AY,A,Y,46.99,23.76,237.0,3,99%
22749,FELTCRAFT PRINCESS CHARLOTTE DOLL,AY,A,Y,28.84,60.44,330.0,3,99%
84378,SET OF 3 HEART COOKIE CUTTERS,AY,A,Y,100.09,131.81,832.0,3,99%
21844,RED RETROSPOT MUG,AY,A,Y,52.54,34.01,295.0,3,99%
22940,FELTCRAFT CHRISTMAS FAIRY,AZ,A,Z,25.85,36.71,226.0,3,99%
21094,SET/6 RED SPOTTY PAPER PLATES,AY,A,Y,195.53,103.83,1006.0,3,99%
22365,DOORMAT RESPECTABLE HOUSE,AZ,A,Z,20.12,29.69,180.0,3,99%
22909,SET OF 20 VINTAGE CHRISTMAS NAPKINS,AZ,A,Z,114.67,297.7,1545.0,3,99%
21975,PACK OF 60 DINOSAUR CAKE CASES,AY,A,Y,308.08,180.5,1653.0,3,99%
21165,BEWARE OF THE CAT METAL SIGN,AY,A,Y,89.96,57.9,504.0,3,99%
35970,ZINC FOLKART SLEIGH BELLS,AZ,A,Z,43.29,220.69,1021.0,3,99%
82582,AREA PATROLLED METAL SIGN,AY,A,Y,64.27,72.94,487.0,3,99%
22946,WOODEN ADVENT CALENDAR CREAM,AZ,A,Z,7.57,14.61,82.0,3,99%
21122,SET/10 PINK POLKADOT PARTY CANDLES,AY,A,Y,121.74,55.59,590.0,3,99%
22606,WOODEN SKITTLES GARDEN SET,AZ,A,Z,11.33,3.71,49.0,3,99%
22730,ALARM CLOCK BAKELIKE IVORY,AY,A,Y,26.13,44.67,259.0,3,99%
21770,OPEN CLOSED METAL SIGN,AZ,A,Z,26.42,18.99,156.0,3,99%
17003,BROCADE RING PURSE,AZ,A,Z,696.42,348.55,3496.0,3,99%
21912,VINTAGE SNAKES & LADDERS,AY,A,Y,32.96,28.23,213.0,3,99%
22423,REGENCY CAKESTAND 3 TIER,AX,A,X,251.85,79.99,1212.0,4,90%
85123A,WHITE HANGING HEART T-LIGHT HOLDER,AX,A,X,920.37,285.42,4412.0,4,90%
85099B,JUMBO BAG RED RETROSPOT,AX,A,X,877.32,482.95,4746.0,4,90%
47566,PARTY BUNTING,AY,A,Y,277.99,173.56,1556.0,4,90%
84879,ASSORTED COLOUR BIRD ORNAMENT,AY,A,Y,737.17,240.32,3564.0,4,90%
22086,PAPER CHAIN KIT 50'S CHRISTMAS,AZ,A,Z,216.7,681.73,2612.0,4,90%
23166,MEDIUM CERAMIC TOP STORAGE JAR,AZ,A,Z,824.81,722.9,5150.0,4,90%
79321,CHILLI LIGHTS,AY,A,Y,130.52,188.96,1006.0,4,90%
22197,SMALL POPCORN HOLDER,AY,A,Y,656.61,1332.55,6038.0,4,90%
22386,JUMBO BAG PINK POLKADOT,AX,A,X,346.33,233.64,1983.0,4,90%
20725,LUNCH BAG RED RETROSPOT,AX,A,X,382.91,117.84,1833.0,4,90%
84347,ROTATING SILVER ANGELS T-LIGHT HLDR,AZ,A,Z,266.16,483.44,2302.0,4,90%
85099F,JUMBO BAG STRAWBERRY,AX,A,X,354.66,221.79,1986.0,4,90%
48138,DOORMAT UNION FLAG,AY,A,Y,95.83,67.99,557.0,4,90%
23084,RABBIT NIGHT LIGHT,AZ,A,Z,54.77,1878.63,5028.0,4,90%
20685,DOORMAT RED RETROSPOT,AY,A,Y,97.1,39.47,489.0,4,90%
21137,BLACK RECORD COVER FRAME,AY,A,Y,149.11,270.87,1290.0,4,90%
21843,RED RETROSPOT CAKE STAND,AY,A,Y,58.57,30.73,313.0,4,90%
21931,JUMBO STORAGE BAG SUKI,AX,A,X,274.19,81.2,1305.0,4,90%
22502,PICNIC BASKET WICKER SMALL,AY,A,Y,40.55,4.2,173.0,4,90%
21621,VINTAGE UNION JACK BUNTING,AY,A,Y,70.66,19.54,333.0,4,90%
15056N,EDWARDIAN PARASOL NATURAL,AY,A,Y,115.2,51.44,593.0,4,90%
22114,HOT WATER BOTTLE TEA AND SYMPATHY,AY,A,Y,80.37,190.59,809.0,4,90%
85099C,JUMBO  BAG BAROQUE BLACK WHITE,AX,A,X,288.49,125.58,1475.0,4,90%
22910,PAPER CHAIN KIT VINTAGE CHRISTMAS,AZ,A,Z,117.38,433.87,1580.0,4,90%
22112,CHOCOLATE HOT WATER BOTTLE,AY,A,Y,81.05,128.56,653.0,4,90%
22411,JUMBO SHOPPER VINTAGE RED PAISLEY,AX,A,X,249.9,131.91,1337.0,4,90%
82484,WOOD BLACK BOARD ANT WHITE FINISH,AZ,A,Z,93.47,69.54,552.0,4,90%
22470,HEART OF WICKER LARGE,AY,A,Y,154.1,184.25,1088.0,4,90%
22139,RETROSPOT TEA SET CERAMIC 11 PC,AY,A,Y,94.19,81.2,585.0,4,90%
22178,VICTORIAN GLASS HANGING T-LIGHT,AY,A,Y,358.83,271.02,2129.0,4,90%
20914,SET/5 RED RETROSPOT LID GLASS BOWLS,AX,A,X,183.56,48.79,859.0,4,90%
21212,PACK OF 72 RETROSPOT CAKE CASES,AX,A,X,940.62,256.85,4420.0,4,90%
21733,RED HANGING HEART T-LIGHT HOLDER,AY,A,Y,158.75,149.08,1017.0,4,90%
22090,PAPER BUNTING RETROSPOT,AY,A,Y,169.41,58.96,829.0,4,90%
21181,PLEASE ONE PERSON METAL SIGN,AY,A,Y,215.24,283.53,1587.0,4,90%
22111,SCOTTIE DOG HOT WATER BOTTLE,AY,A,Y,75.71,116.72,602.0,4,90%
21929,JUMBO BAG PINK VINTAGE PAISLEY,AY,A,Y,251.55,135.46,1353.0,4,90%
21232,STRAWBERRY CERAMIC TRINKET BOX,AX,A,X,368.87,135.55,1822.0,4,90%
84946,ANTIQUE SILVER TEA GLASS ETCHED,AX,A,X,323.22,281.61,2014.0,4,90%
22189,CREAM HEART CARD HOLDER,AZ,A,Z,157.24,118.97,934.0,4,90%
15056BL,EDWARDIAN PARASOL BLACK,AZ,A,Z,93.85,40.34,479.0,4,90%
22469,HEART OF WICKER SMALL,AY,A,Y,240.74,260.38,1630.0,4,90%
48194,DOORMAT HEARTS,AY,A,Y,72.42,77.07,487.0,4,90%
21731,RED TOADSTOOL LED NIGHT LIGHT,AY,A,Y,264.51,140.19,1417.0,4,90%
22457,NATURAL SLATE HEART CHALKBOARD,AY,A,Y,135.1,86.11,761.0,4,90%
82494L,WOODEN FRAME ANTIQUE WHITE,AX,A,X,142.7,63.74,734.0,4,90%
21754,HOME BUILDING BLOCK WORD,AX,A,X,76.2,12.51,337.0,4,90%
48187,DOORMAT NEW ENGLAND,AY,A,Y,66.89,74.57,458.0,4,90%
21928,JUMBO BAG SCANDINAVIAN PAISLEY,AX,A,X,235.31,78.52,1142.0,4,90%
21523,DOORMAT FANCY FONT HOME SWEET HOME,AY,A,Y,66.03,43.79,376.0,4,90%
22138,BAKING SET 9 PIECE RETROSPOT,AY,A,Y,71.04,157.68,688.0,4,90%
20727,LUNCH BAG  BLACK SKULL.,AY,A,Y,250.18,88.03,1226.0,4,90%
48185,DOORMAT FAIRY CAKE,AZ,A,Z,64.45,73.07,445.0,4,90%
21623,VINTAGE UNION JACK MEMOBOARD,AZ,A,Z,62.85,43.2,362.0,4,90%
22355,CHARLOTTE BAG SUKI DESIGN,AX,A,X,284.13,174.05,1582.0,4,90%
71477,COLOUR GLASS. STAR T-LIGHT HOLDER,AY,A,Y,134.22,148.83,918.0,4,90%
22326,ROUND SNACK BOXES SET OF4 WOODLAND,AY,A,Y,139.53,89.34,787.0,4,90%
21175,GIN + TONIC DIET METAL SIGN,AY,A,Y,185.99,106.77,1017.0,4,90%
84078A,SET/4 WHITE RETRO STORAGE CUBES,AZ,A,Z,11.49,7.34,65.0,4,90%
22383,LUNCH BAG SUKI  DESIGN,AX,A,X,243.03,120.48,1281.0,4,90%
84029E,RED WOOLLY HOTTIE WHITE HEART.,AZ,A,Z,86.59,149.72,730.0,4,90%
23298,SPOTTY BUNTING,AZ,A,Z,66.28,114.61,559.0,4,90%
84997D,PINK 3 PIECE MINI DOTS CUTLERY SET,AY,A,Y,99.8,66.94,571.0,4,90%
21915,RED  HARMONICA IN BOX,AY,A,Y,291.89,498.25,2443.0,4,90%
20728,LUNCH BAG CARS BLUE,AY,A,Y,236.44,68.79,1122.0,4,90%
23203,JUMBO BAG VINTAGE DOILY,AZ,A,Z,123.61,265.0,1173.0,4,90%
82482,WOODEN PICTURE FRAME WHITE FINISH,AX,A,X,154.78,74.22,809.0,4,90%
20713,JUMBO BAG OWLS,AY,A,Y,183.47,177.13,1187.0,4,90%
22083,PAPER CHAIN KIT RETROSPOT,AY,A,Y,133.03,36.02,624.0,4,90%
85066,CREAM SWEETHEART MINI CHEST,AY,A,Y,26.13,29.1,179.0,4,90%
84997B,RED 3 PIECE MINI DOTS CUTLERY SET,AY,A,Y,91.86,54.05,506.0,4,90%
20726,LUNCH BAG WOODLAND,AY,A,Y,216.08,77.53,1063.0,4,90%
82486,WOOD S/3 CABINET ANT WHITE FINISH,AX,A,X,44.2,19.4,226.0,4,90%
22960,JAM MAKING SET WITH JARS,AY,A,Y,68.63,81.0,482.0,4,90%
22699,ROSES REGENCY TEACUP AND SAUCER,AY,A,Y,114.92,70.35,640.0,4,90%
21166,COOK WITH WINE METAL SIGN,AY,A,Y,167.19,215.15,1220.0,4,90%
23284,DOORMAT KEEP CALM AND COME IN,AZ,A,Z,24.66,236.74,705.0,4,90%
22720,SET OF 3 CAKE TINS PANTRY DESIGN,AZ,A,Z,54.33,90.45,449.0,4,90%
22629,SPACEBOY LUNCH BOX,AY,A,Y,185.0,90.22,971.0,4,90%
20712,JUMBO BAG WOODLAND ANIMALS,AY,A,Y,157.3,104.07,896.0,4,90%
21485,RETROSPOT HEART HOT WATER BOTTLE,AY,A,Y,60.1,116.36,538.0,4,90%
22727,ALARM CLOCK BAKELIKE RED,AZ,A,Z,60.58,154.45,638.0,4,90%
22328,ROUND SNACK BOXES SET OF 4 FRUITS,AY,A,Y,125.09,45.05,616.0,4,90%
21524,DOORMAT SPOTTY HOME SWEET HOME,AY,A,Y,50.62,25.57,268.0,4,90%
84997C,BLUE 3 PIECE MINI DOTS CUTLERY SET,AY,A,Y,84.37,52.74,472.0,4,90%
20724,RED RETROSPOT CHARLOTTE BAG,AX,A,X,283.76,146.24,1509.0,4,90%
21755,LOVE BUILDING BLOCK WORD,AX,A,X,56.81,14.54,264.0,4,90%
22379,RECYCLING BAG RETROSPOT,AY,A,Y,146.99,94.77,831.0,4,90%
22382,LUNCH BAG SPACEBOY DESIGN,AX,A,X,184.43,95.48,982.0,4,90%
22384,LUNCH BAG PINK POLKADOT,AX,A,X,202.39,106.27,1082.0,4,90%
22666,RECIPE BOX PANTRY YELLOW DESIGN,AY,A,Y,79.8,154.29,714.0,4,90%
22630,DOLLY GIRL LUNCH BOX,AY,A,Y,165.68,86.7,885.0,4,90%
15036,ASSORTED COLOURS SILK FAN,AY,A,Y,453.3,280.77,2532.0,4,90%
22726,ALARM CLOCK BAKELIKE GREEN,AY,A,Y,51.51,89.23,434.0,4,90%
22385,JUMBO BAG SPACEBOY DESIGN,AY,A,Y,157.47,94.96,873.0,4,90%
22865,HAND WARMER OWL DESIGN,AZ,A,Z,90.82,269.26,1053.0,4,90%
22077,6 RIBBONS RUSTIC CHARM,AX,A,X,148.08,98.03,843.0,4,90%
85152,HAND OVER THE CHOCOLATE   SIGN,AY,A,Y,142.2,163.65,988.0,4,90%
85014B,RED RETROSPOT UMBRELLA,AZ,A,Z,58.42,33.22,319.0,4,90%
48184,DOORMAT ENGLISH ROSE,AY,A,Y,42.09,51.43,300.0,4,90%
23245,SET OF 3 REGENCY CAKE TINS,AZ,A,Z,39.63,65.54,326.0,4,90%
21479,WHITE SKULL HOT WATER BOTTLE,AZ,A,Z,47.76,110.27,473.0,4,90%
22697,GREEN REGENCY TEACUP AND SAUCER,AY,A,Y,84.13,59.87,490.0,4,90%
23199,JUMBO BAG APPLES,AZ,A,Z,110.81,208.96,978.0,4,90%
22501,PICNIC BASKET WICKER LARGE,AZ,A,Z,27.44,5.39,124.0,4,90%
20679,EDWARDIAN PARASOL RED,AZ,A,Z,59.94,23.21,299.0,4,90%
21217,RED SPOTTY ROUND CAKE TINS,AY,A,Y,28.86,9.91,141.0,4,90%
84029G,KNITTED UNION FLAG HOT WATER BOTTLE,AZ,A,Z,57.95,66.22,401.0,4,90%
22659,LUNCH BOX I LOVE LONDON,AY,A,Y,145.41,121.58,893.0,4,90%
47590B,PINK HAPPY BIRTHDAY BUNTING,AY,A,Y,57.6,24.98,294.0,4,90%
22622,BOX OF VINTAGE ALPHABET BLOCKS,AZ,A,Z,26.52,24.39,169.0,4,90%
22158,3 HEARTS HANGING DECORATION RUSTIC,AZ,A,Z,72.11,119.45,594.0,4,90%
82483,WOOD 2 DRAWER CABINET WHITE FINISH,AX,A,X,44.68,25.19,243.0,4,90%
48188,DOORMAT WELCOME PUPPIES,AZ,A,Z,48.85,42.41,304.0,4,90%
20971,PINK BLUE FELT CRAFT TRINKET BOX,AZ,A,Z,163.47,439.33,1779.0,4,90%
84978,HANGING HEART JAR T-LIGHT HOLDER,AX,A,X,208.26,97.24,1082.0,4,90%
22866,HAND WARMER SCOTTY DOG DESIGN,AZ,A,Z,83.2,193.4,828.0,4,90%
22467,GUMBALL COAT RACK,AY,A,Y,99.16,105.62,667.0,4,90%
22752,SET 7 BABUSHKA NESTING BOXES,AZ,A,Z,30.26,39.81,223.0,4,90%
21977,PACK OF 60 PINK PAISLEY CAKE CASES,AX,A,X,556.43,296.91,2986.0,4,90%
22188,BLACK HEART CARD HOLDER,AZ,A,Z,103.04,97.87,663.0,4,90%
82583,HOT BATHS METAL SIGN,AY,A,Y,103.89,159.83,825.0,4,90%
23201,JUMBO BAG ALPHABET,AZ,A,Z,85.58,192.2,834.0,4,90%
22492,MINI PAINT SET VINTAGE,AY,A,Y,377.16,351.9,2409.0,4,90%
20719,WOODLAND CHARLOTTE BAG,AX,A,X,227.63,70.8,1092.0,4,90%
47566B,TEA TIME PARTY BUNTING,AY,A,Y,63.67,15.06,293.0,4,90%
22624,IVORY KITCHEN SCALES,AY,A,Y,28.17,27.33,183.0,4,90%
21930,JUMBO STORAGE BAG SKULLS,AX,A,X,122.55,73.8,679.0,4,90%
72741,GRAND CHOCOLATECANDLE,AY,A,Y,190.01,100.38,1017.0,4,90%
22835,HOT WATER BOTTLE I AM SO POORLY,AZ,A,Z,35.69,77.35,341.0,4,90%
84991,60 TEATIME FAIRY CAKE CASES,AX,A,X,534.57,183.0,2607.0,4,90%
22961,JAM MAKING SET PRINTED,AY,A,Y,129.24,142.73,882.0,4,90%
20750,RED RETROSPOT MINI CASES,AX,A,X,34.44,16.34,180.0,4,90%
71459,HANGING JAM JAR T-LIGHT HOLDER,AY,A,Y,329.46,134.41,1662.0,4,90%
22734,SET OF 6 RIBBONS VINTAGE CHRISTMAS,AZ,A,Z,75.08,160.73,712.0,4,90%
22149,FELTCRAFT 6 FLOWER FRIENDS,AY,A,Y,111.67,192.54,940.0,4,90%
22867,HAND WARMER BIRD DESIGN,AZ,A,Z,80.35,163.79,741.0,4,90%
48111,DOORMAT 3 SMILEY CATS,AZ,A,Z,38.7,43.19,265.0,4,90%
22551,PLASTERS IN TIN SPACEBOY,AY,A,Y,137.96,74.87,744.0,4,90%
82600,NO SINGING METAL SIGN,AY,A,Y,114.99,188.22,942.0,4,90%
20711,JUMBO BAG TOYS,AY,A,Y,124.73,73.01,686.0,4,90%
21481,FAWN BLUE HOT WATER BOTTLE,AY,A,Y,72.89,59.66,444.0,4,90%
22507,MEMO BOARD RETROSPOT  DESIGN,AZ,A,Z,49.67,46.69,318.0,4,90%
37503,TEA TIME CAKE STAND IN GIFT BOX,AZ,A,Z,26.55,0.0,106.0,4,90%
22087,PAPER BUNTING WHITE LACE,AY,A,Y,84.57,48.38,462.0,4,90%
21080,SET/20 RED RETROSPOT PAPER NAPKINS,AX,A,X,306.66,67.61,1400.0,4,90%
21108,FAIRY CAKE FLANNEL ASSORTED COLOUR,AZ,A,Z,103.72,202.26,933.0,4,90%
84755,COLOUR GLASS T-LIGHT HOLDER HANGING,AY,A,Y,409.84,185.04,2113.0,4,90%
22084,PAPER CHAIN KIT EMPIRE,AZ,A,Z,94.53,2.07,383.0,4,90%
21527,RED RETROSPOT TRADITIONAL TEAPOT,AY,A,Y,36.13,2.14,150.0,4,90%
23173,REGENCY TEAPOT ROSES,AZ,A,Z,23.74,53.58,232.0,4,90%
20972,PINK CREAM FELT CRAFT TRINKET BOX,AY,A,Y,193.35,66.3,943.0,4,90%
21314,SMALL GLASS HEART TRINKET POT,AY,A,Y,109.13,48.17,560.0,4,90%
84836,ZINC METAL HEART DECORATION,AY,A,Y,193.65,78.9,977.0,4,90%
84077,WORLD WAR 2 GLIDERS ASSTD DESIGNS,AY,A,Y,962.13,480.64,5079.0,4,90%
22722,SET OF 6 SPICE TINS PANTRY DESIGN,AZ,A,Z,36.74,174.27,593.0,4,90%
22698,PINK REGENCY TEACUP AND SAUCER,AY,A,Y,69.26,56.79,422.0,4,90%
22728,ALARM CLOCK BAKELIKE PINK,AZ,A,Z,43.87,79.23,378.0,4,90%
48173C,DOORMAT BLACK FLOCK,AZ,A,Z,41.19,33.52,251.0,4,90%
21231,SWEETHEART CERAMIC TRINKET BOX,AY,A,Y,189.68,90.89,991.0,4,90%
47590A,BLUE HAPPY BIRTHDAY BUNTING,AY,A,Y,46.98,21.93,244.0,4,90%
22171,3 HOOK PHOTO SHELF ANTIQUE WHITE,AZ,A,Z,32.29,20.63,182.0,4,90%
23344,JUMBO BAG 50'S CHRISTMAS,AZ,A,Z,16.51,447.36,1211.0,4,90%
21955,DOORMAT UNION JACK GUNS AND ROSES,AZ,A,Z,40.24,27.83,232.0,4,90%
21790,VINTAGE SNAP CARDS,AY,A,Y,227.2,171.34,1347.0,4,90%
23243,SET OF TEA COFFEE SUGAR TINS PANTRY,AZ,A,Z,21.8,180.74,550.0,4,90%
22605,WOODEN CROQUET GARDEN SET,AZ,A,Z,18.39,6.47,90.0,4,90%
22625,RED KITCHEN SCALES,AY,A,Y,23.69,19.28,144.0,4,90%
84406B,CREAM CUPID HEARTS COAT HANGER,AY,A,Y,74.26,28.41,370.0,4,90%
22607,WOODEN ROUNDERS GARDEN SET,AY,A,Y,25.91,9.7,128.0,4,90%
21791,VINTAGE HEADS AND TAILS CARD GAME,AY,A,Y,158.68,107.95,911.0,4,90%
22554,PLASTERS IN TIN WOODLAND ANIMALS,AY,A,Y,117.13,85.63,688.0,4,90%
21936,RED RETROSPOT PICNIC BAG,AY,A,Y,81.72,55.33,469.0,4,90%
84970S,HANGING HEART ZINC T-LIGHT HOLDER,AX,A,X,270.55,64.76,1248.0,4,90%
22556,PLASTERS IN TIN CIRCUS PARADE,AY,A,Y,124.92,49.07,625.0,4,90%
37449,CERAMIC CAKE STAND + HANGING CAKES,AY,A,Y,24.37,9.96,123.0,4,90%
85014A,BLACK/BLUE POLKADOT UMBRELLA,AZ,A,Z,45.98,16.93,227.0,4,90%
20749,ASSORTED COLOUR MINI CASES,AY,A,Y,25.69,32.74,187.0,4,90%
22113,GREY HEART HOT WATER BOTTLE,AZ,A,Z,43.26,93.11,411.0,4,90%
22585,PACK OF 6 BIRDY GIFT TAGS,AY,A,Y,162.99,150.06,1036.0,4,90%
23202,JUMBO BAG VINTAGE LEAF,AZ,A,Z,75.14,111.29,585.0,4,90%
22499,WOODEN UNION JACK BUNTING,AY,A,Y,37.38,4.62,161.0,4,90%
22941,CHRISTMAS LIGHTS 10 REINDEER,AZ,A,Z,13.61,59.91,208.0,4,90%
21210,SET OF 72 RETROSPOT PAPER  DOILIES,AY,A,Y,142.55,78.54,771.0,4,90%
22456,NATURAL SLATE CHALKBOARD LARGE,AY,A,Y,42.55,11.39,199.0,4,90%
22969,HOMEMADE JAM SCENTED CANDLES,AZ,A,Z,118.23,153.37,866.0,4,90%
21213,PACK OF 72 SKULL CAKE CASES,AY,A,Y,394.41,182.11,2044.0,4,90%
21258,VICTORIAN SEWING BOX LARGE,AZ,A,Z,14.01,10.87,84.0,4,90%
23209,LUNCH BAG VINTAGE DOILY,AZ,A,Z,93.12,136.95,723.0,4,90%
85048,15CM CHRISTMAS GLASS BALL 20 LIGHTS,AZ,A,Z,17.23,42.3,177.0,4,90%
22570,FELTCRAFT CUSHION RABBIT,AY,A,Y,50.92,78.03,403.0,4,90%
22424,ENAMEL BREAD BIN CREAM,AY,A,Y,13.83,7.61,75.0,4,90%
23206,LUNCH BAG APPLE DESIGN,AZ,A,Z,96.11,149.46,767.0,4,90%
84997A,GREEN 3 PIECE MINI DOTS CUTLERY SET,AY,A,Y,49.61,36.47,292.0,4,90%
22294,HEART FILIGREE DOVE  SMALL,AY,A,Y,163.87,71.58,839.0,4,90%
22356,CHARLOTTE BAG PINK POLKADOT,AX,A,X,183.59,76.62,931.0,4,90%
21218,RED SPOTTY BISCUIT TIN,AY,A,Y,51.95,30.66,286.0,4,90%
48116,DOORMAT MULTICOLOUR STRIPE,AZ,A,Z,31.58,52.86,262.0,4,90%
22632,HAND WARMER RED RETROSPOT,AZ,A,Z,78.44,124.74,633.0,4,90%
22617,BAKING SET SPACEBOY DESIGN,AY,A,Y,34.24,58.72,287.0,4,90%
22693,GROW A FLYTRAP OR SUNFLOWER IN TIN,AZ,A,Z,165.38,92.84,899.0,4,90%
20723,STRAWBERRY CHARLOTTE BAG,AX,A,X,169.04,68.56,852.0,4,90%
21559,STRAWBERRY LUNCH BOX WITH CUTLERY,AX,A,X,78.53,43.59,426.0,4,90%
22568,FELTCRAFT CUSHION OWL,AY,A,Y,42.48,79.18,373.0,4,90%
85150,LADIES & GENTLEMEN METAL SIGN,AY,A,Y,79.59,24.83,382.0,4,90%
21216,"SET 3 RETROSPOT TEA,COFFEE,SUGAR",AY,A,Y,37.08,19.86,199.0,4,90%
22273,FELTCRAFT DOLL MOLLY,AZ,A,Z,47.17,194.14,686.0,4,90%
22569,FELTCRAFT CUSHION BUTTERFLY,AY,A,Y,51.72,71.18,389.0,4,90%
21622,VINTAGE UNION JACK CUSHION COVER,AZ,A,Z,39.62,7.45,178.0,4,90%
22900,SET 2 TEA TOWELS I LOVE LONDON,AZ,A,Z,53.84,40.51,319.0,4,90%
22413,METAL SIGN TAKE IT OR LEAVE IT,AZ,A,Z,53.32,142.26,577.0,4,90%
48129,DOORMAT TOPIARY,AZ,A,Z,29.12,29.96,193.0,4,90%
22381,TOY TIDY PINK POLKADOT,AY,A,Y,87.52,58.01,499.0,4,90%
21174,POTTERING IN THE SHED METAL SIGN,AY,A,Y,84.12,100.9,595.0,4,90%
22558,CLOTHES PEGS RETROSPOT PACK 24,AY,A,Y,126.11,60.91,660.0,4,90%
22169,FAMILY ALBUM WHITE PICTURE FRAME,AY,A,Y,19.42,20.33,130.0,4,90%
22561,WOODEN SCHOOL COLOURING SET,AY,A,Y,102.67,36.28,504.0,4,90%
21340,CLASSIC METAL BIRDCAGE PLANT HOLDER,AY,A,Y,16.68,10.15,93.0,4,90%
22427,ENAMEL FLOWER JUG CREAM,AY,A,Y,31.43,33.96,213.0,4,90%
22952,60 CAKE CASES VINTAGE CHRISTMAS,AZ,A,Z,232.42,399.97,1954.0,4,90%
21908,CHOCOLATE THIS WAY METAL SIGN,AY,A,Y,89.73,70.8,540.0,4,90%
22061,LARGE CAKE STAND  HANGING STRAWBERY,AY,A,Y,20.26,20.12,133.0,4,90%
84949,SILVER HANGING T-LIGHT HOLDER,AY,A,Y,107.65,113.29,721.0,4,90%
71053,WHITE METAL LANTERN,AY,A,Y,47.98,24.0,253.0,4,90%
84947,ANTIQUE SILVER TEA GLASS ENGRAVED,AY,A,Y,132.32,169.16,962.0,4,90%
47591D,PINK FAIRY CAKE CHILDRENS APRON,AY,A,Y,89.65,75.92,553.0,4,90%
22555,PLASTERS IN TIN STRONGMAN,AY,A,Y,105.04,43.87,532.0,4,90%
21035,SET/2 RED RETROSPOT TEA TOWELS,AY,A,Y,57.59,48.86,355.0,4,90%
22041,"RECORD FRAME 7"" SINGLE SIZE",AY,A,Y,66.2,55.57,407.0,4,90%
21121,SET/10 RED POLKADOT PARTY CANDLES,AY,A,Y,147.82,86.75,813.0,4,90%
22847,BREAD BIN DINER STYLE IVORY,AY,A,Y,9.29,14.69,75.0,4,90%
21484,CHICK GREY HOT WATER BOTTLE,AZ,A,Z,39.31,56.51,302.0,4,90%
21430,SET/3 RED GINGHAM ROSE STORAGE BOX,AY,A,Y,43.98,37.15,271.0,4,90%
22505,MEMO BOARD COTTAGE DESIGN,AY,A,Y,36.72,15.96,188.0,4,90%
22147,FELTCRAFT BUTTERFLY HEARTS,AY,A,Y,108.33,220.48,998.0,4,90%
22560,TRADITIONAL MODELLING CLAY,AY,A,Y,120.95,166.38,910.0,4,90%
22352,LUNCH BOX WITH CUTLERY RETROSPOT,AX,A,X,68.18,33.12,358.0,4,90%
22297,HEART IVORY TRELLIS SMALL,AY,A,Y,139.22,37.8,654.0,4,90%
84945,MULTI COLOUR SILVER T-LIGHT HOLDER,AY,A,Y,186.69,193.86,1243.0,4,90%
84970L,SINGLE HEART ZINC T-LIGHT HOLDER,AX,A,X,176.74,66.56,877.0,4,90%
21914,BLUE HARMONICA IN BOX,AY,A,Y,100.61,135.57,750.0,4,90%
22633,HAND WARMER UNION JACK,AZ,A,Z,53.52,180.14,675.0,4,90%
22776,SWEETHEART CAKESTAND 3 TIER,AY,A,Y,15.48,10.0,88.0,4,90%
21136,PAINTED METAL PEARS ASSORTED,AY,A,Y,96.11,43.67,496.0,4,90%
20718,RED RETROSPOT SHOPPER BAG,AX,A,X,129.99,50.38,649.0,4,90%
22557,PLASTERS IN TIN VINTAGE PAISLEY,AY,A,Y,95.25,39.1,481.0,4,90%
84992,72 SWEETHEART FAIRY CAKE CASES,AY,A,Y,343.78,133.38,1717.0,4,90%
22366,DOORMAT AIRMAIL,AZ,A,Z,23.15,22.89,151.0,4,90%
21889,WOODEN BOX OF DOMINOES,AY,A,Y,104.23,103.17,681.0,4,90%
23240,SET OF 4 KNICK KNACK TINS DOILY,AZ,A,Z,25.34,32.22,184.0,4,90%
21156,RETROSPOT CHILDRENS APRON,AY,A,Y,84.57,69.64,517.0,4,90%
22654,DELUXE SEWING KIT,AY,A,Y,23.17,19.84,143.0,4,90%
21535,RED RETROSPOT SMALL MILK JUG,AY,A,Y,66.4,32.57,349.0,4,90%
22652,TRAVEL SEWING KIT,AY,A,Y,95.94,124.79,703.0,4,90%
21533,RETRO SPOT LARGE MILK JUG,AX,A,X,34.05,18.97,185.0,4,90%
21164,HOME SWEET HOME METAL SIGN,AY,A,Y,61.58,18.61,294.0,4,90%
72760B,VINTAGE CREAM 3 BASKET CAKE STAND,AY,A,Y,17.6,2.83,78.0,4,90%
22993,SET OF 4 PANTRY JELLY MOULDS,AY,A,Y,90.72,98.97,616.0,4,90%
22837,HOT WATER BOTTLE BABUSHKA,AZ,A,Z,37.98,0.71,154.0,4,90%
22487,WHITE WOOD GARDEN PLANT LADDER,AY,A,Y,15.57,6.89,80.0,4,90%
21155,RED RETROSPOT PEG BAG,AY,A,Y,64.95,21.5,315.0,4,90%
23301,GARDENERS KNEELING PAD KEEP CALM,AZ,A,Z,36.48,306.31,930.0,4,90%
22191,IVORY DINER WALL CLOCK,AZ,A,Z,17.7,16.25,112.0,4,90%
22662,LUNCH BAG DOLLY GIRL DESIGN,AY,A,Y,92.73,75.83,565.0,4,90%
35004C,SET OF 3 COLOURED  FLYING DUCKS,AZ,A,Z,32.97,0.0,132.0,4,90%
22296,HEART IVORY TRELLIS LARGE,AY,A,Y,100.4,39.76,503.0,4,90%
22193,RED DINER WALL CLOCK,AY,A,Y,14.13,22.71,115.0,4,90%
22634,CHILDS BREAKFAST SET SPACEBOY,AY,A,Y,15.72,8.02,83.0,4,90%
21877,HOME SWEET HOME MUG,AY,A,Y,136.73,113.66,838.0,4,90%
22692,DOORMAT WELCOME TO OUR HOME,AZ,A,Z,16.84,32.18,150.0,4,90%
22759,SET OF 3 NOTEBOOKS IN PARCEL,AY,A,Y,72.61,146.16,665.0,4,90%
22690,DOORMAT HOME SWEET HOME BLUE,AZ,A,Z,22.57,25.05,154.0,4,90%
22635,CHILDS BREAKFAST SET DOLLY GIRL,AY,A,Y,15.95,6.75,81.0,4,90%
22367,CHILDRENS APRON SPACEBOY DESIGN,AX,A,X,71.55,50.4,415.0,4,90%
84375,SET OF 20 KIDS COOKIE CUTTERS,AY,A,Y,66.85,62.16,427.0,4,90%
22170,PICTURE FRAME WOOD TRIPLE PORTRAIT,AY,A,Y,21.6,23.68,147.0,4,90%
22619,SET OF 6 SOLDIER SKITTLES,AY,A,Y,31.68,46.94,247.0,4,90%
22333,RETROSPOT PARTY BAG + STICKER SET,AY,A,Y,96.05,55.09,525.0,4,90%
85232B,SET/3 RUSSIAN DOLL STACKING TINS,AZ,A,Z,33.23,1.88,138.0,4,90%
21891,TRADITIONAL WOODEN SKIPPING ROPE,AY,A,Y,98.17,171.73,832.0,4,90%
22173,METAL 4 HOOK HANGER FRENCH CHATEAU,AY,A,Y,46.99,23.76,249.0,4,90%
22749,FELTCRAFT PRINCESS CHARLOTTE DOLL,AY,A,Y,28.84,60.44,270.0,4,90%
84378,SET OF 3 HEART COOKIE CUTTERS,AY,A,Y,100.09,131.81,738.0,4,90%
21844,RED RETROSPOT MUG,AY,A,Y,52.54,34.01,297.0,4,90%
22940,FELTCRAFT CHRISTMAS FAIRY,AZ,A,Z,25.85,36.71,197.0,4,90%
21094,SET/6 RED SPOTTY PAPER PLATES,AY,A,Y,195.53,103.83,1048.0,4,90%
22365,DOORMAT RESPECTABLE HOUSE,AZ,A,Z,20.12,29.69,156.0,4,90%
22909,SET OF 20 VINTAGE CHRISTMAS NAPKINS,AZ,A,Z,114.67,297.7,1221.0,4,90%
21975,PACK OF 60 DINOSAUR CAKE CASES,AY,A,Y,308.08,180.5,1694.0,4,90%
21165,BEWARE OF THE CAT METAL SIGN,AY,A,Y,89.96,57.9,508.0,4,90%
35970,ZINC FOLKART SLEIGH BELLS,AZ,A,Z,43.29,220.69,738.0,4,90%
82582,AREA PATROLLED METAL SIGN,AY,A,Y,64.27,72.94,444.0,4,90%
22946,WOODEN ADVENT CALENDAR CREAM,AZ,A,Z,7.57,14.61,68.0,4,90%
21122,SET/10 PINK POLKADOT PARTY CANDLES,AY,A,Y,121.74,55.59,629.0,4,90%
22606,WOODEN SKITTLES GARDEN SET,AZ,A,Z,11.33,3.71,55.0,4,90%
22730,ALARM CLOCK BAKELIKE IVORY,AY,A,Y,26.13,44.67,219.0,4,90%
21770,OPEN CLOSED METAL SIGN,AZ,A,Z,26.42,18.99,154.0,4,90%
17003,BROCADE RING PURSE,AZ,A,Z,696.42,348.55,3678.0,4,90%
21912,VINTAGE SNAKES & LADDERS,AY,A,Y,32.96,28.23,204.0,4,90%
22423,REGENCY CAKESTAND 3 TIER,AX,A,X,251.85,79.99,1271.0,4,95%
85123A,WHITE HANGING HEART T-LIGHT HOLDER,AX,A,X,920.37,285.42,4623.0,4,95%
85099B,JUMBO BAG RED RETROSPOT,AX,A,X,877.32,482.95,5103.0,4,95%
47566,PARTY BUNTING,AY,A,Y,277.99,173.56,1685.0,4,95%
84879,ASSORTED COLOUR BIRD ORNAMENT,AY,A,Y,737.17,240.32,3742.0,4,95%
22086,PAPER CHAIN KIT 50'S CHRISTMAS,AZ,A,Z,216.7,681.73,3116.0,4,95%
23166,MEDIUM CERAMIC TOP STORAGE JAR,AZ,A,Z,824.81,722.9,5685.0,4,95%
79321,CHILLI LIGHTS,AY,A,Y,130.52,188.96,1146.0,4,95%
22197,SMALL POPCORN HOLDER,AY,A,Y,656.61,1332.55,7024.0,4,95%
22386,JUMBO BAG PINK POLKADOT,AX,A,X,346.33,233.64,2156.0,4,95%
20725,LUNCH BAG RED RETROSPOT,AX,A,X,382.91,117.84,1921.0,4,95%
84347,ROTATING SILVER ANGELS T-LIGHT HLDR,AZ,A,Z,266.16,483.44,2660.0,4,95%
85099F,JUMBO BAG STRAWBERRY,AX,A,X,354.66,221.79,2151.0,4,95%
48138,DOORMAT UNION FLAG,AY,A,Y,95.83,67.99,608.0,4,95%
23084,RABBIT NIGHT LIGHT,AZ,A,Z,54.77,1878.63,6419.0,4,95%
20685,DOORMAT RED RETROSPOT,AY,A,Y,97.1,39.47,519.0,4,95%
21137,BLACK RECORD COVER FRAME,AY,A,Y,149.11,270.87,1490.0,4,95%
21843,RED RETROSPOT CAKE STAND,AY,A,Y,58.57,30.73,336.0,4,95%
21931,JUMBO STORAGE BAG SUKI,AX,A,X,274.19,81.2,1365.0,4,95%
22502,PICNIC BASKET WICKER SMALL,AY,A,Y,40.55,4.2,176.0,4,95%
21621,VINTAGE UNION JACK BUNTING,AY,A,Y,70.66,19.54,347.0,4,95%
15056N,EDWARDIAN PARASOL NATURAL,AY,A,Y,115.2,51.44,631.0,4,95%
22114,HOT WATER BOTTLE TEA AND SYMPATHY,AY,A,Y,80.37,190.59,950.0,4,95%
85099C,JUMBO  BAG BAROQUE BLACK WHITE,AX,A,X,288.49,125.58,1568.0,4,95%
22910,PAPER CHAIN KIT VINTAGE CHRISTMAS,AZ,A,Z,117.38,433.87,1901.0,4,95%
22112,CHOCOLATE HOT WATER BOTTLE,AY,A,Y,81.05,128.56,748.0,4,95%
22411,JUMBO SHOPPER VINTAGE RED PAISLEY,AX,A,X,249.9,131.91,1435.0,4,95%
82484,WOOD BLACK BOARD ANT WHITE FINISH,AZ,A,Z,93.47,69.54,603.0,4,95%
22470,HEART OF WICKER LARGE,AY,A,Y,154.1,184.25,1224.0,4,95%
22139,RETROSPOT TEA SET CERAMIC 11 PC,AY,A,Y,94.19,81.2,645.0,4,95%
22178,VICTORIAN GLASS HANGING T-LIGHT,AY,A,Y,358.83,271.02,2330.0,4,95%
20914,SET/5 RED RETROSPOT LID GLASS BOWLS,AX,A,X,183.56,48.79,895.0,4,95%
21212,PACK OF 72 RETROSPOT CAKE CASES,AX,A,X,940.62,256.85,4610.0,4,95%
21733,RED HANGING HEART T-LIGHT HOLDER,AY,A,Y,158.75,149.08,1127.0,4,95%
22090,PAPER BUNTING RETROSPOT,AY,A,Y,169.41,58.96,872.0,4,95%
21181,PLEASE ONE PERSON METAL SIGN,AY,A,Y,215.24,283.53,1797.0,4,95%
22111,SCOTTIE DOG HOT WATER BOTTLE,AY,A,Y,75.71,116.72,688.0,4,95%
21929,JUMBO BAG PINK VINTAGE PAISLEY,AY,A,Y,251.55,135.46,1453.0,4,95%
21232,STRAWBERRY CERAMIC TRINKET BOX,AX,A,X,368.87,135.55,1923.0,4,95%
84946,ANTIQUE SILVER TEA GLASS ETCHED,AX,A,X,323.22,281.61,2222.0,4,95%
22189,CREAM HEART CARD HOLDER,AZ,A,Z,157.24,118.97,1022.0,4,95%
15056BL,EDWARDIAN PARASOL BLACK,AZ,A,Z,93.85,40.34,509.0,4,95%
22469,HEART OF WICKER SMALL,AY,A,Y,240.74,260.38,1822.0,4,95%
48194,DOORMAT HEARTS,AY,A,Y,72.42,77.07,544.0,4,95%
21731,RED TOADSTOOL LED NIGHT LIGHT,AY,A,Y,264.51,140.19,1521.0,4,95%
22457,NATURAL SLATE HEART CHALKBOARD,AY,A,Y,135.1,86.11,825.0,4,95%
82494L,WOODEN FRAME ANTIQUE WHITE,AX,A,X,142.7,63.74,781.0,4,95%
21754,HOME BUILDING BLOCK WORD,AX,A,X,76.2,12.51,346.0,4,95%
48187,DOORMAT NEW ENGLAND,AY,A,Y,66.89,74.57,514.0,4,95%
21928,JUMBO BAG SCANDINAVIAN PAISLEY,AX,A,X,235.31,78.52,1200.0,4,95%
21523,DOORMAT FANCY FONT HOME SWEET HOME,AY,A,Y,66.03,43.79,409.0,4,95%
22138,BAKING SET 9 PIECE RETROSPOT,AY,A,Y,71.04,157.68,805.0,4,95%
20727,LUNCH BAG  BLACK SKULL.,AY,A,Y,250.18,88.03,1291.0,4,95%
48185,DOORMAT FAIRY CAKE,AZ,A,Z,64.45,73.07,499.0,4,95%
21623,VINTAGE UNION JACK MEMOBOARD,AZ,A,Z,62.85,43.2,394.0,4,95%
22355,CHARLOTTE BAG SUKI DESIGN,AX,A,X,284.13,174.05,1711.0,4,95%
71477,COLOUR GLASS. STAR T-LIGHT HOLDER,AY,A,Y,134.22,148.83,1028.0,4,95%
22326,ROUND SNACK BOXES SET OF4 WOODLAND,AY,A,Y,139.53,89.34,853.0,4,95%
21175,GIN + TONIC DIET METAL SIGN,AY,A,Y,185.99,106.77,1096.0,4,95%
84078A,SET/4 WHITE RETRO STORAGE CUBES,AZ,A,Z,11.49,7.34,70.0,4,95%
22383,LUNCH BAG SUKI  DESIGN,AX,A,X,243.03,120.48,1370.0,4,95%
84029E,RED WOOLLY HOTTIE WHITE HEART.,AZ,A,Z,86.59,149.72,840.0,4,95%
23298,SPOTTY BUNTING,AZ,A,Z,66.28,114.61,643.0,4,95%
84997D,PINK 3 PIECE MINI DOTS CUTLERY SET,AY,A,Y,99.8,66.94,620.0,4,95%
21915,RED  HARMONICA IN BOX,AY,A,Y,291.89,498.25,2812.0,4,95%
20728,LUNCH BAG CARS BLUE,AY,A,Y,236.44,68.79,1173.0,4,95%
23203,JUMBO BAG VINTAGE DOILY,AZ,A,Z,123.61,265.0,1369.0,4,95%
82482,WOODEN PICTURE FRAME WHITE FINISH,AX,A,X,154.78,74.22,864.0,4,95%
20713,JUMBO BAG OWLS,AY,A,Y,183.47,177.13,1318.0,4,95%
22083,PAPER CHAIN KIT RETROSPOT,AY,A,Y,133.03,36.02,651.0,4,95%
85066,CREAM SWEETHEART MINI CHEST,AY,A,Y,26.13,29.1,201.0,4,95%
84997B,RED 3 PIECE MINI DOTS CUTLERY SET,AY,A,Y,91.86,54.05,546.0,4,95%
20726,LUNCH BAG WOODLAND,AY,A,Y,216.08,77.53,1120.0,4,95%
82486,WOOD S/3 CABINET ANT WHITE FINISH,AX,A,X,44.2,19.4,241.0,4,95%
22960,JAM MAKING SET WITH JARS,AY,A,Y,68.63,81.0,542.0,4,95%
22699,ROSES REGENCY TEACUP AND SAUCER,AY,A,Y,114.92,70.35,692.0,4,95%
21166,COOK WITH WINE METAL SIGN,AY,A,Y,167.19,215.15,1379.0,4,95%
23284,DOORMAT KEEP CALM AND COME IN,AZ,A,Z,24.66,236.74,880.0,4,95%
22720,SET OF 3 CAKE TINS PANTRY DESIGN,AZ,A,Z,54.33,90.45,516.0,4,95%
22629,SPACEBOY LUNCH BOX,AY,A,Y,185.0,90.22,1038.0,4,95%
20712,JUMBO BAG WOODLAND ANIMALS,AY,A,Y,157.3,104.07,973.0,4,95%
21485,RETROSPOT HEART HOT WATER BOTTLE,AY,A,Y,60.1,116.36,624.0,4,95%
22727,ALARM CLOCK BAKELIKE RED,AZ,A,Z,60.58,154.45,752.0,4,95%
22328,ROUND SNACK BOXES SET OF 4 FRUITS,AY,A,Y,125.09,45.05,649.0,4,95%
21524,DOORMAT SPOTTY HOME SWEET HOME,AY,A,Y,50.62,25.57,287.0,4,95%
84997C,BLUE 3 PIECE MINI DOTS CUTLERY SET,AY,A,Y,84.37,52.74,512.0,4,95%
20724,RED RETROSPOT CHARLOTTE BAG,AX,A,X,283.76,146.24,1618.0,4,95%
21755,LOVE BUILDING BLOCK WORD,AX,A,X,56.81,14.54,275.0,4,95%
22379,RECYCLING BAG RETROSPOT,AY,A,Y,146.99,94.77,901.0,4,95%
22382,LUNCH BAG SPACEBOY DESIGN,AX,A,X,184.43,95.48,1053.0,4,95%
22384,LUNCH BAG PINK POLKADOT,AX,A,X,202.39,106.27,1160.0,4,95%
22666,RECIPE BOX PANTRY YELLOW DESIGN,AY,A,Y,79.8,154.29,828.0,4,95%
22630,DOLLY GIRL LUNCH BOX,AY,A,Y,165.68,86.7,949.0,4,95%
15036,ASSORTED COLOURS SILK FAN,AY,A,Y,453.3,280.77,2740.0,4,95%
22726,ALARM CLOCK BAKELIKE GREEN,AY,A,Y,51.51,89.23,500.0,4,95%
22385,JUMBO BAG SPACEBOY DESIGN,AY,A,Y,157.47,94.96,943.0,4,95%
22865,HAND WARMER OWL DESIGN,AZ,A,Z,90.82,269.26,1252.0,4,95%
22077,6 RIBBONS RUSTIC CHARM,AX,A,X,148.08,98.03,916.0,4,95%
85152,HAND OVER THE CHOCOLATE   SIGN,AY,A,Y,142.2,163.65,1109.0,4,95%
85014B,RED RETROSPOT UMBRELLA,AZ,A,Z,58.42,33.22,343.0,4,95%
48184,DOORMAT ENGLISH ROSE,AY,A,Y,42.09,51.43,338.0,4,95%
23245,SET OF 3 REGENCY CAKE TINS,AZ,A,Z,39.63,65.54,375.0,4,95%
21479,WHITE SKULL HOT WATER BOTTLE,AZ,A,Z,47.76,110.27,555.0,4,95%
22697,GREEN REGENCY TEACUP AND SAUCER,AY,A,Y,84.13,59.87,534.0,4,95%
23199,JUMBO BAG APPLES,AZ,A,Z,110.81,208.96,1133.0,4,95%
22501,PICNIC BASKET WICKER LARGE,AZ,A,Z,27.44,5.39,128.0,4,95%
20679,EDWARDIAN PARASOL RED,AZ,A,Z,59.94,23.21,316.0,4,95%
21217,RED SPOTTY ROUND CAKE TINS,AY,A,Y,28.86,9.91,148.0,4,95%
84029G,KNITTED UNION FLAG HOT WATER BOTTLE,AZ,A,Z,57.95,66.22,450.0,4,95%
22659,LUNCH BOX I LOVE LONDON,AY,A,Y,145.41,121.58,983.0,4,95%
47590B,PINK HAPPY BIRTHDAY BUNTING,AY,A,Y,57.6,24.98,313.0,4,95%
22622,BOX OF VINTAGE ALPHABET BLOCKS,AZ,A,Z,26.52,24.39,187.0,4,95%
22158,3 HEARTS HANGING DECORATION RUSTIC,AZ,A,Z,72.11,119.45,683.0,4,95%
82483,WOOD 2 DRAWER CABINET WHITE FINISH,AX,A,X,44.68,25.19,262.0,4,95%
48188,DOORMAT WELCOME PUPPIES,AZ,A,Z,48.85,42.41,335.0,4,95%
20971,PINK BLUE FELT CRAFT TRINKET BOX,AZ,A,Z,163.47,439.33,2104.0,4,95%
84978,HANGING HEART JAR T-LIGHT HOLDER,AX,A,X,208.26,97.24,1154.0,4,95%
22866,HAND WARMER SCOTTY DOG DESIGN,AZ,A,Z,83.2,193.4,971.0,4,95%
22467,GUMBALL COAT RACK,AY,A,Y,99.16,105.62,745.0,4,95%
22752,SET 7 BABUSHKA NESTING BOXES,AZ,A,Z,30.26,39.81,252.0,4,95%
21977,PACK OF 60 PINK PAISLEY CAKE CASES,AX,A,X,556.43,296.91,3206.0,4,95%
22188,BLACK HEART CARD HOLDER,AZ,A,Z,103.04,97.87,735.0,4,95%
82583,HOT BATHS METAL SIGN,AY,A,Y,103.89,159.83,943.0,4,95%
23201,JUMBO BAG ALPHABET,AZ,A,Z,85.58,192.2,977.0,4,95%
22492,MINI PAINT SET VINTAGE,AY,A,Y,377.16,351.9,2670.0,4,95%
20719,WOODLAND CHARLOTTE BAG,AX,A,X,227.63,70.8,1144.0,4,95%
47566B,TEA TIME PARTY BUNTING,AY,A,Y,63.67,15.06,304.0,4,95%
22624,IVORY KITCHEN SCALES,AY,A,Y,28.17,27.33,203.0,4,95%
21930,JUMBO STORAGE BAG SKULLS,AX,A,X,122.55,73.8,734.0,4,95%
72741,GRAND CHOCOLATECANDLE,AY,A,Y,190.01,100.38,1091.0,4,95%
22835,HOT WATER BOTTLE I AM SO POORLY,AZ,A,Z,35.69,77.35,398.0,4,95%
84991,60 TEATIME FAIRY CAKE CASES,AX,A,X,534.57,183.0,2742.0,4,95%
22961,JAM MAKING SET PRINTED,AY,A,Y,129.24,142.73,988.0,4,95%
20750,RED RETROSPOT MINI CASES,AX,A,X,34.44,16.34,192.0,4,95%
71459,HANGING JAM JAR T-LIGHT HOLDER,AY,A,Y,329.46,134.41,1761.0,4,95%
22734,SET OF 6 RIBBONS VINTAGE CHRISTMAS,AZ,A,Z,75.08,160.73,831.0,4,95%
22149,FELTCRAFT 6 FLOWER FRIENDS,AY,A,Y,111.67,192.54,1082.0,4,95%
22867,HAND WARMER BIRD DESIGN,AZ,A,Z,80.35,163.79,862.0,4,95%
48111,DOORMAT 3 SMILEY CATS,AZ,A,Z,38.7,43.19,297.0,4,95%
22551,PLASTERS IN TIN SPACEBOY,AY,A,Y,137.96,74.87,799.0,4,95%
82600,NO SINGING METAL SIGN,AY,A,Y,114.99,188.22,1081.0,4,95%
20711,JUMBO BAG TOYS,AY,A,Y,124.73,73.01,740.0,4,95%
21481,FAWN BLUE HOT WATER BOTTLE,AY,A,Y,72.89,59.66,488.0,4,95%
22507,MEMO BOARD RETROSPOT  DESIGN,AZ,A,Z,49.67,46.69,353.0,4,95%
37503,TEA TIME CAKE STAND IN GIFT BOX,AZ,A,Z,26.55,0.0,106.0,4,95%
22087,PAPER BUNTING WHITE LACE,AY,A,Y,84.57,48.38,498.0,4,95%
21080,SET/20 RED RETROSPOT PAPER NAPKINS,AX,A,X,306.66,67.61,1450.0,4,95%
21108,FAIRY CAKE FLANNEL ASSORTED COLOUR,AZ,A,Z,103.72,202.26,1082.0,4,95%
84755,COLOUR GLASS T-LIGHT HOLDER HANGING,AY,A,Y,409.84,185.04,2250.0,4,95%
22084,PAPER CHAIN KIT EMPIRE,AZ,A,Z,94.53,2.07,385.0,4,95%
21527,RED RETROSPOT TRADITIONAL TEAPOT,AY,A,Y,36.13,2.14,152.0,4,95%
23173,REGENCY TEAPOT ROSES,AZ,A,Z,23.74,53.58,272.0,4,95%
20972,PINK CREAM FELT CRAFT TRINKET BOX,AY,A,Y,193.35,66.3,992.0,4,95%
21314,SMALL GLASS HEART TRINKET POT,AY,A,Y,109.13,48.17,595.0,4,95%
84836,ZINC METAL HEART DECORATION,AY,A,Y,193.65,78.9,1035.0,4,95%
84077,WORLD WAR 2 GLIDERS ASSTD DESIGNS,AY,A,Y,962.13,480.64,5435.0,4,95%
22722,SET OF 6 SPICE TINS PANTRY DESIGN,AZ,A,Z,36.74,174.27,722.0,4,95%
22698,PINK REGENCY TEACUP AND SAUCER,AY,A,Y,69.26,56.79,464.0,4,95%
22728,ALARM CLOCK BAKELIKE PINK,AZ,A,Z,43.87,79.23,437.0,4,95%
48173C,DOORMAT BLACK FLOCK,AZ,A,Z,41.19,33.52,275.0,4,95%
21231,SWEETHEART CERAMIC TRINKET BOX,AY,A,Y,189.68,90.89,1059.0,4,95%
47590A,BLUE HAPPY BIRTHDAY BUNTING,AY,A,Y,46.98,21.93,260.0,4,95%
22171,3 HOOK PHOTO SHELF ANTIQUE WHITE,AZ,A,Z,32.29,20.63,197.0,4,95%
23344,JUMBO BAG 50'S CHRISTMAS,AZ,A,Z,16.51,447.36,1542.0,4,95%
21955,DOORMAT UNION JACK GUNS AND ROSES,AZ,A,Z,40.24,27.83,253.0,4,95%
21790,VINTAGE SNAP CARDS,AY,A,Y,227.2,171.34,1474.0,4,95%
23243,SET OF TEA COFFEE SUGAR TINS PANTRY,AZ,A,Z,21.8,180.74,684.0,4,95%
22605,WOODEN CROQUET GARDEN SET,AZ,A,Z,18.39,6.47,95.0,4,95%
22625,RED KITCHEN SCALES,AY,A,Y,23.69,19.28,158.0,4,95%
84406B,CREAM CUPID HEARTS COAT HANGER,AY,A,Y,74.26,28.41,391.0,4,95%
22607,WOODEN ROUNDERS GARDEN SET,AY,A,Y,25.91,9.7,136.0,4,95%
21791,VINTAGE HEADS AND TAILS CARD GAME,AY,A,Y,158.68,107.95,991.0,4,95%
22554,PLASTERS IN TIN WOODLAND ANIMALS,AY,A,Y,117.13,85.63,751.0,4,95%
21936,RED RETROSPOT PICNIC BAG,AY,A,Y,81.72,55.33,509.0,4,95%
84970S,HANGING HEART ZINC T-LIGHT HOLDER,AX,A,X,270.55,64.76,1296.0,4,95%
22556,PLASTERS IN TIN CIRCUS PARADE,AY,A,Y,124.92,49.07,662.0,4,95%
37449,CERAMIC CAKE STAND + HANGING CAKES,AY,A,Y,24.37,9.96,130.0,4,95%
85014A,BLACK/BLUE POLKADOT UMBRELLA,AZ,A,Z,45.98,16.93,240.0,4,95%
20749,ASSORTED COLOUR MINI CASES,AY,A,Y,25.69,32.74,211.0,4,95%
22113,GREY HEART HOT WATER BOTTLE,AZ,A,Z,43.26,93.11,480.0,4,95%
22585,PACK OF 6 BIRDY GIFT TAGS,AY,A,Y,162.99,150.06,1147.0,4,95%
23202,JUMBO BAG VINTAGE LEAF,AZ,A,Z,75.14,111.29,668.0,4,95%
22499,WOODEN UNION JACK BUNTING,AY,A,Y,37.38,4.62,165.0,4,95%
22941,CHRISTMAS LIGHTS 10 REINDEER,AZ,A,Z,13.61,59.91,252.0,4,95%
21210,SET OF 72 RETROSPOT PAPER  DOILIES,AY,A,Y,142.55,78.54,829.0,4,95%
22456,NATURAL SLATE CHALKBOARD LARGE,AY,A,Y,42.55,11.39,208.0,4,95%
22969,HOMEMADE JAM SCENTED CANDLES,AZ,A,Z,118.23,153.37,979.0,4,95%
21213,PACK OF 72 SKULL CAKE CASES,AY,A,Y,394.41,182.11,2179.0,4,95%
21258,VICTORIAN SEWING BOX LARGE,AZ,A,Z,14.01,10.87,92.0,4,95%
23209,LUNCH BAG VINTAGE DOILY,AZ,A,Z,93.12,136.95,824.0,4,95%
85048,15CM CHRISTMAS GLASS BALL 20 LIGHTS,AZ,A,Z,17.23,42.3,208.0,4,95%
22570,FELTCRAFT CUSHION RABBIT,AY,A,Y,50.92,78.03,461.0,4,95%
22424,ENAMEL BREAD BIN CREAM,AY,A,Y,13.83,7.61,80.0,4,95%
23206,LUNCH BAG APPLE DESIGN,AZ,A,Z,96.11,149.46,878.0,4,95%
84997A,GREEN 3 PIECE MINI DOTS CUTLERY SET,AY,A,Y,49.61,36.47,319.0,4,95%
22294,HEART FILIGREE DOVE  SMALL,AY,A,Y,163.87,71.58,892.0,4,95%
22356,CHARLOTTE BAG PINK POLKADOT,AX,A,X,183.59,76.62,987.0,4,95%
21218,RED SPOTTY BISCUIT TIN,AY,A,Y,51.95,30.66,309.0,4,95%
48116,DOORMAT MULTICOLOUR STRIPE,AZ,A,Z,31.58,52.86,301.0,4,95%
22632,HAND WARMER RED RETROSPOT,AZ,A,Z,78.44,124.74,725.0,4,95%
22617,BAKING SET SPACEBOY DESIGN,AY,A,Y,34.24,58.72,331.0,4,95%
22693,GROW A FLYTRAP OR SUNFLOWER IN TIN,AZ,A,Z,165.38,92.84,968.0,4,95%
20723,STRAWBERRY CHARLOTTE BAG,AX,A,X,169.04,68.56,902.0,4,95%
21559,STRAWBERRY LUNCH BOX WITH CUTLERY,AX,A,X,78.53,43.59,458.0,4,95%
22568,FELTCRAFT CUSHION OWL,AY,A,Y,42.48,79.18,431.0,4,95%
85150,LADIES & GENTLEMEN METAL SIGN,AY,A,Y,79.59,24.83,400.0,4,95%
21216,"SET 3 RETROSPOT TEA,COFFEE,SUGAR",AY,A,Y,37.08,19.86,214.0,4,95%
22273,FELTCRAFT DOLL MOLLY,AZ,A,Z,47.17,194.14,829.0,4,95%
22569,FELTCRAFT CUSHION BUTTERFLY,AY,A,Y,51.72,71.18,442.0,4,95%
21622,VINTAGE UNION JACK CUSHION COVER,AZ,A,Z,39.62,7.45,183.0,4,95%
22900,SET 2 TEA TOWELS I LOVE LONDON,AZ,A,Z,53.84,40.51,349.0,4,95%
22413,METAL SIGN TAKE IT OR LEAVE IT,AZ,A,Z,53.32,142.26,683.0,4,95%
48129,DOORMAT TOPIARY,AZ,A,Z,29.12,29.96,215.0,4,95%
22381,TOY TIDY PINK POLKADOT,AY,A,Y,87.52,58.01,541.0,4,95%
21174,POTTERING IN THE SHED METAL SIGN,AY,A,Y,84.12,100.9,669.0,4,95%
22558,CLOTHES PEGS RETROSPOT PACK 24,AY,A,Y,126.11,60.91,705.0,4,95%
22169,FAMILY ALBUM WHITE PICTURE FRAME,AY,A,Y,19.42,20.33,145.0,4,95%
22561,WOODEN SCHOOL COLOURING SET,AY,A,Y,102.67,36.28,530.0,4,95%
21340,CLASSIC METAL BIRDCAGE PLANT HOLDER,AY,A,Y,16.68,10.15,100.0,4,95%
22427,ENAMEL FLOWER JUG CREAM,AY,A,Y,31.43,33.96,238.0,4,95%
22952,60 CAKE CASES VINTAGE CHRISTMAS,AZ,A,Z,232.42,399.97,2250.0,4,95%
21908,CHOCOLATE THIS WAY METAL SIGN,AY,A,Y,89.73,70.8,593.0,4,95%
22061,LARGE CAKE STAND  HANGING STRAWBERY,AY,A,Y,20.26,20.12,147.0,4,95%
84949,SILVER HANGING T-LIGHT HOLDER,AY,A,Y,107.65,113.29,804.0,4,95%
71053,WHITE METAL LANTERN,AY,A,Y,47.98,24.0,271.0,4,95%
84947,ANTIQUE SILVER TEA GLASS ENGRAVED,AY,A,Y,132.32,169.16,1088.0,4,95%
47591D,PINK FAIRY CAKE CHILDRENS APRON,AY,A,Y,89.65,75.92,609.0,4,95%
22555,PLASTERS IN TIN STRONGMAN,AY,A,Y,105.04,43.87,565.0,4,95%
21035,SET/2 RED RETROSPOT TEA TOWELS,AY,A,Y,57.59,48.86,392.0,4,95%
22041,"RECORD FRAME 7"" SINGLE SIZE",AY,A,Y,66.2,55.57,448.0,4,95%
21121,SET/10 RED POLKADOT PARTY CANDLES,AY,A,Y,147.82,86.75,878.0,4,95%
22847,BREAD BIN DINER STYLE IVORY,AY,A,Y,9.29,14.69,86.0,4,95%
21484,CHICK GREY HOT WATER BOTTLE,AZ,A,Z,39.31,56.51,344.0,4,95%
21430,SET/3 RED GINGHAM ROSE STORAGE BOX,AY,A,Y,43.98,37.15,299.0,4,95%
22505,MEMO BOARD COTTAGE DESIGN,AY,A,Y,36.72,15.96,200.0,4,95%
22147,FELTCRAFT BUTTERFLY HEARTS,AY,A,Y,108.33,220.48,1161.0,4,95%
22560,TRADITIONAL MODELLING CLAY,AY,A,Y,120.95,166.38,1033.0,4,95%
22352,LUNCH BOX WITH CUTLERY RETROSPOT,AX,A,X,68.18,33.12,382.0,4,95%
22297,HEART IVORY TRELLIS SMALL,AY,A,Y,139.22,37.8,682.0,4,95%
84945,MULTI COLOUR SILVER T-LIGHT HOLDER,AY,A,Y,186.69,193.86,1387.0,4,95%
84970L,SINGLE HEART ZINC T-LIGHT HOLDER,AX,A,X,176.74,66.56,927.0,4,95%
21914,BLUE HARMONICA IN BOX,AY,A,Y,100.61,135.57,850.0,4,95%
22633,HAND WARMER UNION JACK,AZ,A,Z,53.52,180.14,809.0,4,95%
22776,SWEETHEART CAKESTAND 3 TIER,AY,A,Y,15.48,10.0,95.0,4,95%
21136,PAINTED METAL PEARS ASSORTED,AY,A,Y,96.11,43.67,529.0,4,95%
20718,RED RETROSPOT SHOPPER BAG,AX,A,X,129.99,50.38,686.0,4,95%
22557,PLASTERS IN TIN VINTAGE PAISLEY,AY,A,Y,95.25,39.1,510.0,4,95%
84992,72 SWEETHEART FAIRY CAKE CASES,AY,A,Y,343.78,133.38,1815.0,4,95%
22366,DOORMAT AIRMAIL,AZ,A,Z,23.15,22.89,168.0,4,95%
21889,WOODEN BOX OF DOMINOES,AY,A,Y,104.23,103.17,757.0,4,95%
23240,SET OF 4 KNICK KNACK TINS DOILY,AZ,A,Z,25.34,32.22,208.0,4,95%
21156,RETROSPOT CHILDRENS APRON,AY,A,Y,84.57,69.64,568.0,4,95%
22654,DELUXE SEWING KIT,AY,A,Y,23.17,19.84,158.0,4,95%
21535,RED RETROSPOT SMALL MILK JUG,AY,A,Y,66.4,32.57,373.0,4,95%
22652,TRAVEL SEWING KIT,AY,A,Y,95.94,124.79,796.0,4,95%
21533,RETRO SPOT LARGE MILK JUG,AX,A,X,34.05,18.97,199.0,4,95%
21164,HOME SWEET HOME METAL SIGN,AY,A,Y,61.58,18.61,308.0,4,95%
72760B,VINTAGE CREAM 3 BASKET CAKE STAND,AY,A,Y,17.6,2.83,80.0,4,95%
22993,SET OF 4 PANTRY JELLY MOULDS,AY,A,Y,90.72,98.97,689.0,4,95%
22837,HOT WATER BOTTLE BABUSHKA,AZ,A,Z,37.98,0.71,154.0,4,95%
22487,WHITE WOOD GARDEN PLANT LADDER,AY,A,Y,15.57,6.89,85.0,4,95%
21155,RED RETROSPOT PEG BAG,AY,A,Y,64.95,21.5,331.0,4,95%
23301,GARDENERS KNEELING PAD KEEP CALM,AZ,A,Z,36.48,306.31,1157.0,4,95%
22191,IVORY DINER WALL CLOCK,AZ,A,Z,17.7,16.25,124.0,4,95%
22662,LUNCH BAG DOLLY GIRL DESIGN,AY,A,Y,92.73,75.83,621.0,4,95%
35004C,SET OF 3 COLOURED  FLYING DUCKS,AZ,A,Z,32.97,0.0,132.0,4,95%
22296,HEART IVORY TRELLIS LARGE,AY,A,Y,100.4,39.76,533.0,4,95%
22193,RED DINER WALL CLOCK,AY,A,Y,14.13,22.71,131.0,4,95%
22634,CHILDS BREAKFAST SET SPACEBOY,AY,A,Y,15.72,8.02,89.0,4,95%
21877,HOME SWEET HOME MUG,AY,A,Y,136.73,113.66,922.0,4,95%
22692,DOORMAT WELCOME TO OUR HOME,AZ,A,Z,16.84,32.18,174.0,4,95%
22759,SET OF 3 NOTEBOOKS IN PARCEL,AY,A,Y,72.61,146.16,773.0,4,95%
22690,DOORMAT HOME SWEET HOME BLUE,AZ,A,Z,22.57,25.05,173.0,4,95%
22635,CHILDS BREAKFAST SET DOLLY GIRL,AY,A,Y,15.95,6.75,86.0,4,95%
22367,CHILDRENS APRON SPACEBOY DESIGN,AX,A,X,71.55,50.4,453.0,4,95%
84375,SET OF 20 KIDS COOKIE CUTTERS,AY,A,Y,66.85,62.16,473.0,4,95%
22170,PICTURE FRAME WOOD TRIPLE PORTRAIT,AY,A,Y,21.6,23.68,165.0,4,95%
22619,SET OF 6 SOLDIER SKITTLES,AY,A,Y,31.68,46.94,282.0,4,95%
22333,RETROSPOT PARTY BAG + STICKER SET,AY,A,Y,96.05,55.09,566.0,4,95%
85232B,SET/3 RUSSIAN DOLL STACKING TINS,AZ,A,Z,33.23,1.88,139.0,4,95%
21891,TRADITIONAL WOODEN SKIPPING ROPE,AY,A,Y,98.17,171.73,959.0,4,95%
22173,METAL 4 HOOK HANGER FRENCH CHATEAU,AY,A,Y,46.99,23.76,266.0,4,95%
22749,FELTCRAFT PRINCESS CHARLOTTE DOLL,AY,A,Y,28.84,60.44,315.0,4,95%
84378,SET OF 3 HEART COOKIE CUTTERS,AY,A,Y,100.09,131.81,835.0,4,95%
21844,RED RETROSPOT MUG,AY,A,Y,52.54,34.01,322.0,4,95%
22940,FELTCRAFT CHRISTMAS FAIRY,AZ,A,Z,25.85,36.71,225.0,4,95%
21094,SET/6 RED SPOTTY PAPER PLATES,AY,A,Y,195.53,103.83,1125.0,4,95%
22365,DOORMAT RESPECTABLE HOUSE,AZ,A,Z,20.12,29.69,178.0,4,95%
22909,SET OF 20 VINTAGE CHRISTMAS NAPKINS,AZ,A,Z,114.67,297.7,1441.0,4,95%
21975,PACK OF 60 DINOSAUR CAKE CASES,AY,A,Y,308.08,180.5,1828.0,4,95%
21165,BEWARE OF THE CAT METAL SIGN,AY,A,Y,89.96,57.9,551.0,4,95%
35970,ZINC FOLKART SLEIGH BELLS,AZ,A,Z,43.29,220.69,901.0,4,95%
82582,AREA PATROLLED METAL SIGN,AY,A,Y,64.27,72.94,498.0,4,95%
22946,WOODEN ADVENT CALENDAR CREAM,AZ,A,Z,7.57,14.61,79.0,4,95%
21122,SET/10 PINK POLKADOT PARTY CANDLES,AY,A,Y,121.74,55.59,670.0,4,95%
22606,WOODEN SKITTLES GARDEN SET,AZ,A,Z,11.33,3.71,58.0,4,95%
22730,ALARM CLOCK BAKELIKE IVORY,AY,A,Y,26.13,44.67,252.0,4,95%
21770,OPEN CLOSED METAL SIGN,AZ,A,Z,26.42,18.99,168.0,4,95%
17003,BROCADE RING PURSE,AZ,A,Z,696.42,348.55,3936.0,4,95%
21912,VINTAGE SNAKES & LADDERS,AY,A,Y,32.96,28.23,225.0,4,95%
22423,REGENCY CAKESTAND 3 TIER,AX,A,X,251.85,79.99,1380.0,4,99%
85123A,WHITE HANGING HEART T-LIGHT HOLDER,AX,A,X,920.37,285.42,5012.0,4,99%
85099B,JUMBO BAG RED RETROSPOT,AX,A,X,877.32,482.95,5760.0,4,99%
47566,PARTY BUNTING,AY,A,Y,277.99,173.56,1921.0,4,99%
84879,ASSORTED COLOUR BIRD ORNAMENT,AY,A,Y,737.17,240.32,4069.0,4,99%
22086,PAPER CHAIN KIT 50'S CHRISTMAS,AZ,A,Z,216.7,681.73,4044.0,4,99%
23166,MEDIUM CERAMIC TOP STORAGE JAR,AZ,A,Z,824.81,722.9,6668.0,4,99%
79321,CHILLI LIGHTS,AY,A,Y,130.52,188.96,1403.0,4,99%
22197,SMALL POPCORN HOLDER,AY,A,Y,656.61,1332.55,8836.0,4,99%
22386,JUMBO BAG PINK POLKADOT,AX,A,X,346.33,233.64,2474.0,4,99%
20725,LUNCH BAG RED RETROSPOT,AX,A,X,382.91,117.84,2081.0,4,99%
84347,ROTATING SILVER ANGELS T-LIGHT HLDR,AZ,A,Z,266.16,483.44,3317.0,4,99%
85099F,JUMBO BAG STRAWBERRY,AX,A,X,354.66,221.79,2452.0,4,99%
48138,DOORMAT UNION FLAG,AY,A,Y,95.83,67.99,700.0,4,99%
23084,RABBIT NIGHT LIGHT,AZ,A,Z,54.77,1878.63,8974.0,4,99%
20685,DOORMAT RED RETROSPOT,AY,A,Y,97.1,39.47,572.0,4,99%
21137,BLACK RECORD COVER FRAME,AY,A,Y,149.11,270.87,1859.0,4,99%
21843,RED RETROSPOT CAKE STAND,AY,A,Y,58.57,30.73,377.0,4,99%
21931,JUMBO STORAGE BAG SUKI,AX,A,X,274.19,81.2,1475.0,4,99%
22502,PICNIC BASKET WICKER SMALL,AY,A,Y,40.55,4.2,182.0,4,99%
21621,VINTAGE UNION JACK BUNTING,AY,A,Y,70.66,19.54,374.0,4,99%
15056N,EDWARDIAN PARASOL NATURAL,AY,A,Y,115.2,51.44,701.0,4,99%
22114,HOT WATER BOTTLE TEA AND SYMPATHY,AY,A,Y,80.37,190.59,1210.0,4,99%
85099C,JUMBO  BAG BAROQUE BLACK WHITE,AX,A,X,288.49,125.58,1739.0,4,99%
22910,PAPER CHAIN KIT VINTAGE CHRISTMAS,AZ,A,Z,117.38,433.87,2491.0,4,99%
22112,CHOCOLATE HOT WATER BOTTLE,AY,A,Y,81.05,128.56,923.0,4,99%
22411,JUMBO SHOPPER VINTAGE RED PAISLEY,AX,A,X,249.9,131.91,1614.0,4,99%
82484,WOOD BLACK BOARD ANT WHITE FINISH,AZ,A,Z,93.47,69.54,698.0,4,99%
22470,HEART OF WICKER LARGE,AY,A,Y,154.1,184.25,1475.0,4,99%
22139,RETROSPOT TEA SET CERAMIC 11 PC,AY,A,Y,94.19,81.2,755.0,4,99%
22178,VICTORIAN GLASS HANGING T-LIGHT,AY,A,Y,358.83,271.02,2698.0,4,99%
20914,SET/5 RED RETROSPOT LID GLASS BOWLS,AX,A,X,183.56,48.79,962.0,4,99%
21212,PACK OF 72 RETROSPOT CAKE CASES,AX,A,X,940.62,256.85,4959.0,4,99%
21733,RED HANGING HEART T-LIGHT HOLDER,AY,A,Y,158.75,149.08,1330.0,4,99%
22090,PAPER BUNTING RETROSPOT,AY,A,Y,169.41,58.96,952.0,4,99%
21181,PLEASE ONE PERSON METAL SIGN,AY,A,Y,215.24,283.53,2182.0,4,99%
22111,SCOTTIE DOG HOT WATER BOTTLE,AY,A,Y,75.71,116.72,847.0,4,99%
21929,JUMBO BAG PINK VINTAGE PAISLEY,AY,A,Y,251.55,135.46,1637.0,4,99%
21232,STRAWBERRY CERAMIC TRINKET BOX,AX,A,X,368.87,135.55,2107.0,4,99%
84946,ANTIQUE SILVER TEA GLASS ETCHED,AX,A,X,323.22,281.61,2605.0,4,99%
22189,CREAM HEART CARD HOLDER,AZ,A,Z,157.24,118.97,1183.0,4,99%
15056BL,EDWARDIAN PARASOL BLACK,AZ,A,Z,93.85,40.34,563.0,4,99%
22469,HEART OF WICKER SMALL,AY,A,Y,240.74,260.38,2176.0,4,99%
48194,DOORMAT HEARTS,AY,A,Y,72.42,77.07,649.0,4,99%
21731,RED TOADSTOOL LED NIGHT LIGHT,AY,A,Y,264.51,140.19,1711.0,4,99%
22457,NATURAL SLATE HEART CHALKBOARD,AY,A,Y,135.1,86.11,942.0,4,99%
82494L,WOODEN FRAME ANTIQUE WHITE,AX,A,X,142.7,63.74,868.0,4,99%
21754,HOME BUILDING BLOCK WORD,AX,A,X,76.2,12.51,363.0,4,99%
48187,DOORMAT NEW ENGLAND,AY,A,Y,66.89,74.57,615.0,4,99%
21928,JUMBO BAG SCANDINAVIAN PAISLEY,AX,A,X,235.31,78.52,1307.0,4,99%
21523,DOORMAT FANCY FONT HOME SWEET HOME,AY,A,Y,66.03,43.79,468.0,4,99%
22138,BAKING SET 9 PIECE RETROSPOT,AY,A,Y,71.04,157.68,1019.0,4,99%
20727,LUNCH BAG  BLACK SKULL.,AY,A,Y,250.18,88.03,1411.0,4,99%
48185,DOORMAT FAIRY CAKE,AZ,A,Z,64.45,73.07,598.0,4,99%
21623,VINTAGE UNION JACK MEMOBOARD,AZ,A,Z,62.85,43.2,453.0,4,99%
22355,CHARLOTTE BAG SUKI DESIGN,AX,A,X,284.13,174.05,1948.0,4,99%
71477,COLOUR GLASS. STAR T-LIGHT HOLDER,AY,A,Y,134.22,148.83,1230.0,4,99%
22326,ROUND SNACK BOXES SET OF4 WOODLAND,AY,A,Y,139.53,89.34,974.0,4,99%
21175,GIN + TONIC DIET METAL SIGN,AY,A,Y,185.99,106.77,1242.0,4,99%
84078A,SET/4 WHITE RETRO STORAGE CUBES,AZ,A,Z,11.49,7.34,80.0,4,99%
22383,LUNCH BAG SUKI  DESIGN,AX,A,X,243.03,120.48,1534.0,4,99%
84029E,RED WOOLLY HOTTIE WHITE HEART.,AZ,A,Z,86.59,149.72,1044.0,4,99%
23298,SPOTTY BUNTING,AZ,A,Z,66.28,114.61,799.0,4,99%
84997D,PINK 3 PIECE MINI DOTS CUTLERY SET,AY,A,Y,99.8,66.94,711.0,4,99%
21915,RED  HARMONICA IN BOX,AY,A,Y,291.89,498.25,3489.0,4,99%
20728,LUNCH BAG CARS BLUE,AY,A,Y,236.44,68.79,1266.0,4,99%
23203,JUMBO BAG VINTAGE DOILY,AZ,A,Z,123.61,265.0,1729.0,4,99%
82482,WOODEN PICTURE FRAME WHITE FINISH,AX,A,X,154.78,74.22,965.0,4,99%
20713,JUMBO BAG OWLS,AY,A,Y,183.47,177.13,1559.0,4,99%
22083,PAPER CHAIN KIT RETROSPOT,AY,A,Y,133.03,36.02,700.0,4,99%
85066,CREAM SWEETHEART MINI CHEST,AY,A,Y,26.13,29.1,240.0,4,99%
84997B,RED 3 PIECE MINI DOTS CUTLERY SET,AY,A,Y,91.86,54.05,619.0,4,99%
20726,LUNCH BAG WOODLAND,AY,A,Y,216.08,77.53,1226.0,4,99%
82486,WOOD S/3 CABINET ANT WHITE FINISH,AX,A,X,44.2,19.4,267.0,4,99%
22960,JAM MAKING SET WITH JARS,AY,A,Y,68.63,81.0,652.0,4,99%
22699,ROSES REGENCY TEACUP AND SAUCER,AY,A,Y,114.92,70.35,788.0,4,99%
21166,COOK WITH WINE METAL SIGN,AY,A,Y,167.19,215.15,1671.0,4,99%
23284,DOORMAT KEEP CALM AND COME IN,AZ,A,Z,24.66,236.74,1202.0,4,99%
22720,SET OF 3 CAKE TINS PANTRY DESIGN,AZ,A,Z,54.33,90.45,639.0,4,99%
22629,SPACEBOY LUNCH BOX,AY,A,Y,185.0,90.22,1160.0,4,99%
20712,JUMBO BAG WOODLAND ANIMALS,AY,A,Y,157.3,104.07,1114.0,4,99%
21485,RETROSPOT HEART HOT WATER BOTTLE,AY,A,Y,60.1,116.36,783.0,4,99%
22727,ALARM CLOCK BAKELIKE RED,AZ,A,Z,60.58,154.45,962.0,4,99%
22328,ROUND SNACK BOXES SET OF 4 FRUITS,AY,A,Y,125.09,45.05,710.0,4,99%
21524,DOORMAT SPOTTY HOME SWEET HOME,AY,A,Y,50.62,25.57,322.0,4,99%
84997C,BLUE 3 PIECE MINI DOTS CUTLERY SET,AY,A,Y,84.37,52.74,583.0,4,99%
20724,RED RETROSPOT CHARLOTTE BAG,AX,A,X,283.76,146.24,1817.0,4,99%
21755,LOVE BUILDING BLOCK WORD,AX,A,X,56.81,14.54,295.0,4,99%
22379,RECYCLING BAG RETROSPOT,AY,A,Y,146.99,94.77,1030.0,4,99%
22382,LUNCH BAG SPACEBOY DESIGN,AX,A,X,184.43,95.48,1183.0,4,99%
22384,LUNCH BAG PINK POLKADOT,AX,A,X,202.39,106.27,1305.0,4,99%
22666,RECIPE BOX PANTRY YELLOW DESIGN,AY,A,Y,79.8,154.29,1038.0,4,99%
22630,DOLLY GIRL LUNCH BOX,AY,A,Y,165.68,86.7,1067.0,4,99%
15036,ASSORTED COLOURS SILK FAN,AY,A,Y,453.3,280.77,3122.0,4,99%
22726,ALARM CLOCK BAKELIKE GREEN,AY,A,Y,51.51,89.23,622.0,4,99%
22385,JUMBO BAG SPACEBOY DESIGN,AY,A,Y,157.47,94.96,1072.0,4,99%
22865,HAND WARMER OWL DESIGN,AZ,A,Z,90.82,269.26,1618.0,4,99%
22077,6 RIBBONS RUSTIC CHARM,AX,A,X,148.08,98.03,1049.0,4,99%
85152,HAND OVER THE CHOCOLATE   SIGN,AY,A,Y,142.2,163.65,1331.0,4,99%
85014B,RED RETROSPOT UMBRELLA,AZ,A,Z,58.42,33.22,388.0,4,99%
48184,DOORMAT ENGLISH ROSE,AY,A,Y,42.09,51.43,408.0,4,99%
23245,SET OF 3 REGENCY CAKE TINS,AZ,A,Z,39.63,65.54,464.0,4,99%
21479,WHITE SKULL HOT WATER BOTTLE,AZ,A,Z,47.76,110.27,705.0,4,99%
22697,GREEN REGENCY TEACUP AND SAUCER,AY,A,Y,84.13,59.87,615.0,4,99%
23199,JUMBO BAG APPLES,AZ,A,Z,110.81,208.96,1417.0,4,99%
22501,PICNIC BASKET WICKER LARGE,AZ,A,Z,27.44,5.39,135.0,4,99%
20679,EDWARDIAN PARASOL RED,AZ,A,Z,59.94,23.21,348.0,4,99%
21217,RED SPOTTY ROUND CAKE TINS,AY,A,Y,28.86,9.91,162.0,4,99%
84029G,KNITTED UNION FLAG HOT WATER BOTTLE,AZ,A,Z,57.95,66.22,540.0,4,99%
22659,LUNCH BOX I LOVE LONDON,AY,A,Y,145.41,121.58,1148.0,4,99%
47590B,PINK HAPPY BIRTHDAY BUNTING,AY,A,Y,57.6,24.98,347.0,4,99%
22622,BOX OF VINTAGE ALPHABET BLOCKS,AZ,A,Z,26.52,24.39,220.0,4,99%
22158,3 HEARTS HANGING DECORATION RUSTIC,AZ,A,Z,72.11,119.45,845.0,4,99%
82483,WOOD 2 DRAWER CABINET WHITE FINISH,AX,A,X,44.68,25.19,296.0,4,99%
48188,DOORMAT WELCOME PUPPIES,AZ,A,Z,48.85,42.41,393.0,4,99%
20971,PINK BLUE FELT CRAFT TRINKET BOX,AZ,A,Z,163.47,439.33,2701.0,4,99%
84978,HANGING HEART JAR T-LIGHT HOLDER,AX,A,X,208.26,97.24,1286.0,4,99%
22866,HAND WARMER SCOTTY DOG DESIGN,AZ,A,Z,83.2,193.4,1234.0,4,99%
22467,GUMBALL COAT RACK,AY,A,Y,99.16,105.62,889.0,4,99%
22752,SET 7 BABUSHKA NESTING BOXES,AZ,A,Z,30.26,39.81,307.0,4,99%
21977,PACK OF 60 PINK PAISLEY CAKE CASES,AX,A,X,556.43,296.91,3609.0,4,99%
22188,BLACK HEART CARD HOLDER,AZ,A,Z,103.04,97.87,868.0,4,99%
82583,HOT BATHS METAL SIGN,AY,A,Y,103.89,159.83,1160.0,4,99%
23201,JUMBO BAG ALPHABET,AZ,A,Z,85.58,192.2,1238.0,4,99%
22492,MINI PAINT SET VINTAGE,AY,A,Y,377.16,351.9,3148.0,4,99%
20719,WOODLAND CHARLOTTE BAG,AX,A,X,227.63,70.8,1240.0,4,99%
47566B,TEA TIME PARTY BUNTING,AY,A,Y,63.67,15.06,325.0,4,99%
22624,IVORY KITCHEN SCALES,AY,A,Y,28.17,27.33,240.0,4,99%
21930,JUMBO STORAGE BAG SKULLS,AX,A,X,122.55,73.8,834.0,4,99%
72741,GRAND CHOCOLATECANDLE,AY,A,Y,190.01,100.38,1228.0,4,99%
22835,HOT WATER BOTTLE I AM SO POORLY,AZ,A,Z,35.69,77.35,503.0,4,99%
84991,60 TEATIME FAIRY CAKE CASES,AX,A,X,534.57,183.0,2991.0,4,99%
22961,JAM MAKING SET PRINTED,AY,A,Y,129.24,142.73,1182.0,4,99%
20750,RED RETROSPOT MINI CASES,AX,A,X,34.44,16.34,214.0,4,99%
71459,HANGING JAM JAR T-LIGHT HOLDER,AY,A,Y,329.46,134.41,1944.0,4,99%
22734,SET OF 6 RIBBONS VINTAGE CHRISTMAS,AZ,A,Z,75.08,160.73,1049.0,4,99%
22149,FELTCRAFT 6 FLOWER FRIENDS,AY,A,Y,111.67,192.54,1344.0,4,99%
22867,HAND WARMER BIRD DESIGN,AZ,A,Z,80.35,163.79,1085.0,4,99%
48111,DOORMAT 3 SMILEY CATS,AZ,A,Z,38.7,43.19,356.0,4,99%
22551,PLASTERS IN TIN SPACEBOY,AY,A,Y,137.96,74.87,901.0,4,99%
82600,NO SINGING METAL SIGN,AY,A,Y,114.99,188.22,1337.0,4,99%
20711,JUMBO BAG TOYS,AY,A,Y,124.73,73.01,839.0,4,99%
21481,FAWN BLUE HOT WATER BOTTLE,AY,A,Y,72.89,59.66,570.0,4,99%
22507,MEMO BOARD RETROSPOT  DESIGN,AZ,A,Z,49.67,46.69,416.0,4,99%
37503,TEA TIME CAKE STAND IN GIFT BOX,AZ,A,Z,26.55,0.0,106.0,4,99%
22087,PAPER BUNTING WHITE LACE,AY,A,Y,84.57,48.38,564.0,4,99%
21080,SET/20 RED RETROSPOT PAPER NAPKINS,AX,A,X,306.66,67.61,1542.0,4,99%
21108,FAIRY CAKE FLANNEL ASSORTED COLOUR,AZ,A,Z,103.72,202.26,1357.0,4,99%
84755,COLOUR GLASS T-LIGHT HOLDER HANGING,AY,A,Y,409.84,185.04,2502.0,4,99%
22084,PAPER CHAIN KIT EMPIRE,AZ,A,Z,94.53,2.07,388.0,4,99%
21527,RED RETROSPOT TRADITIONAL TEAPOT,AY,A,Y,36.13,2.14,154.0,4,99%
23173,REGENCY TEAPOT ROSES,AZ,A,Z,23.74,53.58,345.0,4,99%
20972,PINK CREAM FELT CRAFT TRINKET BOX,AY,A,Y,193.35,66.3,1082.0,4,99%
21314,SMALL GLASS HEART TRINKET POT,AY,A,Y,109.13,48.17,661.0,4,99%
84836,ZINC METAL HEART DECORATION,AY,A,Y,193.65,78.9,1142.0,4,99%
84077,WORLD WAR 2 GLIDERS ASSTD DESIGNS,AY,A,Y,962.13,480.64,6088.0,4,99%
22722,SET OF 6 SPICE TINS PANTRY DESIGN,AZ,A,Z,36.74,174.27,959.0,4,99%
22698,PINK REGENCY TEACUP AND SAUCER,AY,A,Y,69.26,56.79,542.0,4,99%
22728,ALARM CLOCK BAKELIKE PINK,AZ,A,Z,43.87,79.23,545.0,4,99%
48173C,DOORMAT BLACK FLOCK,AZ,A,Z,41.19,33.52,321.0,4,99%
21231,SWEETHEART CERAMIC TRINKET BOX,AY,A,Y,189.68,90.89,1182.0,4,99%
47590A,BLUE HAPPY BIRTHDAY BUNTING,AY,A,Y,46.98,21.93,290.0,4,99%
22171,3 HOOK PHOTO SHELF ANTIQUE WHITE,AZ,A,Z,32.29,20.63,225.0,4,99%
23344,JUMBO BAG 50'S CHRISTMAS,AZ,A,Z,16.51,447.36,2151.0,4,99%
21955,DOORMAT UNION JACK GUNS AND ROSES,AZ,A,Z,40.24,27.83,291.0,4,99%
21790,VINTAGE SNAP CARDS,AY,A,Y,227.2,171.34,1707.0,4,99%
23243,SET OF TEA COFFEE SUGAR TINS PANTRY,AZ,A,Z,21.8,180.74,929.0,4,99%
22605,WOODEN CROQUET GARDEN SET,AZ,A,Z,18.39,6.47,104.0,4,99%
22625,RED KITCHEN SCALES,AY,A,Y,23.69,19.28,185.0,4,99%
84406B,CREAM CUPID HEARTS COAT HANGER,AY,A,Y,74.26,28.41,429.0,4,99%
22607,WOODEN ROUNDERS GARDEN SET,AY,A,Y,25.91,9.7,149.0,4,99%
21791,VINTAGE HEADS AND TAILS CARD GAME,AY,A,Y,158.68,107.95,1138.0,4,99%
22554,PLASTERS IN TIN WOODLAND ANIMALS,AY,A,Y,117.13,85.63,868.0,4,99%
21936,RED RETROSPOT PICNIC BAG,AY,A,Y,81.72,55.33,585.0,4,99%
84970S,HANGING HEART ZINC T-LIGHT HOLDER,AX,A,X,270.55,64.76,1384.0,4,99%
22556,PLASTERS IN TIN CIRCUS PARADE,AY,A,Y,124.92,49.07,728.0,4,99%
37449,CERAMIC CAKE STAND + HANGING CAKES,AY,A,Y,24.37,9.96,144.0,4,99%
85014A,BLACK/BLUE POLKADOT UMBRELLA,AZ,A,Z,45.98,16.93,263.0,4,99%
20749,ASSORTED COLOUR MINI CASES,AY,A,Y,25.69,32.74,255.0,4,99%
22113,GREY HEART HOT WATER BOTTLE,AZ,A,Z,43.26,93.11,607.0,4,99%
22585,PACK OF 6 BIRDY GIFT TAGS,AY,A,Y,162.99,150.06,1351.0,4,99%
23202,JUMBO BAG VINTAGE LEAF,AZ,A,Z,75.14,111.29,819.0,4,99%
22499,WOODEN UNION JACK BUNTING,AY,A,Y,37.38,4.62,171.0,4,99%
22941,CHRISTMAS LIGHTS 10 REINDEER,AZ,A,Z,13.61,59.91,334.0,4,99%
21210,SET OF 72 RETROSPOT PAPER  DOILIES,AY,A,Y,142.55,78.54,936.0,4,99%
22456,NATURAL SLATE CHALKBOARD LARGE,AY,A,Y,42.55,11.39,223.0,4,99%
22969,HOMEMADE JAM SCENTED CANDLES,AZ,A,Z,118.23,153.37,1188.0,4,99%
21213,PACK OF 72 SKULL CAKE CASES,AY,A,Y,394.41,182.11,2426.0,4,99%
21258,VICTORIAN SEWING BOX LARGE,AZ,A,Z,14.01,10.87,107.0,4,99%
23209,LUNCH BAG VINTAGE DOILY,AZ,A,Z,93.12,136.95,1011.0,4,99%
85048,15CM CHRISTMAS GLASS BALL 20 LIGHTS,AZ,A,Z,17.23,42.3,266.0,4,99%
22570,FELTCRAFT CUSHION RABBIT,AY,A,Y,50.92,78.03,567.0,4,99%
22424,ENAMEL BREAD BIN CREAM,AY,A,Y,13.83,7.61,91.0,4,99%
23206,LUNCH BAG APPLE DESIGN,AZ,A,Z,96.11,149.46,1081.0,4,99%
84997A,GREEN 3 PIECE MINI DOTS CUTLERY SET,AY,A,Y,49.61,36.47,368.0,4,99%
22294,HEART FILIGREE DOVE  SMALL,AY,A,Y,163.87,71.58,989.0,4,99%
22356,CHARLOTTE BAG PINK POLKADOT,AX,A,X,183.59,76.62,1091.0,4,99%
21218,RED SPOTTY BISCUIT TIN,AY,A,Y,51.95,30.66,351.0,4,99%
48116,DOORMAT MULTICOLOUR STRIPE,AZ,A,Z,31.58,52.86,373.0,4,99%
22632,HAND WARMER RED RETROSPOT,AZ,A,Z,78.44,124.74,895.0,4,99%
22617,BAKING SET SPACEBOY DESIGN,AY,A,Y,34.24,58.72,411.0,4,99%
22693,GROW A FLYTRAP OR SUNFLOWER IN TIN,AZ,A,Z,165.38,92.84,1094.0,4,99%
20723,STRAWBERRY CHARLOTTE BAG,AX,A,X,169.04,68.56,996.0,4,99%
21559,STRAWBERRY LUNCH BOX WITH CUTLERY,AX,A,X,78.53,43.59,517.0,4,99%
22568,FELTCRAFT CUSHION OWL,AY,A,Y,42.48,79.18,539.0,4,99%
85150,LADIES & GENTLEMEN METAL SIGN,AY,A,Y,79.59,24.83,434.0,4,99%
21216,"SET 3 RETROSPOT TEA,COFFEE,SUGAR",AY,A,Y,37.08,19.86,241.0,4,99%
22273,FELTCRAFT DOLL MOLLY,AZ,A,Z,47.17,194.14,1093.0,4,99%
22569,FELTCRAFT CUSHION BUTTERFLY,AY,A,Y,51.72,71.18,539.0,4,99%
21622,VINTAGE UNION JACK CUSHION COVER,AZ,A,Z,39.62,7.45,193.0,4,99%
22900,SET 2 TEA TOWELS I LOVE LONDON,AZ,A,Z,53.84,40.51,404.0,4,99%
22413,METAL SIGN TAKE IT OR LEAVE IT,AZ,A,Z,53.32,142.26,876.0,4,99%
48129,DOORMAT TOPIARY,AZ,A,Z,29.12,29.96,256.0,4,99%
22381,TOY TIDY PINK POLKADOT,AY,A,Y,87.52,58.01,620.0,4,99%
21174,POTTERING IN THE SHED METAL SIGN,AY,A,Y,84.12,100.9,807.0,4,99%
22558,CLOTHES PEGS RETROSPOT PACK 24,AY,A,Y,126.11,60.91,788.0,4,99%
22169,FAMILY ALBUM WHITE PICTURE FRAME,AY,A,Y,19.42,20.33,172.0,4,99%
22561,WOODEN SCHOOL COLOURING SET,AY,A,Y,102.67,36.28,580.0,4,99%
21340,CLASSIC METAL BIRDCAGE PLANT HOLDER,AY,A,Y,16.68,10.15,114.0,4,99%
22427,ENAMEL FLOWER JUG CREAM,AY,A,Y,31.43,33.96,284.0,4,99%
22952,60 CAKE CASES VINTAGE CHRISTMAS,AZ,A,Z,232.42,399.97,2794.0,4,99%
21908,CHOCOLATE THIS WAY METAL SIGN,AY,A,Y,89.73,70.8,689.0,4,99%
22061,LARGE CAKE STAND  HANGING STRAWBERY,AY,A,Y,20.26,20.12,175.0,4,99%
84949,SILVER HANGING T-LIGHT HOLDER,AY,A,Y,107.65,113.29,959.0,4,99%
71053,WHITE METAL LANTERN,AY,A,Y,47.98,24.0,304.0,4,99%
84947,ANTIQUE SILVER TEA GLASS ENGRAVED,AY,A,Y,132.32,169.16,1318.0,4,99%
47591D,PINK FAIRY CAKE CHILDRENS APRON,AY,A,Y,89.65,75.92,712.0,4,99%
22555,PLASTERS IN TIN STRONGMAN,AY,A,Y,105.04,43.87,625.0,4,99%
21035,SET/2 RED RETROSPOT TEA TOWELS,AY,A,Y,57.59,48.86,458.0,4,99%
22041,"RECORD FRAME 7"" SINGLE SIZE",AY,A,Y,66.2,55.57,524.0,4,99%
21121,SET/10 RED POLKADOT PARTY CANDLES,AY,A,Y,147.82,86.75,996.0,4,99%
22847,BREAD BIN DINER STYLE IVORY,AY,A,Y,9.29,14.69,106.0,4,99%
21484,CHICK GREY HOT WATER BOTTLE,AZ,A,Z,39.31,56.51,421.0,4,99%
21430,SET/3 RED GINGHAM ROSE STORAGE BOX,AY,A,Y,43.98,37.15,349.0,4,99%
22505,MEMO BOARD COTTAGE DESIGN,AY,A,Y,36.72,15.96,221.0,4,99%
22147,FELTCRAFT BUTTERFLY HEARTS,AY,A,Y,108.33,220.48,1461.0,4,99%
22560,TRADITIONAL MODELLING CLAY,AY,A,Y,120.95,166.38,1259.0,4,99%
22352,LUNCH BOX WITH CUTLERY RETROSPOT,AX,A,X,68.18,33.12,427.0,4,99%
22297,HEART IVORY TRELLIS SMALL,AY,A,Y,139.22,37.8,733.0,4,99%
84945,MULTI COLOUR SILVER T-LIGHT HOLDER,AY,A,Y,186.69,193.86,1650.0,4,99%
84970L,SINGLE HEART ZINC T-LIGHT HOLDER,AX,A,X,176.74,66.56,1017.0,4,99%
21914,BLUE HARMONICA IN BOX,AY,A,Y,100.61,135.57,1034.0,4,99%
22633,HAND WARMER UNION JACK,AZ,A,Z,53.52,180.14,1054.0,4,99%
22776,SWEETHEART CAKESTAND 3 TIER,AY,A,Y,15.48,10.0,109.0,4,99%
21136,PAINTED METAL PEARS ASSORTED,AY,A,Y,96.11,43.67,588.0,4,99%
20718,RED RETROSPOT SHOPPER BAG,AX,A,X,129.99,50.38,755.0,4,99%
22557,PLASTERS IN TIN VINTAGE PAISLEY,AY,A,Y,95.25,39.1,563.0,4,99%
84992,72 SWEETHEART FAIRY CAKE CASES,AY,A,Y,343.78,133.38,1997.0,4,99%
22366,DOORMAT AIRMAIL,AZ,A,Z,23.15,22.89,199.0,4,99%
21889,WOODEN BOX OF DOMINOES,AY,A,Y,104.23,103.17,898.0,4,99%
23240,SET OF 4 KNICK KNACK TINS DOILY,AZ,A,Z,25.34,32.22,252.0,4,99%
21156,RETROSPOT CHILDRENS APRON,AY,A,Y,84.57,69.64,663.0,4,99%
22654,DELUXE SEWING KIT,AY,A,Y,23.17,19.84,185.0,4,99%
21535,RED RETROSPOT SMALL MILK JUG,AY,A,Y,66.4,32.57,417.0,4,99%
22652,TRAVEL SEWING KIT,AY,A,Y,95.94,124.79,965.0,4,99%
21533,RETRO SPOT LARGE MILK JUG,AX,A,X,34.05,18.97,225.0,4,99%
21164,HOME SWEET HOME METAL SIGN,AY,A,Y,61.58,18.61,333.0,4,99%
72760B,VINTAGE CREAM 3 BASKET CAKE STAND,AY,A,Y,17.6,2.83,84.0,4,99%
22993,SET OF 4 PANTRY JELLY MOULDS,AY,A,Y,90.72,98.97,824.0,4,99%
22837,HOT WATER BOTTLE BABUSHKA,AZ,A,Z,37.98,0.71,155.0,4,99%
22487,WHITE WOOD GARDEN PLANT LADDER,AY,A,Y,15.57,6.89,94.0,4,99%
21155,RED RETROSPOT PEG BAG,AY,A,Y,64.95,21.5,360.0,4,99%
23301,GARDENERS KNEELING PAD KEEP CALM,AZ,A,Z,36.48,306.31,1573.0,4,99%
22191,IVORY DINER WALL CLOCK,AZ,A,Z,17.7,16.25,147.0,4,99%
22662,LUNCH BAG DOLLY GIRL DESIGN,AY,A,Y,92.73,75.83,724.0,4,99%
35004C,SET OF 3 COLOURED  FLYING DUCKS,AZ,A,Z,32.97,0.0,132.0,4,99%
22296,HEART IVORY TRELLIS LARGE,AY,A,Y,100.4,39.76,587.0,4,99%
22193,RED DINER WALL CLOCK,AY,A,Y,14.13,22.71,162.0,4,99%
22634,CHILDS BREAKFAST SET SPACEBOY,AY,A,Y,15.72,8.02,100.0,4,99%
21877,HOME SWEET HOME MUG,AY,A,Y,136.73,113.66,1077.0,4,99%
22692,DOORMAT WELCOME TO OUR HOME,AZ,A,Z,16.84,32.18,217.0,4,99%
22759,SET OF 3 NOTEBOOKS IN PARCEL,AY,A,Y,72.61,146.16,972.0,4,99%
22690,DOORMAT HOME SWEET HOME BLUE,AZ,A,Z,22.57,25.05,207.0,4,99%
22635,CHILDS BREAKFAST SET DOLLY GIRL,AY,A,Y,15.95,6.75,95.0,4,99%
22367,CHILDRENS APRON SPACEBOY DESIGN,AX,A,X,71.55,50.4,521.0,4,99%
84375,SET OF 20 KIDS COOKIE CUTTERS,AY,A,Y,66.85,62.16,557.0,4,99%
22170,PICTURE FRAME WOOD TRIPLE PORTRAIT,AY,A,Y,21.6,23.68,197.0,4,99%
22619,SET OF 6 SOLDIER SKITTLES,AY,A,Y,31.68,46.94,345.0,4,99%
22333,RETROSPOT PARTY BAG + STICKER SET,AY,A,Y,96.05,55.09,641.0,4,99%
85232B,SET/3 RUSSIAN DOLL STACKING TINS,AZ,A,Z,33.23,1.88,142.0,4,99%
21891,TRADITIONAL WOODEN SKIPPING ROPE,AY,A,Y,98.17,171.73,1193.0,4,99%
22173,METAL 4 HOOK HANGER FRENCH CHATEAU,AY,A,Y,46.99,23.76,299.0,4,99%
22749,FELTCRAFT PRINCESS CHARLOTTE DOLL,AY,A,Y,28.84,60.44,397.0,4,99%
84378,SET OF 3 HEART COOKIE CUTTERS,AY,A,Y,100.09,131.81,1015.0,4,99%
21844,RED RETROSPOT MUG,AY,A,Y,52.54,34.01,369.0,4,99%
22940,FELTCRAFT CHRISTMAS FAIRY,AZ,A,Z,25.85,36.71,274.0,4,99%
21094,SET/6 RED SPOTTY PAPER PLATES,AY,A,Y,195.53,103.83,1266.0,4,99%
22365,DOORMAT RESPECTABLE HOUSE,AZ,A,Z,20.12,29.69,219.0,4,99%
22909,SET OF 20 VINTAGE CHRISTMAS NAPKINS,AZ,A,Z,114.67,297.7,1846.0,4,99%
21975,PACK OF 60 DINOSAUR CAKE CASES,AY,A,Y,308.08,180.5,2073.0,4,99%
21165,BEWARE OF THE CAT METAL SIGN,AY,A,Y,89.96,57.9,630.0,4,99%
35970,ZINC FOLKART SLEIGH BELLS,AZ,A,Z,43.29,220.69,1202.0,4,99%
82582,AREA PATROLLED METAL SIGN,AY,A,Y,64.27,72.94,597.0,4,99%
22946,WOODEN ADVENT CALENDAR CREAM,AZ,A,Z,7.57,14.61,98.0,4,99%
21122,SET/10 PINK POLKADOT PARTY CANDLES,AY,A,Y,121.74,55.59,746.0,4,99%
22606,WOODEN SKITTLES GARDEN SET,AZ,A,Z,11.33,3.71,63.0,4,99%
22730,ALARM CLOCK BAKELIKE IVORY,AY,A,Y,26.13,44.67,313.0,4,99%
21770,OPEN CLOSED METAL SIGN,AZ,A,Z,26.42,18.99,194.0,4,99%
17003,BROCADE RING PURSE,AZ,A,Z,696.42,348.55,4410.0,4,99%
21912,VINTAGE SNAKES & LADDERS,AY,A,Y,32.96,28.23,263.0,4,99%
