antecedent support,consequent support,support,confidence,lift,representativity,leverage,conviction,zhangs_metric,jaccard,certainty,kulczynski,A,B,A_name,B_name,co_stock_rule
0.0251007312341441,0.0293687509326966,0.019429935830473,0.7740784780023782,26.357214842956992,1.0,0.0186927587066289,4.29632042350317,0.9868298757013174,0.5545144804088586,0.7672426864324492,0.7178319219280184,21086,21094,SET/6 RED SPOTTY PAPER CUPS,SET/6 RED SPOTTY PAPER PLATES,1
0.0293687509326966,0.0251007312341441,0.019429935830473,0.6615853658536586,26.357214842956992,1.0,0.0186927587066289,2.8807834248216286,0.9911691233328568,0.5545144804088586,0.6528722043511765,0.7178319219280184,21094,21086,SET/6 RED SPOTTY PAPER PLATES,SET/6 RED SPOTTY PAPER CUPS,1
0.0403521862408595,0.0306819877630204,0.0257871959409043,0.6390532544378699,20.828287247024157,1.0,0.0245491106564511,2.685487607672944,0.9920184856893718,0.5699208443271768,0.6276281457628731,0.7397600902539544,22697,22698,GREEN REGENCY TEACUP AND SAUCER,PINK REGENCY TEACUP AND SAUCER,1
0.0306819877630204,0.0403521862408595,0.0257871959409043,0.8404669260700389,20.828287247024157,1.0,0.0245491106564511,6.015353369173149,0.9821218206844958,0.5699208443271768,0.8337587272720012,0.7397600902539544,22698,22697,PINK REGENCY TEACUP AND SAUCER,GREEN REGENCY TEACUP AND SAUCER,1
0.0347709297119832,0.0304730637218325,0.021310252201164,0.6128755364806867,20.112041968448,1.0,0.0202506754443833,2.504432108124313,0.984510903928671,0.485054347826087,0.60070788233547,0.656094967065025,84997D,84997C,PINK 3 PIECE MINI DOTS CUTLERY SET,BLUE 3 PIECE MINI DOTS CUTLERY SET,1
0.0304730637218325,0.0347709297119832,0.021310252201164,0.6993143976493633,20.112041968448,1.0,0.0202506754443833,3.2100940741500485,0.9801466147350456,0.485054347826087,0.6884826497601088,0.656094967065025,84997C,84997D,BLUE 3 PIECE MINI DOTS CUTLERY SET,PINK 3 PIECE MINI DOTS CUTLERY SET,1
0.0304730637218325,0.0328906133412923,0.0190717803312938,0.6258570029382958,19.02843818824646,1.0,0.0180695025750944,2.5848656643417294,0.9772261543373996,0.4305929919137466,0.6131327001650342,0.6028559061878411,84997C,84997B,BLUE 3 PIECE MINI DOTS CUTLERY SET,RED 3 PIECE MINI DOTS CUTLERY SET,1
0.0328906133412923,0.0304730637218325,0.0190717803312938,0.5798548094373865,19.02843818824646,1.0,0.0180695025750944,2.307599748981729,0.9796689935344284,0.4305929919137466,0.5666492855005429,0.6028559061878411,84997B,84997C,RED 3 PIECE MINI DOTS CUTLERY SET,BLUE 3 PIECE MINI DOTS CUTLERY SET,1
0.0306819877630204,0.0423817340695418,0.0242351887777943,0.7898832684824902,18.637351345426644,1.0,0.022934832931697,4.557553598965328,0.9762991042846388,0.4963325183374082,0.7805840395981248,0.6808571271989916,22698,22699,PINK REGENCY TEACUP AND SAUCER,ROSES REGENCY TEACUP AND SAUCER,1
0.0423817340695418,0.0306819877630204,0.0242351887777943,0.5718309859154929,18.63735134542664,1.0,0.022934832931697,2.2638677259482085,0.9882270846143748,0.4963325183374082,0.5582780793514976,0.6808571271989916,22699,22698,ROSES REGENCY TEACUP AND SAUCER,PINK REGENCY TEACUP AND SAUCER,1
0.0398746455752872,0.0272198179376212,0.019758245038054,0.4955089820359282,18.203978556045804,1.0,0.0186728644451675,1.928240835660739,0.984316213682291,0.4174022698612863,0.4813925825518907,0.6106930875091922,82580,82581,BATHROOM METAL SIGN,TOILET METAL SIGN,1
0.0272198179376212,0.0398746455752872,0.019758245038054,0.7258771929824561,18.203978556045804,1.0,0.0186728644451675,3.502537292941352,0.971511314636444,0.4174022698612863,0.7144926901948209,0.6106930875091922,82581,82580,TOILET METAL SIGN,BATHROOM METAL SIGN,1
0.0423817340695418,0.0403521862408595,0.03086106551261,0.728169014084507,18.04534232019335,1.0,0.0291508698862253,3.5303106102020183,0.986388910742108,0.5949367088607593,0.7167388056138279,0.7464809567463955,22699,22697,ROSES REGENCY TEACUP AND SAUCER,GREEN REGENCY TEACUP AND SAUCER,1
0.0403521862408595,0.0423817340695418,0.03086106551261,0.764792899408284,18.04534232019335,1.0,0.0291508698862253,4.071383319301821,0.9843028084832066,0.5949367088607593,0.754383234990636,0.7464809567463955,22697,22699,GREEN REGENCY TEACUP AND SAUCER,ROSES REGENCY TEACUP AND SAUCER,1
0.0322638412177287,0.0361438591255036,0.0193702432472765,0.6003700277520814,16.61056794371056,1.0,0.0182041035154553,2.411871500660487,0.97112973821062,0.3950091296409008,0.5853842131613763,0.5681453772121265,22866,22865,HAND WARMER SCOTTY DOG DESIGN,HAND WARMER OWL DESIGN,1
0.0361438591255036,0.0322638412177287,0.0193702432472765,0.5359207266721717,16.610567943710556,1.0,0.0182041035154553,2.085282007625143,0.9750390360977624,0.3950091296409008,0.5204485549947913,0.5681453772121265,22865,22866,HAND WARMER OWL DESIGN,HAND WARMER SCOTTY DOG DESIGN,1
0.0313982987613788,0.0361438591255036,0.0185942396657215,0.5922053231939165,16.38467328952285,1.0,0.0174593839785097,2.3635819585080897,0.969405020293825,0.3798780487804878,0.5769133385028852,0.5533280951229698,22867,22865,HAND WARMER BIRD DESIGN,HAND WARMER OWL DESIGN,1
0.0361438591255036,0.0313982987613788,0.0185942396657215,0.5144508670520231,16.384673289522848,1.0,0.0174593839785097,1.994858265646208,0.9741779006501364,0.3798780487804878,0.4987112532147424,0.5533280951229698,22865,22867,HAND WARMER OWL DESIGN,HAND WARMER BIRD DESIGN,1
0.0313982987613788,0.0322638412177287,0.0165646918370392,0.5275665399239544,16.351634523729967,1.0,0.0155516621112953,2.048407322009959,0.9692777052774588,0.3517110266159696,0.5118158438240838,0.5204900229684526,22867,22866,HAND WARMER BIRD DESIGN,HAND WARMER SCOTTY DOG DESIGN,1
0.0322638412177287,0.0313982987613788,0.0165646918370392,0.5134135060129509,16.351634523729963,1.0,0.0155516621112953,1.990605397412451,0.9701446264917768,0.3517110266159696,0.4976402649666878,0.5204900229684526,22866,22867,HAND WARMER SCOTTY DOG DESIGN,HAND WARMER BIRD DESIGN,1
0.0406506491568422,0.0377854051634084,0.0249514997761528,0.6138032305433186,16.244452795698177,1.0,0.0234154985276059,2.491513836820224,0.9782052005340368,0.466517857142857,0.5986375892352086,0.6370753909430653,22727,22726,ALARM CLOCK BAKELIKE RED,ALARM CLOCK BAKELIKE GREEN,1
0.0377854051634084,0.0406506491568422,0.0249514997761528,0.660347551342812,16.244452795698173,1.0,0.0234154985276059,2.824502972482413,0.9752923403568832,0.466517857142857,0.6459554088834557,0.6370753909430653,22726,22727,ALARM CLOCK BAKELIKE GREEN,ALARM CLOCK BAKELIKE RED,1
0.0367109386658707,0.0262348903148783,0.0154006864647067,0.4195121951219512,15.990621271400428,1.0,0.0144375790154514,1.677494516684453,0.9731900635887089,0.3239171374764594,0.403872865124777,0.5032714559227504,23203,23202,JUMBO BAG VINTAGE DOILY,JUMBO BAG VINTAGE LEAF,1
0.0262348903148783,0.0367109386658707,0.0154006864647067,0.5870307167235495,15.990621271400428,1.0,0.0144375790154514,2.33259252042066,0.962720201750922,0.3239171374764594,0.5712924605367165,0.5032714559227504,23202,23203,JUMBO BAG VINTAGE LEAF,JUMBO BAG VINTAGE DOILY,1
0.0328906133412923,0.0347709297119832,0.0180271601253544,0.5480943738656987,15.763006005468014,1.0,0.0168835229206803,2.1359085049345268,0.968411987852486,0.3631990378833434,0.5318151514029139,0.5332746547440081,84997B,84997D,RED 3 PIECE MINI DOTS CUTLERY SET,PINK 3 PIECE MINI DOTS CUTLERY SET,1
0.0347709297119832,0.0328906133412923,0.0180271601253544,0.5184549356223176,15.763006005468013,1.0,0.0168835229206803,2.0083465872680826,0.970298504711939,0.3631990378833434,0.5020779748179413,0.5332746547440081,84997D,84997B,PINK 3 PIECE MINI DOTS CUTLERY SET,RED 3 PIECE MINI DOTS CUTLERY SET,1
0.0407998806148336,0.0397851067004924,0.0247425757349649,0.6064374542794441,15.242825885696003,1.0,0.0231193481313364,2.439802526283321,0.9741401694937266,0.4430785676109033,0.590130762950167,0.6141714653242683,22629,22630,SPACEBOY LUNCH BOX,DOLLY GIRL LUNCH BOX,1
0.0397851067004924,0.0407998806148336,0.0247425757349649,0.6219054763690923,15.242825885696003,1.0,0.0231193481313364,2.5369320617865614,0.973110679074642,0.4430785676109033,0.6058231061592644,0.6141714653242683,22630,22629,DOLLY GIRL LUNCH BOX,SPACEBOY LUNCH BOX,1
0.0288912102671243,0.0406506491568422,0.0177286972093717,0.6136363636363636,15.09536443732479,1.0,0.0165542507570863,2.4830218492411142,0.9615343899082412,0.3421658986175115,0.5972649212468146,0.5248798558269924,22728,22727,ALARM CLOCK BAKELIKE PINK,ALARM CLOCK BAKELIKE RED,1
0.0406506491568422,0.0288912102671243,0.0177286972093717,0.4361233480176211,15.09536443732479,1.0,0.0165542507570863,1.722200744291897,0.9733206124022163,0.3421658986175115,0.4193475973608628,0.5248798558269924,22727,22728,ALARM CLOCK BAKELIKE RED,ALARM CLOCK BAKELIKE PINK,1
0.0377854051634084,0.0288912102671243,0.0159080734218773,0.4210110584518168,14.572288753541448,1.0,0.0148164073362728,1.6772492875877498,0.9679510215302722,0.3133450911228689,0.4037857059172057,0.4858154465812803,22726,22728,ALARM CLOCK BAKELIKE GREEN,ALARM CLOCK BAKELIKE PINK,1
0.0288912102671243,0.0377854051634084,0.0159080734218773,0.5506198347107438,14.572288753541446,1.0,0.0148164073362728,2.141203971958209,0.9590857480134752,0.3133450911228689,0.5329730314830942,0.4858154465812803,22728,22726,ALARM CLOCK BAKELIKE PINK,ALARM CLOCK BAKELIKE GREEN,1
0.0334278465900611,0.0378450977466049,0.0184151619161319,0.5508928571428571,14.556518279630462,1.0,0.0171500817944725,2.142372744580124,0.9635103291562288,0.3483907396950875,0.5332278183010648,0.5187429585398827,82483,82486,WOOD 2 DRAWER CABINET WHITE FINISH,WOOD S/3 CABINET ANT WHITE FINISH,1
0.0378450977466049,0.0334278465900611,0.0184151619161319,0.4865930599369084,14.556518279630462,1.0,0.0171500817944725,1.8826628118645197,0.9679338030748664,0.3483907396950875,0.4688374393449472,0.5187429585398827,82486,82483,WOOD S/3 CABINET ANT WHITE FINISH,WOOD 2 DRAWER CABINET WHITE FINISH,1
0.0339949261304282,0.03241307267572,0.0157886882554842,0.4644424934152766,14.32886348239304,1.0,0.0146868082442129,1.8066910003645165,0.962946075060447,0.3119103773584906,0.4465019199197644,0.4757755745161097,22952,22909,60 CAKE CASES VINTAGE CHRISTMAS,SET OF 20 VINTAGE CHRISTMAS NAPKINS,1
0.03241307267572,0.0339949261304282,0.0157886882554842,0.4871086556169429,14.32886348239304,1.0,0.0146868082442129,1.8834497490527016,0.961371808674124,0.3119103773584906,0.4690593680543061,0.4757755745161097,22909,22952,SET OF 20 VINTAGE CHRISTMAS NAPKINS,60 CAKE CASES VINTAGE CHRISTMAS,1
0.0416057304879868,0.0341143112968213,0.0194896284136696,0.4684361549497848,13.731367779171077,1.0,0.0180702775720707,1.81706430506374,0.967424443628087,0.3466029723991507,0.4496617443789797,0.5198698710007017,20972,20971,PINK CREAM FELT CRAFT TRINKET BOX,PINK BLUE FELT CRAFT TRINKET BOX,1
0.0341143112968213,0.0416057304879868,0.0194896284136696,0.5713035870516185,13.731367779171077,1.0,0.0180702775720707,2.235601326637206,0.9599210898381282,0.3466029723991507,0.5526930548461424,0.5198698710007017,20971,20972,PINK BLUE FELT CRAFT TRINKET BOX,PINK CREAM FELT CRAFT TRINKET BOX,1
0.0340844650052231,0.0453663632293687,0.0203253245784211,0.596322241681261,13.1445899391649,1.0,0.0187790363585154,2.3648408095272475,0.9565257418791416,0.3437657748611813,0.577138555808368,0.5221742787353674,84970L,84970S,SINGLE HEART ZINC T-LIGHT HOLDER,HANGING HEART ZINC T-LIGHT HOLDER,1
0.0453663632293687,0.0340844650052231,0.0203253245784211,0.4480263157894737,13.1445899391649,1.0,0.0187790363585154,1.7499304090489405,0.9678300010765876,0.3437657748611813,0.4285487040919049,0.5221742787353674,84970S,84970L,HANGING HEART ZINC T-LIGHT HOLDER,SINGLE HEART ZINC T-LIGHT HOLDER,1
0.037188479331443,0.0332189225488733,0.0157588419638859,0.4237560192616372,12.756464892507774,1.0,0.0145234807492644,1.6777287221505623,0.9572053887709984,0.2883670125614417,0.4039560825315249,0.4490747751294708,84378,84380,SET OF 3 HEART COOKIE CUTTERS,SET OF 3 BUTTERFLY COOKIE CUTTERS,1
0.0332189225488733,0.037188479331443,0.0157588419638859,0.4743935309973045,12.756464892507774,1.0,0.0145234807492644,1.831810636759152,0.9532751493073486,0.2883670125614417,0.4540920442687215,0.4490747751294708,84380,84378,SET OF 3 BUTTERFLY COOKIE CUTTERS,SET OF 3 HEART COOKIE CUTTERS,1
0.0380540217877928,0.0387703327861513,0.0185345470825249,0.4870588235294117,12.562668115745144,1.0,0.0170591799939608,1.8739569200269988,0.9568095257366664,0.3179723502304148,0.4663698032153306,0.4825594348593941,22554,22551,PLASTERS IN TIN WOODLAND ANIMALS,PLASTERS IN TIN SPACEBOY,1
0.0387703327861513,0.0380540217877928,0.0185345470825249,0.4780600461893764,12.562668115745144,1.0,0.0170591799939608,1.84302039188445,0.9575225428334084,0.3179723502304148,0.4574124060681059,0.4825594348593941,22551,22554,PLASTERS IN TIN SPACEBOY,PLASTERS IN TIN WOODLAND ANIMALS,1
0.0367109386658707,0.0327115355917027,0.0150425309655275,0.4097560975609756,12.52634858465373,1.0,0.013841659788754,1.63879450581571,0.9552358821142708,0.2766190998902305,0.3897953669900486,0.4348050560797579,23203,23209,JUMBO BAG VINTAGE DOILY,LUNCH BAG VINTAGE DOILY,1
0.0327115355917027,0.0367109386658707,0.0150425309655275,0.4598540145985402,12.52634858465373,1.0,0.013841659788754,1.783386505442915,0.9512863122971426,0.2766190998902305,0.4392690552788253,0.4348050560797579,23209,23203,LUNCH BAG VINTAGE DOILY,JUMBO BAG VINTAGE DOILY,1
0.0328010744664975,0.0467691389344873,0.0187434711237128,0.5714285714285715,12.21806910383809,1.0,0.0172093931147887,2.2242053424861963,0.9492917978152192,0.3081452404317958,0.5504012237996834,0.4860971829701887,22381,22379,TOY TIDY PINK POLKADOT,RECYCLING BAG RETROSPOT,1
0.0467691389344873,0.0328010744664975,0.0187434711237128,0.4007657945118059,12.218069103838088,1.0,0.0172093931147887,1.614058270831734,0.9632021416494456,0.3081452404317958,0.380443681574957,0.4860971829701887,22379,22381,RECYCLING BAG RETROSPOT,TOY TIDY PINK POLKADOT,1
0.0387703327861513,0.0356961647515296,0.0168631547530219,0.4349499615088529,12.184781321366318,1.0,0.0154792025664158,1.7065813106100316,0.9549543068707584,0.2927461139896373,0.414033193857876,0.4536789941323529,22551,22556,PLASTERS IN TIN SPACEBOY,PLASTERS IN TIN CIRCUS PARADE,1
0.0356961647515296,0.0387703327861513,0.0168631547530219,0.4724080267558528,12.184781321366318,1.0,0.0154792025664158,1.8219186719298937,0.9519099448166036,0.2927461139896373,0.4511280797508181,0.4536789941323529,22556,22551,PLASTERS IN TIN CIRCUS PARADE,PLASTERS IN TIN SPACEBOY,1
0.0511266975078346,0.0301447545142516,0.0182659304581405,0.3572679509632224,11.851745244576996,1.0,0.0167247287126425,1.5089573437939028,0.9649594299219436,0.2899099952629086,0.3372907430996389,0.4816042725113141,22112,22835,CHOCOLATE HOT WATER BOTTLE,HOT WATER BOTTLE I AM SO POORLY,1
0.0301447545142516,0.0511266975078346,0.0182659304581405,0.6059405940594059,11.851745244576996,1.0,0.0167247287126425,2.4079448128570027,0.9440834034798716,0.2899099952629086,0.5847080902101283,0.4816042725113141,22835,22112,HOT WATER BOTTLE I AM SO POORLY,CHOCOLATE HOT WATER BOTTLE,1
0.0343829279212057,0.0414863453215937,0.0168930010446202,0.4913194444444443,11.842919414468422,1.0,0.0154665790237135,1.884313532746628,0.9481619445561816,0.2864372469635627,0.4693027552891518,0.4492568445243804,22328,22326,ROUND SNACK BOXES SET OF 4 FRUITS,ROUND SNACK BOXES SET OF4 WOODLAND,1
0.0414863453215937,0.0343829279212057,0.0168930010446202,0.4071942446043164,11.842919414468422,1.0,0.0154665790237135,1.6288928764435966,0.9551886468076022,0.2864372469635627,0.3860860867761142,0.4492568445243804,22326,22328,ROUND SNACK BOXES SET OF4 WOODLAND,ROUND SNACK BOXES SET OF 4 FRUITS,1
0.0356961647515296,0.0380540217877928,0.0159379197134756,0.4464882943143812,11.733012000786935,1.0,0.0145795370822802,1.7378963594287002,0.9486329512665792,0.2756840474961279,0.4245916941049749,0.4326559118630729,22556,22554,PLASTERS IN TIN CIRCUS PARADE,PLASTERS IN TIN WOODLAND ANIMALS,1
0.0380540217877928,0.0356961647515296,0.0159379197134756,0.4188235294117647,11.733012000786935,1.0,0.0145795370822802,1.65922724688502,0.9509581763100188,0.2756840474961279,0.3973098007657673,0.4326559118630729,22554,22556,PLASTERS IN TIN WOODLAND ANIMALS,PLASTERS IN TIN CIRCUS PARADE,1
0.0472765258916579,0.0411580361140128,0.0219071780331293,0.4633838383838384,11.25864793694743,1.0,0.0199613690731354,1.7868302009357693,0.956394392252604,0.3292956482727681,0.440349732461262,0.4978267995399975,22356,20723,CHARLOTTE BAG PINK POLKADOT,STRAWBERRY CHARLOTTE BAG,1
0.0411580361140128,0.0472765258916579,0.0219071780331293,0.5322697606961566,11.258647936947428,1.0,0.0199613690731354,2.03690801673706,0.9502915207338408,0.3292956482727681,0.5090598142954396,0.4978267995399975,20723,22356,STRAWBERRY CHARLOTTE BAG,CHARLOTTE BAG PINK POLKADOT,1
0.0607372034024772,0.0472765258916579,0.0321444560513356,0.5292383292383291,11.194526654753924,1.0,0.0292730120820915,2.023791513372104,0.9695589290946056,0.4236821400472068,0.5058779556132394,0.6045812858312858,20724,22356,RED RETROSPOT CHARLOTTE BAG,CHARLOTTE BAG PINK POLKADOT,1
0.0472765258916579,0.0607372034024772,0.0321444560513356,0.6799242424242423,11.194526654753924,1.0,0.0292730120820915,2.934501518363857,0.9558603896684704,0.4236821400472068,0.6592266203503094,0.6045812858312858,22356,20724,CHARLOTTE BAG PINK POLKADOT,RED RETROSPOT CHARLOTTE BAG,1
0.0632442918967318,0.0293687509326966,0.0204447097448142,0.3232656913638508,11.007131086530306,1.0,0.0185873038881843,1.4342870409857849,0.9705303075758824,0.2832919768403639,0.3027894895343262,0.5097019513729822,21080,21094,SET/20 RED RETROSPOT PAPER NAPKINS,SET/6 RED SPOTTY PAPER PLATES,1
0.0293687509326966,0.0632442918967318,0.0204447097448142,0.6961382113821137,11.007131086530306,1.0,0.0185873038881843,3.0828348387077447,0.936658289522974,0.2832919768403639,0.6756232324080074,0.5097019513729822,21094,21080,SET/6 RED SPOTTY PAPER PLATES,SET/20 RED RETROSPOT PAPER NAPKINS,1
0.0469183703924787,0.0411580361140128,0.0206834800776003,0.4408396946564885,10.71090208083078,1.0,0.018752412094576,1.714789041215895,0.9512691819709636,0.3069087688219663,0.4168378873643044,0.4716888828612391,20719,20723,WOODLAND CHARLOTTE BAG,STRAWBERRY CHARLOTTE BAG,1
0.0411580361140128,0.0469183703924787,0.0206834800776003,0.5025380710659898,10.71090208083078,1.0,0.018752412094576,1.9158885819661395,0.9455543418999808,0.3069087688219663,0.4780489797722101,0.4716888828612391,20723,20719,STRAWBERRY CHARLOTTE BAG,WOODLAND CHARLOTTE BAG,1
0.0411580361140128,0.0607372034024772,0.0267422772720489,0.649746192893401,10.697663976851793,1.0,0.0242424532609456,2.68166334680742,0.9454338483626968,0.3558379666401906,0.6270971144866031,0.5450205165941207,20723,20724,STRAWBERRY CHARLOTTE BAG,RED RETROSPOT CHARLOTTE BAG,1
0.0607372034024772,0.0411580361140128,0.0267422772720489,0.4402948402948403,10.697663976851793,1.0,0.0242424532609456,1.7131197511044636,0.9651416527645376,0.3558379666401906,0.4162696452741898,0.5450205165941207,20724,20723,RED RETROSPOT CHARLOTTE BAG,STRAWBERRY CHARLOTTE BAG,1
0.0565885688703178,0.028085360393971,0.016982539919415,0.3001054852320675,10.685477452391522,1.0,0.015393229568513,1.3886587465659614,0.9607844554516934,0.2508818342151676,0.2798806744472553,0.4523906809794769,22138,22617,BAKING SET 9 PIECE RETROSPOT,BAKING SET SPACEBOY DESIGN,1
0.028085360393971,0.0565885688703178,0.016982539919415,0.6046758767268863,10.68547745239152,1.0,0.015393229568513,2.3864251524006206,0.9326076603725766,0.2508818342151676,0.5809631829458168,0.4523906809794769,22617,22138,BAKING SET SPACEBOY DESIGN,BAKING SET 9 PIECE RETROSPOT,1
0.0632442918967318,0.0251007312341441,0.0166243844202357,0.2628598395469561,10.47219848278331,1.0,0.0150369064472421,1.322542605963411,0.965576253795189,0.2317935913441531,0.2438806920163104,0.462583308596308,21080,21086,SET/20 RED RETROSPOT PAPER NAPKINS,SET/6 RED SPOTTY PAPER CUPS,1
0.0251007312341441,0.0632442918967318,0.0166243844202357,0.6623067776456599,10.47219848278331,1.0,0.0150369064472421,2.7739843327987623,0.9277974620871844,0.2317935913441531,0.6395076972222594,0.462583308596308,21086,21080,SET/6 RED SPOTTY PAPER CUPS,SET/20 RED RETROSPOT PAPER NAPKINS,1
0.0391583345769288,0.0562602596627369,0.0228622593642739,0.5838414634146342,10.377510998253218,1.0,0.0206592012930156,2.2677409145100533,0.940464815705602,0.3150966680378445,0.5590325183968159,0.4951037555799961,21791,21790,VINTAGE HEADS AND TAILS CARD GAME,VINTAGE SNAP CARDS,1
0.0562602596627369,0.0391583345769288,0.0228622593642739,0.406366047745358,10.377510998253218,1.0,0.0206592012930156,1.6185759958199188,0.9575073944342328,0.3150966680378445,0.382172970201852,0.4951037555799961,21790,21791,VINTAGE SNAP CARDS,VINTAGE HEADS AND TAILS CARD GAME,1
0.0411580361140128,0.0517833159229965,0.0221161020743172,0.5373459028281363,10.376815258937585,1.0,0.0199848024874552,2.0495153720096986,0.9424194528242078,0.3122629582806574,0.5120797757084264,0.4822176200019644,20723,22355,STRAWBERRY CHARLOTTE BAG,CHARLOTTE BAG SUKI DESIGN,1
0.0517833159229965,0.0411580361140128,0.0221161020743172,0.4270893371757925,10.376815258937585,1.0,0.0199848024874552,1.6736326029599475,0.9529797715275576,0.3122629582806574,0.402497299448264,0.4822176200019644,22355,20723,CHARLOTTE BAG SUKI DESIGN,STRAWBERRY CHARLOTTE BAG,1
0.0441725115654379,0.0724071034174003,0.0330995373824802,0.7493243243243244,10.348768131280496,1.0,0.0299011337693552,3.7003705847499937,0.9451183947392316,0.3964962459778333,0.7297567967594353,0.6032277021456741,21231,21232,SWEETHEART CERAMIC TRINKET BOX,STRAWBERRY CERAMIC TRINKET BOX,1
0.0724071034174003,0.0441725115654379,0.0330995373824802,0.4571310799670238,10.348768131280496,1.0,0.0299011337693552,1.7606966491588816,0.973886437514846,0.3964962459778333,0.4320429924838449,0.6032277021456741,21232,21231,STRAWBERRY CERAMIC TRINKET BOX,SWEETHEART CERAMIC TRINKET BOX,1
0.0517833159229965,0.0469183703924787,0.0250111923593493,0.4829971181556196,10.294413768323178,1.0,0.0225816035627234,1.84347450096884,0.952166263635633,0.3394086674767112,0.4575460634392019,0.5080379992813722,22355,20719,CHARLOTTE BAG SUKI DESIGN,WOODLAND CHARLOTTE BAG,1
0.0469183703924787,0.0517833159229965,0.0250111923593493,0.5330788804071246,10.294413768323176,1.0,0.0225816035627234,2.030785595870639,0.9473059905334312,0.3394086674767112,0.5075797257803182,0.5080379992813722,20719,22355,WOODLAND CHARLOTTE BAG,CHARLOTTE BAG SUKI DESIGN,1
0.0469183703924787,0.0472765258916579,0.0228025667810774,0.4860050890585242,10.280050826329452,1.0,0.020584429228423,1.8535659669533584,0.9471635884229463,0.3193979933110368,0.4604993737322093,0.4841641606908782,20719,22356,WOODLAND CHARLOTTE BAG,CHARLOTTE BAG PINK POLKADOT,1
0.0472765258916579,0.0469183703924787,0.0228025667810774,0.4823232323232323,10.280050826329452,1.0,0.020584429228423,1.84107475768087,0.947519653805017,0.3193979933110368,0.4568390035070271,0.4841641606908782,22356,20719,CHARLOTTE BAG PINK POLKADOT,WOODLAND CHARLOTTE BAG,1
0.0459035964781375,0.0481122220564094,0.0225936427398895,0.4921976592977894,10.230200108419623,1.0,0.0203851187129456,1.874524202915804,0.9456593674313822,0.316339323025491,0.4665312944775479,0.4809003184826416,21928,21929,JUMBO BAG SCANDINAVIAN PAISLEY,JUMBO BAG PINK VINTAGE PAISLEY,1
0.0481122220564094,0.0459035964781375,0.0225936427398895,0.4696029776674938,10.230200108419623,1.0,0.0203851187129456,1.7988343888622718,0.9478535414880694,0.316339323025491,0.4440844548049357,0.4809003184826416,21929,21928,JUMBO BAG PINK VINTAGE PAISLEY,JUMBO BAG SCANDINAVIAN PAISLEY,1
0.0472765258916579,0.0517833159229965,0.024861960901358,0.5258838383838385,10.15546859080721,1.0,0.0224138256253685,1.9999670140851848,0.9462671068239332,0.335076427996782,0.4999917533852851,0.5029995560795273,22356,22355,CHARLOTTE BAG PINK POLKADOT,CHARLOTTE BAG SUKI DESIGN,1
0.0517833159229965,0.0472765258916579,0.024861960901358,0.4801152737752162,10.155468590807208,1.0,0.0224138256253685,1.8325667711507465,0.9507646306870248,0.335076427996782,0.4543172910572544,0.5029995560795273,22355,22356,CHARLOTTE BAG SUKI DESIGN,CHARLOTTE BAG PINK POLKADOT,1
0.0596925831965378,0.0423220414863453,0.0250410386509476,0.4195,9.912092736248235,1.0,0.0225147266684766,1.6497466985592673,0.9561906192312212,0.3253198914307871,0.3938463396391062,0.5055892101551481,22086,22910,PAPER CHAIN KIT 50'S CHRISTMAS,PAPER CHAIN KIT VINTAGE CHRISTMAS,1
0.0423220414863453,0.0596925831965378,0.0250410386509476,0.5916784203102962,9.912092736248235,1.0,0.0225147266684766,2.302859960323505,0.9388470551587752,0.3253198914307871,0.5657573551022528,0.5055892101551481,22910,22086,PAPER CHAIN KIT VINTAGE CHRISTMAS,PAPER CHAIN KIT 50'S CHRISTMAS,1
0.0607372034024772,0.0469183703924787,0.027637666019997,0.455036855036855,9.698479534357396,1.0,0.0247879754141562,1.748891899234721,0.9548882991171956,0.3453935098843715,0.4282093704947805,0.5220476896049415,20724,20719,RED RETROSPOT CHARLOTTE BAG,WOODLAND CHARLOTTE BAG,1
0.0469183703924787,0.0607372034024772,0.027637666019997,0.589058524173028,9.698479534357396,1.0,0.0247879754141562,2.2856364028657983,0.9410432710117476,0.3453935098843715,0.5624850922280681,0.5220476896049415,20719,20724,WOODLAND CHARLOTTE BAG,RED RETROSPOT CHARLOTTE BAG,1
0.0511266975078346,0.0470974481420683,0.0231607222802566,0.4530064214827787,9.618491857909062,1.0,0.0207527852957062,1.7420726481671682,0.9443132130757136,0.3085487077534791,0.425971126375184,0.4723840725918329,22112,22114,CHOCOLATE HOT WATER BOTTLE,HOT WATER BOTTLE TEA AND SYMPATHY,1
0.0470974481420683,0.0511266975078346,0.0231607222802566,0.4917617237008871,9.618491857909062,1.0,0.0207527852957062,1.866985126349921,0.9403202828359412,0.3085487077534791,0.4643770933756361,0.4723840725918329,22114,22112,HOT WATER BOTTLE TEA AND SYMPATHY,CHOCOLATE HOT WATER BOTTLE,1
0.0494254588867333,0.0423817340695418,0.0196388598716609,0.3973429951690821,9.37533595291556,1.0,0.0175441232168583,1.5889938360529443,0.9397865364117016,0.272125723738627,0.370670938230952,0.4303616384296115,21175,21166,GIN + TONIC DIET METAL SIGN,COOK WITH WINE METAL SIGN,1
0.0423817340695418,0.0494254588867333,0.0196388598716609,0.4633802816901408,9.37533595291556,1.0,0.0175441232168583,1.7714118745155365,0.9328739722043412,0.272125723738627,0.4354785499710562,0.4303616384296115,21166,21175,COOK WITH WINE METAL SIGN,GIN + TONIC DIET METAL SIGN,1
0.0388598716609461,0.0435457394418743,0.0156991493806894,0.4039938556067587,9.277459994588384,1.0,0.0140069675345972,1.6047724835653088,0.928284909336435,0.2353467561521252,0.3768587072366115,0.3822573801680127,21975,84992,PACK OF 60 DINOSAUR CAKE CASES,72 SWEETHEART FAIRY CAKE CASES,1
0.0435457394418743,0.0388598716609461,0.0156991493806894,0.3605209047292665,9.277459994588384,1.0,0.0140069675345972,1.503004766609517,0.932832769623704,0.2353467561521252,0.3346661153604967,0.3822573801680127,84992,21975,72 SWEETHEART FAIRY CAKE CASES,PACK OF 60 DINOSAUR CAKE CASES,1
0.0389195642441426,0.0420832711535591,0.0151917624235188,0.3903374233128834,9.275358417090892,1.0,0.0135538998482542,1.5712244206487531,0.9283171537522568,0.2308390022675737,0.3635536802647813,0.3756651655571509,20713,20712,JUMBO BAG OWLS,JUMBO BAG WOODLAND ANIMALS,1
0.0420832711535591,0.0389195642441426,0.0151917624235188,0.3609929078014184,9.275358417090892,1.0,0.0135538998482542,1.5040215476312528,0.9313831022893416,0.2308390022675737,0.3351159086949636,0.3756651655571509,20712,20713,JUMBO BAG WOODLAND ANIMALS,JUMBO BAG OWLS,1
0.0517833159229965,0.0607372034024772,0.0286524399343381,0.553314121037464,9.10997033187235,1.0,0.0255072661422683,2.1027367123828413,0.9388467566362396,0.3416370106761566,0.5244292858392193,0.5125292963909679,22355,20724,CHARLOTTE BAG SUKI DESIGN,RED RETROSPOT CHARLOTTE BAG,1
0.0607372034024772,0.0517833159229965,0.0286524399343381,0.4717444717444717,9.109970331872349,1.0,0.0255072661422683,1.7949962345085595,0.9477966780531722,0.3416370106761566,0.4428957672583734,0.5125292963909679,20724,22355,RED RETROSPOT CHARLOTTE BAG,CHARLOTTE BAG SUKI DESIGN,1
0.0613341292344426,0.0596627369049395,0.0332487688404715,0.5420924574209246,9.085946866377228,1.0,0.0295894068246634,2.053552684017374,0.9480902118720262,0.3789115646258503,0.5130390333869129,0.5496855483702923,82494L,82482,WOODEN FRAME ANTIQUE WHITE,WOODEN PICTURE FRAME WHITE FINISH,1
0.0596627369049395,0.0613341292344426,0.0332487688404715,0.5572786393196598,9.085946866377228,1.0,0.0295894068246634,2.1202181645879654,0.9464050391473126,0.3789115646258503,0.5283504232243308,0.5496855483702923,82482,82494L,WOODEN PICTURE FRAME WHITE FINISH,WOODEN FRAME ANTIQUE WHITE,1
0.0434263542754812,0.0423817340695418,0.0163856140874496,0.3773195876288659,8.902882241905038,1.0,0.0145451298889364,1.5378968840273914,0.9279754140985312,0.2360275150472915,0.349761345909464,0.3819696529693626,85152,21166,HAND OVER THE CHOCOLATE   SIGN,COOK WITH WINE METAL SIGN,1
0.0423817340695418,0.0434263542754812,0.0163856140874496,0.3866197183098591,8.902882241905038,1.0,0.0145451298889364,1.5595115693786643,0.9269631298693446,0.2360275150472915,0.358773593197249,0.3819696529693626,21166,85152,COOK WITH WINE METAL SIGN,HAND OVER THE CHOCOLATE   SIGN,1
0.0388598716609461,0.0440829726906431,0.0150126846739292,0.3863287250384025,8.763672262973376,1.0,0.0132996260127378,1.5577020895579254,0.9217101206072884,0.2210017574692442,0.3580287227554538,0.3634419522280706,21975,21213,PACK OF 60 DINOSAUR CAKE CASES,PACK OF 72 SKULL CAKE CASES,1
0.0440829726906431,0.0388598716609461,0.0150126846739292,0.3405551794177386,8.763672262973374,1.0,0.0132996260127378,1.4574989420500846,0.9267463161582522,0.2210017574692442,0.3138931554945606,0.3634419522280706,21213,21975,PACK OF 72 SKULL CAKE CASES,PACK OF 60 DINOSAUR CAKE CASES,1
0.029637367557081,0.0642590658110729,0.0164154603790479,0.5538771399798591,8.619439653982898,1.0,0.0145109908267304,2.097496044355766,0.9109822946492484,0.211864406779661,0.5232410555953425,0.4046673205705148,22662,22382,LUNCH BAG DOLLY GIRL DESIGN,LUNCH BAG SPACEBOY DESIGN,1
0.0642590658110729,0.029637367557081,0.0164154603790479,0.2554575011611704,8.619439653982896,1.0,0.0145109908267304,1.3033005287895223,0.9446879421930456,0.211864406779661,0.232717260593166,0.4046673205705148,22382,22662,LUNCH BAG SPACEBOY DESIGN,LUNCH BAG DOLLY GIRL DESIGN,1
0.0502313087598865,0.0412774212804059,0.0175496194597821,0.3493761140819964,8.464097398638676,1.0,0.0154762005666341,1.4735434703060062,0.928493347562141,0.2372881355932203,0.3213637601119883,0.3872694019433843,22111,21485,SCOTTIE DOG HOT WATER BOTTLE,RETROSPOT HEART HOT WATER BOTTLE,1
0.0412774212804059,0.0502313087598865,0.0175496194597821,0.4251626898047722,8.464097398638676,1.0,0.0154762005666341,1.652239119478084,0.9198217827695176,0.2372881355932203,0.3947607291153571,0.3872694019433843,21485,22111,RETROSPOT HEART HOT WATER BOTTLE,SCOTTIE DOG HOT WATER BOTTLE,1
0.050499925384271,0.0615132069840322,0.0258468885241008,0.5118203309692672,8.320494997149586,1.0,0.02274047616126,1.922420888357164,0.926608502965765,0.2999653619674403,0.4798225476760366,0.4660023537427606,21755,21754,LOVE BUILDING BLOCK WORD,HOME BUILDING BLOCK WORD,1
0.0615132069840322,0.050499925384271,0.0258468885241008,0.4201843765162542,8.320494997149584,1.0,0.02274047616126,1.6375896684376716,0.9374823910714248,0.2999653619674403,0.3893464160933297,0.4660023537427606,21754,21755,HOME BUILDING BLOCK WORD,LOVE BUILDING BLOCK WORD,1
0.0634532159379197,0.0388598716609461,0.0200865542456349,0.3165569143932267,8.1461132233065,1.0,0.0176207704178131,1.4063206557803365,0.9366772536520506,0.2442831215970962,0.2889246162390169,0.4167269979032186,84991,21975,60 TEATIME FAIRY CAKE CASES,PACK OF 60 DINOSAUR CAKE CASES,1
0.0388598716609461,0.0634532159379197,0.0200865542456349,0.5168970814132104,8.1461132233065,1.0,0.0176207704178131,1.9386071746404268,0.9127098575395988,0.2442831215970962,0.4841657386388864,0.4167269979032186,21975,84991,PACK OF 60 DINOSAUR CAKE CASES,60 TEATIME FAIRY CAKE CASES,1
0.0434263542754812,0.0494254588867333,0.0173705417101925,0.4,8.092995169082126,1.0,0.0152241742223489,1.5842909018554443,0.9162246489859596,0.2301304863582443,0.368802788156614,0.3757246376811594,85152,21175,HAND OVER THE CHOCOLATE   SIGN,GIN + TONIC DIET METAL SIGN,1
0.0494254588867333,0.0434263542754812,0.0173705417101925,0.3514492753623188,8.092995169082126,1.0,0.0152241742223489,1.4749403699439507,0.922006970391535,0.2301304863582443,0.3220064889552104,0.3757246376811594,21175,85152,GIN + TONIC DIET METAL SIGN,HAND OVER THE CHOCOLATE   SIGN,1
0.0581107297418295,0.0639009103118937,0.0298761378898671,0.5141242937853108,8.045648978644016,1.0,0.0261628093604758,1.9266225450557537,0.9297369086329096,0.3242630385487527,0.4809569717917624,0.4908314135904601,22470,22469,HEART OF WICKER LARGE,HEART OF WICKER SMALL,1
0.0639009103118937,0.0581107297418295,0.0298761378898671,0.4675385333956094,8.045648978644014,1.0,0.0261628093604758,1.7689341470374935,0.9354877363422192,0.3242630385487527,0.4346878307059983,0.4908314135904601,22469,22470,HEART OF WICKER SMALL,HEART OF WICKER LARGE,1
0.0435457394418743,0.0634532159379197,0.0218474854499328,0.5017135023989033,7.906825445849133,1.0,0.0190843682419512,1.879534742705055,0.9132971933446762,0.2565720294426918,0.4679534369443021,0.4230110315381158,84992,84991,72 SWEETHEART FAIRY CAKE CASES,60 TEATIME FAIRY CAKE CASES,1
0.0634532159379197,0.0435457394418743,0.0218474854499328,0.3443085606773283,7.906825445849133,1.0,0.0190843682419512,1.458695665671862,0.932710470630788,0.2565720294426918,0.3144560421111492,0.4230110315381158,84991,84992,60 TEATIME FAIRY CAKE CASES,72 SWEETHEART FAIRY CAKE CASES,1
0.0423817340695418,0.0536039397104909,0.017430234293389,0.4112676056338027,7.672339157439065,1.0,0.0151584063754992,1.6075148392477303,0.9081506529103984,0.2218844984802431,0.3779217612274294,0.368217321747859,21166,21181,COOK WITH WINE METAL SIGN,PLEASE ONE PERSON METAL SIGN,1
0.0536039397104909,0.0423817340695418,0.017430234293389,0.3251670378619153,7.672339157439064,1.0,0.0151584063754992,1.4190448891180716,0.9189193509297088,0.2218844984802431,0.2953006577392386,0.368217321747859,21181,21166,PLEASE ONE PERSON METAL SIGN,COOK WITH WINE METAL SIGN,1
0.0594538128637516,0.0388598716609461,0.0175197731681838,0.2946787148594378,7.583110861263797,1.0,0.0152094056305445,1.3626983171896054,0.9230041132263578,0.2168452161063909,0.2661618588754297,0.3727617844650491,21977,21975,PACK OF 60 PINK PAISLEY CAKE CASES,PACK OF 60 DINOSAUR CAKE CASES,1
0.0388598716609461,0.0594538128637516,0.0175197731681838,0.4508448540706605,7.583110861263797,1.0,0.0152094056305445,1.7127148750369168,0.9032272962178124,0.2168452161063909,0.4161316547341567,0.3727617844650491,21975,21977,PACK OF 60 DINOSAUR CAKE CASES,PACK OF 60 PINK PAISLEY CAKE CASES,1
0.0393075660349201,0.0694224742575735,0.020534248619609,0.5223993925588459,7.52493192075844,1.0,0.0178054201284219,1.948442927508388,0.90258692752752,0.2328257191201353,0.4867696734239113,0.4090930754711684,21930,21931,JUMBO STORAGE BAG SKULLS,JUMBO STORAGE BAG SUKI,1
0.0694224742575735,0.0393075660349201,0.020534248619609,0.2957867583834909,7.52493192075844,1.0,0.0178054201284219,1.364206716363111,0.9317960172954814,0.2328257191201353,0.26697326145268,0.4090930754711684,21931,21930,JUMBO STORAGE BAG SUKI,JUMBO STORAGE BAG SKULLS,1
0.0668855394717206,0.037188479331443,0.0185942396657215,0.2780008924587238,7.475457385095939,1.0,0.016106868163505,1.3335356105180691,0.9283201125895598,0.2175279329608938,0.2501137636575697,0.3890004462293619,22386,22385,JUMBO BAG PINK POLKADOT,JUMBO BAG SPACEBOY DESIGN,1
0.037188479331443,0.0668855394717206,0.0185942396657215,0.5,7.475457385095939,1.0,0.016106868163505,1.8662289210565588,0.8996869090796367,0.2175279329608938,0.4641600562947799,0.3890004462293619,22385,22386,JUMBO BAG SPACEBOY DESIGN,JUMBO BAG PINK POLKADOT,1
0.0634532159379197,0.0328906133412923,0.0155200716310998,0.244590780809031,7.436491933762782,1.0,0.0134330564404241,1.2802456762368697,0.9241695205269572,0.1920236336779911,0.218899920100194,0.3582300546513395,84991,22417,60 TEATIME FAIRY CAKE CASES,PACK OF 60 SPACEBOY CAKE CASES,1
0.0328906133412923,0.0634532159379197,0.0155200716310998,0.4718693284936479,7.436491933762782,1.0,0.0134330564404241,1.7733239794440077,0.8949639041019469,0.1920236336779911,0.4360872510653518,0.3582300546513395,22417,84991,PACK OF 60 SPACEBOY CAKE CASES,60 TEATIME FAIRY CAKE CASES,1
0.0435457394418743,0.0594538128637516,0.0190120877480973,0.4366004112405757,7.343522479224644,1.0,0.0164231275043064,1.6694122713282071,0.9031540806088107,0.2263681592039801,0.4009867920736042,0.3781897638532196,84992,21977,72 SWEETHEART FAIRY CAKE CASES,PACK OF 60 PINK PAISLEY CAKE CASES,1
0.0594538128637516,0.0435457394418743,0.0190120877480973,0.3197791164658635,7.343522479224644,1.0,0.0164231275043064,1.406093643565894,0.9184297168530432,0.2263681592039801,0.2888098139296248,0.3781897638532196,21977,84992,PACK OF 60 PINK PAISLEY CAKE CASES,72 SWEETHEART FAIRY CAKE CASES,1
0.0313982987613788,0.0694224742575735,0.0159976122966721,0.5095057034220534,7.339204038330136,1.0,0.0138178647091787,1.8972239478314592,0.8917447091109025,0.1885995777621393,0.4729140958066614,0.3699721122441307,20711,21931,JUMBO BAG TOYS,JUMBO STORAGE BAG SUKI,1
0.0694224742575735,0.0313982987613788,0.0159976122966721,0.230438521066208,7.339204038330135,1.0,0.0138178647091787,1.258641093341359,0.9281821432623278,0.1885995777621393,0.2054923319361323,0.3699721122441307,21931,20711,JUMBO STORAGE BAG SUKI,JUMBO BAG TOYS,1
0.0494254588867333,0.0536039397104909,0.019429935830473,0.3931159420289855,7.333713606726704,1.0,0.0167805365121452,1.5594347023277884,0.9085488797729726,0.232416993930739,0.3587419861137582,0.3777940511926665,21175,21181,GIN + TONIC DIET METAL SIGN,PLEASE ONE PERSON METAL SIGN,1
0.0536039397104909,0.0494254588867333,0.019429935830473,0.3624721603563474,7.333713606726703,1.0,0.0167805365121452,1.4910322059732986,0.912560259607348,0.232416993930739,0.3293236752406487,0.3777940511926665,21181,21175,PLEASE ONE PERSON METAL SIGN,GIN + TONIC DIET METAL SIGN,1
0.0594538128637516,0.0634532159379197,0.027637666019997,0.4648594377510041,7.326018561546281,1.0,0.0238651303940207,1.7500949285662888,0.9180837912619833,0.2901002506265664,0.4286024239729562,0.4502095871727739,21977,84991,PACK OF 60 PINK PAISLEY CAKE CASES,60 TEATIME FAIRY CAKE CASES,1
0.0634532159379197,0.0594538128637516,0.027637666019997,0.4355597365945438,7.32601856154628,1.0,0.0238651303940207,1.6663343282097205,0.9220043504904196,0.2901002506265664,0.3998803342937895,0.4502095871727739,84991,21977,60 TEATIME FAIRY CAKE CASES,PACK OF 60 PINK PAISLEY CAKE CASES,1
0.0511266975078346,0.0502313087598865,0.0185047007909267,0.3619381202568592,7.205428828999446,1.0,0.0159365398625373,1.4885212882839105,0.9076193341396496,0.223342939481268,0.3281923423796766,0.3651639502056726,22112,22111,CHOCOLATE HOT WATER BOTTLE,SCOTTIE DOG HOT WATER BOTTLE,1
0.0502313087598865,0.0511266975078346,0.0185047007909267,0.368389780154486,7.205428828999446,1.0,0.0159365398625373,1.5023083425158177,0.9067636814457842,0.223342939481268,0.3343576869676664,0.3651639502056726,22111,22112,SCOTTIE DOG HOT WATER BOTTLE,CHOCOLATE HOT WATER BOTTLE,1
0.037188479331443,0.0694224742575735,0.0185942396657215,0.5,7.202278589853826,1.0,0.0160125234166561,1.861155051484853,0.8944170619052046,0.2112580535774839,0.4626992527021392,0.3839208942390369,22385,21931,JUMBO BAG SPACEBOY DESIGN,JUMBO STORAGE BAG SUKI,1
0.0694224742575735,0.037188479331443,0.0185942396657215,0.2678417884780739,7.202278589853826,1.0,0.0160125234166561,1.3150320593511822,0.9253985054042784,0.2112580535774839,0.2395622655059942,0.3839208942390369,21931,22385,JUMBO STORAGE BAG SUKI,JUMBO BAG SPACEBOY DESIGN,1
0.0694224742575735,0.0389195642441426,0.0193702432472765,0.2790197764402407,7.169139271188853,1.0,0.0166683508004215,1.333019137488446,0.9247088151614832,0.2177121771217711,0.2498232231803442,0.388359581471654,21931,20713,JUMBO STORAGE BAG SUKI,JUMBO BAG OWLS,1
0.0389195642441426,0.0694224742575735,0.0193702432472765,0.4976993865030674,7.169139271188853,1.0,0.0166683508004215,1.8526306772032428,0.895360272908291,0.2177121771217711,0.4602270099998484,0.388359581471654,20713,21931,JUMBO BAG OWLS,JUMBO STORAGE BAG SUKI,1
0.0627070586479629,0.0615728995672287,0.026861662438442,0.4283674440742504,6.957077660546661,1.0,0.0230006070141546,1.6416613971767298,0.9135473541940872,0.2757352941176471,0.3908609889227072,0.4323126604762914,22384,20728,LUNCH BAG PINK POLKADOT,LUNCH BAG CARS BLUE,1
0.0615728995672287,0.0627070586479629,0.026861662438442,0.4362578768783325,6.95707766054666,1.0,0.0230006070141546,1.6626271178067518,0.9124432641406752,0.2757352941176471,0.3985422291685304,0.4323126604762914,20728,22384,LUNCH BAG CARS BLUE,LUNCH BAG PINK POLKADOT,1
0.0573645724518728,0.0615728995672287,0.024533651693777,0.4276795005202914,6.945904830311374,1.0,0.0210015486354808,1.6396880791198056,0.908124446819268,0.2598798608915587,0.3901279074146798,0.4130641807012509,20726,20728,LUNCH BAG WOODLAND,LUNCH BAG CARS BLUE,1
0.0615728995672287,0.0573645724518728,0.024533651693777,0.3984488608822104,6.945904830311373,1.0,0.0210015486354808,1.5670079669877406,0.9121968832737404,0.2598798608915587,0.3618411513744248,0.4130641807012509,20728,20726,LUNCH BAG CARS BLUE,LUNCH BAG WOODLAND,1
0.0420832711535591,0.0694224742575735,0.0201760931204297,0.4794326241134752,6.906014647859839,1.0,0.0172545683120973,1.7876216775161051,0.8927693395439389,0.2209150326797385,0.4405975198345677,0.3850301555649061,20712,21931,JUMBO BAG WOODLAND ANIMALS,JUMBO STORAGE BAG SUKI,1
0.0694224742575735,0.0420832711535591,0.0201760931204297,0.290627687016337,6.906014647859838,1.0,0.0172545683120973,1.3503723098768614,0.918997785453758,0.2209150326797385,0.2594634881907578,0.3850301555649061,21931,20712,JUMBO STORAGE BAG SUKI,JUMBO BAG WOODLAND ANIMALS,1
0.0653633786002089,0.0459035964781375,0.0207133263691986,0.3168949771689497,6.903489083254657,1.0,0.0177129122134869,1.396705296599518,0.9149499300820289,0.2287409360580092,0.2840293493304239,0.3840651738900665,22411,21928,JUMBO SHOPPER VINTAGE RED PAISLEY,JUMBO BAG SCANDINAVIAN PAISLEY,1
0.0459035964781375,0.0653633786002089,0.0207133263691986,0.4512353706111833,6.903489083254657,1.0,0.0177129122134869,1.703164838522368,0.8962885807400987,0.2287409360580092,0.4128577707912406,0.3840651738900665,21928,22411,JUMBO BAG SCANDINAVIAN PAISLEY,JUMBO SHOPPER VINTAGE RED PAISLEY,1
0.0536039397104909,0.0434263542754812,0.0159379197134756,0.2973273942093541,6.8467040157968455,1.0,0.0136100960370462,1.3613361867838636,0.9023117882740552,0.1965403018034597,0.2654275926048178,0.3321688517438523,21181,85152,PLEASE ONE PERSON METAL SIGN,HAND OVER THE CHOCOLATE   SIGN,1
0.0434263542754812,0.0536039397104909,0.0159379197134756,0.3670103092783505,6.846704015796845,1.0,0.0136100960370462,1.4951208118580193,0.8927115286858665,0.1965403018034597,0.3311577284799625,0.3321688517438523,85152,21181,HAND OVER THE CHOCOLATE   SIGN,PLEASE ONE PERSON METAL SIGN,1
0.0481122220564094,0.0553350246231905,0.0179674675421578,0.3734491315136476,6.748874407424361,1.0,0.01530517654999,1.5077227131756603,0.8948819000576366,0.2101955307262569,0.3367480696143807,0.3490762378172337,21929,85099F,JUMBO BAG PINK VINTAGE PAISLEY,JUMBO BAG STRAWBERRY,1
0.0553350246231905,0.0481122220564094,0.0179674675421578,0.3247033441208198,6.748874407424361,1.0,0.01530517654999,1.409584616858959,0.901724066807943,0.2101955307262569,0.2905711455419079,0.3490762378172337,85099F,21929,JUMBO BAG STRAWBERRY,JUMBO BAG PINK VINTAGE PAISLEY,1
0.0642590658110729,0.0573645724518728,0.0248321146097597,0.3864375290292615,6.73651894387378,1.0,0.0211459207733507,1.5363316241567884,0.9100332668017744,0.2565525747764415,0.3490988636331382,0.4096599715905933,22382,20726,LUNCH BAG SPACEBOY DESIGN,LUNCH BAG WOODLAND,1
0.0573645724518728,0.0642590658110729,0.0248321146097597,0.4328824141519251,6.73651894387378,1.0,0.0211459207733507,1.6499945646890988,0.903377227646811,0.2565525747764415,0.393937397491715,0.4096599715905933,20726,22382,LUNCH BAG WOODLAND,LUNCH BAG SPACEBOY DESIGN,1
0.055723026413968,0.0459035964781375,0.0170720787942098,0.306373861810391,6.674288842624936,1.0,0.0145141914751624,1.3755196798265,0.9003410301058699,0.2019061066007765,0.2730020408532909,0.3391427176412163,85099C,21928,JUMBO  BAG BAROQUE BLACK WHITE,JUMBO BAG SCANDINAVIAN PAISLEY,1
0.0459035964781375,0.055723026413968,0.0170720787942098,0.3719115734720416,6.674288842624936,1.0,0.0145141914751624,1.5034140635355249,0.8910748431347799,0.2019061066007765,0.3348472491681128,0.3391427176412163,21928,85099C,JUMBO BAG SCANDINAVIAN PAISLEY,JUMBO  BAG BAROQUE BLACK WHITE,1
0.0668855394717206,0.0393075660349201,0.0175197731681838,0.2619366354306113,6.663771427564642,1.0,0.0148906654086179,1.3016395069623603,0.9108580616531154,0.1975765735442612,0.2317381312943529,0.3538232911397552,22386,21930,JUMBO BAG PINK POLKADOT,JUMBO STORAGE BAG SKULLS,1
0.0393075660349201,0.0668855394717206,0.0175197731681838,0.4457099468488991,6.663771427564642,1.0,0.0148906654086179,1.6834407459119782,0.8847106511595315,0.1975765735442612,0.4059784982463013,0.3538232911397552,21930,22386,JUMBO STORAGE BAG SKULLS,JUMBO BAG PINK POLKADOT,1
0.0642590658110729,0.0715415609610505,0.0305924488882256,0.4760798885276358,6.654591850278864,1.0,0.0259952550142026,1.772137428413881,0.9080802096104656,0.2907801418439716,0.4357096780608988,0.4518488720902676,22382,22383,LUNCH BAG SPACEBOY DESIGN,LUNCH BAG SUKI  DESIGN,1
0.0715415609610505,0.0642590658110729,0.0305924488882256,0.4276178556528994,6.654591850278864,1.0,0.0259952550142026,1.6348185271507711,0.9152028652342586,0.2907801418439716,0.3883113119944627,0.4518488720902676,22383,22382,LUNCH BAG SUKI  DESIGN,LUNCH BAG SPACEBOY DESIGN,1
0.0634532159379197,0.0440829726906431,0.0184151619161319,0.2902163687676388,6.583411940121692,1.0,0.0156179555308071,1.346772432113779,0.9055640294175208,0.2066309444072337,0.2574840588097832,0.3539775141062297,84991,21213,60 TEATIME FAIRY CAKE CASES,PACK OF 72 SKULL CAKE CASES,1
0.0440829726906431,0.0634532159379197,0.0184151619161319,0.4177386594448206,6.583411940121691,1.0,0.0156179555308071,1.6084646512322005,0.8872141151209061,0.2066309444072337,0.3782891036903252,0.3539775141062297,21213,84991,PACK OF 72 SKULL CAKE CASES,60 TEATIME FAIRY CAKE CASES,1
0.0459035964781375,0.0553350246231905,0.0166840770034323,0.3634590377113134,6.5683360617678295,1.0,0.0141440003620215,1.4840599919607078,0.8885416999518679,0.1973173314507589,0.3261727925979449,0.3324846429117516,21928,85099F,JUMBO BAG SCANDINAVIAN PAISLEY,JUMBO BAG STRAWBERRY,1
0.0553350246231905,0.0459035964781375,0.0166840770034323,0.3015102481121898,6.5683360617678295,1.0,0.0141440003620215,1.3659418780923034,0.8974127996701955,0.1973173314507589,0.2679044284105146,0.3324846429117516,85099F,21928,JUMBO BAG STRAWBERRY,JUMBO BAG SCANDINAVIAN PAISLEY,1
0.0930010446202059,0.0283539770183554,0.0172810028353977,0.1858151476251605,6.553406864401056,1.0,0.0146440533535533,1.1933973226688233,0.9342983334518316,0.1660453111557212,0.1620561057036093,0.3976444159178434,21212,21976,PACK OF 72 RETROSPOT CAKE CASES,PACK OF 60 MUSHROOM CAKE CASES,1
0.0283539770183554,0.0930010446202059,0.0172810028353977,0.6094736842105264,6.553406864401056,1.0,0.0146440533535533,2.3225040636409826,0.8721361405396316,0.1660453111557212,0.5694302474406425,0.3976444159178434,21976,21212,PACK OF 60 MUSHROOM CAKE CASES,PACK OF 72 RETROSPOT CAKE CASES,1
0.0481122220564094,0.0653633786002089,0.0204447097448142,0.4249379652605459,6.501162797285201,1.0,0.0172999323592437,1.6252796480004996,0.8889507593936934,0.2197625922361244,0.3847212685950691,0.3688616766941999,21929,22411,JUMBO BAG PINK VINTAGE PAISLEY,JUMBO SHOPPER VINTAGE RED PAISLEY,1
0.0653633786002089,0.0481122220564094,0.0204447097448142,0.3127853881278538,6.5011627972852,1.0,0.0172999323592437,1.3851390257119356,0.9053586641974471,0.2197625922361244,0.2780508083035068,0.3688616766941999,22411,21929,JUMBO SHOPPER VINTAGE RED PAISLEY,JUMBO BAG PINK VINTAGE PAISLEY,1
0.0627070586479629,0.0699895537979406,0.0284733621847485,0.4540694907187054,6.487675175492632,1.0,0.0240845231299963,1.703532648187033,0.9024516699524452,0.2731958762886598,0.4129845406460277,0.4304462592186277,22384,20727,LUNCH BAG PINK POLKADOT,LUNCH BAG  BLACK SKULL.,1
0.0699895537979406,0.0627070586479629,0.0284733621847485,0.40682302771855,6.487675175492632,1.0,0.0240845231299963,1.580123614285066,0.9095183646722268,0.2731958762886598,0.3671381207397153,0.4304462592186277,20727,22384,LUNCH BAG  BLACK SKULL.,LUNCH BAG PINK POLKADOT,1
0.0715415609610505,0.0615728995672287,0.0281152066855693,0.392991239048811,6.382535852801945,1.0,0.0237101853376317,1.5459860891665655,0.9083039445891814,0.267765776009096,0.35316364939668,0.4248039084240662,22383,20728,LUNCH BAG SUKI  DESIGN,LUNCH BAG CARS BLUE,1
0.0615728995672287,0.0715415609610505,0.0281152066855693,0.4566165777993213,6.3825358528019445,1.0,0.0237101853376317,1.708661694680957,0.8986552734648005,0.267765776009096,0.4147466387799364,0.4248039084240662,20728,22383,LUNCH BAG CARS BLUE,LUNCH BAG SUKI  DESIGN,1
0.0668855394717206,0.0420832711535591,0.0177286972093717,0.2650602409638554,6.298470477655303,1.0,0.0149139349155312,1.3033948933484358,0.9015306597189914,0.1943081452404318,0.2327728111386189,0.3431684183542681,22386,20712,JUMBO BAG PINK POLKADOT,JUMBO BAG WOODLAND ANIMALS,1
0.0420832711535591,0.0668855394717206,0.0177286972093717,0.4212765957446808,6.298470477655302,1.0,0.0149139349155312,1.6123668987069537,0.8781883329320626,0.1943081452404318,0.3797937672858729,0.3431684183542681,20712,22386,JUMBO BAG WOODLAND ANIMALS,JUMBO BAG PINK POLKADOT,1
0.0930010446202059,0.0440829726906431,0.0257275033577078,0.2766367137355584,6.2753643153079794,1.0,0.0216277408475139,1.321489555055881,0.9268441787956152,0.2310372554274993,0.2432781657833734,0.4301260752157819,21212,21213,PACK OF 72 RETROSPOT CAKE CASES,PACK OF 72 SKULL CAKE CASES,1
0.0440829726906431,0.0930010446202059,0.0257275033577078,0.5836154366960054,6.275364315307979,1.0,0.0216277408475139,2.1782722879609038,0.8794138800243522,0.2310372554274993,0.5409205701569535,0.4301260752157819,21213,21212,PACK OF 72 SKULL CAKE CASES,PACK OF 72 RETROSPOT CAKE CASES,1
0.0668855394717206,0.0459035964781375,0.0192210117892851,0.287371709058456,6.260331022108954,1.0,0.0161507249751527,1.3388416031887875,0.9004940693401653,0.2054226475279106,0.2530856543311405,0.3530486633718808,22386,21928,JUMBO BAG PINK POLKADOT,JUMBO BAG SCANDINAVIAN PAISLEY,1
0.0459035964781375,0.0668855394717206,0.0192210117892851,0.4187256176853056,6.260331022108954,1.0,0.0161507249751527,1.6052908728103956,0.8806909182547917,0.2054226475279106,0.3770599354064152,0.3530486633718808,21928,22386,JUMBO BAG SCANDINAVIAN PAISLEY,JUMBO BAG PINK POLKADOT,1
0.0653633786002089,0.037188479331443,0.0151917624235188,0.2324200913242009,6.249787447686478,1.0,0.0127609977694117,1.2543469543510646,0.8987391883036525,0.1738981892722924,0.2027724095544608,0.3204636572190827,22411,22385,JUMBO SHOPPER VINTAGE RED PAISLEY,JUMBO BAG SPACEBOY DESIGN,1
0.037188479331443,0.0653633786002089,0.0151917624235188,0.4085072231139646,6.249787447686478,1.0,0.0127609977694117,1.580131927088385,0.8724392473954209,0.1738981892722924,0.3671414501176236,0.3204636572190827,22385,22411,JUMBO BAG SPACEBOY DESIGN,JUMBO SHOPPER VINTAGE RED PAISLEY,1
0.0627070586479629,0.0573645724518728,0.0224742575734964,0.3584007615421228,6.24777186028555,1.0,0.0188770939644415,1.469196612224492,0.8961370583559702,0.2302752293577981,0.3193559039821684,0.3750900790020708,22384,20726,LUNCH BAG PINK POLKADOT,LUNCH BAG WOODLAND,1
0.0573645724518728,0.0627070586479629,0.0224742575734964,0.3917793964620187,6.24777186028555,1.0,0.0188770939644415,1.5410410892032635,0.8910581065956651,0.2302752293577981,0.3510880358699509,0.3750900790020708,20726,22384,LUNCH BAG WOODLAND,LUNCH BAG PINK POLKADOT,1
0.0627070586479629,0.0642590658110729,0.0251305775257424,0.4007615421227987,6.236653724488792,1.0,0.0211010805172641,1.5615502007394246,0.8958326336932735,0.2467760844079718,0.3596107255940409,0.3959218764956771,22384,22382,LUNCH BAG PINK POLKADOT,LUNCH BAG SPACEBOY DESIGN,1
0.0642590658110729,0.0627070586479629,0.0251305775257424,0.3910822108685555,6.236653724488792,1.0,0.0211010805172641,1.539276661121995,0.8973184494929689,0.2467760844079718,0.3503442069529662,0.3959218764956771,22382,22384,LUNCH BAG SPACEBOY DESIGN,LUNCH BAG PINK POLKADOT,1
0.0553350246231905,0.055723026413968,0.0191613192060886,0.3462783171521035,6.214276923503605,1.0,0.016077884167393,1.444463291277643,0.8882304880594639,0.2085092562520298,0.3077013406720156,0.3450727418647502,85099F,85099C,JUMBO BAG STRAWBERRY,JUMBO  BAG BAROQUE BLACK WHITE,1
0.055723026413968,0.0553350246231905,0.0191613192060886,0.3438671665773968,6.214276923503604,1.0,0.016077884167393,1.4397465379824517,0.8885954604453535,0.2085092562520298,0.3054333011966662,0.3450727418647502,85099C,85099F,JUMBO  BAG BAROQUE BLACK WHITE,JUMBO BAG STRAWBERRY,1
0.0388598716609461,0.0930010446202059,0.0224444112818982,0.5775729646697388,6.210392227618614,1.0,0.018830402623623,2.14711389073544,0.8729003707200532,0.2051282051282051,0.5342585205587417,0.4094540047995677,21975,21212,PACK OF 60 DINOSAUR CAKE CASES,PACK OF 72 RETROSPOT CAKE CASES,1
0.0930010446202059,0.0388598716609461,0.0224444112818982,0.2413350449293966,6.210392227618613,1.0,0.018830402623623,1.2668835194181438,0.9250061087333532,0.2051282051282051,0.210661450186611,0.4094540047995677,21212,21975,PACK OF 72 RETROSPOT CAKE CASES,PACK OF 60 DINOSAUR CAKE CASES,1
0.0642590658110729,0.0615728995672287,0.0244739591105805,0.3808639108221087,6.185576990836041,1.0,0.0205173421051113,1.5157040864454288,0.895903517261123,0.2414605418138987,0.3402406123050299,0.3891716548778502,22382,20728,LUNCH BAG SPACEBOY DESIGN,LUNCH BAG CARS BLUE,1
0.0615728995672287,0.0642590658110729,0.0244739591105805,0.3974793989335918,6.18557699083604,1.0,0.0205173421051113,1.553043883533191,0.8933390710886945,0.2414605418138987,0.356103191543442,0.3891716548778502,20728,22382,LUNCH BAG CARS BLUE,LUNCH BAG SPACEBOY DESIGN,1
0.0699895537979406,0.0573645724518728,0.0246231905685718,0.3518123667377398,6.1329205762476455,1.0,0.0206082697388556,1.454263208947604,0.8999313416579142,0.2396862289366647,0.3123665689626689,0.3905263706737606,20727,20726,LUNCH BAG  BLACK SKULL.,LUNCH BAG WOODLAND,1
0.0573645724518728,0.0699895537979406,0.0246231905685718,0.4292403746097815,6.132920576247645,1.0,0.0206082697388556,1.6294257772109009,0.8878783081423742,0.2396862289366647,0.3862868662163263,0.3905263706737606,20726,20727,LUNCH BAG WOODLAND,LUNCH BAG  BLACK SKULL.,1
0.0668855394717206,0.0553350246231905,0.0226831816146843,0.3391343150379295,6.128746076238311,1.0,0.0189820686410813,1.429435658217036,0.896818688385498,0.2278860569715142,0.3004232164969773,0.37452940131616,22386,85099F,JUMBO BAG PINK POLKADOT,JUMBO BAG STRAWBERRY,1
0.0553350246231905,0.0668855394717206,0.0226831816146843,0.4099244875943905,6.12874607623831,1.0,0.0189820686410813,1.5813475409684006,0.8858531949601659,0.2278860569715142,0.3676279413014987,0.37452940131616,85099F,22386,JUMBO BAG STRAWBERRY,JUMBO BAG PINK POLKADOT,1
0.0615728995672287,0.0699895537979406,0.0263841217728697,0.4285021812893844,6.1223733834118645,1.0,0.0220746620061139,1.6273210776207363,0.8915606225756193,0.2508513053348467,0.3854931188735822,0.4027372313696388,20728,20727,LUNCH BAG CARS BLUE,LUNCH BAG  BLACK SKULL.,1
0.0699895537979406,0.0615728995672287,0.0263841217728697,0.3769722814498933,6.122373383411864,1.0,0.0220746620061139,1.5062365164372675,0.8996293034346156,0.2508513053348467,0.3360936419432184,0.4027372313696388,20727,20728,LUNCH BAG  BLACK SKULL.,LUNCH BAG CARS BLUE,1
0.0627070586479629,0.0715415609610505,0.0273392031040143,0.4359828653022371,6.094120109283043,1.0,0.0228530422450629,1.6461528948699011,0.891831534547097,0.2557230597431603,0.3925230134354974,0.4090636062013897,22384,22383,LUNCH BAG PINK POLKADOT,LUNCH BAG SUKI  DESIGN,1
0.0715415609610505,0.0627070586479629,0.0273392031040143,0.3821443471005423,6.094120109283042,1.0,0.0228530422450629,1.5170095748959032,0.9003175231746506,0.2557230597431603,0.3408083794931751,0.4090636062013897,22383,22384,LUNCH BAG SUKI  DESIGN,LUNCH BAG PINK POLKADOT,1
0.0634532159379197,0.0930010446202059,0.0357260110431278,0.5630291627469427,6.05400901727738,1.0,0.0298247956763898,2.0756510001479467,0.8913812037875902,0.2959208899876391,0.5182234393312158,0.4735877521051786,84991,21212,60 TEATIME FAIRY CAKE CASES,PACK OF 72 RETROSPOT CAKE CASES,1
0.0930010446202059,0.0634532159379197,0.0357260110431278,0.3841463414634146,6.054009017277379,1.0,0.0298247956763898,1.5207294315463482,0.9204202439583664,0.2959208899876391,0.3424208282842572,0.4735877521051786,21212,84991,PACK OF 72 RETROSPOT CAKE CASES,60 TEATIME FAIRY CAKE CASES,1
0.055723026413968,0.0694224742575735,0.0233994926130428,0.419925013390466,6.048833866572469,1.0,0.019531062246265,1.6042366025495014,0.8839343768988728,0.2299794661190965,0.3766505524118017,0.3784921713555941,85099C,21931,JUMBO  BAG BAROQUE BLACK WHITE,JUMBO STORAGE BAG SUKI,1
0.0694224742575735,0.055723026413968,0.0233994926130428,0.3370593293207222,6.048833866572469,1.0,0.019531062246265,1.4243762908956616,0.8969471700929001,0.2299794661190965,0.2979383282410645,0.3784921713555941,21931,85099C,JUMBO STORAGE BAG SUKI,JUMBO  BAG BAROQUE BLACK WHITE,1
0.0930010446202059,0.0328906133412923,0.0184748544993284,0.1986521181001284,6.0397815035796745,1.0,0.0154159931003889,1.2068533635676943,0.9199912433241112,0.171992220061128,0.1713989203760393,0.3801790536054181,21212,22417,PACK OF 72 RETROSPOT CAKE CASES,PACK OF 60 SPACEBOY CAKE CASES,1
0.0328906133412923,0.0930010446202059,0.0184748544993284,0.5617059891107078,6.0397815035796745,1.0,0.0154159931003889,2.0693847801832983,0.8628094279349571,0.171992220061128,0.5167645913045598,0.3801790536054181,22417,21212,PACK OF 60 SPACEBOY CAKE CASES,PACK OF 72 RETROSPOT CAKE CASES,1
0.0440829726906431,0.0594538128637516,0.0158185345470825,0.3588354773188896,6.03553346765532,1.0,0.0131976337382551,1.4669342327352044,0.8727897287986219,0.1803334467505954,0.3183061805467393,0.312449867173501,21213,21977,PACK OF 72 SKULL CAKE CASES,PACK OF 60 PINK PAISLEY CAKE CASES,1
0.0594538128637516,0.0440829726906431,0.0158185345470825,0.2660642570281124,6.03553346765532,1.0,0.0131976337382551,1.3024532957593973,0.8870532616368566,0.1803334467505954,0.2322181507345731,0.312449867173501,21977,21213,PACK OF 60 PINK PAISLEY CAKE CASES,PACK OF 72 SKULL CAKE CASES,1
0.0911804208327115,0.0627070586479629,0.0345023130875988,0.3783960720130933,6.034345736696189,1.0,0.028784657090896,1.5078619988575424,0.9179841307719844,0.289,0.3368093361609569,0.4643051278675651,20725,22384,LUNCH BAG RED RETROSPOT,LUNCH BAG PINK POLKADOT,1
0.0627070586479629,0.0911804208327115,0.0345023130875988,0.5502141837220371,6.034345736696188,1.0,0.028784657090896,2.020560778656585,0.8900973373457816,0.289,0.505087889182491,0.4643051278675651,22384,20725,LUNCH BAG PINK POLKADOT,LUNCH BAG RED RETROSPOT,1
0.0699895537979406,0.0715415609610505,0.0302044470974481,0.4315565031982942,6.032248910996598,1.0,0.025197285167776,1.6333346133130804,0.8970053516974735,0.2713136729222519,0.3877555818329319,0.4268754564385296,20727,22383,LUNCH BAG  BLACK SKULL.,LUNCH BAG SUKI  DESIGN,1
0.0715415609610505,0.0699895537979406,0.0302044470974481,0.4221944096787651,6.032248910996598,1.0,0.025197285167776,1.6095559852320118,0.8985047820140568,0.2713136729222519,0.378710644938608,0.4268754564385296,22383,20727,LUNCH BAG SUKI  DESIGN,LUNCH BAG  BLACK SKULL.,1
0.0930010446202059,0.0594538128637516,0.0331592299656767,0.3565468549422336,5.997039344798965,1.0,0.0276299632626936,1.4617166678885538,0.9186902006532222,0.2779584688516388,0.3158728897546897,0.4571388893185064,21212,21977,PACK OF 72 RETROSPOT CAKE CASES,PACK OF 60 PINK PAISLEY CAKE CASES,1
0.0594538128637516,0.0930010446202059,0.0331592299656767,0.5577309236947792,5.997039344798965,1.0,0.0276299632626936,2.050785379246935,0.8859225242804799,0.2779584688516388,0.5123819341996636,0.4571388893185064,21977,21212,PACK OF 60 PINK PAISLEY CAKE CASES,PACK OF 72 RETROSPOT CAKE CASES,1
0.0694224742575735,0.0459035964781375,0.0191016266228921,0.2751504729148753,5.994094014962872,1.0,0.0159148853780585,1.316268229295286,0.8953247778953783,0.1985111662531017,0.2402764286612099,0.3456376551830553,21931,21928,JUMBO STORAGE BAG SUKI,JUMBO BAG SCANDINAVIAN PAISLEY,1
0.0459035964781375,0.0694224742575735,0.0191016266228921,0.4161248374512354,5.994094014962872,1.0,0.0159148853780585,1.5937953614608598,0.8732546454155848,0.1985111662531017,0.3725668776677777,0.3456376551830553,21928,21931,JUMBO BAG SCANDINAVIAN PAISLEY,JUMBO STORAGE BAG SUKI,1
0.0642590658110729,0.0699895537979406,0.0268915087300402,0.4184858337203901,5.97926134703696,1.0,0.0223940453864507,1.5992911267356502,0.8899421101953856,0.2504865165415624,0.3747229736457533,0.4013537910606215,22382,20727,LUNCH BAG SPACEBOY DESIGN,LUNCH BAG  BLACK SKULL.,1
0.0699895537979406,0.0642590658110729,0.0268915087300402,0.3842217484008529,5.97926134703696,1.0,0.0223940453864507,1.519606988000716,0.8954257072800297,0.2504865165415624,0.3419351135548155,0.4013537910606215,20727,22382,LUNCH BAG  BLACK SKULL.,LUNCH BAG SPACEBOY DESIGN,1
0.0573645724518728,0.0715415609610505,0.0245038054021787,0.427159209157128,5.970784022865905,1.0,0.0203998543451085,1.620796657432208,0.8831811143716864,0.2347055460263007,0.383019458107547,0.384835340915652,20726,22383,LUNCH BAG WOODLAND,LUNCH BAG SUKI  DESIGN,1
0.0715415609610505,0.0573645724518728,0.0245038054021787,0.342511472674176,5.970784022865904,1.0,0.0203998543451085,1.433691065883795,0.8966667460203476,0.2347055460263007,0.3024996641214662,0.384835340915652,22383,20726,LUNCH BAG SUKI  DESIGN,LUNCH BAG WOODLAND,1
0.0930010446202059,0.0435457394418743,0.0239367258618116,0.2573812580231066,5.9105956477479,1.0,0.019886926604958,1.2879479152545892,0.9160014012814224,0.2125629472568247,0.2235710868771199,0.4035364137956519,21212,84992,PACK OF 72 RETROSPOT CAKE CASES,72 SWEETHEART FAIRY CAKE CASES,1
0.0435457394418743,0.0930010446202059,0.0239367258618116,0.5496915695681973,5.910595647747899,1.0,0.019886926604958,2.0141727182635,0.8686377889140968,0.2125629472568247,0.5035182479970532,0.4035364137956519,84992,21212,72 SWEETHEART FAIRY CAKE CASES,PACK OF 72 RETROSPOT CAKE CASES,1
0.0694224742575735,0.0653633786002089,0.0267721235636472,0.3856405846947549,5.899948762647381,1.0,0.0222344360953861,1.5213189512777563,0.8924640663185419,0.2478585244542691,0.3426756439469188,0.3976148128953227,21931,22411,JUMBO STORAGE BAG SUKI,JUMBO SHOPPER VINTAGE RED PAISLEY,1
0.0653633786002089,0.0694224742575735,0.0267721235636472,0.4095890410958904,5.899948762647381,1.0,0.0222344360953861,1.5761521897725554,0.8885881246605721,0.2478585244542691,0.3655435011359507,0.3976148128953227,22411,21931,JUMBO SHOPPER VINTAGE RED PAISLEY,JUMBO STORAGE BAG SUKI,1
0.0911804208327115,0.0573645724518728,0.0307416803462169,0.337152209492635,5.8773594063739525,1.0,0.0255111544891666,1.4220993734121128,0.9131136512187734,0.2609576893843425,0.2968142601732177,0.4365261567754538,20725,20726,LUNCH BAG RED RETROSPOT,LUNCH BAG WOODLAND,1
0.0573645724518728,0.0911804208327115,0.0307416803462169,0.5359001040582726,5.877359406373952,1.0,0.0255111544891666,1.958241290537588,0.8803568590574566,0.2609576893843425,0.4893377007051698,0.4365261567754538,20726,20725,LUNCH BAG WOODLAND,LUNCH BAG RED RETROSPOT,1
0.0653633786002089,0.055723026413968,0.0213400984927622,0.3264840182648402,5.8590503652723465,1.0,0.0176978532205166,1.402011235358244,0.8873222578156316,0.2139437462597247,0.2867389541678826,0.3547256727639145,22411,85099C,JUMBO SHOPPER VINTAGE RED PAISLEY,JUMBO  BAG BAROQUE BLACK WHITE,1
0.055723026413968,0.0653633786002089,0.0213400984927622,0.3829673272629887,5.8590503652723465,1.0,0.0176978532205166,1.5147279272165015,0.8782633701086194,0.2139437462597247,0.3398154334966131,0.3547256727639145,85099C,22411,JUMBO  BAG BAROQUE BLACK WHITE,JUMBO SHOPPER VINTAGE RED PAISLEY,1
0.0553350246231905,0.0694224742575735,0.0225041038650947,0.4066882416396979,5.858164031013792,1.0,0.0186626095426491,1.568446120660417,0.877875305669165,0.2200817279626386,0.3624262977048039,0.3654249462712677,85099F,21931,JUMBO BAG STRAWBERRY,JUMBO STORAGE BAG SUKI,1
0.0694224742575735,0.0553350246231905,0.0225041038650947,0.3241616509028374,5.858164031013791,1.0,0.0186626095426491,1.397767641683498,0.891164928308629,0.2200817279626386,0.2845735083725496,0.3654249462712677,21931,85099F,JUMBO STORAGE BAG SUKI,JUMBO BAG STRAWBERRY,1
0.0481122220564094,0.0694224742575735,0.0195493209968661,0.4063275434243176,5.852968332945728,1.0,0.0162092514996803,1.567493178157567,0.8710549085527634,0.1995126408772464,0.3620386908634582,0.3439634277740677,21929,21931,JUMBO BAG PINK VINTAGE PAISLEY,JUMBO STORAGE BAG SUKI,1
0.0694224742575735,0.0481122220564094,0.0195493209968661,0.2815993121238177,5.852968332945728,1.0,0.0162092514996803,1.3250095580471524,0.891002091102129,0.1995126408772464,0.2452884630705331,0.3439634277740677,21931,21929,JUMBO STORAGE BAG SUKI,JUMBO BAG PINK VINTAGE PAISLEY,1
0.0420832711535591,0.0653633786002089,0.0160573048798686,0.3815602836879432,5.837523883545452,1.0,0.0133066000947233,1.511281692859754,0.8651007609264086,0.1757021554539516,0.3383099889817831,0.3136111920722821,20712,22411,JUMBO BAG WOODLAND ANIMALS,JUMBO SHOPPER VINTAGE RED PAISLEY,1
0.0653633786002089,0.0420832711535591,0.0160573048798686,0.2456621004566209,5.837523883545451,1.0,0.0133066000947233,1.2698775037371095,0.8866488558816249,0.1757021554539516,0.2125224700358026,0.3136111920722821,22411,20712,JUMBO SHOPPER VINTAGE RED PAISLEY,JUMBO BAG WOODLAND ANIMALS,1
0.0668855394717206,0.0481122220564094,0.0187733174153111,0.2806782686300758,5.833824683902414,1.0,0.0155553054878849,1.3233129716945324,0.8879788087051468,0.1950992555831265,0.2443208663484366,0.3354383898981644,22386,21929,JUMBO BAG PINK POLKADOT,JUMBO BAG PINK VINTAGE PAISLEY,1
0.0481122220564094,0.0668855394717206,0.0187733174153111,0.3901985111662531,5.833824683902414,1.0,0.0155553054878849,1.5301938050575652,0.8704659165132698,0.1950992555831265,0.3464880091039313,0.3354383898981644,21929,22386,JUMBO BAG PINK VINTAGE PAISLEY,JUMBO BAG PINK POLKADOT,1
0.0694224742575735,0.0668855394717206,0.026861662438442,0.3869303525365434,5.784962722774157,1.0,0.0222183027962625,1.522036630567165,0.8888437730523749,0.2454322334333242,0.3429855892316046,0.3942683891196773,21931,22386,JUMBO STORAGE BAG SUKI,JUMBO BAG PINK POLKADOT,1
0.0668855394717206,0.0694224742575735,0.026861662438442,0.4016064257028112,5.784962722774157,1.0,0.0222183027962625,1.5551262007373436,0.8864272006141247,0.2454322334333242,0.356965370703765,0.3942683891196773,22386,21931,JUMBO BAG PINK POLKADOT,JUMBO STORAGE BAG SUKI,1
0.055723026413968,0.0481122220564094,0.0154603790479032,0.2774504552758436,5.7667354243282505,1.0,0.0127794204274192,1.3174013946780456,0.8753699243932508,0.1749408983451536,0.2409299063749769,0.299395202824026,85099C,21929,JUMBO  BAG BAROQUE BLACK WHITE,JUMBO BAG PINK VINTAGE PAISLEY,1
0.0481122220564094,0.055723026413968,0.0154603790479032,0.3213399503722084,5.7667354243282505,1.0,0.0127794204274192,1.391384352304098,0.8683709173785367,0.1749408983451536,0.281291328061851,0.299395202824026,21929,85099C,JUMBO BAG PINK VINTAGE PAISLEY,JUMBO  BAG BAROQUE BLACK WHITE,1
0.0668855394717206,0.0653633786002089,0.0251604238173406,0.3761713520749665,5.755078151265641,1.0,0.0207885589779714,1.4982265154198369,0.885465233283674,0.2349498327759197,0.3325441849360292,0.3805514294621408,22386,22411,JUMBO BAG PINK POLKADOT,JUMBO SHOPPER VINTAGE RED PAISLEY,1
0.0653633786002089,0.0668855394717206,0.0251604238173406,0.3849315068493151,5.755078151265641,1.0,0.0207885589779714,1.5170903255804988,0.8840231535488036,0.2349498327759197,0.3408434665105649,0.3805514294621408,22411,22386,JUMBO SHOPPER VINTAGE RED PAISLEY,JUMBO BAG PINK POLKADOT,1
0.055723026413968,0.0668855394717206,0.0213699447843605,0.3835029459025174,5.733719858306045,1.0,0.0176428801016653,1.5135748894928738,0.874312491413868,0.2110849056603773,0.3393125064759418,0.3515015845085992,85099C,22386,JUMBO  BAG BAROQUE BLACK WHITE,JUMBO BAG PINK POLKADOT,1
0.0668855394717206,0.055723026413968,0.0213699447843605,0.3195002231146809,5.733719858306045,1.0,0.0176428801016653,1.3876227526598672,0.8847715776404795,0.2110849056603773,0.2793430360786834,0.3515015845085992,22386,85099C,JUMBO BAG PINK POLKADOT,JUMBO  BAG BAROQUE BLACK WHITE,1
0.0930010446202059,0.0345918519623936,0.0182659304581405,0.196405648267009,5.677800901799946,1.0,0.0150488520902904,1.2013625356570214,0.90835327626504,0.1670761670761671,0.1676117988371402,0.3622235316399756,21212,21210,PACK OF 72 RETROSPOT CAKE CASES,SET OF 72 RETROSPOT PAPER  DOILIES,1
0.0345918519623936,0.0930010446202059,0.0182659304581405,0.5280414150129422,5.677800901799945,1.0,0.0150488520902904,1.9217765800460356,0.8533960215302758,0.1670761670761671,0.4796481493306337,0.3622235316399756,21210,21212,SET OF 72 RETROSPOT PAPER  DOILIES,PACK OF 72 RETROSPOT CAKE CASES,1
0.0911804208327115,0.0699895537979406,0.0358752425011192,0.3934533551554828,5.621601136240704,1.0,0.0294935655319293,1.5332875947907671,0.9045961984541364,0.2863268222963316,0.3478066323647129,0.4530166562557798,20725,20727,LUNCH BAG RED RETROSPOT,LUNCH BAG  BLACK SKULL.,1
0.0699895537979406,0.0911804208327115,0.0358752425011192,0.5125799573560768,5.621601136240704,1.0,0.0294935655319293,1.8645511051157408,0.8839844108770364,0.2863268222963316,0.4636778808280903,0.4530166562557798,20727,20725,LUNCH BAG  BLACK SKULL.,LUNCH BAG RED RETROSPOT,1
0.029637367557081,0.0911804208327115,0.015102223548724,0.5095669687814703,5.588556886750626,1.0,0.0123998759024956,1.8530961850372023,0.8461403001579472,0.1428571428571428,0.4603626039088067,0.3375985416738775,22662,20725,LUNCH BAG DOLLY GIRL DESIGN,LUNCH BAG RED RETROSPOT,1
0.0911804208327115,0.029637367557081,0.015102223548724,0.1656301145662847,5.5885568867506255,1.0,0.0123998759024956,1.1629885610486923,0.9034388649830928,0.1428571428571428,0.1401463148543113,0.3375985416738775,20725,22662,LUNCH BAG RED RETROSPOT,LUNCH BAG DOLLY GIRL DESIGN,1
0.0615728995672287,0.0911804208327115,0.0312192210117892,0.5070285991274843,5.560717909579824,1.0,0.025604978117359,1.8435543675733688,0.8739806263206051,0.2568762278978389,0.457569563670488,0.4247090622478665,20728,20725,LUNCH BAG CARS BLUE,LUNCH BAG RED RETROSPOT,1
0.0911804208327115,0.0615728995672287,0.0312192210117892,0.3423895253682488,5.560717909579823,1.0,0.025604978117359,1.4270257799015011,0.9024531642946624,0.2568762278978389,0.2992418118269568,0.4247090622478665,20725,20728,LUNCH BAG RED RETROSPOT,LUNCH BAG CARS BLUE,1
0.0553350246231905,0.118758394269512,0.0354872407103417,0.6413160733549084,5.400174676490627,1.0,0.0289157420392277,2.456875093269661,0.8625500321672134,0.2560292850990525,0.5929789012313285,0.4700674360240237,85099F,85099B,JUMBO BAG STRAWBERRY,JUMBO BAG RED RETROSPOT,1
0.118758394269512,0.0553350246231905,0.0354872407103417,0.298818798693139,5.400174676490627,1.0,0.0289157420392277,1.3472480061019083,0.9246281605406922,0.2560292850990525,0.2577461644249351,0.4700674360240237,85099B,85099F,JUMBO BAG RED RETROSPOT,JUMBO BAG STRAWBERRY,1
0.0911804208327115,0.0715415609610505,0.0351290852111625,0.3852700490998363,5.385261992110979,1.0,0.0286058955757048,1.5103517205878545,0.8960062389002126,0.2753216374269006,0.337902565098689,0.4381502519174609,20725,22383,LUNCH BAG RED RETROSPOT,LUNCH BAG SUKI  DESIGN,1
0.0715415609610505,0.0911804208327115,0.0351290852111625,0.4910304547350855,5.385261992110979,1.0,0.0286058955757048,1.7856069928393363,0.8770538117047535,0.2753216374269006,0.439966350932645,0.4381502519174609,22383,20725,LUNCH BAG SUKI  DESIGN,LUNCH BAG RED RETROSPOT,1
0.118758394269512,0.0668855394717206,0.042620504402328,0.3588841417441568,5.365646215590349,1.0,0.0346772851348163,1.4554537194990294,0.9232759248791976,0.2979966611018363,0.3129290292073302,0.4980498352629753,85099B,22386,JUMBO BAG RED RETROSPOT,JUMBO BAG PINK POLKADOT,1
0.0668855394717206,0.118758394269512,0.042620504402328,0.6372155287817938,5.365646215590349,1.0,0.0346772851348163,2.429105090334592,0.8719500050531982,0.2979966611018363,0.5883257566833977,0.4980498352629753,22386,85099B,JUMBO BAG PINK POLKADOT,JUMBO BAG RED RETROSPOT,1
0.0911804208327115,0.0642590658110729,0.0299955230562602,0.3289689034369885,5.119416214424663,1.0,0.0241363543932897,1.3944822214376449,0.8853960084634299,0.2391149179157744,0.28288795322966,0.3978797141430181,20725,22382,LUNCH BAG RED RETROSPOT,LUNCH BAG SPACEBOY DESIGN,1
0.0642590658110729,0.0911804208327115,0.0299955230562602,0.4667905248490478,5.119416214424663,1.0,0.0241363543932897,1.7044325382815089,0.859923081708071,0.2391149179157744,0.4132944674898964,0.3978797141430181,22382,20725,LUNCH BAG SPACEBOY DESIGN,LUNCH BAG RED RETROSPOT,1
0.0420832711535591,0.118758394269512,0.0254588867333233,0.6049645390070922,5.094078130040871,1.0,0.0204611450255182,2.23079113838418,0.839001557327154,0.1880511463844797,0.5517285402503769,0.4096700051155089,20712,85099B,JUMBO BAG WOODLAND ANIMALS,JUMBO BAG RED RETROSPOT,1
0.118758394269512,0.0420832711535591,0.0254588867333233,0.2143754712239256,5.09407813004087,1.0,0.0204611450255182,1.2193060345745323,0.9120014557479852,0.1880511463844797,0.179861354209616,0.4096700051155089,85099B,20712,JUMBO BAG RED RETROSPOT,JUMBO BAG WOODLAND ANIMALS,1
0.118758394269512,0.0389195642441426,0.0233696463214445,0.1967831113345061,5.056148884403856,1.0,0.018747621366141,1.1965391282454807,0.9103303891567656,0.174,0.1642563319543687,0.3986216170169463,85099B,20713,JUMBO BAG RED RETROSPOT,JUMBO BAG OWLS,1
0.0389195642441426,0.118758394269512,0.0233696463214445,0.6004601226993864,5.056148884403855,1.0,0.018747621366141,2.205641178258265,0.8347074646825456,0.174,0.5466170971700516,0.3986216170169463,20713,85099B,JUMBO BAG OWLS,JUMBO BAG RED RETROSPOT,1
0.0459035964781375,0.118758394269512,0.0275182808536039,0.599479843953186,5.04789448898002,1.0,0.0220668434446646,2.2002428402816405,0.8404785927895951,0.2006528835690968,0.545504713528805,0.4155981778197696,21928,85099B,JUMBO BAG SCANDINAVIAN PAISLEY,JUMBO BAG RED RETROSPOT,1
0.118758394269512,0.0459035964781375,0.0275182808536039,0.2317165116863533,5.047894488980019,1.0,0.0220668434446646,1.2418546253233531,0.9099633941510868,0.2006528835690968,0.19475276766826,0.4155981778197696,85099B,21928,JUMBO BAG RED RETROSPOT,JUMBO BAG SCANDINAVIAN PAISLEY,1
0.118758394269512,0.0313982987613788,0.0188031637069094,0.158331239004775,5.042669356326035,1.0,0.0150743521632136,1.1508110388857788,0.9097304608582804,0.1431492842535787,0.1310476123272113,0.3785952772970644,85099B,20711,JUMBO BAG RED RETROSPOT,JUMBO BAG TOYS,1
0.0313982987613788,0.118758394269512,0.0188031637069094,0.5988593155893537,5.042669356326035,1.0,0.0150743521632136,2.196839263574581,0.8276800784920219,0.1431492842535787,0.5448005611603771,0.3785952772970644,20711,85099B,JUMBO BAG TOYS,JUMBO BAG RED RETROSPOT,1
0.118758394269512,0.055723026413968,0.0332189225488733,0.2797185222417693,5.019801332464104,1.0,0.0266013454081128,1.3109832790993792,0.9087053127342531,0.2351574054510881,0.2372137647041684,0.4379310340185815,85099B,85099C,JUMBO BAG RED RETROSPOT,JUMBO  BAG BAROQUE BLACK WHITE,1
0.055723026413968,0.118758394269512,0.0332189225488733,0.5961435457953937,5.019801332464104,1.0,0.0266013454081128,2.182066416311434,0.8480445370690801,0.2351574054510881,0.5417188072165098,0.4379310340185815,85099C,85099B,JUMBO  BAG BAROQUE BLACK WHITE,JUMBO BAG RED RETROSPOT,1
0.0694224742575735,0.0517833159229965,0.0180271601253544,0.2596732588134136,5.014612412993327,1.0,0.0144322342087184,1.2808083665291,0.8603074662454288,0.1747179635522129,0.219243076378452,0.3039000299830757,21931,22355,JUMBO STORAGE BAG SUKI,CHARLOTTE BAG SUKI DESIGN,1
0.0517833159229965,0.0694224742575735,0.0180271601253544,0.3481268011527378,5.014612412993327,1.0,0.0144322342087184,1.42754377291168,0.8443036351925157,0.1747179635522129,0.2994960862318381,0.3039000299830757,22355,21931,CHARLOTTE BAG SUKI DESIGN,JUMBO STORAGE BAG SUKI,1
0.118758394269512,0.037188479331443,0.0220265631995224,0.1854737371198793,4.987397722473161,1.0,0.0176101191087953,1.1820509227831495,0.9072365965819112,0.1644751504345888,0.1540127580582646,0.3888845411121066,85099B,22385,JUMBO BAG RED RETROSPOT,JUMBO BAG SPACEBOY DESIGN,0
0.037188479331443,0.118758394269512,0.0220265631995224,0.5922953451043338,4.98739772247316,1.0,0.0176101191087953,2.161470552638165,0.8303750193954402,0.1644751504345888,0.5373520130637643,0.3888845411121066,22385,85099B,JUMBO BAG SPACEBOY DESIGN,JUMBO BAG RED RETROSPOT,0
0.0715415609610505,0.0517833159229965,0.0179973138337561,0.2515644555694618,4.858021373979723,1.0,0.0142926545808857,1.2669316564841568,0.8553477949074224,0.1708699348257296,0.2106914411033937,0.2995574439230594,22383,22355,LUNCH BAG SUKI  DESIGN,CHARLOTTE BAG SUKI DESIGN,0
0.0517833159229965,0.0715415609610505,0.0179973138337561,0.347550432276657,4.858021373979723,1.0,0.0142926545808857,1.4230347983503333,0.8375246837891124,0.1708699348257296,0.2972764958669601,0.2995574439230594,22355,22383,CHARLOTTE BAG SUKI DESIGN,LUNCH BAG SUKI  DESIGN,0
0.0694224742575735,0.118758394269512,0.0396358752425011,0.5709372312983663,4.807552634996673,1.0,0.0313913736734551,2.0538757263818788,0.8510778899297757,0.2668274060679124,0.5131156246918568,0.4523447151716762,21931,85099B,JUMBO STORAGE BAG SUKI,JUMBO BAG RED RETROSPOT,0
0.118758394269512,0.0694224742575735,0.0396358752425011,0.3337521990449861,4.807552634996672,1.0,0.0313913736734551,1.3967438607805034,0.8987251077057671,0.2668274060679124,0.2840491173226294,0.4523447151716762,85099B,21931,JUMBO BAG RED RETROSPOT,JUMBO STORAGE BAG SUKI,0
0.118758394269512,0.0481122220564094,0.0273392031040143,0.2302085951244031,4.784825669753801,1.0,0.0216254728678569,1.236552879019767,0.8976039768960938,0.1959358288770053,0.1913002533359397,0.3992234042619534,85099B,21929,JUMBO BAG RED RETROSPOT,JUMBO BAG PINK VINTAGE PAISLEY,0
0.0481122220564094,0.118758394269512,0.0273392031040143,0.5682382133995038,4.7848256697538005,1.0,0.0216254728678569,2.041036592582682,0.8309865808119042,0.1959358288770053,0.5100528801717258,0.3992234042619534,21929,85099B,JUMBO BAG PINK VINTAGE PAISLEY,JUMBO BAG RED RETROSPOT,0
0.0653633786002089,0.0553350246231905,0.0171914639606028,0.263013698630137,4.753114332579687,1.0,0.0135745797963054,1.2817944833179755,0.8448327478844005,0.1660899653979239,0.2198437323497753,0.2868466551403112,22411,85099F,JUMBO SHOPPER VINTAGE RED PAISLEY,JUMBO BAG STRAWBERRY,0
0.0553350246231905,0.0653633786002089,0.0171914639606028,0.3106796116504854,4.753114332579687,1.0,0.0135745797963054,1.3558812958334998,0.8358641907048752,0.1660899653979239,0.262472310022338,0.2868466551403112,85099F,22411,JUMBO BAG STRAWBERRY,JUMBO SHOPPER VINTAGE RED PAISLEY,0
0.0291299805999104,0.118758394269512,0.0162960752126548,0.5594262295081968,4.710624734775605,1.0,0.0128366454915074,2.0002135050998984,0.8113484986121711,0.1238376048990701,0.5000533705775294,0.3483233183228342,23199,85099B,JUMBO BAG APPLES,JUMBO BAG RED RETROSPOT,0
0.118758394269512,0.0291299805999104,0.0162960752126548,0.1372204071374717,4.710624734775604,1.0,0.0128366454915074,1.1252816216699553,0.8938682961239353,0.1238376048990701,0.1113335713099385,0.3483233183228342,85099B,23199,JUMBO BAG RED RETROSPOT,JUMBO BAG APPLES,0
0.115206685569318,0.0306819877630204,0.0165348455454409,0.1435233160621761,4.677771113485615,1.0,0.013000075428585,1.1317506131986512,0.8885950656779107,0.1278264882325796,0.116413114039573,0.341216910949376,22423,22698,REGENCY CAKESTAND 3 TIER,PINK REGENCY TEACUP AND SAUCER,0
0.0306819877630204,0.115206685569318,0.0165348455454409,0.5389105058365758,4.677771113485615,1.0,0.013000075428585,1.918918833828568,0.8111094227305989,0.1278264882325796,0.4788732163283681,0.341216910949376,22698,22423,PINK REGENCY TEACUP AND SAUCER,REGENCY CAKESTAND 3 TIER,0
0.118758394269512,0.0393075660349201,0.0216982539919415,0.1827092234229706,4.648194784196378,1.0,0.0170301505669915,1.1754597769824886,0.8906328425621844,0.1591157802582622,0.1492690608545616,0.3673606861230267,85099B,21930,JUMBO BAG RED RETROSPOT,JUMBO STORAGE BAG SKULLS,0
0.0393075660349201,0.118758394269512,0.0216982539919415,0.5520121488230828,4.648194784196378,1.0,0.0170301505669915,1.967110499571276,0.8169760565891344,0.1591157802582622,0.4916401492351619,0.3673606861230267,21930,85099B,JUMBO STORAGE BAG SKULLS,JUMBO BAG RED RETROSPOT,0
0.0403521862408595,0.115206685569318,0.0215191762423518,0.533284023668639,4.62893295674035,1.0,0.0168703346100666,1.8957853583364213,0.8169325036720883,0.160543308839902,0.4725141242374009,0.3600357942177392,22697,22423,GREEN REGENCY TEACUP AND SAUCER,REGENCY CAKESTAND 3 TIER,0
0.115206685569318,0.0403521862408595,0.0215191762423518,0.1867875647668393,4.62893295674035,1.0,0.0168703346100666,1.1800702647691246,0.8860459028695784,0.160543308839902,0.1525928329397864,0.3600357942177392,22423,22697,REGENCY CAKESTAND 3 TIER,GREEN REGENCY TEACUP AND SAUCER,0
0.115206685569318,0.0423817340695418,0.022205640949112,0.1927461139896373,4.547858133255492,1.0,0.0173229818382799,1.1862665296827886,0.8816932264774745,0.1640211640211639,0.1570191226187563,0.3583448879807341,22423,22699,REGENCY CAKESTAND 3 TIER,ROSES REGENCY TEACUP AND SAUCER,0
0.0423817340695418,0.115206685569318,0.022205640949112,0.523943661971831,4.547858133255491,1.0,0.0173229818382799,1.858589506644332,0.8146422221887091,0.1640211640211639,0.4619575778163668,0.3583448879807341,22699,22423,ROSES REGENCY TEACUP AND SAUCER,REGENCY CAKESTAND 3 TIER,0
0.118758394269512,0.0653633786002089,0.0347112371287867,0.2922844935913546,4.47168582546956,1.0,0.0269487872421957,1.3206388908202304,0.8809964128559413,0.232321214542549,0.2427907379140455,0.4116673609509285,85099B,22411,JUMBO BAG RED RETROSPOT,JUMBO SHOPPER VINTAGE RED PAISLEY,0
0.0653633786002089,0.118758394269512,0.0347112371287867,0.5310502283105023,4.47168582546956,1.0,0.0269487872421957,1.8791812235148675,0.830665817850376,0.232321214542549,0.4678533461878812,0.4116673609509285,22411,85099B,JUMBO SHOPPER VINTAGE RED PAISLEY,JUMBO BAG RED RETROSPOT,0
0.0622892105655872,0.0565885688703178,0.0156394567974929,0.2510781025395304,4.436904971301143,1.0,0.0121145995155244,1.2596926786741185,0.826073107310974,0.1514888696154958,0.2061555830803558,0.263724705278204,22139,22138,RETROSPOT TEA SET CERAMIC 11 PC,BAKING SET 9 PIECE RETROSPOT,0
0.0565885688703178,0.0622892105655872,0.0156394567974929,0.2763713080168776,4.436904971301143,1.0,0.0121145995155244,1.295845230880209,0.8210814921540126,0.1514888696154958,0.2283029051851004,0.263724705278204,22138,22139,BAKING SET 9 PIECE RETROSPOT,RETROSPOT TEA SET CERAMIC 11 PC,0
0.0911804208327115,0.0411580361140128,0.0165945381286375,0.1819967266775777,4.421900164852968,1.0,0.0128417310751138,1.1721737493684237,0.8514923036939905,0.1433728726147498,0.1468841538732566,0.2925937222945539,20725,20723,LUNCH BAG RED RETROSPOT,STRAWBERRY CHARLOTTE BAG,0
0.0411580361140128,0.0911804208327115,0.0165945381286375,0.40319071791153,4.421900164852967,1.0,0.0128417310751138,1.5227973264540593,0.8070703059043147,0.1433728726147498,0.3433137932225226,0.2925937222945539,20723,20725,STRAWBERRY CHARLOTTE BAG,LUNCH BAG RED RETROSPOT,0
0.0699895537979406,0.0517833159229965,0.0159976122966721,0.2285714285714285,4.413997529847674,1.0,0.0123733211210438,1.2291697756553748,0.8316551668806161,0.1512415349887133,0.1864427357345204,0.2687525730753397,20727,22355,LUNCH BAG  BLACK SKULL.,CHARLOTTE BAG SUKI DESIGN,0
0.0517833159229965,0.0699895537979406,0.0159976122966721,0.3089337175792507,4.413997529847674,1.0,0.0123733211210438,1.3457615714433473,0.815686968838527,0.1512415349887133,0.2569263224484209,0.2687525730753397,22355,20727,CHARLOTTE BAG SUKI DESIGN,LUNCH BAG  BLACK SKULL.,0
0.0627070586479629,0.0668855394717206,0.0183853156245336,0.2931937172774869,4.383514278171441,1.0,0.0141911201781798,1.3201841626733437,0.8235125871135615,0.16532474503489,0.2425299225109454,0.2840355021014833,22384,22386,LUNCH BAG PINK POLKADOT,JUMBO BAG PINK POLKADOT,0
0.0668855394717206,0.0627070586479629,0.0183853156245336,0.2748772869254797,4.383514278171441,1.0,0.0141911201781798,1.292599065581486,0.8272002714212604,0.16532474503489,0.2263649056947585,0.2840355021014833,22386,22384,JUMBO BAG PINK POLKADOT,LUNCH BAG PINK POLKADOT,0
0.0523802417549619,0.1614684375466348,0.0370690941650499,0.7076923076923076,4.3828522678799935,1.0,0.0286113383705612,2.8686606083930903,0.8145018829168094,0.2096910349485058,0.6514052596273631,0.4686335845300725,21733,85123A,RED HANGING HEART T-LIGHT HOLDER,WHITE HANGING HEART T-LIGHT HOLDER,0
0.1614684375466348,0.0523802417549619,0.0370690941650499,0.2295748613678373,4.3828522678799935,1.0,0.0286113383705612,1.2299958954188237,0.920463953821274,0.2096910349485058,0.1869891568544689,0.4686335845300725,85123A,21733,WHITE HANGING HEART T-LIGHT HOLDER,RED HANGING HEART T-LIGHT HOLDER,0
0.0715415609610505,0.0694224742575735,0.0216087151171466,0.3020442219440968,4.350813265794051,1.0,0.0166421229429815,1.3332900951611455,0.8295017643042915,0.1810452613153288,0.2499756777394067,0.3066540972145247,22383,21931,LUNCH BAG SUKI  DESIGN,JUMBO STORAGE BAG SUKI,0
0.0694224742575735,0.0715415609610505,0.0216087151171466,0.3112639724849527,4.35081326579405,1.0,0.0166421229429815,1.3480613790290863,0.8276128446703839,0.1810452613153288,0.2581940143406307,0.3066540972145247,21931,22383,JUMBO STORAGE BAG SUKI,LUNCH BAG SUKI  DESIGN,0
0.0472765258916579,0.0911804208327115,0.0185942396657215,0.3933080808080808,4.313514647291243,1.0,0.0142835461394115,1.4979918973995685,0.8062890312626232,0.1551294820717131,0.332439646879302,0.2986180338573956,22356,20725,CHARLOTTE BAG PINK POLKADOT,LUNCH BAG RED RETROSPOT,0
0.0911804208327115,0.0472765258916579,0.0185942396657215,0.2039279869067103,4.313514647291243,1.0,0.0142835461394115,1.1967805153786943,0.8452398084379044,0.1551294820717131,0.1644248990103483,0.2986180338573956,20725,22356,LUNCH BAG RED RETROSPOT,CHARLOTTE BAG PINK POLKADOT,0
0.0699895537979406,0.0607372034024772,0.0176988509177734,0.2528784648187633,4.1634854858735455,1.0,0.0134478811526993,1.2571753755828714,0.8169979456517739,0.1565883284922102,0.2045660299889629,0.2721394781096273,20727,20724,LUNCH BAG  BLACK SKULL.,RED RETROSPOT CHARLOTTE BAG,0
0.0607372034024772,0.0699895537979406,0.0176988509177734,0.2914004914004914,4.1634854858735455,1.0,0.0134478811526993,1.3124627309439605,0.8089499836831672,0.1565883284922102,0.2380736028361188,0.2721394781096273,20724,20727,RED RETROSPOT CHARLOTTE BAG,LUNCH BAG  BLACK SKULL.,0
0.0911804208327115,0.0607372034024772,0.0228921056558722,0.251063829787234,4.133608657012913,1.0,0.0173540618894323,1.2541293022751014,0.8341376527232752,0.1774230858200323,0.2026340520184708,0.3139840033457055,20725,20724,LUNCH BAG RED RETROSPOT,RED RETROSPOT CHARLOTTE BAG,0
0.0607372034024772,0.0911804208327115,0.0228921056558722,0.3769041769041769,4.133608657012912,1.0,0.0173540618894323,1.4585550817077542,0.8071017326159432,0.1774230858200323,0.3143899654244482,0.3139840033457055,20724,20725,RED RETROSPOT CHARLOTTE BAG,LUNCH BAG RED RETROSPOT,0
0.0615728995672287,0.0607372034024772,0.015430532756305,0.2506059137178866,4.126069355831838,1.0,0.0116907670312099,1.2533629685515455,0.8073494323218571,0.1443730801452108,0.2021465249163581,0.2523299838859703,20728,20724,LUNCH BAG CARS BLUE,RED RETROSPOT CHARLOTTE BAG,0
0.0607372034024772,0.0615728995672287,0.015430532756305,0.254054054054054,4.126069355831838,1.0,0.0116907670312099,1.2580363302903093,0.8066311042600518,0.1443730801452108,0.2051103963196069,0.2523299838859703,20724,20728,RED RETROSPOT CHARLOTTE BAG,LUNCH BAG CARS BLUE,0
0.118758394269512,0.0467691389344873,0.0228921056558722,0.1927620005026388,4.1215640247868,1.0,0.0173378778146448,1.1808547933311566,0.8594392885204659,0.1604938271604938,0.153155827755054,0.3411161629826532,85099B,22379,JUMBO BAG RED RETROSPOT,RECYCLING BAG RETROSPOT,0
0.0467691389344873,0.118758394269512,0.0228921056558722,0.4894703254626675,4.1215640247868,1.0,0.0173378778146448,1.7261319952245933,0.7945332967892567,0.1604938271604938,0.4206700282675159,0.3411161629826532,22379,85099B,RECYCLING BAG RETROSPOT,JUMBO BAG RED RETROSPOT,0
0.0361737054171019,0.118758394269512,0.017101925085808,0.4727722772277227,3.98095882093864,1.0,0.0128059939156947,1.6714629517141648,0.7769078705562922,0.1240796881766998,0.4017217079358819,0.3083891544469853,20718,85099B,RED RETROSPOT SHOPPER BAG,JUMBO BAG RED RETROSPOT,0
0.118758394269512,0.0361737054171019,0.017101925085808,0.1440060316662477,3.98095882093864,1.0,0.0128059939156947,1.1259732313991049,0.8497150262099284,0.1240796881766998,0.1118794194090865,0.3083891544469853,85099B,20718,JUMBO BAG RED RETROSPOT,RED RETROSPOT SHOPPER BAG,0
0.0911804208327115,0.0517833159229965,0.0187733174153111,0.2058919803600654,3.9760292806708897,1.0,0.014051692877339,1.194065115356655,0.8235878880909308,0.1511655851958663,0.1625247340876296,0.2842140017074103,20725,22355,LUNCH BAG RED RETROSPOT,CHARLOTTE BAG SUKI DESIGN,0
0.0517833159229965,0.0911804208327115,0.0187733174153111,0.3625360230547551,3.9760292806708897,1.0,0.014051692877339,1.4256799004116143,0.7893689390106654,0.1511655851958663,0.2985802775845507,0.2842140017074103,22355,20725,CHARLOTTE BAG SUKI DESIGN,LUNCH BAG RED RETROSPOT,0
0.118758394269512,0.0367109386658707,0.0172213102522011,0.1450113093742146,3.950084488278911,1.0,0.0128615781241158,1.126668775734421,0.8474870604305978,0.1245682210708117,0.1124276969971513,0.3070585002155626,85099B,23203,JUMBO BAG RED RETROSPOT,JUMBO BAG VINTAGE DOILY,0
0.0367109386658707,0.118758394269512,0.0172213102522011,0.4691056910569105,3.950084488278911,1.0,0.0128615781241158,1.659919104209035,0.7753029572819157,0.1245682210708117,0.3975610031450853,0.3070585002155626,23203,85099B,JUMBO BAG VINTAGE DOILY,JUMBO BAG RED RETROSPOT,0
0.0715415609610505,0.0607372034024772,0.0169526936278167,0.2369628702544848,3.901445193059712,1.0,0.0126074592879946,1.2309529379137574,0.8009887067680611,0.1469979296066252,0.187621257320512,0.2580391746849819,22383,20724,LUNCH BAG SUKI  DESIGN,RED RETROSPOT CHARLOTTE BAG,0
0.0607372034024772,0.0715415609610505,0.0169526936278167,0.2791154791154791,3.901445193059711,1.0,0.0126074592879946,1.287943369764323,0.7917749186571607,0.1469979296066252,0.2235683466556554,0.2580391746849819,20724,22383,RED RETROSPOT CHARLOTTE BAG,LUNCH BAG SUKI  DESIGN,0
0.0607372034024772,0.0694224742575735,0.016325921504253,0.2687960687960688,3.871888342653605,1.0,0.0121093945645676,1.2726648285523106,0.7896917583212357,0.143418982695333,0.2142471626739884,0.2519818693077507,20724,21931,RED RETROSPOT CHARLOTTE BAG,JUMBO STORAGE BAG SUKI,0
0.0694224742575735,0.0607372034024772,0.016325921504253,0.2351676698194325,3.871888342653605,1.0,0.0121093945645676,1.2280636677267216,0.7970621134215109,0.143418982695333,0.1857099706800154,0.2519818693077507,21931,20724,JUMBO STORAGE BAG SUKI,RED RETROSPOT CHARLOTTE BAG,0
0.0632442918967318,0.0930010446202059,0.0225936427398895,0.3572439830108542,3.841290003459137,1.0,0.0167118575272282,1.411109241152558,0.7896090533680383,0.1690486824475212,0.2913376435808572,0.3000918246248109,21080,21212,SET/20 RED RETROSPOT PAPER NAPKINS,PACK OF 72 RETROSPOT CAKE CASES,0
0.0930010446202059,0.0632442918967318,0.0225936427398895,0.2429396662387676,3.841290003459136,1.0,0.0167118575272282,1.2373593838278014,0.8155144871173533,0.1690486824475212,0.1918273598843405,0.3000918246248109,21212,21080,PACK OF 72 RETROSPOT CAKE CASES,SET/20 RED RETROSPOT PAPER NAPKINS,0
0.0911804208327115,0.0469183703924787,0.0161468437546634,0.1770867430441898,3.774358349679122,1.0,0.0118688069974922,1.158179943695695,0.8088011315176844,0.1324033284385707,0.1365763105782601,0.2606171628706954,20725,20719,LUNCH BAG RED RETROSPOT,WOODLAND CHARLOTTE BAG,0
0.0469183703924787,0.0911804208327115,0.0161468437546634,0.3441475826972009,3.7743583496791215,1.0,0.0118688069974922,1.3857074475761175,0.7712396096424855,0.1324033284385707,0.278346954294572,0.2606171628706954,20719,20725,WOODLAND CHARLOTTE BAG,LUNCH BAG RED RETROSPOT,0
0.0930010446202059,0.0469183703924787,0.0162363826294582,0.1745827984595635,3.7209902432491577,1.0,0.01187292517108,1.154666546600714,0.8062350347358661,0.1312741312741312,0.1339491016311551,0.2603193890516647,21212,20719,PACK OF 72 RETROSPOT CAKE CASES,WOODLAND CHARLOTTE BAG,0
0.0469183703924787,0.0930010446202059,0.0162363826294582,0.3460559796437658,3.7209902432491577,1.0,0.01187292517108,1.3869672741799963,0.7672525747843371,0.1312741312741312,0.2790024547686457,0.2603193890516647,20719,21212,WOODLAND CHARLOTTE BAG,PACK OF 72 RETROSPOT CAKE CASES,0
0.0930010446202059,0.0472765258916579,0.0163557677958513,0.1758664955070603,3.719953871189429,1.0,0.0119590015019129,1.1560305083028013,0.8061524855444957,0.1319845857418111,0.1349709260976804,0.2609130457333281,21212,22356,PACK OF 72 RETROSPOT CAKE CASES,CHARLOTTE BAG PINK POLKADOT,0
0.0472765258916579,0.0930010446202059,0.0163557677958513,0.3459595959595959,3.719953871189429,1.0,0.0119590015019129,1.38676288158455,0.7674624191977594,0.1319845857418111,0.2788961881807977,0.2609130457333281,22356,21212,CHARLOTTE BAG PINK POLKADOT,PACK OF 72 RETROSPOT CAKE CASES,0
0.0607372034024772,0.0930010446202059,0.0204447097448142,0.3366093366093365,3.6194145773734983,1.0,0.0147960863810738,1.367216943850282,0.7705109025163578,0.1533811016569637,0.2685871803315615,0.278221227996581,20724,21212,RED RETROSPOT CHARLOTTE BAG,PACK OF 72 RETROSPOT CAKE CASES,0
0.0930010446202059,0.0607372034024772,0.0204447097448142,0.2198331193838254,3.6194145773734983,1.0,0.0147960863810738,1.2039254932940686,0.7979195795251499,0.1533811016569637,0.1693838152194175,0.278221227996581,21212,20724,PACK OF 72 RETROSPOT CAKE CASES,RED RETROSPOT CHARLOTTE BAG,0
0.0930010446202059,0.0517833159229965,0.0167139232950305,0.1797175866495507,3.470569302993197,1.0,0.0118980208202937,1.1559636884131232,0.7848551872623084,0.1305057096247961,0.134920923534567,0.251242078627369,21212,22355,PACK OF 72 RETROSPOT CAKE CASES,CHARLOTTE BAG SUKI DESIGN,0
0.0517833159229965,0.0930010446202059,0.0167139232950305,0.3227665706051873,3.470569302993197,1.0,0.0118980208202937,1.339270797943781,0.750738567381627,0.1305057096247961,0.2533250172143473,0.251242078627369,22355,21212,CHARLOTTE BAG SUKI DESIGN,PACK OF 72 RETROSPOT CAKE CASES,0
0.0607372034024772,0.0724071034174003,0.0151619161319206,0.2496314496314496,3.4476099422513267,1.0,0.0107641111638737,1.236183067809817,0.7558523428136783,0.1285099924108272,0.1910583261978094,0.2295148179731856,20724,21232,RED RETROSPOT CHARLOTTE BAG,STRAWBERRY CERAMIC TRINKET BOX,0
0.0724071034174003,0.0607372034024772,0.0151619161319206,0.2093981863149216,3.4476099422513267,1.0,0.0107641111638737,1.1880352161343015,0.7653616019931934,0.1285099924108272,0.1582741097070686,0.2295148179731856,21232,20724,STRAWBERRY CERAMIC TRINKET BOX,RED RETROSPOT CHARLOTTE BAG,0
0.0634532159379197,0.0724071034174003,0.0156991493806894,0.2474129821260583,3.416971131959433,1.0,0.0111046858121058,1.2325390613341292,0.7552672908439286,0.1306507699950322,0.1886666870276902,0.232115394607959,84991,21232,60 TEATIME FAIRY CAKE CASES,STRAWBERRY CERAMIC TRINKET BOX,0
0.0724071034174003,0.0634532159379197,0.0156991493806894,0.2168178070898598,3.4169711319594325,1.0,0.0111046858121058,1.1958223674392667,0.7625577502297898,0.1306507699950322,0.1637553977674799,0.232115394607959,21232,84991,STRAWBERRY CERAMIC TRINKET BOX,60 TEATIME FAIRY CAKE CASES,0
0.0607372034024772,0.118758394269512,0.0244142665273839,0.401965601965602,3.384734228162225,1.0,0.017201213778885,1.4735634081031577,0.7501157620522668,0.1574287913779831,0.3213729422833264,0.3037724466224089,20724,85099B,RED RETROSPOT CHARLOTTE BAG,JUMBO BAG RED RETROSPOT,0
0.118758394269512,0.0607372034024772,0.0244142665273839,0.2055792912792159,3.384734228162225,1.0,0.017201213778885,1.1823241593361415,0.7995035911327252,0.1574287913779831,0.154208266740074,0.3037724466224089,85099B,20724,JUMBO BAG RED RETROSPOT,RED RETROSPOT CHARLOTTE BAG,0
0.0694224742575735,0.0699895537979406,0.0158185345470825,0.227858985382631,3.255614202663136,1.0,0.0109596865502459,1.2044567360055622,0.7445250703938971,0.1279884085969572,0.1697501702581853,0.2269358892798016,21931,20727,JUMBO STORAGE BAG SUKI,LUNCH BAG  BLACK SKULL.,0
0.0699895537979406,0.0694224742575735,0.0158185345470825,0.2260127931769722,3.255614202663136,1.0,0.0109596865502459,1.2023164175570191,0.7449790490953567,0.1279884085969572,0.1682721907500065,0.2269358892798016,20727,21931,LUNCH BAG  BLACK SKULL.,JUMBO STORAGE BAG SUKI,0
0.0694224742575735,0.0911804208327115,0.0205640949112072,0.2962166809974204,3.248687363934066,1.0,0.0142341244931536,1.2913343562267032,0.7438212827090319,0.146845694799659,0.2256072215703964,0.2608742979455187,21931,20725,JUMBO STORAGE BAG SUKI,LUNCH BAG RED RETROSPOT,0
0.0911804208327115,0.0694224742575735,0.0205640949112072,0.225531914893617,3.248687363934066,1.0,0.0142341244931536,1.2015698821399463,0.7616290237630511,0.146845694799659,0.1677554382279944,0.2608742979455187,20725,21931,LUNCH BAG RED RETROSPOT,JUMBO STORAGE BAG SUKI,0
0.0715415609610505,0.0668855394717206,0.0154603790479032,0.2161034626616604,3.230944451797827,1.0,0.0106752831483744,1.190354104250285,0.7436983149500829,0.1257281553398058,0.1599138471238143,0.2236251360608614,22383,22386,LUNCH BAG SUKI  DESIGN,JUMBO BAG PINK POLKADOT,0
0.0668855394717206,0.0715415609610505,0.0154603790479032,0.2311468094600624,3.230944451797827,1.0,0.0106752831483744,1.2075887184482217,0.7399874354358744,0.1257281553398058,0.1719034927015363,0.2236251360608614,22386,22383,JUMBO BAG PINK POLKADOT,LUNCH BAG SUKI  DESIGN,0
0.0472765258916579,0.118758394269512,0.017877928667363,0.3781565656565656,3.18425125215462,1.0,0.0122634443658287,1.4171438613980638,0.7199932073541948,0.120668815471394,0.2943553387632335,0.2643484512122989,22356,85099B,CHARLOTTE BAG PINK POLKADOT,JUMBO BAG RED RETROSPOT,0
0.118758394269512,0.0472765258916579,0.017877928667363,0.1505403367680321,3.18425125215462,1.0,0.0122634443658287,1.1215641134547611,0.7783954200349948,0.120668815471394,0.1083880199057961,0.2643484512122989,85099B,22356,JUMBO BAG RED RETROSPOT,CHARLOTTE BAG PINK POLKADOT,0
0.0411580361140128,0.118758394269512,0.0153708401731084,0.3734590282813633,3.1446958387954456,1.0,0.0104829778929217,1.406518720257341,0.7112790716650277,0.1063390460458393,0.289024749121692,0.2514442665910461,20723,85099B,STRAWBERRY CHARLOTTE BAG,JUMBO BAG RED RETROSPOT,0
0.118758394269512,0.0411580361140128,0.0153708401731084,0.1294295049007288,3.144695838795445,1.0,0.0104829778929217,1.1013949694868197,0.7739128719200258,0.1063390460458393,0.0920604980918545,0.2514442665910461,85099B,20723,JUMBO BAG RED RETROSPOT,STRAWBERRY CHARLOTTE BAG,0
0.0553350246231905,0.0911804208327115,0.0158483808386807,0.2864077669902913,3.141110387237221,1.0,0.0108029100067498,1.2735839000575608,0.721569297352642,0.1212882594792142,0.2148141948443254,0.2301105938061112,85099F,20725,JUMBO BAG STRAWBERRY,LUNCH BAG RED RETROSPOT,0
0.0911804208327115,0.0553350246231905,0.0158483808386807,0.1738134206219312,3.141110387237221,1.0,0.0108029100067498,1.143403922256796,0.7500292226767972,0.1212882594792142,0.1254184277886261,0.2301105938061112,20725,85099F,LUNCH BAG RED RETROSPOT,JUMBO BAG STRAWBERRY,0
0.118758394269512,0.0911804208327115,0.0329801522160871,0.2777079668258356,3.045697357937684,1.0,0.0221517118491759,1.2582439476362703,0.7621836785923474,0.1863720694889526,0.2052415575861945,0.3197050472427051,85099B,20725,JUMBO BAG RED RETROSPOT,LUNCH BAG RED RETROSPOT,0
0.0911804208327115,0.118758394269512,0.0329801522160871,0.3617021276595745,3.045697357937684,1.0,0.0221517118491759,1.3806118489777643,0.7390553462764415,0.1863720694889526,0.2756834582142533,0.3197050472427051,20725,85099B,LUNCH BAG RED RETROSPOT,JUMBO BAG RED RETROSPOT,0
0.0668855394717206,0.0911804208327115,0.0182659304581405,0.2730923694779116,2.9950768704934303,1.0,0.0121672788214861,1.2502545591859384,0.7138660703534229,0.1306575576430401,0.2001628847079615,0.2367098508600687,22386,20725,JUMBO BAG PINK POLKADOT,LUNCH BAG RED RETROSPOT,0
0.0911804208327115,0.0668855394717206,0.0182659304581405,0.2003273322422258,2.9950768704934303,1.0,0.0121672788214861,1.1668705185893955,0.7329493866512121,0.1306575576430401,0.1430068854521423,0.2367098508600687,20725,22386,LUNCH BAG RED RETROSPOT,JUMBO BAG PINK POLKADOT,0
0.118758394269512,0.0517833159229965,0.0182957767497388,0.154058808745916,2.9750665054939005,1.0,0.0121460733007729,1.1209014218486026,0.7533383080734329,0.1201725151930993,0.107860887221653,0.25368646489169,85099B,22355,JUMBO BAG RED RETROSPOT,CHARLOTTE BAG SUKI DESIGN,0
0.0517833159229965,0.118758394269512,0.0182957767497388,0.3533141210374639,2.9750665054939005,1.0,0.0121460733007729,1.362704265545808,0.7001280102038457,0.1201725151930993,0.2661650621608152,0.25368646489169,22355,85099B,CHARLOTTE BAG SUKI DESIGN,JUMBO BAG RED RETROSPOT,0
0.0602596627369049,0.0930010446202059,0.016654230711834,0.2763744427934621,2.971734822142153,1.0,0.0110500191288405,1.2534092340258756,0.7060420777556711,0.1219139174131527,0.2021759750500164,0.2277250904596322,20914,21212,SET/5 RED RETROSPOT LID GLASS BOWLS,PACK OF 72 RETROSPOT CAKE CASES,0
0.0930010446202059,0.0602596627369049,0.016654230711834,0.1790757381258023,2.971734822142153,1.0,0.0110500191288405,1.1447345156027382,0.7315292000465647,0.1219139174131527,0.1264350062219718,0.2277250904596322,21212,20914,PACK OF 72 RETROSPOT CAKE CASES,SET/5 RED RETROSPOT LID GLASS BOWLS,0
0.118758394269512,0.0469183703924787,0.0162363826294582,0.1367177682834883,2.9139496350752387,1.0,0.0106644322999053,1.1040209036996589,0.745338355825972,0.1086478929498701,0.0942200490507711,0.241386873963627,85099B,20719,JUMBO BAG RED RETROSPOT,WOODLAND CHARLOTTE BAG,0
0.0469183703924787,0.118758394269512,0.0162363826294582,0.3460559796437658,2.9139496350752387,1.0,0.0106644322999053,1.347579576078139,0.6891573073033428,0.1086478929498701,0.2579287948914304,0.241386873963627,20719,85099B,WOODLAND CHARLOTTE BAG,JUMBO BAG RED RETROSPOT,0
0.0930010446202059,0.0724071034174003,0.018982241456499,0.2041078305519897,2.818892358880633,1.0,0.0122483052007575,1.1654755910287824,0.7114128726237627,0.1296371789645332,0.1419811725809844,0.2331338822999025,21212,21232,PACK OF 72 RETROSPOT CAKE CASES,STRAWBERRY CERAMIC TRINKET BOX,0
0.0724071034174003,0.0930010446202059,0.018982241456499,0.2621599340478153,2.8188923588806327,1.0,0.0122483052007575,1.2292622713694863,0.6956184493118672,0.1296371789645332,0.1865039517678124,0.2331338822999025,21232,21212,STRAWBERRY CERAMIC TRINKET BOX,PACK OF 72 RETROSPOT CAKE CASES,0
0.0342933890464109,0.1614684375466348,0.0155499179226981,0.4534377719756309,2.8082130406734778,1.0,0.0100126179751952,1.5341923013677017,0.6667673737159703,0.0862868499503146,0.3481912279780571,0.2748704571523256,22219,85123A,LOVEBIRD HANGING DECORATION WHITE,WHITE HANGING HEART T-LIGHT HOLDER,0
0.1614684375466348,0.0342933890464109,0.0155499179226981,0.0963031423290203,2.8082130406734778,1.0,0.0100126179751952,1.0686178697604658,0.7678919787846212,0.0862868499503146,0.0642117932913161,0.2748704571523256,85123A,22219,WHITE HANGING HEART T-LIGHT HOLDER,LOVEBIRD HANGING DECORATION WHITE,0
0.0386807939113565,0.1614684375466348,0.0173705417101925,0.449074074074074,2.7811879578284384,1.0,0.0111248143542623,1.5220404831086292,0.6662109873240911,0.0950359242325277,0.3429872522460171,0.2783263161497912,22189,85123A,CREAM HEART CARD HOLDER,WHITE HANGING HEART T-LIGHT HOLDER,0
0.1614684375466348,0.0386807939113565,0.0173705417101925,0.1075785582255083,2.781187957828438,1.0,0.0111248143542623,1.0772031700371918,0.7637654276818527,0.0950359242325277,0.0716700174903181,0.2783263161497912,85123A,22189,WHITE HANGING HEART T-LIGHT HOLDER,CREAM HEART CARD HOLDER,0
0.0627070586479629,0.118758394269512,0.0203850171616176,0.3250832936696811,2.7373500262384183,1.0,0.0129380275672214,1.305704240930716,0.6771449506203854,0.1265517880303872,0.2341297756012554,0.2483672311525083,22384,85099B,LUNCH BAG PINK POLKADOT,JUMBO BAG RED RETROSPOT,0
0.118758394269512,0.0627070586479629,0.0203850171616176,0.1716511686353355,2.7373500262384183,1.0,0.0129380275672214,1.1315196036528383,0.7202147269959556,0.1265517880303872,0.1162327221095056,0.2483672311525083,85099B,22384,JUMBO BAG RED RETROSPOT,LUNCH BAG PINK POLKADOT,0
0.0930010446202059,0.0911804208327115,0.022981644530667,0.2471116816431322,2.7101397359912096,1.0,0.0145017701443149,1.207110745390141,0.6957178199733072,0.1425661914460285,0.1715755958441098,0.2495787540785219,21212,20725,PACK OF 72 RETROSPOT CAKE CASES,LUNCH BAG RED RETROSPOT,0
0.0911804208327115,0.0930010446202059,0.022981644530667,0.2520458265139116,2.7101397359912096,1.0,0.0145017701443149,1.212639741218937,0.6943240995457743,0.1425661914460285,0.1753527729556289,0.2495787540785219,20725,21212,LUNCH BAG RED RETROSPOT,PACK OF 72 RETROSPOT CAKE CASES,0
0.0911804208327115,0.0653633786002089,0.0160573048798686,0.1761047463175122,2.694241792405593,1.0,0.0100974445120537,1.1344119500899332,0.6919283852497543,0.1142978542596133,0.1184860139028659,0.2108834233870666,20725,22411,LUNCH BAG RED RETROSPOT,JUMBO SHOPPER VINTAGE RED PAISLEY,0
0.0653633786002089,0.0911804208327115,0.0160573048798686,0.2456621004566209,2.6942417924055926,1.0,0.0100974445120537,1.2047910886055455,0.6728155622179472,0.1142978542596133,0.1699805804860127,0.2108834233870666,22411,20725,JUMBO SHOPPER VINTAGE RED PAISLEY,LUNCH BAG RED RETROSPOT,0
0.0715415609610505,0.118758394269512,0.0223548724071034,0.312473925740509,2.6311733807327853,1.0,0.0138587115038346,1.2817573597912495,0.6677104769412665,0.133108228185534,0.2198211366909081,0.2503560882786485,22383,85099B,LUNCH BAG SUKI  DESIGN,JUMBO BAG RED RETROSPOT,0
0.118758394269512,0.0715415609610505,0.0223548724071034,0.1882382508167881,2.6311733807327853,1.0,0.0138587115038346,1.1437573154600555,0.7034863346436673,0.133108228185534,0.1256886522314673,0.2503560882786485,85099B,22383,JUMBO BAG RED RETROSPOT,LUNCH BAG SUKI  DESIGN,0
0.0679898522608565,0.0930010446202059,0.0165945381286375,0.244073748902546,2.6244194342040457,1.0,0.0102714108448043,1.1998511151888331,0.6641165307738439,0.1149235221165771,0.1665632616071541,0.2112538192523,22197,21212,SMALL POPCORN HOLDER,PACK OF 72 RETROSPOT CAKE CASES,0
0.0930010446202059,0.0679898522608565,0.0165945381286375,0.1784338896020539,2.6244194342040457,1.0,0.0102714108448043,1.1344311017012385,0.6824300538508942,0.1149235221165771,0.1185008957349991,0.2112538192523,21212,22197,PACK OF 72 RETROSPOT CAKE CASES,SMALL POPCORN HOLDER,0
0.041963885987166,0.1614684375466348,0.0176391583345769,0.4203413940256045,2.6032418496909204,1.0,0.010863315230844,1.4465955543674005,0.6428396307131242,0.0949397590361445,0.3087217799191272,0.2647917691015268,84836,85123A,ZINC METAL HEART DECORATION,WHITE HANGING HEART T-LIGHT HOLDER,0
0.1614684375466348,0.041963885987166,0.0176391583345769,0.1092421441774491,2.6032418496909204,1.0,0.010863315230844,1.0755292336188902,0.7344548605182621,0.0949397590361445,0.0702251796213412,0.2647917691015268,85123A,84836,WHITE HANGING HEART T-LIGHT HOLDER,ZINC METAL HEART DECORATION,0
0.1614684375466348,0.0596627369049395,0.024861960901358,0.1539741219963031,2.5807418496679024,1.0,0.0152283119935614,1.1114757687009562,0.7304608976532417,0.1266727493917274,0.1002952757406886,0.2853412380866958,85123A,82482,WHITE HANGING HEART T-LIGHT HOLDER,WOODEN PICTURE FRAME WHITE FINISH,0
0.0596627369049395,0.1614684375466348,0.024861960901358,0.4167083541770885,2.5807418496679024,1.0,0.0152283119935614,1.4375854145319702,0.6513774811009911,0.1266727493917274,0.3043891584518011,0.2853412380866958,82482,85123A,WOODEN PICTURE FRAME WHITE FINISH,WHITE HANGING HEART T-LIGHT HOLDER,0
0.1614684375466348,0.0613341292344426,0.0251007312341441,0.155452865064695,2.534524692940441,1.0,0.0151972052183753,1.1114428454457574,0.7220344850863777,0.1269625603864734,0.1002686246102577,0.2823493035785762,85123A,82494L,WHITE HANGING HEART T-LIGHT HOLDER,WOODEN FRAME ANTIQUE WHITE,0
0.0613341292344426,0.1614684375466348,0.0251007312341441,0.4092457420924574,2.534524692940441,1.0,0.0151972052183753,1.419425338419823,0.6450098206200884,0.1269625603864734,0.29548953866552,0.2823493035785762,82494L,85123A,WOODEN FRAME ANTIQUE WHITE,WHITE HANGING HEART T-LIGHT HOLDER,0
0.118758394269512,0.0573645724518728,0.017101925085808,0.1440060316662477,2.510365291871817,1.0,0.0102894005734665,1.101217371172636,0.6827317219987378,0.107545045045045,0.0919140705752345,0.2210664913794298,85099B,20726,JUMBO BAG RED RETROSPOT,LUNCH BAG WOODLAND,0
0.0573645724518728,0.118758394269512,0.017101925085808,0.2981269510926118,2.510365291871817,1.0,0.0102894005734665,1.255556980143809,0.6382654220224402,0.107545045045045,0.2035407266936923,0.2210664913794298,20726,85099B,LUNCH BAG WOODLAND,JUMBO BAG RED RETROSPOT,0
0.118758394269512,0.0615728995672287,0.0181763915833457,0.1530535310379492,2.485728820856272,1.0,0.0108640929002237,1.108012294546587,0.6782515690993783,0.1120927664273881,0.0974829386625052,0.2241273471961437,85099B,20728,JUMBO BAG RED RETROSPOT,LUNCH BAG CARS BLUE,0
0.0615728995672287,0.118758394269512,0.0181763915833457,0.2952011633543383,2.485728820856272,1.0,0.0108640929002237,1.250344864251717,0.6369205466964012,0.1120927664273881,0.2002206522450418,0.2241273471961437,20728,85099B,LUNCH BAG CARS BLUE,JUMBO BAG RED RETROSPOT,0
0.050499925384271,0.1614684375466348,0.0201164005372332,0.3983451536643026,2.4670155958451865,1.0,0.0119622564892133,1.3937086480069685,0.6262789757765639,0.1048537647790914,0.2824899225314988,0.2614646285881587,21755,85123A,LOVE BUILDING BLOCK WORD,WHITE HANGING HEART T-LIGHT HOLDER,0
0.1614684375466348,0.050499925384271,0.0201164005372332,0.1245841035120148,2.4670155958451865,1.0,0.0119622564892133,1.084627407869741,0.7091586779277389,0.1048537647790914,0.078024404745546,0.2614646285881587,85123A,21755,WHITE HANGING HEART T-LIGHT HOLDER,LOVE BUILDING BLOCK WORD,0
0.0699895537979406,0.118758394269512,0.0202656319952245,0.2895522388059701,2.438162292333257,1.0,0.0119537849705415,1.2404031005029976,0.6342455963897674,0.1202834366696191,0.1938104640382723,0.2300990648666694,20727,85099B,LUNCH BAG  BLACK SKULL.,JUMBO BAG RED RETROSPOT,0
0.118758394269512,0.0699895537979406,0.0202656319952245,0.1706458909273686,2.438162292333257,1.0,0.0119537849705415,1.1213671410418165,0.6693454170393942,0.1202834366696191,0.1082314048626921,0.2300990648666694,85099B,20727,JUMBO BAG RED RETROSPOT,LUNCH BAG  BLACK SKULL.,0
0.1614684375466348,0.0581107297418295,0.0228324130726757,0.1414048059149722,2.4333682702522577,1.0,0.0134493643365677,1.0970120456612922,0.7024744476897361,0.1160497572815534,0.0884329812466298,0.2671584892440808,85123A,22470,WHITE HANGING HEART T-LIGHT HOLDER,HEART OF WICKER LARGE,0
0.0581107297418295,0.1614684375466348,0.0228324130726757,0.3929121725731895,2.4333682702522577,1.0,0.0134493643365677,1.381236000081812,0.6253887954827029,0.1160497572815534,0.2760107614189255,0.2671584892440808,22470,85123A,HEART OF WICKER LARGE,WHITE HANGING HEART T-LIGHT HOLDER,0
0.0930010446202059,0.0699895537979406,0.0157588419638859,0.1694480102695764,2.4210471573911114,1.0,0.0092497403481754,1.1197498262618304,0.6471403129322113,0.1070342590715588,0.1069433756123927,0.1973039624908649,21212,20727,PACK OF 72 RETROSPOT CAKE CASES,LUNCH BAG  BLACK SKULL.,0
0.0699895537979406,0.0930010446202059,0.0157588419638859,0.2251599147121535,2.4210471573911114,1.0,0.0092497403481754,1.1705627685006146,0.6311279515307114,0.1070342590715588,0.145710057666613,0.1973039624908649,20727,21212,LUNCH BAG  BLACK SKULL.,PACK OF 72 RETROSPOT CAKE CASES,0
0.1614684375466348,0.0453663632293687,0.0176391583345769,0.1092421441774491,2.407998710964101,1.0,0.0103139225467576,1.0717094780927818,0.697311123216522,0.093232371036441,0.0669113034442843,0.2490289668255666,85123A,84970S,WHITE HANGING HEART T-LIGHT HOLDER,HANGING HEART ZINC T-LIGHT HOLDER,0
0.0453663632293687,0.1614684375466348,0.0176391583345769,0.3888157894736841,2.407998710964101,1.0,0.0103139225467576,1.3719784444877448,0.6125044866896415,0.093232371036441,0.2711255748822135,0.2490289668255666,84970S,85123A,HANGING HEART ZINC T-LIGHT HOLDER,WHITE HANGING HEART T-LIGHT HOLDER,0
0.118758394269512,0.0632442918967318,0.0172810028353977,0.145513948228198,2.30082342396686,1.0,0.0097702122830295,1.09627969486556,0.6415641166118397,0.1049103098387389,0.087824024577384,0.2093780217780914,85099B,21080,JUMBO BAG RED RETROSPOT,SET/20 RED RETROSPOT PAPER NAPKINS,0
0.0632442918967318,0.118758394269512,0.0172810028353977,0.2732420953279849,2.3008234239668592,1.0,0.0097702122830295,1.2125655600927947,0.6035436853081366,0.1049103098387389,0.1753023235102666,0.2093780217780914,21080,85099B,SET/20 RED RETROSPOT PAPER NAPKINS,JUMBO BAG RED RETROSPOT,0
0.0930010446202059,0.0715415609610505,0.0152813012983136,0.1643132220795892,2.296751984053666,1.0,0.0086278613951758,1.1110124792800946,0.6224952388199679,0.1023795240951809,0.0999201011243614,0.1889567779150553,21212,22383,PACK OF 72 RETROSPOT CAKE CASES,LUNCH BAG SUKI  DESIGN,0
0.0715415609610505,0.0930010446202059,0.0152813012983136,0.2136003337505214,2.2967519840536657,1.0,0.0086278613951758,1.1533562313238015,0.6081074904365438,0.1023795240951809,0.1329651907700557,0.1889567779150553,22383,21212,LUNCH BAG SUKI  DESIGN,PACK OF 72 RETROSPOT CAKE CASES,0
0.118758394269512,0.0679898522608565,0.0182957767497388,0.154058808745916,2.265908861734818,1.0,0.0102214110686181,1.101743427764127,0.6339646015528216,0.1086109142452161,0.0923476602629748,0.2115772533633004,85099B,22197,JUMBO BAG RED RETROSPOT,SMALL POPCORN HOLDER,0
0.0679898522608565,0.118758394269512,0.0182957767497388,0.2690956979806848,2.265908861734818,1.0,0.0102214110686181,1.2056867134258566,0.5994312237950687,0.1086109142452161,0.1705971469499032,0.2115772533633004,22197,85099B,SMALL POPCORN HOLDER,JUMBO BAG RED RETROSPOT,0
0.1614684375466348,0.0639009103118937,0.0233696463214445,0.1447319778188539,2.264943912573892,1.0,0.0130516661755754,1.0945096337178852,0.6660309381802345,0.1156914893617021,0.0863488367816828,0.255224466256461,85123A,22469,WHITE HANGING HEART T-LIGHT HOLDER,HEART OF WICKER SMALL,0
0.0639009103118937,0.1614684375466348,0.0233696463214445,0.3657169546940681,2.2649439125738917,1.0,0.0130516661755754,1.3220147829253717,0.5966120140343606,0.1156914893617021,0.2435788064433085,0.255224466256461,22469,85123A,HEART OF WICKER SMALL,WHITE HANGING HEART T-LIGHT HOLDER,0
0.0930010446202059,0.079032980152216,0.0166243844202357,0.1787548138639281,2.261774939014695,1.0,0.0092742347066316,1.1214276021280558,0.6150716682480958,0.1069713846744766,0.1082794840234278,0.1945511229440486,21212,47566,PACK OF 72 RETROSPOT CAKE CASES,PARTY BUNTING,0
0.079032980152216,0.0930010446202059,0.0166243844202357,0.2103474320241692,2.261774939014695,1.0,0.0092742347066316,1.148605085531179,0.6057430380915637,0.1069713846744766,0.1293787459268087,0.1945511229440486,47566,21212,PARTY BUNTING,PACK OF 72 RETROSPOT CAKE CASES,0
0.1614684375466348,0.042292195194747,0.0153708401731084,0.0951940850277264,2.25086649178121,1.0,0.0085419854945953,1.058467665780678,0.6627379020901691,0.0815906210392902,0.0552380272642101,0.2293189902908568,85123A,84978,WHITE HANGING HEART T-LIGHT HOLDER,HANGING HEART JAR T-LIGHT HOLDER,0
0.042292195194747,0.1614684375466348,0.0153708401731084,0.3634438955539873,2.25086649178121,1.0,0.0085419854945953,1.3172940399073376,0.5802674320376248,0.0815906210392902,0.2408680448669281,0.2293189902908568,84978,85123A,HANGING HEART JAR T-LIGHT HOLDER,WHITE HANGING HEART T-LIGHT HOLDER,0
0.0615132069840322,0.1614684375466348,0.022205640949112,0.3609898107714702,2.235667950073587,1.0,0.0122731995289176,1.3122350419258813,0.5889335777685677,0.1105990783410138,0.2379413991777223,0.2492564580659569,21754,85123A,HOME BUILDING BLOCK WORD,WHITE HANGING HEART T-LIGHT HOLDER,0
0.1614684375466348,0.0615132069840322,0.022205640949112,0.1375231053604436,2.235667950073587,1.0,0.0122731995289176,1.088129779300554,0.6591360533673195,0.1105990783410138,0.0809919744657697,0.2492564580659569,85123A,21754,WHITE HANGING HEART T-LIGHT HOLDER,HOME BUILDING BLOCK WORD,0
0.1614684375466348,0.0606178182360841,0.0211013281599761,0.1306839186691312,2.1558664180252296,1.0,0.0113134637619097,1.0805991076637858,0.6393908020197184,0.1049896049896049,0.0745874275595488,0.2393941503734626,85123A,22457,WHITE HANGING HEART T-LIGHT HOLDER,NATURAL SLATE HEART CHALKBOARD,0
0.0606178182360841,0.1614684375466348,0.0211013281599761,0.3481043820777941,2.1558664180252296,1.0,0.0113134637619097,1.2862972834915292,0.5707467936310601,0.1049896049896049,0.2225747400432992,0.2393941503734626,22457,85123A,NATURAL SLATE HEART CHALKBOARD,WHITE HANGING HEART T-LIGHT HOLDER,0
0.118758394269512,0.0642590658110729,0.0160274585882704,0.1349585322945463,2.100225557142952,1.0,0.0083961551152884,1.081729569185863,0.5944574809614505,0.0959785522788203,0.075554529999004,0.1921889735323173,85099B,22382,JUMBO BAG RED RETROSPOT,LUNCH BAG SPACEBOY DESIGN,0
0.0642590658110729,0.118758394269512,0.0160274585882704,0.2494194147700882,2.100225557142952,1.0,0.0083961551152884,1.1740799363476118,0.5598351487263263,0.0959785522788203,0.1482692370071058,0.1921889735323173,22382,85099B,LUNCH BAG SPACEBOY DESIGN,JUMBO BAG RED RETROSPOT,0
0.118758394269512,0.0602596627369049,0.0150126846739292,0.1264136717768283,2.097815786469853,1.0,0.007856343888072,1.0757269280695787,0.5938368299988056,0.0915377616014558,0.0703960513524307,0.1877734530256108,85099B,20914,JUMBO BAG RED RETROSPOT,SET/5 RED RETROSPOT LID GLASS BOWLS,0
0.0602596627369049,0.118758394269512,0.0150126846739292,0.2491332342743932,2.097815786469853,1.0,0.007856343888072,1.1736324551252342,0.5568705533425882,0.0915377616014558,0.1479444900888554,0.1877734530256108,20914,85099B,SET/5 RED RETROSPOT LID GLASS BOWLS,JUMBO BAG RED RETROSPOT,0
0.118758394269512,0.0930010446202059,0.0229219519474705,0.1930133199296305,2.075388730501371,1.0,0.0118772972229876,1.123932993913485,0.5879914806724018,0.121384542437174,0.1102672442081763,0.2197415765245072,85099B,21212,JUMBO BAG RED RETROSPOT,PACK OF 72 RETROSPOT CAKE CASES,0
0.0930010446202059,0.118758394269512,0.0229219519474705,0.2464698331193838,2.075388730501371,1.0,0.0118772972229876,1.1694841752368828,0.5712934436254347,0.121384542437174,0.1449221621169462,0.2197415765245072,21212,85099B,PACK OF 72 RETROSPOT CAKE CASES,JUMBO BAG RED RETROSPOT,0
0.115206685569318,0.079032980152216,0.0188330099985076,0.1634715025906735,2.06839603259083,1.0,0.0097278823045051,1.100939206135784,0.5837901164840468,0.1073677046111961,0.0916846321515545,0.2008822769750951,22423,47566,REGENCY CAKESTAND 3 TIER,PARTY BUNTING,0
0.079032980152216,0.115206685569318,0.0188330099985076,0.2382930513595166,2.06839603259083,1.0,0.0097278823045051,1.161592809426101,0.5608600318621243,0.1073677046111961,0.1391131282105111,0.2008822769750951,47566,22423,PARTY BUNTING,REGENCY CAKESTAND 3 TIER,0
0.0494254588867333,0.1614684375466348,0.0162662289210565,0.3291062801932367,2.0382081179065423,1.0,0.0082855772995902,1.2498724279232878,0.5358579950517651,0.0835761386290446,0.1999183455374406,0.2149228258637163,21175,85123A,GIN + TONIC DIET METAL SIGN,WHITE HANGING HEART T-LIGHT HOLDER,0
0.1614684375466348,0.0494254588867333,0.0162662289210565,0.1007393715341959,2.0382081179065423,1.0,0.0082855772995902,1.0570623365719984,0.6074583123119298,0.0835761386290446,0.053981997653089,0.2149228258637163,85123A,21175,WHITE HANGING HEART T-LIGHT HOLDER,GIN + TONIC DIET METAL SIGN,0
0.1614684375466348,0.0537830174600805,0.0174899268765855,0.1083179297597042,2.0139801534955,1.0,0.0088056670807629,1.0611595927738315,0.6004195905287217,0.0884394808330817,0.0576346792606028,0.2167560791972771,85123A,22178,WHITE HANGING HEART T-LIGHT HOLDER,VICTORIAN GLASS HANGING T-LIGHT,0
0.0537830174600805,0.1614684375466348,0.0174899268765855,0.3251942286348501,2.0139801534954995,1.0,0.0088056670807629,1.242626542385661,0.5320880798632444,0.0884394808330817,0.1952529855992402,0.2167560791972771,22178,85123A,VICTORIAN GLASS HANGING T-LIGHT,WHITE HANGING HEART T-LIGHT HOLDER,0
0.1614684375466348,0.0724071034174003,0.0233398000298462,0.144547134935305,1.9963115234985132,1.0,0.011648338173761,1.0843296392635833,0.5951787618643177,0.1108590870428125,0.0777712203097716,0.233444218745476,85123A,21232,WHITE HANGING HEART T-LIGHT HOLDER,STRAWBERRY CERAMIC TRINKET BOX,0
0.0724071034174003,0.1614684375466348,0.0233398000298462,0.3223413025556471,1.9963115234985127,1.0,0.011648338173761,1.237395115883129,0.538033634112359,0.1108590870428125,0.1918506973528014,0.233444218745476,21232,85123A,STRAWBERRY CERAMIC TRINKET BOX,WHITE HANGING HEART T-LIGHT HOLDER,0
0.0536039397104909,0.1614684375466348,0.0172511565437994,0.321826280623608,1.993121909851014,1.0,0.0085958121524024,1.2364554073614482,0.5264968488856436,0.0872057936028968,0.1912365023062462,0.2143327336574602,21181,85123A,PLEASE ONE PERSON METAL SIGN,WHITE HANGING HEART T-LIGHT HOLDER,0
0.1614684375466348,0.0536039397104909,0.0172511565437994,0.1068391866913123,1.9931219098510136,1.0,0.0085958121524024,1.059603204918511,0.5942227649515884,0.0872057936028968,0.0562504951304809,0.2143327336574602,85123A,21181,WHITE HANGING HEART T-LIGHT HOLDER,PLEASE ONE PERSON METAL SIGN,0
0.118758394269512,0.0724071034174003,0.0170123862110132,0.1432520733852726,1.978425687870388,1.0,0.0084134348754563,1.08269056482903,0.5611941185348387,0.0976863753213367,0.0763750673693993,0.1891033656291573,85099B,21232,JUMBO BAG RED RETROSPOT,STRAWBERRY CERAMIC TRINKET BOX,0
0.0724071034174003,0.118758394269512,0.0170123862110132,0.234954657873042,1.978425687870388,1.0,0.0084134348754563,1.1518815385248726,0.5331515667769119,0.0976863753213367,0.1318551721207164,0.1891033656291573,21232,85099B,STRAWBERRY CERAMIC TRINKET BOX,JUMBO BAG RED RETROSPOT,0
0.0930010446202059,0.115206685569318,0.0205640949112072,0.2211168164313222,1.919305423453744,1.0,0.0098497528060291,1.1359769129649795,0.5280912174077961,0.1095912199777318,0.1197004194478479,0.1998071128788735,21212,22423,PACK OF 72 RETROSPOT CAKE CASES,REGENCY CAKESTAND 3 TIER,0
0.115206685569318,0.0930010446202059,0.0205640949112072,0.1784974093264248,1.919305423453744,1.0,0.0098497528060291,1.1040731528748045,0.5413447126262613,0.1095912199777318,0.0942629141953294,0.1998071128788735,22423,21212,REGENCY CAKESTAND 3 TIER,PACK OF 72 RETROSPOT CAKE CASES,0
0.0524399343381584,0.1614684375466348,0.0160573048798686,0.3062037564029596,1.8963691050427285,1.0,0.0075899106172381,1.2086135809930785,0.4988353919083039,0.0811585457836777,0.172605689919244,0.2028246138761563,84946,85123A,ANTIQUE SILVER TEA GLASS ETCHED,WHITE HANGING HEART T-LIGHT HOLDER,0
0.1614684375466348,0.0524399343381584,0.0160573048798686,0.099445471349353,1.8963691050427285,1.0,0.0075899106172381,1.0521962141277836,0.5636955338068992,0.0811585457836777,0.0496069206740605,0.2028246138761563,85123A,84946,WHITE HANGING HEART T-LIGHT HOLDER,ANTIQUE SILVER TEA GLASS ETCHED,0
0.0724071034174003,0.115206685569318,0.0156394567974929,0.2159934047815333,1.874833944871833,1.0,0.0072976744010993,1.1285534073653178,0.5030433401803677,0.0909406456091634,0.1139099014068232,0.1758723500591604,21232,22423,STRAWBERRY CERAMIC TRINKET BOX,REGENCY CAKESTAND 3 TIER,0
0.115206685569318,0.0724071034174003,0.0156394567974929,0.1357512953367875,1.8748339448718327,1.0,0.0072976744010993,1.0732939390913772,0.5273767572766284,0.0909406456091634,0.0682887850400291,0.1758723500591604,22423,21232,REGENCY CAKESTAND 3 TIER,STRAWBERRY CERAMIC TRINKET BOX,0
0.1614684375466348,0.0634532159379197,0.0181166990001492,0.1121996303142329,1.768226064759348,1.0,0.0078710073653441,1.05490695435683,0.518121764441837,0.0876028286910088,0.0520490969654346,0.1988561651100797,85123A,84991,WHITE HANGING HEART T-LIGHT HOLDER,60 TEATIME FAIRY CAKE CASES,0
0.0634532159379197,0.1614684375466348,0.0181166990001492,0.2855126999059266,1.7682260647593475,1.0,0.0078710073653441,1.1736129702276856,0.4638972233657354,0.0876028286910088,0.1479303438458114,0.1988561651100797,84991,85123A,60 TEATIME FAIRY CAKE CASES,WHITE HANGING HEART T-LIGHT HOLDER,0
0.079032980152216,0.118758394269512,0.0165646918370392,0.2095921450151057,1.764861728758763,1.0,0.0071788620198278,1.1149201012777503,0.4705742589982793,0.0914031620553359,0.1030747415407138,0.1745372134977514,47566,85099B,PARTY BUNTING,JUMBO BAG RED RETROSPOT,0
0.118758394269512,0.079032980152216,0.0165646918370392,0.139482281980397,1.764861728758763,1.0,0.0071788620198278,1.0702475969551204,0.4917872353149735,0.0914031620553359,0.0656367714863144,0.1745372134977514,85099B,47566,JUMBO BAG RED RETROSPOT,PARTY BUNTING,0
0.1614684375466348,0.0607372034024772,0.0164751529622444,0.1020332717190388,1.67991389137415,1.0,0.0066680116278942,1.045988416960189,0.4826668575304801,0.0800812418395473,0.0439664686668698,0.186643171486055,85123A,20724,WHITE HANGING HEART T-LIGHT HOLDER,RED RETROSPOT CHARLOTTE BAG,0
0.0607372034024772,0.1614684375466348,0.0164751529622444,0.2712530712530712,1.67991389137415,1.0,0.0066680116278942,1.150648502759675,0.4309032526952284,0.0800812418395473,0.1309248674972113,0.186643171486055,20724,85123A,RED RETROSPOT CHARLOTTE BAG,WHITE HANGING HEART T-LIGHT HOLDER,0
0.0602596627369049,0.1614684375466348,0.0162363826294582,0.2694403169886082,1.6686872126993193,1.0,0.006506349040243,1.147793372605657,0.4264225977185004,0.0790123456790123,0.1287630475423854,0.1849974228196275,20914,85123A,SET/5 RED RETROSPOT LID GLASS BOWLS,WHITE HANGING HEART T-LIGHT HOLDER,0
0.1614684375466348,0.0602596627369049,0.0162363826294582,0.1005545286506469,1.668687212699319,1.0,0.006506349040243,1.0447996762419531,0.4778907959339634,0.0790123456790123,0.0428787233195682,0.1849974228196275,85123A,20914,WHITE HANGING HEART T-LIGHT HOLDER,SET/5 RED RETROSPOT LID GLASS BOWLS,0
0.0834502313087598,0.1614684375466348,0.0223250261155051,0.2675250357653791,1.656825568081151,1.0,0.0088504476531744,1.1447921135837935,0.4325309708192288,0.1002949852507374,0.1264789579398123,0.2028937563300093,84879,85123A,ASSORTED COLOUR BIRD ORNAMENT,WHITE HANGING HEART T-LIGHT HOLDER,0
0.1614684375466348,0.0834502313087598,0.0223250261155051,0.1382624768946395,1.6568255680811508,1.0,0.0088504476531744,1.063606659935566,0.4727742866306352,0.1002949852507374,0.0598028033591096,0.2028937563300093,85123A,84879,WHITE HANGING HEART T-LIGHT HOLDER,ASSORTED COLOUR BIRD ORNAMENT,0
0.0694224742575735,0.1614684375466348,0.0181465452917475,0.2613929492691315,1.6188485702887712,1.0,0.0069370068427556,1.1352877847884326,0.4107954324857655,0.0852974186307519,0.1191660710184108,0.1868887112334567,21931,85123A,JUMBO STORAGE BAG SUKI,WHITE HANGING HEART T-LIGHT HOLDER,0
0.1614684375466348,0.0694224742575735,0.0181465452917475,0.1123844731977818,1.6188485702887712,1.0,0.0069370068427556,1.0484015856448412,0.4558886203763547,0.0852974186307519,0.0461670282719677,0.1868887112334567,85123A,21931,WHITE HANGING HEART T-LIGHT HOLDER,JUMBO STORAGE BAG SUKI,0
0.0627070586479629,0.1614684375466348,0.0162960752126548,0.2598762494050452,1.6094554041249611,1.0,0.006170864429623,1.132961294350174,0.4040058357979642,0.0783919597989949,0.1173573139817063,0.180400231911395,22384,85123A,LUNCH BAG PINK POLKADOT,WHITE HANGING HEART T-LIGHT HOLDER,0
0.1614684375466348,0.0627070586479629,0.0162960752126548,0.1009242144177449,1.6094554041249611,1.0,0.006170864429623,1.042507157219268,0.4515892246805221,0.0783919597989949,0.0407739715980939,0.180400231911395,85123A,22384,WHITE HANGING HEART T-LIGHT HOLDER,LUNCH BAG PINK POLKADOT,0
0.1614684375466348,0.079032980152216,0.0204447097448142,0.1266173752310536,1.6020827632614996,1.0,0.0076833779249816,1.0544828735188383,0.4481793393894281,0.0929065509290655,0.0516678600355332,0.1926515879176416,85123A,47566,WHITE HANGING HEART T-LIGHT HOLDER,PARTY BUNTING,0
0.079032980152216,0.1614684375466348,0.0204447097448142,0.2586858006042296,1.6020827632614991,1.0,0.0076833779249816,1.1311419140990886,0.4080629529813651,0.0929065509290655,0.1159376312242289,0.1926515879176416,47566,85123A,PARTY BUNTING,WHITE HANGING HEART T-LIGHT HOLDER,0
0.1614684375466348,0.0594538128637516,0.0153409938815102,0.0950092421441774,1.5980344668878843,1.0,0.0057410796122102,1.039288168383804,0.4462935994676206,0.0746225319396051,0.0378029593513999,0.1765206853291168,85123A,21977,WHITE HANGING HEART T-LIGHT HOLDER,PACK OF 60 PINK PAISLEY CAKE CASES,0
0.0594538128637516,0.1614684375466348,0.0153409938815102,0.2580321285140562,1.5980344668878843,1.0,0.0057410796122102,1.1301453805190147,0.3978871791655126,0.0746225319396051,0.1151580874128298,0.1765206853291168,21977,85123A,PACK OF 60 PINK PAISLEY CAKE CASES,WHITE HANGING HEART T-LIGHT HOLDER,0
0.1614684375466348,0.0911804208327115,0.0226533353230861,0.1402957486136783,1.5386609025536149,1.0,0.0079305752363835,1.0571304930756893,0.4174967718457586,0.0984946794705424,0.0540429903875629,0.1943704602315527,85123A,20725,WHITE HANGING HEART T-LIGHT HOLDER,LUNCH BAG RED RETROSPOT,0
0.0911804208327115,0.1614684375466348,0.0226533353230861,0.2484451718494271,1.5386609025536149,1.0,0.0079305752363835,1.1157290606685673,0.3852076126438944,0.0984946794705424,0.1037250572278005,0.1943704602315527,20725,85123A,LUNCH BAG RED RETROSPOT,WHITE HANGING HEART T-LIGHT HOLDER,0
0.0632442918967318,0.1614684375466348,0.0156693030890911,0.2477583765927324,1.534407469083087,1.0,0.0054573460927825,1.1147104020317948,0.371796645759559,0.0749571673329526,0.1029060120213383,0.1724004452279743,21080,85123A,SET/20 RED RETROSPOT PAPER NAPKINS,WHITE HANGING HEART T-LIGHT HOLDER,0
0.1614684375466348,0.0632442918967318,0.0156693030890911,0.0970425138632162,1.534407469083087,1.0,0.0054573460927825,1.0374305794961476,0.4153482656632682,0.0749571673329526,0.0360800811504193,0.1724004452279743,85123A,21080,WHITE HANGING HEART T-LIGHT HOLDER,SET/20 RED RETROSPOT PAPER NAPKINS,0
0.1614684375466348,0.0699895537979406,0.0172511565437994,0.1068391866913123,1.526501897693996,1.0,0.0059500526474598,1.0412575566956004,0.4113231737844472,0.0805350424968649,0.0396228161133639,0.1766605315119674,85123A,20727,WHITE HANGING HEART T-LIGHT HOLDER,LUNCH BAG  BLACK SKULL.,0
0.0699895537979406,0.1614684375466348,0.0172511565437994,0.2464818763326225,1.526501897693996,1.0,0.0059500526474598,1.1128220226107195,0.3708640746942889,0.0805350424968649,0.1013837076534799,0.1766605315119674,20727,85123A,LUNCH BAG  BLACK SKULL.,WHITE HANGING HEART T-LIGHT HOLDER,0
0.1614684375466348,0.0679898522608565,0.0165049992538427,0.1022181146025878,1.5034319270235752,1.0,0.0055267840402556,1.0381253653013724,0.3993351799484247,0.0775052557813594,0.036725203502088,0.1724874594084054,85123A,22197,WHITE HANGING HEART T-LIGHT HOLDER,SMALL POPCORN HOLDER,0
0.0679898522608565,0.1614684375466348,0.0165049992538427,0.242756804214223,1.503431927023575,1.0,0.0055267840402556,1.107347767692038,0.3592827322717838,0.0775052557813594,0.0969413320945912,0.1724874594084054,22197,85123A,SMALL POPCORN HOLDER,WHITE HANGING HEART T-LIGHT HOLDER,0
0.1614684375466348,0.0930010446202059,0.022533950156693,0.1395563770794824,1.5005893498228688,1.0,0.0075172167916635,1.054106197337204,0.3978325666582987,0.0971560931669025,0.0513289813435144,0.1909270973972508,85123A,21212,WHITE HANGING HEART T-LIGHT HOLDER,PACK OF 72 RETROSPOT CAKE CASES,0
0.0930010446202059,0.1614684375466348,0.022533950156693,0.2422978177150192,1.5005893498228688,1.0,0.0075172167916635,1.1066769795021965,0.3678010451237257,0.0971560931669025,0.0963939627172707,0.1909270973972508,21212,85123A,PACK OF 72 RETROSPOT CAKE CASES,WHITE HANGING HEART T-LIGHT HOLDER,0
0.0715415609610505,0.1614684375466348,0.0170123862110132,0.2377972465581977,1.4727165888969342,1.0,0.0054606821429851,1.1001423947458764,0.3457157745849772,0.0787619179217907,0.091026757285368,0.1715788450905591,22383,85123A,LUNCH BAG SUKI  DESIGN,WHITE HANGING HEART T-LIGHT HOLDER,0
0.1614684375466348,0.0715415609610505,0.0170123862110132,0.1053604436229205,1.4727165888969342,1.0,0.0054606821429851,1.0378016849588256,0.3827914687947846,0.0787619179217907,0.0364247673777147,0.1715788450905591,85123A,22383,WHITE HANGING HEART T-LIGHT HOLDER,LUNCH BAG SUKI  DESIGN,0
0.115206685569318,0.0911804208327115,0.0151917624235188,0.1318652849740932,1.4462017587747935,1.0,0.0046871683505665,1.0468646898196758,0.3487069152621675,0.0794567592881673,0.0447667117588503,0.1492386981335278,22423,20725,REGENCY CAKESTAND 3 TIER,LUNCH BAG RED RETROSPOT,0
0.0911804208327115,0.115206685569318,0.0151917624235188,0.1666121112929623,1.4462017587747935,1.0,0.0046871683505665,1.061682472735952,0.3394882266977653,0.0794567592881673,0.0580987953742858,0.1492386981335278,20725,22423,LUNCH BAG RED RETROSPOT,REGENCY CAKESTAND 3 TIER,0
0.118758394269512,0.1614684375466348,0.0277272048947918,0.2334757476752953,1.4459528513605855,1.0,0.0085514725265464,1.0939400285252263,0.349977254543568,0.1098108747044917,0.0858731064552685,0.2025973932461504,85099B,85123A,JUMBO BAG RED RETROSPOT,WHITE HANGING HEART T-LIGHT HOLDER,0
0.1614684375466348,0.118758394269512,0.0277272048947918,0.1717190388170055,1.4459528513605855,1.0,0.0085514725265464,1.0639404345016603,0.3678031115021672,0.1098108747044917,0.0600977577580359,0.2025973932461504,85123A,85099B,WHITE HANGING HEART T-LIGHT HOLDER,JUMBO BAG RED RETROSPOT,0
0.115206685569318,0.118758394269512,0.017430234293389,0.1512953367875647,1.2739759384436686,1.0,0.0037484733060642,1.0383371789132123,0.2430576895084989,0.0804962095106822,0.0369217049064335,0.1490329410753606,22423,85099B,REGENCY CAKESTAND 3 TIER,JUMBO BAG RED RETROSPOT,0
0.118758394269512,0.115206685569318,0.017430234293389,0.1467705453631565,1.2739759384436686,1.0,0.0037484733060642,1.036993401508007,0.2440372961281396,0.0804962095106822,0.0356737096438711,0.1490329410753606,85099B,22423,JUMBO BAG RED RETROSPOT,REGENCY CAKESTAND 3 TIER,0
0.115206685569318,0.1614684375466348,0.0228622593642739,0.1984455958549222,1.2290054878223975,1.0,0.0042600158504697,1.0461318135326405,0.2105960568203286,0.0900752587017873,0.0440975151848788,0.1700176223267217,22423,85123A,REGENCY CAKESTAND 3 TIER,WHITE HANGING HEART T-LIGHT HOLDER,0
0.1614684375466348,0.115206685569318,0.0228622593642739,0.1415896487985212,1.2290054878223975,1.0,0.0042600158504697,1.0307346750796704,0.2222146326548724,0.0900752587017873,0.0298182217235437,0.1700176223267217,85123A,22423,WHITE HANGING HEART T-LIGHT HOLDER,REGENCY CAKESTAND 3 TIER,0
